upedonid,peiid,pedon_key,site_key,usiteid,Yearlabel,year_source,previousYear,transitionYear,transitionPeriod,years_between_sampling_and_development,time_since_development_2025,development_age_class,transition,transitionName,state_name,county_name,region_group,lcms_study_area,lcms_version,samp_classdate,site_obsdate,TAXORDER,TAXSUBORDER,GREATGROUP,SUBGROUP,PARTICLESIZE,latitude,longitude,state_key,county_key,source_file
78AL023001A,955987,6716,6716,"78AL023001A",1978,site_obsdate,1985,1986,1985-1986,8,39,"Long-term developed, more than 30 years",2,Forest to Developed,Alabama,Choctaw,CONUS Central 2,CONUS,v2025-11,8/3/1986 0:00,6/1/1978 0:00,ultisols,udults,hapludults,typic hapludults,clayey,31.7672222,-88.2244444,3947,4298,US_NCSS_changed_pedons_1985_to_1986.csv
S1978AL023001,114027,6647,6647,"S1978AL023001",1978,site_obsdate,1985,1986,1985-1986,8,39,"Long-term developed, more than 30 years",2,Forest to Developed,Alabama,Choctaw,CONUS Central 2,CONUS,v2025-11,6/3/1978 0:00,1/12/1978 0:00,ultisols,udults,hapludults,typic hapludults,clayey,31.7672215,-88.2244415,3947,4298,US_NCSS_changed_pedons_1985_to_1986.csv
S1956AK090002,109599,591,591,"S1956AK090002",1956,site_obsdate,1985,1986,1985-1986,30,39,"Long-term developed, more than 30 years",2,Forest to Developed,Alaska,Fairbanks North Star,Alaska Main,AK,v2024-10,6/1/1956 0:00,6/1/1956 0:00,,,,,,64.9097214,-147.6261139,3946,4268,US_NCSS_changed_pedons_1985_to_1986.csv
S1959AK090001,109602,592,592,"S1959AK090001",1959,site_obsdate,1985,1986,1985-1986,27,39,"Long-term developed, more than 30 years",2,Forest to Developed,Alaska,Fairbanks North Star,Alaska Main,AK,v2024-10,6/1/1959 0:00,6/1/1959 0:00,,,,,,64.9097214,-147.6261139,3946,4268,US_NCSS_changed_pedons_1985_to_1986.csv
S1960AK090001,109605,596,596,"S1960AK090001",1960,site_obsdate,1985,1986,1985-1986,26,39,"Long-term developed, more than 30 years",2,Forest to Developed,Alaska,Fairbanks North Star,Alaska Main,AK,v2024-10,7/7/1960 0:00,7/7/1960 0:00,,,,,,64.9097214,-147.6261139,3946,4268,US_NCSS_changed_pedons_1985_to_1986.csv
S1961CA097006,100243,2909,2909,"S1961CA097006",1961,site_obsdate,1985,1986,1985-1986,25,39,"Long-term developed, more than 30 years",2,Forest to Developed,California,Sonoma,CONUS West 1,CONUS,v2025-11,6/22/1961 0:00,6/22/1961 0:00,ultisols,ustults,haplustults,typic haplustults,fine-loamy,38.3786125,-122.8327789,3951,4497,US_NCSS_changed_pedons_1985_to_1986.csv
1984IL029107,375232,37178,36563,"1984IL029107",1984,site_obsdate,1985,1986,1985-1986,2,39,"Long-term developed, more than 30 years",3,Rangeland or Pasture to Developed,Illinois,Coles,CONUS Central 2,CONUS,v2025-11,2/1/1984 0:00,2/1/1984 0:00,alfisols,udalfs,hapludalfs,typic hapludalfs,fine-loamy,39.3815778,-88.4340306,3965,4975,US_NCSS_changed_pedons_1985_to_1986.csv
80IL-049-001,963393,36693,36078,"80IL-049-001",1980,site_obsdate,1985,1986,1985-1986,6,39,"Long-term developed, more than 30 years",2,Forest to Developed,Illinois,Effingham,CONUS Central 2,CONUS,v2025-11,,4/1/1980 0:00,alfisols,udalfs,hapludalfs,ultic hapludalfs,fine-silty,39.1188324,-88.5939638,3965,4985,US_NCSS_changed_pedons_1985_to_1986.csv
1977IL085017,375613,36392,35777,"1977IL085017",1977,site_obsdate,1985,1986,1985-1986,9,39,"Long-term developed, more than 30 years",3,Rangeland or Pasture to Developed,Illinois,Jo Daviess,CONUS Central 2,CONUS,v2025-11,7/1/1977 0:00,7/1/1977 0:00,mollisols,udolls,argiudolls,typic argiudolls,fine-silty,42.2142962,-90.2115763,3965,5003,US_NCSS_changed_pedons_1985_to_1986.csv
1981IL115021,351068,36764,36149,"1981IL115021",1981,site_obsdate,1985,1986,1985-1986,5,39,"Long-term developed, more than 30 years",1,Agriculture to Developed,Illinois,Macon,CONUS Central 2,CONUS,v2025-11,7/1/1981 0:00,7/1/1981 0:00,mollisols,udolls,argiudolls,aquic argiudolls,fine-silty,39.9672689,-88.8265636,3965,5018,US_NCSS_changed_pedons_1985_to_1986.csv
1970IN005004,312816,37802,37187,"1970IN005004",1970,site_obsdate,1985,1986,1985-1986,16,39,"Long-term developed, more than 30 years",3,Rangeland or Pasture to Developed,Indiana,Bartholomew,CONUS Central 2,CONUS,v2025-11,12/3/1970 0:00,12/3/1970 0:00,,,,,,39.3275111,-85.7037722,3966,5065,US_NCSS_changed_pedons_1985_to_1986.csv
1968IN011003,309083,37757,37142,"1968IN011003",1968,site_obsdate,1985,1986,1985-1986,18,39,"Long-term developed, more than 30 years",3,Rangeland or Pasture to Developed,Indiana,Boone,CONUS Central 2,CONUS,v2025-11,6/5/1968 0:00,6/5/1968 0:00,,,,,,40.042049407959,-86.2415556,3966,5068,US_NCSS_changed_pedons_1985_to_1986.csv
1976IN031013,313026,37921,37306,"1976IN031013",1976,site_obsdate,1985,1986,1985-1986,10,39,"Long-term developed, more than 30 years",3,Rangeland or Pasture to Developed,Indiana,Decatur,CONUS Central 2,CONUS,v2025-11,5/24/1976 0:00,5/24/1976 0:00,,,,,,39.3361028,-85.3474111,3966,5078,US_NCSS_changed_pedons_1985_to_1986.csv
1975IN037001,313122,37957,37342,"1975IN037001",1975,site_obsdate,1985,1986,1985-1986,11,39,"Long-term developed, more than 30 years",3,Rangeland or Pasture to Developed,Indiana,Dubois,CONUS Central 2,CONUS,v2025-11,4/22/1975 0:00,4/22/1975 0:00,,,,,,38.424525,-87.0175778,3966,5081,US_NCSS_changed_pedons_1985_to_1986.csv
1978IN069006,313246,38417,37802,"1978IN069006",1978,site_obsdate,1985,1986,1985-1986,8,39,"Long-term developed, more than 30 years",2,Forest to Developed,Indiana,Huntington,CONUS Central 2,CONUS,v2025-11,8/9/1978 0:00,8/9/1978 0:00,alfisols,udalfs,hapludalfs,typic hapludalfs,fine-loamy over sandy or sandy-skeletal,40.746898651123,-85.5201417,3966,5097,US_NCSS_changed_pedons_1985_to_1986.csv
1982IN073004,313989,38954,38339,"1982IN073004",1982,site_obsdate,1985,1986,1985-1986,4,39,"Long-term developed, more than 30 years",2,Forest to Developed,Indiana,Jasper,CONUS Central 2,CONUS,v2025-11,7/15/1982 0:00,7/15/1982 0:00,mollisols,udolls,argiudolls,typic argiudolls,sandy over loamy,40.9843639,-87.1499028,3966,5099,US_NCSS_changed_pedons_1985_to_1986.csv
1978IN077004,313523,38495,37880,"1978IN077004",1978,site_obsdate,1985,1986,1985-1986,8,39,"Long-term developed, more than 30 years",2,Forest to Developed,Indiana,Martin,CONUS Central 2,CONUS,v2025-11,9/25/1978 0:00,9/25/1978 0:00,entisols,aquents,fluvaquents,aeric fluvaquents,fine-silty,38.7359417,-86.8995972,3966,5101,US_NCSS_changed_pedons_1985_to_1986.csv
1976IN133071,313454,38329,37714,"1976IN133071",1976,site_obsdate,1985,1986,1985-1986,10,39,"Long-term developed, more than 30 years",3,Rangeland or Pasture to Developed,Indiana,Putnam,CONUS Central 2,CONUS,v2025-11,7/30/1976 0:00,7/30/1976 0:00,entisols,aquents,fluvaquents,aeric fluvaquents,coarse-silty,39.5142639,-86.7389056,3966,5129,US_NCSS_changed_pedons_1985_to_1986.csv
S1981KS115001,110055,8769,8769,"S1981KS115001",1981,site_obsdate,1985,1986,1985-1986,5,39,"Long-term developed, more than 30 years",3,Rangeland or Pasture to Developed,Kansas,Marion,CONUS Central 1,CONUS,v2025-11,6/3/1981 0:00,6/1/1981 0:00,mollisols,ustolls,argiustolls,udic argiustolls,fine-loamy,38.5974998,-97.3208313,3967,5212,US_NCSS_changed_pedons_1985_to_1986.csv
S1962ME005008,110129,1240,1240,"S1962ME005008",1962,site_obsdate,1985,1986,1985-1986,24,39,"Long-term developed, more than 30 years",2,Forest to Developed,Maine,Cumberland,CONUS East 2,CONUS,v2025-11,9/14/1962 0:00,9/14/1962 0:00,inceptisols,ochrepts,eutrochrepts,aquic dystric eutrochrepts,fine,43.6074600219727,-70.4024811,3972,5484,US_NCSS_changed_pedons_1985_to_1986.csv
S1978MN1132675,582980,55843,55042,"S1978MN1132675",1978,site_obsdate,1985,1986,1985-1986,8,39,"Long-term developed, more than 30 years",3,Rangeland or Pasture to Developed,Minnesota,Pennington,CONUS Central 1,CONUS,v2025-11,7/11/1978 0:00,7/11/1978 0:00,mollisols,aquolls,calciaquolls,typic calciaquolls,coarse-silty,47.9960823,-96.4390335,3975,5670,US_NCSS_changed_pedons_1985_to_1986.csv
S1956MS035002,102982,4572,4572,"S1956MS035002",1956,site_obsdate,1985,1986,1985-1986,30,39,"Long-term developed, more than 30 years",2,Forest to Developed,Mississippi,Forrest,CONUS Central 2,CONUS,v2025-11,1/1/1956 0:00,1/1/1956 0:00,,,,,,31.3507595,-89.1928406,3978,5837,US_NCSS_changed_pedons_1985_to_1986.csv
1983MO115003,121434,10455,10455,"S1983MO115003",1983,site_obsdate,1985,1986,1985-1986,3,39,"Long-term developed, more than 30 years",3,Rangeland or Pasture to Developed,Missouri,Linn,CONUS Central 2,CONUS,v2025-11,5/3/1983 0:00,5/1/1983 0:00,alfisols,aqualfs,ochraqualfs,vertic ochraqualfs,fine,39.8922234,-93.2680588,3976,5758,US_NCSS_changed_pedons_1985_to_1986.csv
S1962MT105001,103398,3153,3153,"S1962MT105001",1962,site_obsdate,1985,1986,1985-1986,24,39,"Long-term developed, more than 30 years",3,Rangeland or Pasture to Developed,Montana,Valley,CONUS West 2,CONUS,v2025-11,8/20/1962 0:00,8/20/1962 0:00,vertisols,usterts,chromusterts,udorthentic chromusterts,fine,48.4518814,-107.2338028,3979,5954,US_NCSS_changed_pedons_1985_to_1986.csv
1977NE067002,875328,2163,2163,"1977NE067002",1977,site_obsdate,1985,1986,1985-1986,9,39,"Long-term developed, more than 30 years",3,Rangeland or Pasture to Developed,Nebraska,Gage,CONUS Central 1,CONUS,v2025-11,4/12/1977 0:00,4/12/1977 0:00,mollisols,udolls,argiudolls,aquertic argiudolls,fine,40.3638878,-96.6855545,3982,6145,US_NCSS_changed_pedons_1985_to_1986.csv
1977NE067003,875329,2164,2164,"1977NE067003",1977,site_obsdate,1985,1986,1985-1986,9,39,"Long-term developed, more than 30 years",3,Rangeland or Pasture to Developed,Nebraska,Gage,CONUS Central 1,CONUS,v2025-11,4/12/1977 0:00,4/12/1977 0:00,mollisols,udolls,argiudolls,aquertic argiudolls,fine,40.3638878,-96.6855545,3982,6145,US_NCSS_changed_pedons_1985_to_1986.csv
1953NE155004,254521,2189,2189,"1953NE155004",1953,site_obsdate,1985,1986,1985-1986,33,39,"Long-term developed, more than 30 years",3,Rangeland or Pasture to Developed,Nebraska,Saunders,CONUS Central 1,CONUS,v2025-11,3/3/1953 0:00,3/3/1953 0:00,mollisols,udolls,hapludolls,typic hapludolls,coarse-loamy,41.1491667,-96.3488889,3982,6189,US_NCSS_changed_pedons_1985_to_1986.csv
S1959NY109009,104773,235,235,"S1959NY109009",1959,site_obsdate,1985,1986,1985-1986,27,39,"Long-term developed, more than 30 years",2,Forest to Developed,New York,Tompkins,CONUS East 1,CONUS,v2025-11,10/29/1959 0:00,10/29/1959 0:00,,,,,,42.5024986,-76.3349991,3988,6340,US_NCSS_changed_pedons_1985_to_1986.csv
1964OH159018,842834,68205,66280,"S1964OH159018",1964,site_obsdate,1985,1986,1985-1986,22,39,"Long-term developed, more than 30 years",3,Rangeland or Pasture to Developed,Ohio,Union,CONUS East 1,CONUS,v2025-11,,7/23/1964 0:00,Alfisols,Aqualfs,Epiaqualfs,Aeric Epiaqualfs,fine,40.1688995361328,-83.3170013427734,3989,6427,US_NCSS_changed_pedons_1985_to_1986.csv
S1956OH161S02,770340,66883,64958,"S1956OH161S02",1956,site_obsdate,1985,1986,1985-1986,30,39,"Long-term developed, more than 30 years",2,Forest to Developed,Ohio,Van Wert,CONUS East 1,CONUS,v2025-11,8/26/1956 0:00,8/26/1956 0:00,alfisols,aqualfs,epiaqualfs,aeric epiaqualfs,fine,40.8147736,-84.7939987,3989,6428,US_NCSS_changed_pedons_1985_to_1986.csv
1960PA091011,868917,54169,53368,"616",1960,site_obsdate,1985,1986,1985-1986,26,39,"Long-term developed, more than 30 years",2,Forest to Developed,Pennsylvania,Montgomery,CONUS East 1,CONUS,v2025-11,9/1/1960 0:00,9/1/1960 0:00,alfisols,udalfs,hapludalfs,aquic hapludalfs,fine-loamy,40.2874984741211,-75.5638889,3992,6594,US_NCSS_changed_pedons_1985_to_1986.csv
1961PA091014,868493,54172,53371,"619",1961,site_obsdate,1985,1986,1985-1986,25,39,"Long-term developed, more than 30 years",2,Forest to Developed,Pennsylvania,Montgomery,CONUS East 1,CONUS,v2025-11,4/3/1961 0:00,4/3/1961 0:00,alfisols,udalfs,hapludalfs,ultic hapludalfs,fine-loamy,40.2163889,-75.3330556,3992,6594,US_NCSS_changed_pedons_1985_to_1986.csv
S1959PR019003,105441,574,574,"S1959PR019003",1959,site_obsdate,1985,1986,1985-1986,27,39,"Long-term developed, more than 30 years",2,Forest to Developed,Puerto Rico,Barranquitas,Puerto Rico and U.S. Virgin Islands,PRUSVI,v2024-10,12/10/1959 0:00,12/10/1959 0:00,oxisols,udox,hapludox,humic hapludox,very-fine,18.2391663,-66.2716675,3994,6625,US_NCSS_changed_pedons_1985_to_1986.csv
S1958PR105004,105493,555,555,"S1958PR105004",1958,site_obsdate,1985,1986,1985-1986,28,39,"Long-term developed, more than 30 years",2,Forest to Developed,Puerto Rico,Corozal,Puerto Rico and U.S. Virgin Islands,PRUSVI,v2024-10,11/4/1958 0:00,11/4/1958 0:00,oxisols,udox,hapludox,typic hapludox,very-fine,18.2941666,-66.3533325,3994,6669,US_NCSS_changed_pedons_1985_to_1986.csv
78SC045001,956044,6799,6799,"78SC045001",1978,site_obsdate,1985,1986,1985-1986,8,39,"Long-term developed, more than 30 years",3,Rangeland or Pasture to Developed,South Carolina,Greenville,CONUS East 1,CONUS,v2025-11,6/3/1984 0:00,6/1/1978 0:00,ultisols,udults,hapludults,typic hapludults,clayey,34.7186111,-82.3024978637695,3997,6737,US_NCSS_changed_pedons_1985_to_1986.csv
S1976TX039006,1085425,4426,4426,"S1976TX039006",1976,site_obsdate,1985,1986,1985-1986,10,39,"Long-term developed, more than 30 years",4,Other to Developed,Texas,Brazoria,CONUS Central 1,CONUS,v2025-11,6/1/1976 0:00,6/1/1976 0:00,mollisols,aquolls,endoaquolls,vertic endoaquolls,very-fine,28.9786109924316,-95.3291702,4000,6941,US_NCSS_changed_pedons_1985_to_1986.csv
S1967UT035003,106362,5400,5400,"S1967UT035003",1967,site_obsdate,1985,1986,1985-1986,19,39,"Long-term developed, more than 30 years",3,Rangeland or Pasture to Developed,Utah,Salt Lake,CONUS West 2,CONUS,v2025-11,8/22/1967 0:00,8/22/1967 0:00,,,,,,40.6061096,-111.9708328,4002,7202,US_NCSS_changed_pedons_1985_to_1986.csv
S1980WI017009,897281,8209,8209,"S1980WI017009",1980,site_obsdate,1985,1986,1985-1986,6,39,"Long-term developed, more than 30 years",3,Rangeland or Pasture to Developed,Wisconsin,Chippewa,CONUS Central 2,CONUS,v2025-11,10/3/1980 0:00,10/3/1980 0:00,alfisols,boralfs,glossoboralfs,typic glossoboralfs,coarse-loamy,45.2909393310547,-91.2339630126953,4007,7415,US_NCSS_changed_pedons_1985_to_1986.csv
S1971CA059012,98923,5888,5888,"S1971CA059012",1971,site_obsdate,1986,1987,1986-1987,16,38,"Long-term developed, more than 30 years",3,Rangeland or Pasture to Developed,California,Orange,CONUS West 1,CONUS,v2025-11,6/1/1971 0:00,6/1/1971 0:00,,,,,,33.6338882,-117.6080551,3951,4478,US_NCSS_changed_pedons_1986_to_1987.csv
S1964CA073002,100161,2687,2687,"S1964CA073002",1964,site_obsdate,1986,1987,1986-1987,23,38,"Long-term developed, more than 30 years",3,Rangeland or Pasture to Developed,California,San Diego,CONUS West 1,CONUS,v2025-11,2/17/1964 0:00,2/17/1964 0:00,alfisols,xeralfs,haploxeralfs,typic haploxeralfs,fine-loamy,33.3486099,-117.2369461,3951,4485,US_NCSS_changed_pedons_1986_to_1987.csv
S1956GA277006,100961,4891,4891,"S1956GA277006",1956,site_obsdate,1986,1987,1986-1987,31,38,"Long-term developed, more than 30 years",2,Forest to Developed,Georgia,Tift,CONUS East 1,CONUS,v2025-11,2/1/1956 0:00,2/1/1956 0:00,,,,,,31.4732533,-83.4801712,3960,4789,US_NCSS_changed_pedons_1986_to_1987.csv
1978IL095054,375565,36499,35884,"1978IL095054",1978,site_obsdate,1986,1987,1986-1987,9,38,"Long-term developed, more than 30 years",3,Rangeland or Pasture to Developed,Illinois,Knox,CONUS Central 2,CONUS,v2025-11,10/1/1978 0:00,10/1/1978 0:00,alfisols,udalfs,hapludalfs,typic hapludalfs,fine-silty,41.0456204,-90.0138595,3965,5008,US_NCSS_changed_pedons_1986_to_1987.csv
1975IN021001,313286,38067,37452,"1975IN021001",1974,site_obsdate,1986,1987,1986-1987,13,38,"Long-term developed, more than 30 years",2,Forest to Developed,Indiana,Clay,CONUS Central 2,CONUS,v2025-11,3/9/1974 0:00,3/9/1974 0:00,,,,,,39.5750722,-87.0286167,3966,5073,US_NCSS_changed_pedons_1986_to_1987.csv
1981IN049006,922515,39043,38428,"1981IN049006",1981,site_obsdate,1986,1987,1986-1987,6,38,"Long-term developed, more than 30 years",2,Forest to Developed,Indiana,Fulton,CONUS Central 2,CONUS,v2025-11,11/9/1981 0:00,11/9/1981 0:00,mollisols,udolls,argiudolls,aquic argiudolls,fine-loamy over sandy or sandy-skeletal,41.0411944,-86.0200361,3966,5087,US_NCSS_changed_pedons_1986_to_1987.csv
85IA1670036,123396,13108,13108,"S1985IA1670036",1985,site_obsdate,1986,1987,1986-1987,2,38,"Long-term developed, more than 30 years",3,Rangeland or Pasture to Developed,Iowa,Sioux,CONUS Central 1,CONUS,v2025-11,11/3/1985 0:00,11/1/1985 0:00,mollisols,udolls,hapludolls,typic hapludolls,fine-silty,43.0424995,-96.4313889,3963,4901,US_NCSS_changed_pedons_1986_to_1987.csv
58KY-205-001,507184,54992,54191,"58KY-205-001",1958,site_obsdate,1986,1987,1986-1987,29,38,"Long-term developed, more than 30 years",3,Rangeland or Pasture to Developed,Kentucky,Rowan,CONUS East 1,CONUS,v2025-11,6/9/1958 0:00,6/9/1958 0:00,alfisols,udalfs,fragiudalfs,typic fragiudalfs,fine-silty,38.2378311,-83.3390427,3968,5362,US_NCSS_changed_pedons_1986_to_1987.csv
75LA041017,955522,1320,1320,"75LA041017",1975,site_obsdate,1986,1987,1986-1987,12,38,"Long-term developed, more than 30 years",3,Rangeland or Pasture to Developed,Louisiana,Franklin,CONUS Central 2,CONUS,v2025-11,,6/1/1975 0:00,alfisols,udalfs,fragiudalfs,glossaquic fragiudalfs,fine-silty,32.1138889,-91.8438889,3969,5400,US_NCSS_changed_pedons_1986_to_1987.csv
S1977MN1732491,582898,55768,54967,"S1977MN1732491",1977,site_obsdate,1986,1987,1986-1987,10,38,"Long-term developed, more than 30 years",2,Forest to Developed,Minnesota,Yellow Medicine,CONUS Central 1,CONUS,v2025-11,11/4/1977 0:00,11/4/1977 0:00,mollisols,aquolls,endoaquolls,typic endoaquolls,fine-loamy,44.5645485,-95.5942001,3975,5700,US_NCSS_changed_pedons_1986_to_1987.csv
S1977MN1732492,582899,55769,54968,"S1977MN1732492",1977,site_obsdate,1986,1987,1986-1987,10,38,"Long-term developed, more than 30 years",2,Forest to Developed,Minnesota,Yellow Medicine,CONUS Central 1,CONUS,v2025-11,11/4/1977 0:00,11/4/1977 0:00,mollisols,aquolls,calciaquolls,typic calciaquolls,fine-loamy,44.5646019,-95.5941467,3975,5700,US_NCSS_changed_pedons_1986_to_1987.csv
S1969MT027004,103138,3497,3497,"S1969MT027004",1969,site_obsdate,1986,1987,1986-1987,18,38,"Long-term developed, more than 30 years",3,Rangeland or Pasture to Developed,Montana,Fergus,CONUS West 2,CONUS,v2025-11,8/14/1969 0:00,8/14/1969 0:00,alfisols,boralfs,eutroboralfs,mollic eutroboralfs,fine,47.3299141,-110.0833282,3979,5915,US_NCSS_changed_pedons_1986_to_1987.csv
1980NE121165,251599,8003,8003,"1980NE121165",1980,site_obsdate,1986,1987,1986-1987,7,38,"Long-term developed, more than 30 years",3,Rangeland or Pasture to Developed,Nebraska,Merrick,CONUS Central 1,CONUS,v2025-11,8/19/1980 0:00,8/19/1980 0:00,mollisols,ustolls,haplustolls,pachic haplustolls,coarse-loamy,41.2177778,-98.0019444,3982,6172,US_NCSS_changed_pedons_1986_to_1987.csv
S1974NE121026,110341,2011,2011,"S1974NE121026",1974,site_obsdate,1986,1987,1986-1987,13,38,"Long-term developed, more than 30 years",3,Rangeland or Pasture to Developed,Nebraska,Merrick,CONUS Central 1,CONUS,v2025-11,6/1/1974 0:00,6/1/1974 0:00,mollisols,ustolls,haplustolls,fluvaquentic haplustolls,coarse-loamy,41.2016716,-97.9053574,3982,6172,US_NCSS_changed_pedons_1986_to_1987.csv
S1958NE155004,104012,2243,2243,"S1958NE155004",1958,site_obsdate,1986,1987,1986-1987,29,38,"Long-term developed, more than 30 years",3,Rangeland or Pasture to Developed,Nebraska,Saunders,CONUS Central 1,CONUS,v2025-11,8/8/1958 0:00,8/8/1958 0:00,mollisols,udolls,argiudolls,typic argiudolls,fine-loamy,41.0827789,-96.8225021,3982,6189,US_NCSS_changed_pedons_1986_to_1987.csv
83NE165020,121773,10985,10985,"S1983NE165020",1983,site_obsdate,1986,1987,1986-1987,4,38,"Long-term developed, more than 30 years",3,Rangeland or Pasture to Developed,Nebraska,Sioux,CONUS Central 1,CONUS,v2025-11,10/3/1983 0:00,10/1/1983 0:00,entisols,orthents,ustorthents,aridic ustorthents,fine-silty,42.8522224,-103.5430527,3982,6194,US_NCSS_changed_pedons_1986_to_1987.csv
80NV003004,956343,7815,7815,"80NV003004",1980,site_obsdate,1986,1987,1986-1987,7,38,"Long-term developed, more than 30 years",4,Other to Developed,Nevada,Clark,CONUS West 1,CONUS,v2025-11,6/3/1980 0:00,6/1/1980 0:00,aridisols,orthids,salorthids,typic salorthids,fine-silty,36.1741667,-115.0722222,3987,6270,US_NCSS_changed_pedons_1986_to_1987.csv
S1985NJ033007,1046817,12947,12947,"S1985NJ033007",1985,site_obsdate,1986,1987,1986-1987,2,38,"Long-term developed, more than 30 years",3,Rangeland or Pasture to Developed,New Jersey,Salem,CONUS East 1,CONUS,v2025-11,7/11/2007 0:00,9/1/1985 0:00,ultisols,udults,hapludults,typic hapludults,fine-loamy,39.5533333,-75.3000031,3984,6231,US_NCSS_changed_pedons_1986_to_1987.csv
S1984NY071004,858014,11527,11527,"S1984NY071004",1984,site_obsdate,1986,1987,1986-1987,3,38,"Long-term developed, more than 30 years",3,Rangeland or Pasture to Developed,New York,Orange,CONUS East 2,CONUS,v2025-11,2/1/1993 0:00,6/1/1984 0:00,entisols,aquents,fluvaquents,thapto-histic fluvaquents,fine-loamy,41.3370387,-74.4559906,3988,6321,US_NCSS_changed_pedons_1986_to_1987.csv
S1984NY071006,858013,11529,11529,"S1984NY071006",1984,site_obsdate,1986,1987,1986-1987,3,38,"Long-term developed, more than 30 years",3,Rangeland or Pasture to Developed,New York,Orange,CONUS East 2,CONUS,v2025-11,2/1/1993 0:00,6/1/1984 0:00,histosols,saprists,haplosaprists,limnic haplosaprists,,41.3370387,-74.4559906,3988,6321,US_NCSS_changed_pedons_1986_to_1987.csv
58ND101003,47469,21,21,"58ND101003",1958,site_obsdate,1986,1987,1986-1987,29,38,"Long-term developed, more than 30 years",3,Rangeland or Pasture to Developed,North Dakota,Ward,CONUS Central 1,CONUS,v2025-11,,8/1/1958 0:00,,,,,,48.6697222,-102.1594444,3981,6109,US_NCSS_changed_pedons_1986_to_1987.csv
1958-OH173-106,749921,67225,65300,"1958-OH173-106",1958,site_obsdate,1986,1987,1986-1987,29,38,"Long-term developed, more than 30 years",2,Forest to Developed,Ohio,Wood,CONUS East 1,CONUS,v2025-11,,4/1/1958 0:00,alfisols,aqualfs,epiaqualfs,aeric epiaqualfs,fine,41.6009445,-83.4249191,3989,6434,US_NCSS_changed_pedons_1986_to_1987.csv
56OK073009,128218,4481,4481,"S1956OK073009",1956,site_obsdate,1986,1987,1986-1987,31,38,"Long-term developed, more than 30 years",3,Rangeland or Pasture to Developed,Oklahoma,Kingfisher,CONUS Central 1,CONUS,v2025-11,5/1/1956 0:00,5/1/1956 0:00,mollisols,ustolls,argiustolls,udic argiustolls,fine-loamy,36.0861129760742,-98.0655594,3990,6472,US_NCSS_changed_pedons_1986_to_1987.csv
1965PA003002,409558,53662,52861,"16",1965,site_obsdate,1986,1987,1986-1987,22,38,"Long-term developed, more than 30 years",2,Forest to Developed,Pennsylvania,Allegheny,CONUS East 1,CONUS,v2025-11,6/28/1965 0:00,6/28/1965 0:00,ultisols,udults,hapludults,typic hapludults,loamy-skeletal,40.6327778,-80.0377778,3992,6550,US_NCSS_changed_pedons_1986_to_1987.csv
1959PA037002,422025,53799,52998,"1959PA037002",1959,site_obsdate,1986,1987,1986-1987,28,38,"Long-term developed, more than 30 years",3,Rangeland or Pasture to Developed,Pennsylvania,Columbia,CONUS East 1,CONUS,v2025-11,8/24/1959 0:00,8/24/1959 0:00,ultisols,aquults,fragiaquults,typic fragiaquults,fine-loamy,41.1183333,-76.4588889,3992,6567,US_NCSS_changed_pedons_1986_to_1987.csv
1972PA125044,422575,54410,53609,"833",1972,site_obsdate,1986,1987,1986-1987,15,38,"Long-term developed, more than 30 years",2,Forest to Developed,Pennsylvania,Washington,CONUS East 1,CONUS,v2025-11,6/14/1972 0:00,6/14/1972 0:00,alfisols,aqualfs,endoaqualfs,aeric endoaqualfs,fine,40.1902778,-80.2377778,3992,6611,US_NCSS_changed_pedons_1986_to_1987.csv
S1956SD099014,105696,2372,2372,"S1956SD099014",1956,site_obsdate,1986,1987,1986-1987,31,38,"Long-term developed, more than 30 years",1,Agriculture to Developed,South Dakota,Minnehaha,CONUS Central 1,CONUS,v2025-11,8/21/1956 0:00,8/21/1956 0:00,mollisols,ustolls,haplustolls,pachic haplustolls,fine-silty,43.6255569,-96.5122223,3998,6809,US_NCSS_changed_pedons_1986_to_1987.csv
S1981TX257002,220480,54753,53952,"S1981TX257002",1981,site_obsdate,1986,1987,1986-1987,6,38,"Long-term developed, more than 30 years",3,Rangeland or Pasture to Developed,Texas,Kaufman,CONUS Central 1,CONUS,v2025-11,8/11/1981 0:00,8/11/1981 0:00,vertisols,usterts,haplusterts,udic haplusterts,fine,32.7182503,-96.4876404,4000,7050,US_NCSS_changed_pedons_1986_to_1987.csv
67UT035012,955795,5404,5404,"67UT035012",1967,site_obsdate,1986,1987,1986-1987,20,38,"Long-term developed, more than 30 years",3,Rangeland or Pasture to Developed,Utah,Salt Lake,CONUS West 2,CONUS,v2025-11,,8/25/1967 0:00,,,,,,40.6208333,-111.9175034,4002,7202,US_NCSS_changed_pedons_1986_to_1987.csv
80WV015008,120283,7941,7941,"S1980WV015008",1980,site_obsdate,1986,1987,1986-1987,7,38,"Long-term developed, more than 30 years",3,Rangeland or Pasture to Developed,West Virginia,Clay,CONUS East 1,CONUS,v2025-11,6/3/1980 0:00,6/1/1980 0:00,inceptisols,ochrepts,fragiochrepts,typic fragiochrepts,coarse-loamy,38.3680573,-81.0483322,4008,7486,US_NCSS_changed_pedons_1986_to_1987.csv
S1960WI139001,107192,1529,1529,"S1960WI139001",1960,site_obsdate,1986,1987,1986-1987,27,38,"Long-term developed, more than 30 years",4,Other to Developed,Wisconsin,Winnebago,CONUS Central 2,CONUS,v2025-11,7/18/1960 0:00,7/18/1960 0:00,alfisols,udalfs,hapludalfs,typic hapludalfs,very-fine,44.2369461,-88.4800034,4007,7477,US_NCSS_changed_pedons_1986_to_1987.csv
82AL035001,956870,9395,9395,"82AL035001",1982,site_obsdate,1987,1988,1987-1988,6,37,"Long-term developed, more than 30 years",2,Forest to Developed,Alabama,Conecuh,CONUS Central 2,CONUS,v2025-11,7/3/1985 0:00,6/1/1982 0:00,alfisols,udalfs,hapludalfs,vertic hapludalfs,very-fine,31.3641667,-86.9469444,3947,4304,US_NCSS_changed_pedons_1987_to_1988.csv
S1981AL109001,113570,8444,8444,"S1981AL109001",1981,site_obsdate,1987,1988,1987-1988,7,37,"Long-term developed, more than 30 years",3,Rangeland or Pasture to Developed,Alabama,Pike,CONUS Central 2,CONUS,v2025-11,6/3/1981 0:00,2/17/1981 0:00,ultisols,udults,paleudults,rhodic paleudults,clayey,31.8127785,-85.7680588,3947,4341,US_NCSS_changed_pedons_1987_to_1988.csv
84AZ021005,121964,11239,11239,"S1984AZ021005",1984,site_obsdate,1987,1988,1987-1988,4,37,"Long-term developed, more than 30 years",3,Rangeland or Pasture to Developed,Arizona,Pinal,CONUS West 2,CONUS,v2025-11,3/3/1984 0:00,3/1/1984 0:00,aridisols,orthids,camborthids,typic camborthids,coarse-loamy,32.8638878,-111.6866684,3950,4445,US_NCSS_changed_pedons_1987_to_1988.csv
S1957CA065002,100082,2788,2788,"S1957CA065002",1957,site_obsdate,1987,1988,1987-1988,31,37,"Long-term developed, more than 30 years",3,Rangeland or Pasture to Developed,California,Riverside,CONUS West 1,CONUS,v2025-11,6/3/1957 0:00,6/3/1957 0:00,entisols,fluvents,xerofluvents,typic xerofluvents,coarse-loamy,33.7344437,-116.9508362,3951,4481,US_NCSS_changed_pedons_1987_to_1988.csv
1982IL011067,351048,36880,36265,"1982IL011067",1981,site_obsdate,1987,1988,1987-1988,7,37,"Long-term developed, more than 30 years",3,Rangeland or Pasture to Developed,Illinois,Bureau,CONUS Central 2,CONUS,v2025-11,12/1/1981 0:00,12/1/1981 0:00,mollisols,udolls,hapludolls,aquic hapludolls,fine-silty,41.5705768,-89.8209983,3965,4966,US_NCSS_changed_pedons_1987_to_1988.csv
80IL-049-001,963393,36693,36078,"80IL-049-001",1980,site_obsdate,1987,1988,1987-1988,8,37,"Long-term developed, more than 30 years",3,Rangeland or Pasture to Developed,Illinois,Effingham,CONUS Central 2,CONUS,v2025-11,,4/1/1980 0:00,alfisols,udalfs,hapludalfs,ultic hapludalfs,fine-silty,39.1188324,-88.5939638,3965,4985,US_NCSS_changed_pedons_1987_to_1988.csv
1985IL173046,863500,37377,36762,"1985IL173046",1985,site_obsdate,1987,1988,1987-1988,3,37,"Long-term developed, more than 30 years",2,Forest to Developed,Illinois,Shelby,CONUS Central 2,CONUS,v2025-11,1/1/1985 0:00,1/1/1985 0:00,alfisols,aqualfs,epiaqualfs,aeric epiaqualfs,fine,39.4910889,-88.7026667,3965,5047,US_NCSS_changed_pedons_1987_to_1988.csv
S1986IL187104,856879,37487,36872,"S1986IL187104",1986,site_obsdate,1987,1988,1987-1988,2,37,"Long-term developed, more than 30 years",3,Rangeland or Pasture to Developed,Illinois,Warren,CONUS Central 2,CONUS,v2025-11,10/1/1986 0:00,10/1/1986 0:00,mollisols,udolls,argiudolls,aquic pachic argiudolls,fine-silty,40.6803861,-90.6721472,3965,5054,US_NCSS_changed_pedons_1987_to_1988.csv
S1981IN011010,109976,8844,8844,"S1981IN011010",1981,site_obsdate,1987,1988,1987-1988,7,37,"Long-term developed, more than 30 years",1,Agriculture to Developed,Indiana,Boone,CONUS Central 2,CONUS,v2025-11,6/1/1981 0:00,6/1/1981 0:00,alfisols,udalfs,hapludalfs,typic hapludalfs,fine-loamy,40.1414185,-86.5816498,3966,5068,US_NCSS_changed_pedons_1987_to_1988.csv
1977IN021037,312841,38157,37542,"1977IN021037",1977,site_obsdate,1987,1988,1987-1988,11,37,"Long-term developed, more than 30 years",2,Forest to Developed,Indiana,Clay,CONUS Central 2,CONUS,v2025-11,9/20/1977 0:00,9/20/1977 0:00,alfisols,udalfs,fragiudalfs,typic fragiudalfs,fine-silty,39.4186083,-87.0421611,3966,5073,US_NCSS_changed_pedons_1987_to_1988.csv
1976IN031013,313026,37921,37306,"1976IN031013",1976,site_obsdate,1987,1988,1987-1988,12,37,"Long-term developed, more than 30 years",3,Rangeland or Pasture to Developed,Indiana,Decatur,CONUS Central 2,CONUS,v2025-11,5/24/1976 0:00,5/24/1976 0:00,,,,,,39.3361028,-85.3474111,3966,5078,US_NCSS_changed_pedons_1987_to_1988.csv
1976IN083019,313340,38121,37506,"1976IN083019",1976,site_obsdate,1987,1988,1987-1988,12,37,"Long-term developed, more than 30 years",3,Rangeland or Pasture to Developed,Indiana,Knox,CONUS Central 2,CONUS,v2025-11,10/5/1976 0:00,10/5/1976 0:00,mollisols,udolls,hapludolls,fluventic hapludolls,fine-silty,38.8402583,-87.1873083,3966,5104,US_NCSS_changed_pedons_1987_to_1988.csv
1978IN085001,313754,38540,37925,"1978IN085001",1978,site_obsdate,1987,1988,1987-1988,10,37,"Long-term developed, more than 30 years",3,Rangeland or Pasture to Developed,Indiana,Kosciusko,CONUS Central 2,CONUS,v2025-11,5/30/1978 0:00,5/30/1978 0:00,alfisols,udalfs,hapludalfs,typic hapludalfs,coarse-loamy,41.1577694,-86.0574194,3966,5105,US_NCSS_changed_pedons_1987_to_1988.csv
1972IN087004,312947,37887,37272,"1972IN087004",1973,site_obsdate,1987,1988,1987-1988,15,37,"Long-term developed, more than 30 years",1,Agriculture to Developed,Indiana,LaGrange,CONUS Central 2,CONUS,v2025-11,1/23/1973 0:00,1/23/1973 0:00,,,,,,41.7056417,-85.2927639,3966,5106,US_NCSS_changed_pedons_1987_to_1988.csv
S1972IN099008,1106801,37851,37236,"S1972IN099008",1972,site_obsdate,1987,1988,1987-1988,16,37,"Long-term developed, more than 30 years",3,Rangeland or Pasture to Developed,Indiana,Marshall,CONUS Central 2,CONUS,v2025-11,10/19/1972 0:00,10/19/1972 0:00,entisols,psamments,udipsamments,oxyaquic udipsamments,,41.1787944,-86.4542306,3966,5112,US_NCSS_changed_pedons_1987_to_1988.csv
1972IN157001,313209,38044,37429,"1972IN157001",1972,site_obsdate,1987,1988,1987-1988,16,37,"Long-term developed, more than 30 years",1,Agriculture to Developed,Indiana,Tippecanoe,CONUS Central 2,CONUS,v2025-11,9/20/1972 0:00,9/20/1972 0:00,,,,,,40.4114111,-86.9499278,3966,5141,US_NCSS_changed_pedons_1987_to_1988.csv
1981IN175006,314246,39175,38560,"1981IN175006",1981,site_obsdate,1987,1988,1987-1988,7,37,"Long-term developed, more than 30 years",2,Forest to Developed,Indiana,Washington,CONUS Central 2,CONUS,v2025-11,7/21/1981 0:00,7/21/1981 0:00,alfisols,udalfs,fragiudalfs,aquic fragiudalfs,fine-silty,38.71802521,-85.9225306,3966,5150,US_NCSS_changed_pedons_1987_to_1988.csv
74KS045015,153917,52208,51482,"74KS045015",1974,site_obsdate,1987,1988,1987-1988,14,37,"Long-term developed, more than 30 years",3,Rangeland or Pasture to Developed,Kansas,Douglas,CONUS Central 1,CONUS,v2025-11,2/1/1974 0:00,2/1/1974 0:00,mollisols,udolls,argiudolls,typic argiudolls,,38.7823067,-95.0776672,3967,5177,US_NCSS_changed_pedons_1987_to_1988.csv
S1985MD031013,796768,13058,13058,"S1985MD031013",1985,site_obsdate,1987,1988,1987-1988,3,37,"Long-term developed, more than 30 years",2,Forest to Developed,Maryland,Montgomery,CONUS East 1,CONUS,v2025-11,11/1/1985 0:00,11/1/1985 0:00,alfisols,udalfs,hapludalfs,typic hapludalfs,loamy-skeletal,39.2883339,-77.2330551,3971,5472,US_NCSS_changed_pedons_1987_to_1988.csv
S1977MN037001(2398),582856,55753,54952,"S1977MN037001(2398)",1977,site_obsdate,1987,1988,1987-1988,11,37,"Long-term developed, more than 30 years",2,Forest to Developed,Minnesota,Dakota,CONUS Central 2,CONUS,v2025-11,3/5/1977 0:00,3/5/1977 0:00,alfisols,udalfs,hapludalfs,mollic hapludalfs,coarse-loamy,44.7348404,-93.2485809,3975,5632,US_NCSS_changed_pedons_1987_to_1988.csv
S1978MN1132675,582980,55843,55042,"S1978MN1132675",1978,site_obsdate,1987,1988,1987-1988,10,37,"Long-term developed, more than 30 years",3,Rangeland or Pasture to Developed,Minnesota,Pennington,CONUS Central 1,CONUS,v2025-11,7/11/1978 0:00,7/11/1978 0:00,mollisols,aquolls,calciaquolls,typic calciaquolls,coarse-silty,47.9960823,-96.4390335,3975,5670,US_NCSS_changed_pedons_1987_to_1988.csv
79NE059011,120156,7667,7667,"S1979NE059011",1979,site_obsdate,1987,1988,1987-1988,9,37,"Long-term developed, more than 30 years",3,Rangeland or Pasture to Developed,Nebraska,Fillmore,CONUS Central 1,CONUS,v2025-11,6/3/1979 0:00,6/1/1979 0:00,mollisols,ustolls,argiustolls,pachic argiustolls,fine,40.4666672,-97.413887,3982,6141,US_NCSS_changed_pedons_1987_to_1988.csv
S1957NH017002,873238,457,457,"S1957NH017002",1957,site_obsdate,1987,1988,1987-1988,31,37,"Long-term developed, more than 30 years",2,Forest to Developed,New Hampshire,Strafford,CONUS East 2,CONUS,v2025-11,8/1/1957 0:00,8/1/1957 0:00,inceptisols,udepts,eutrudepts,dystric eutrudepts,fine-silty,43.2611931,-70.9717294,3983,6213,US_NCSS_changed_pedons_1987_to_1988.csv
85NJ033014,1100460,12953,12953,"S1985NJ033014",1985,site_obsdate,1987,1988,1987-1988,3,37,"Long-term developed, more than 30 years",2,Forest to Developed,New Jersey,Salem,CONUS East 1,CONUS,v2025-11,9/3/1985 0:00,9/1/1985 0:00,alfisols,udalfs,hapludalfs,typic hapludalfs,fine-loamy,39.56416702,-75.3319473,3984,6231,US_NCSS_changed_pedons_1987_to_1988.csv
S1982NY061015,524599,10005,10005,"S1982NY061015",1982,site_obsdate,1987,1988,1987-1988,6,37,"Long-term developed, more than 30 years",2,Forest to Developed,New York,New York,CONUS East 2,CONUS,v2025-11,11/1/1982 0:00,11/1/1982 0:00,inceptisols,udepts,dystrudepts,typic dystrudepts,coarse-loamy,40.7938881,-73.95401001,3988,6316,US_NCSS_changed_pedons_1987_to_1988.csv
S1956PA029013,1017203,363,363,"S1956PA029013",1956,site_obsdate,1987,1988,1987-1988,32,37,"Long-term developed, more than 30 years",1,Agriculture to Developed,Pennsylvania,Chester,CONUS East 1,CONUS,v2025-11,9/13/1956 0:00,9/13/1956 0:00,ultisols,udults,hapludults,aquic hapludults,fine-loamy,39.9986267,-75.5846252,3992,6563,US_NCSS_changed_pedons_1987_to_1988.csv
1959PA077011,422256,54056,53255,"1959PA077011",1959,site_obsdate,1987,1988,1987-1988,29,37,"Long-term developed, more than 30 years",3,Rangeland or Pasture to Developed,Pennsylvania,Lehigh,CONUS East 1,CONUS,v2025-11,7/16/1959 0:00,7/16/1959 0:00,Alfisols,Ustalfs,Hapludalfs,Ultic Hapludalfs,fine-loamy,40.5452778,-75.5713889,3992,6587,US_NCSS_changed_pedons_1987_to_1988.csv
S1953TN009001,105789,4702,4702,"S1953TN009001",1953,site_obsdate,1987,1988,1987-1988,35,37,"Long-term developed, more than 30 years",1,Agriculture to Developed,Tennessee,Sevier,CONUS East 1,CONUS,v2025-11,2/1/1953 0:00,2/1/1953 0:00,,,,,,35.8574982,-83.7727814,3999,6831,US_NCSS_changed_pedons_1987_to_1988.csv
84TX273001,122020,11319,11319,"S1984TX273001",1984,site_obsdate,1987,1988,1987-1988,4,37,"Long-term developed, more than 30 years",3,Rangeland or Pasture to Developed,Texas,Kleberg,CONUS Central 1,CONUS,v2025-11,5/3/1984 0:00,5/1/1984 0:00,mollisols,ustolls,calciustolls,vertic calciustolls,fine,27.5297222,-97.875,4000,7058,US_NCSS_changed_pedons_1987_to_1988.csv
1978VT025001,791718,6803,6803,"S1978VT025001",1978,site_obsdate,1987,1988,1987-1988,10,37,"Long-term developed, more than 30 years",2,Forest to Developed,Vermont,Windham,CONUS East 2,CONUS,v2025-11,5/15/1978 0:00,5/15/1978 0:00,inceptisols,udepts,dystrudepts,oxic dystrudepts,sandy or sandy-skeletal,42.8747215,-72.5747223,4005,7366,US_NCSS_changed_pedons_1987_to_1988.csv
S1987WI005009,1186906,14818,14818,"S1987WI005009",1987,site_obsdate,1987,1988,1987-1988,1,37,"Long-term developed, more than 30 years",2,Forest to Developed,Wisconsin,Barron,CONUS Central 2,CONUS,v2025-11,6/3/1987 0:00,6/1/1987 0:00,alfisols,udalfs,glossudalfs,aquic glossudalfs,coarse-loamy,45.4083328,-91.5875015,4007,7409,US_NCSS_changed_pedons_1987_to_1988.csv
S1964WY015001,107258,2948,2948,"S1964WY015001",1964,site_obsdate,1987,1988,1987-1988,24,37,"Long-term developed, more than 30 years",3,Rangeland or Pasture to Developed,Wyoming,Goshen,CONUS Central 1,CONUS,v2025-11,5/19/1964 0:00,5/19/1964 0:00,,,,,,42.0171928,-104.2602921,4009,7541,US_NCSS_changed_pedons_1987_to_1988.csv
70AL077004-pgm,308475,39788,39169,"70AL077004-pgm",1970,site_obsdate,1988,1989,1988-1989,19,36,"Long-term developed, more than 30 years",2,Forest to Developed,Alabama,Lauderdale,CONUS Central 2,CONUS,v2025-11,8/14/1970 0:00,8/14/1970 0:00,ultisols,udults,paleudults,typic paleudults,fine-loamy,34.86722946,-87.71083832,3947,4325,US_NCSS_changed_pedons_1988_to_1989.csv
S1971AL097013,1098743,4069,4069,"S1971AL097013",1971,site_obsdate,1988,1989,1988-1989,18,36,"Long-term developed, more than 30 years",3,Rangeland or Pasture to Developed,Alabama,Mobile,CONUS Central 2,CONUS,v2025-11,6/1/1971 0:00,6/1/1971 0:00,ultisols,udults,hapludults,typic hapludults,fine-loamy,30.9146595,-88.0355835,3947,4335,US_NCSS_changed_pedons_1988_to_1989.csv
AZ639-Tapco-TUD420,459643,7798,7798,"AZ639-Tapco-TUD420",1980,site_obsdate,1988,1989,1988-1989,9,36,"Long-term developed, more than 30 years",3,Rangeland or Pasture to Developed,Arizona,Yavapai,CONUS West 2,CONUS,v2025-11,,3/1/1980 0:00,aridisols,argids,durargids,abruptic durargids,,34.7091674804688,-112.007778,3950,4447,US_NCSS_changed_pedons_1988_to_1989.csv
S1957CA065014,100094,2712,2712,"S1957CA065014",1957,site_obsdate,1988,1989,1988-1989,32,36,"Long-term developed, more than 30 years",3,Rangeland or Pasture to Developed,California,Riverside,CONUS West 1,CONUS,v2025-11,6/6/1957 0:00,6/6/1957 0:00,alfisols,xeralfs,haploxeralfs,natric haploxeralfs,coarse-loamy,33.7866669,-117.0255585,3951,4481,US_NCSS_changed_pedons_1988_to_1989.csv
S1957CA065016,100096,2684,2684,"S1957CA065016",1957,site_obsdate,1988,1989,1988-1989,32,36,"Long-term developed, more than 30 years",3,Rangeland or Pasture to Developed,California,Riverside,CONUS West 1,CONUS,v2025-11,6/10/1957 0:00,6/10/1957 0:00,alfisols,xeralfs,haploxeralfs,typic haploxeralfs,coarse-loamy,33.5036125,-117.1161118,3951,4481,US_NCSS_changed_pedons_1988_to_1989.csv
S1953FL033001,100559,4836,4836,"S1953FL033001",1953,site_obsdate,1988,1989,1988-1989,36,36,"Long-term developed, more than 30 years",3,Rangeland or Pasture to Developed,Florida,Escambia,CONUS Central 2,CONUS,v2025-11,5/26/1953 0:00,5/26/1953 0:00,,,,,,30.9124374,-87.4311218,3957,4598,US_NCSS_changed_pedons_1988_to_1989.csv
S1953FL033034,100591,4811,4811,"S1953FL033034",1953,site_obsdate,1988,1989,1988-1989,36,36,"Long-term developed, more than 30 years",3,Rangeland or Pasture to Developed,Florida,Escambia,CONUS Central 2,CONUS,v2025-11,8/27/1953 0:00,8/27/1953 0:00,,,,,,30.4766178,-87.3019485,3957,4598,US_NCSS_changed_pedons_1988_to_1989.csv
87ID029002,124446,14362,14362,"S1987ID029002",1987,site_obsdate,1988,1989,1988-1989,2,36,"Long-term developed, more than 30 years",3,Rangeland or Pasture to Developed,Idaho,Caribou,CONUS West 2,CONUS,v2025-11,8/1/1987 0:00,8/1/1987 0:00,mollisols,xerolls,haploxerolls,calcic pachic haploxerolls,,42.7030563,-111.8377762,3964,4931,US_NCSS_changed_pedons_1988_to_1989.csv
S1957ID081017,101574,1041,1041,"S1957ID081017",1957,site_obsdate,1988,1989,1988-1989,32,36,"Long-term developed, more than 30 years",3,Rangeland or Pasture to Developed,Idaho,Teton,CONUS West 2,CONUS,v2025-11,8/29/1957 0:00,8/29/1957 0:00,aquolls,calcic,cryaquolls,calcic cryaquolls,fine-loamy,43.6361122,-111.1544418,3964,4957,US_NCSS_changed_pedons_1988_to_1989.csv
1988IL067006,859252,37590,36975,"1988IL067006",1988,site_obsdate,1988,1989,1988-1989,1,36,"Long-term developed, more than 30 years",3,Rangeland or Pasture to Developed,Illinois,Hancock,CONUS Central 2,CONUS,v2025-11,7/1/1988 0:00,7/1/1988 0:00,mollisols,aquolls,endoaquolls,typic endoaquolls,fine-silty,40.5807083,-91.2676333,3965,4994,US_NCSS_changed_pedons_1988_to_1989.csv
1980IL109006,856900,36663,36048,"1980IL109006",1980,site_obsdate,1988,1989,1988-1989,9,36,"Long-term developed, more than 30 years",3,Rangeland or Pasture to Developed,Illinois,McDonough,CONUS Central 2,CONUS,v2025-11,8/1/1980 0:00,8/1/1980 0:00,mollisols,udolls,argiudolls,aquic argiudolls,fine,40.5008996,-90.6947921,3965,5015,US_NCSS_changed_pedons_1988_to_1989.csv
1929IL133002,314999,35848,35233,"1929IL133002",1929,site_obsdate,1988,1989,1988-1989,60,36,"Long-term developed, more than 30 years",3,Rangeland or Pasture to Developed,Illinois,Monroe,CONUS Central 2,CONUS,v2025-11,10/1/1929 0:00,10/1/1929 0:00,alfisols,udalfs,hapludalfs,aquic hapludalfs,fine-silty,38.2713296,-90.2365962,3965,5027,US_NCSS_changed_pedons_1988_to_1989.csv
1980IL133032,351020,36725,36110,"1980IL133032",1980,site_obsdate,1988,1989,1988-1989,9,36,"Long-term developed, more than 30 years",2,Forest to Developed,Illinois,Monroe,CONUS Central 2,CONUS,v2025-11,8/1/1980 0:00,8/1/1980 0:00,entisols,fluvents,udifluvents,mollic udifluvents,coarse-silty,38.2681491,-90.2492105,3965,5027,US_NCSS_changed_pedons_1988_to_1989.csv
S1980IL157127,109960,8149,8149,"S1980IL157127",1980,site_obsdate,1988,1989,1988-1989,9,36,"Long-term developed, more than 30 years",1,Agriculture to Developed,Illinois,Randolph,CONUS Central 2,CONUS,v2025-11,6/3/1980 0:00,6/1/1980 0:00,alfisols,aqualfs,ochraqualfs,aeric ochraqualfs,fine-silty,38.0908318,-89.8494415,3965,5039,US_NCSS_changed_pedons_1988_to_1989.csv
1986IL193069,314769,37504,36889,"1986IL193069",1986,site_obsdate,1988,1989,1988-1989,3,36,"Long-term developed, more than 30 years",3,Rangeland or Pasture to Developed,Illinois,White,CONUS Central 2,CONUS,v2025-11,2/1/1986 0:00,2/1/1986 0:00,alfisols,udalfs,hapludalfs,typic hapludalfs,fine-loamy,37.9477056,-88.1078028,3965,5057,US_NCSS_changed_pedons_1988_to_1989.csv
1980IN007018,314064,38993,38378,"1980IN007018",1980,site_obsdate,1988,1989,1988-1989,9,36,"Long-term developed, more than 30 years",1,Agriculture to Developed,Indiana,Benton,CONUS Central 2,CONUS,v2025-11,9/8/1980 0:00,9/8/1980 0:00,mollisols,udolls,argiudolls,typic argiudolls,fine-silty,40.6351806,-87.2850583,3966,5066,US_NCSS_changed_pedons_1988_to_1989.csv
1975IN023004,313180,38015,37400,"1975IN023004",1975,site_obsdate,1988,1989,1988-1989,14,36,"Long-term developed, more than 30 years",1,Agriculture to Developed,Indiana,Clinton,CONUS Central 2,CONUS,v2025-11,8/21/1975 0:00,8/21/1975 0:00,,,,,,40.4090778,-86.4307251,3966,5074,US_NCSS_changed_pedons_1988_to_1989.csv
1982IN073004,313989,38954,38339,"1982IN073004",1982,site_obsdate,1988,1989,1988-1989,7,36,"Long-term developed, more than 30 years",2,Forest to Developed,Indiana,Jasper,CONUS Central 2,CONUS,v2025-11,7/15/1982 0:00,7/15/1982 0:00,mollisols,udolls,argiudolls,typic argiudolls,sandy over loamy,40.9843639,-87.1499028,3966,5099,US_NCSS_changed_pedons_1988_to_1989.csv
1982IN073021,314086,39015,38400,"1982IN073021",1982,site_obsdate,1988,1989,1988-1989,7,36,"Long-term developed, more than 30 years",3,Rangeland or Pasture to Developed,Indiana,Jasper,CONUS Central 2,CONUS,v2025-11,8/25/1982 0:00,8/25/1982 0:00,mollisols,udolls,hapludolls,eutic hapludolls,sandy,40.881649017334,-87.2498944,3966,5099,US_NCSS_changed_pedons_1988_to_1989.csv
83IN157003,957281,10764,10764,"83IN157003",1984,site_obsdate,1988,1989,1988-1989,5,36,"Long-term developed, more than 30 years",2,Forest to Developed,Indiana,Tippecanoe,CONUS Central 2,CONUS,v2025-11,9/3/2000 0:00,6/1/1984 0:00,mollisols,aquolls,endoaquolls,typic endoaquolls,fine-silty,40.3880839,-86.8097114,3966,5141,US_NCSS_changed_pedons_1988_to_1989.csv
1976IN181031,863456,38622,38007,"1976IN181031",1976,site_obsdate,1988,1989,1988-1989,13,36,"Long-term developed, more than 30 years",1,Agriculture to Developed,Indiana,White,CONUS Central 2,CONUS,v2025-11,11/16/1976 0:00,11/16/1976 0:00,mollisols,udolls,argiudolls,aquic argiudolls,fine,40.6555778,-87.0228417,3966,5153,US_NCSS_changed_pedons_1988_to_1989.csv
84IA1530013,122459,12047,12047,"S1984IA1530013",1984,site_obsdate,1988,1989,1988-1989,5,36,"Long-term developed, more than 30 years",1,Agriculture to Developed,Iowa,Polk,CONUS Central 2,CONUS,v2025-11,11/3/1984 0:00,11/1/1984 0:00,mollisols,udolls,hapludolls,typic hapludolls,fine-loamy,41.6478326,-93.4447466,3963,4894,US_NCSS_changed_pedons_1988_to_1989.csv
S1985IA1530011,858394,12045,12045,"S1985IA1530011",1985,site_obsdate,1988,1989,1988-1989,4,36,"Long-term developed, more than 30 years",1,Agriculture to Developed,Iowa,Polk,CONUS Central 2,CONUS,v2025-11,11/1/1985 0:00,11/1/1985 0:00,mollisols,udolls,hapludolls,typic hapludolls,fine-loamy,41.6477446,-93.4444689,3963,4894,US_NCSS_changed_pedons_1988_to_1989.csv
S1971LA051003,102375,3894,3894,"S1971LA051003",1971,site_obsdate,1988,1989,1988-1989,18,36,"Long-term developed, more than 30 years",3,Rangeland or Pasture to Developed,Louisiana,Jefferson,CONUS Central 2,CONUS,v2025-11,6/9/1971 0:00,6/9/1971 0:00,histosols,saprists,medisaprists,terric medisaprists,clayey,30.0224991,-90.2516632,3969,5405,US_NCSS_changed_pedons_1988_to_1989.csv
S1984MA015018,906383,70597,68624,"S1984MA015018",1984,site_obsdate,1988,1989,1988-1989,5,36,"Long-term developed, more than 30 years",2,Forest to Developed,Massachusetts,Hampshire,CONUS East 2,CONUS,v2025-11,5/7/1984 0:00,5/7/1984 0:00,inceptisols,udepts,dystrudepts,typic dystrudepts,coarse-loamy over sandy or sandy-skeletal,42.3568583,-72.4815056,3970,5451,US_NCSS_changed_pedons_1988_to_1989.csv
S1900MN0073147,583231,55603,54802,"S1900MN0073147",1980,site_obsdate,1988,1989,1988-1989,9,36,"Long-term developed, more than 30 years",1,Agriculture to Developed,Minnesota,Beltrami,CONUS Central 2,CONUS,v2025-11,8/17/1980 0:00,8/17/1980 0:00,alfisols,udalfs,hapludalfs,typic hapludalfs,fine-loamy,47.438549,-94.8258667,3975,5617,US_NCSS_changed_pedons_1988_to_1989.csv
S1978MN133012 (2909),583137,55915,55114,"S1978MN133012 (2909)",1978,site_obsdate,1988,1989,1988-1989,11,36,"Long-term developed, more than 30 years",3,Rangeland or Pasture to Developed,Minnesota,Rock,CONUS Central 1,CONUS,v2025-11,10/23/1978 0:00,10/23/1978 0:00,mollisols,udolls,hapludolls,cumulic hapludolls,fine-silty,43.5439873,-96.1831512,3975,5680,US_NCSS_changed_pedons_1988_to_1989.csv
1988MO041037,695809,45453,44739,"1988MO041037",1988,site_obsdate,1988,1989,1988-1989,1,36,"Long-term developed, more than 30 years",1,Agriculture to Developed,Missouri,Chariton,CONUS Central 2,CONUS,v2025-11,4/1/1988 0:00,4/1/1988 0:00,,,,,,39.7041511535645,-93.1968333,3976,5721,US_NCSS_changed_pedons_1988_to_1989.csv
S1956NV003006,104518,3031,3031,"S1956NV003006",1956,site_obsdate,1988,1989,1988-1989,33,36,"Long-term developed, more than 30 years",3,Rangeland or Pasture to Developed,Nevada,Clark,CONUS West 1,CONUS,v2025-11,2/1/1956 0:00,2/1/1956 0:00,entisols,fluvents,torrifluvents,typic torrifluvents,fine-silty,36.1588821,-115.058609,3987,6270,US_NCSS_changed_pedons_1988_to_1989.csv
S1958NJ005004,1100360,295,295,"S1958NJ005004",1958,site_obsdate,1988,1989,1988-1989,31,36,"Long-term developed, more than 30 years",2,Forest to Developed,New Jersey,Burlington,CONUS East 2,CONUS,v2025-11,8/19/1958 0:00,8/19/1958 0:00,entisols,psamments,quartzipsamments,typic quartzipsamments,,40.0101111,-74.9715583,3984,6217,US_NCSS_changed_pedons_1988_to_1989.csv
S1959NY109009,104773,235,235,"S1959NY109009",1959,site_obsdate,1988,1989,1988-1989,30,36,"Long-term developed, more than 30 years",2,Forest to Developed,New York,Tompkins,CONUS East 1,CONUS,v2025-11,10/29/1959 0:00,10/29/1959 0:00,,,,,,42.5024986,-76.3349991,3988,6340,US_NCSS_changed_pedons_1988_to_1989.csv
1961-OH143-012,750520,67767,65842,"1961-OH143-012",1961,site_obsdate,1988,1989,1988-1989,28,36,"Long-term developed, more than 30 years",1,Agriculture to Developed,Ohio,Sandusky,CONUS East 1,CONUS,v2025-11,8/4/1961 0:00,8/4/1961 0:00,mollisols,aquolls,argiaquolls,typic argiaquolls,fine,41.4118042,-83.3760529,3989,6419,US_NCSS_changed_pedons_1988_to_1989.csv
S1957OR055001,105213,854,854,"S1957OR055001",1957,site_obsdate,1988,1989,1988-1989,32,36,"Long-term developed, more than 30 years",3,Rangeland or Pasture to Developed,Oregon,Sherman,CONUS West 1,CONUS,v2025-11,5/8/1957 0:00,5/8/1957 0:00,mollisols,xerolls,haploxerolls,typic haploxerolls,fine-silty,45.2724991,-120.7038879,3991,6540,US_NCSS_changed_pedons_1988_to_1989.csv
1987PA027082,421960,53727,52926,"1987PA027082",1987,site_obsdate,1988,1989,1988-1989,2,36,"Long-term developed, more than 30 years",2,Forest to Developed,Pennsylvania,Centre,CONUS East 1,CONUS,v2025-11,9/10/1987 0:00,9/10/1987 0:00,inceptisols,udepts,fragiudepts,typic fragiudepts,coarse-loamy,40.8516667,-78.2119444,3992,6562,US_NCSS_changed_pedons_1988_to_1989.csv
1973PA033023,421987,53757,52956,"245",1973,site_obsdate,1988,1989,1988-1989,16,36,"Long-term developed, more than 30 years",2,Forest to Developed,Pennsylvania,Clearfield,CONUS East 1,CONUS,v2025-11,5/24/1973 0:00,5/24/1973 0:00,entisols,orthents,udorthents,typic udorthents,loamy-skeletal,41.0294444,-78.3916667,3992,6565,US_NCSS_changed_pedons_1988_to_1989.csv
1959PA037002,422025,53799,52998,"1959PA037002",1959,site_obsdate,1988,1989,1988-1989,30,36,"Long-term developed, more than 30 years",3,Rangeland or Pasture to Developed,Pennsylvania,Columbia,CONUS East 1,CONUS,v2025-11,8/24/1959 0:00,8/24/1959 0:00,ultisols,aquults,fragiaquults,typic fragiaquults,fine-loamy,41.1183333,-76.4588889,3992,6567,US_NCSS_changed_pedons_1988_to_1989.csv
S1955PA071008,105382,369,369,"S1955PA071008",1955,site_obsdate,1988,1989,1988-1989,34,36,"Long-term developed, more than 30 years",2,Forest to Developed,Pennsylvania,Lancaster,CONUS East 1,CONUS,v2025-11,9/17/1955 0:00,9/17/1955 0:00,,,,,,40.1522217,-76.5747223,3992,6584,US_NCSS_changed_pedons_1988_to_1989.csv
86PR113001,123260,12971,12971,"S1986PR113001",1986,site_obsdate,1988,1989,1988-1989,3,36,"Long-term developed, more than 30 years",3,Rangeland or Pasture to Developed,Puerto Rico,Ponce,Puerto Rico and U.S. Virgin Islands,PRUSVI,v2024-10,2/1/1986 0:00,2/1/1986 0:00,mollisols,ustolls,haplustolls,typic haplustolls,fine-loamy,18.0100002,-66.5599976,3994,6673,US_NCSS_changed_pedons_1988_to_1989.csv
88PR151001,124865,14865,14865,"S1988PR151001",1988,site_obsdate,1988,1989,1988-1989,1,36,"Long-term developed, more than 30 years",3,Rangeland or Pasture to Developed,Puerto Rico,Yabucoa,Puerto Rico and U.S. Virgin Islands,PRUSVI,v2024-10,2/1/1988 0:00,2/1/1988 0:00,alfisols,udalfs,hapludalfs,vertic hapludalfs,fine,18.0452785,-65.875,3994,6692,US_NCSS_changed_pedons_1988_to_1989.csv
S1963TX099001,901096,4268,4268,"S1963TX099001",1963,site_obsdate,1988,1989,1988-1989,26,36,"Long-term developed, more than 30 years",3,Rangeland or Pasture to Developed,Texas,Coryell,CONUS Central 1,CONUS,v2025-11,4/18/1963 0:00,4/18/1963 0:00,mollisols,ustolls,calciustolls,udic calciustolls,fine-silty,31.5308342,-97.6074982,4000,6971,US_NCSS_changed_pedons_1988_to_1989.csv
S1962TX257003,106104,4234,4234,"S1962TX257003",1962,site_obsdate,1988,1989,1988-1989,27,36,"Long-term developed, more than 30 years",3,Rangeland or Pasture to Developed,Texas,Kaufman,CONUS Central 1,CONUS,v2025-11,9/13/1962 0:00,9/13/1962 0:00,alfisols,ustalfs,paleustalfs,udertic paleustalfs,fine,32.7733345,-96.2766647,4000,7050,US_NCSS_changed_pedons_1988_to_1989.csv
84AZ021005,121964,11239,11239,"S1984AZ021005",1984,site_obsdate,1989,1990,1989-1990,6,35,"Long-term developed, more than 30 years",3,Rangeland or Pasture to Developed,Arizona,Pinal,CONUS West 2,CONUS,v2025-11,3/3/1984 0:00,3/1/1984 0:00,aridisols,orthids,camborthids,typic camborthids,coarse-loamy,32.8638878,-111.6866684,3950,4445,US_NCSS_changed_pedons_1989_to_1990.csv
S1964CA073004,100163,2825,2825,"S1964CA073004",1964,site_obsdate,1989,1990,1989-1990,26,35,"Long-term developed, more than 30 years",3,Rangeland or Pasture to Developed,California,San Diego,CONUS West 1,CONUS,v2025-11,2/19/1964 0:00,2/19/1964 0:00,inceptisols,ochrepts,xerochrepts,typic xerochrepts,coarse-loamy,33.3675003,-117.2288895,3951,4485,US_NCSS_changed_pedons_1989_to_1990.csv
S1966CA093007,100221,2912,2912,"S1966CA093007",1966,site_obsdate,1989,1990,1989-1990,24,35,"Long-term developed, more than 30 years",3,Rangeland or Pasture to Developed,California,Siskiyou,CONUS West 1,CONUS,v2025-11,5/26/1966 0:00,5/26/1966 0:00,vertisols,xererts,durixererts,chromic durixererts,fine,41.8025017,-122.4463882,3951,4495,US_NCSS_changed_pedons_1989_to_1990.csv
81FL001001,120548,8568,8568,"S1981FL001001",1981,site_obsdate,1989,1990,1989-1990,9,35,"Long-term developed, more than 30 years",2,Forest to Developed,Florida,Alachua,CONUS East 1,CONUS,v2025-11,5/1/1981 0:00,5/1/1981 0:00,entisols,psamments,quartzipsamments,typic quartzipsamments,,29.6335831,-82.3665314,3957,4582,US_NCSS_changed_pedons_1989_to_1990.csv
81FL001002,120549,8569,8569,"S1981FL001002",1981,site_obsdate,1989,1990,1989-1990,9,35,"Long-term developed, more than 30 years",2,Forest to Developed,Florida,Alachua,CONUS East 1,CONUS,v2025-11,5/3/1981 0:00,5/1/1981 0:00,ultisols,udults,paleudults,grossarenic paleudults,loamy,29.6335831,-82.3665314,3957,4582,US_NCSS_changed_pedons_1989_to_1990.csv
81FL001003,120550,8570,8570,"S1981FL001003",1981,site_obsdate,1989,1990,1989-1990,9,35,"Long-term developed, more than 30 years",2,Forest to Developed,Florida,Alachua,CONUS East 1,CONUS,v2025-11,5/3/1981 0:00,5/1/1981 0:00,ultisols,udults,paleudults,grossarenic paleudults,loamy,29.6335831,-82.3665314,3957,4582,US_NCSS_changed_pedons_1989_to_1990.csv
S1963HI003001,101048,5306,5306,"S1963HI003001",1963,site_obsdate,1989,1990,1989-1990,27,35,"Long-term developed, more than 30 years",3,Rangeland or Pasture to Developed,Hawaii,Honolulu,Hawaii,HI,v2024-10,5/23/1963 0:00,5/23/1963 0:00,mollisols,ustolls,haplustolls,aridic haplustolls,fine,21.3285275,-158.0186157,3962,4814,US_NCSS_changed_pedons_1989_to_1990.csv
S1962HI009032,101063,5393,5393,"S1962HI009032",1962,site_obsdate,1989,1990,1989-1990,28,35,"Long-term developed, more than 30 years",2,Forest to Developed,Hawaii,Maui,Hawaii,HI,v2024-10,9/1/1962 0:00,9/1/1962 0:00,,,,,,20.8190918,-156.9228058,3962,4817,US_NCSS_changed_pedons_1989_to_1990.csv
1971IL093002,355180,36196,35581,"1971IL093002",1971,site_obsdate,1989,1990,1989-1990,19,35,"Long-term developed, more than 30 years",3,Rangeland or Pasture to Developed,Illinois,Kendall,CONUS Central 2,CONUS,v2025-11,10/1/1971 0:00,10/1/1971 0:00,mollisols,udolls,argiudolls,typic argiudolls,fine-loamy,41.6571268,-88.4399632,3965,5007,US_NCSS_changed_pedons_1989_to_1990.csv
1970IN005004,312816,37802,37187,"1970IN005004",1970,site_obsdate,1989,1990,1989-1990,20,35,"Long-term developed, more than 30 years",3,Rangeland or Pasture to Developed,Indiana,Bartholomew,CONUS Central 2,CONUS,v2025-11,12/3/1970 0:00,12/3/1970 0:00,,,,,,39.3275111,-85.7037722,3966,5065,US_NCSS_changed_pedons_1989_to_1990.csv
1980IN007015,863457,38990,38375,"1980IN007015",1980,site_obsdate,1989,1990,1989-1990,10,35,"Long-term developed, more than 30 years",1,Agriculture to Developed,Indiana,Benton,CONUS Central 2,CONUS,v2025-11,9/15/1980 0:00,9/15/1980 0:00,mollisols,udolls,argiudolls,aquic argiudolls,fine,40.6936194,-87.2865833,3966,5066,US_NCSS_changed_pedons_1989_to_1990.csv
1976IN077011,313393,38220,37605,"1976IN077011",1976,site_obsdate,1989,1990,1989-1990,14,35,"Long-term developed, more than 30 years",3,Rangeland or Pasture to Developed,Indiana,Jefferson,CONUS Central 2,CONUS,v2025-11,10/22/1976 0:00,10/22/1976 0:00,alfisols,udalfs,fragiudalfs,typic fragiudalfs,fine-silty,38.6986917,-85.4753417,3966,5101,US_NCSS_changed_pedons_1989_to_1990.csv
1976IN083001,313601,38799,38184,"1976IN083001",1976,site_obsdate,1989,1990,1989-1990,14,35,"Long-term developed, more than 30 years",1,Agriculture to Developed,Indiana,Knox,CONUS Central 2,CONUS,v2025-11,3/26/1976 0:00,3/26/1976 0:00,inceptisols,aquepts,haplaquepts,typic haplaquepts,fine,38.5678111,-87.6144417,3966,5104,US_NCSS_changed_pedons_1989_to_1990.csv
1976IN083006,313225,38060,37445,"1976IN083006",1976,site_obsdate,1989,1990,1989-1990,14,35,"Long-term developed, more than 30 years",3,Rangeland or Pasture to Developed,Indiana,Knox,CONUS Central 2,CONUS,v2025-11,3/9/1976 0:00,3/9/1976 0:00,,,,,,38.8018278,-87.27249908,3966,5104,US_NCSS_changed_pedons_1989_to_1990.csv
1979IN137007,313819,38606,37991,"1979IN137007",1979,site_obsdate,1989,1990,1989-1990,11,35,"Long-term developed, more than 30 years",3,Rangeland or Pasture to Developed,Indiana,Ripley,CONUS Central 2,CONUS,v2025-11,10/22/1979 0:00,10/22/1979 0:00,alfisols,aqualfs,ochraqualfs,typic ochraqualfs,fine-silty,39.1115889,-85.1778194,3966,5131,US_NCSS_changed_pedons_1989_to_1990.csv
84IA1210021,122443,12023,12023,"S1984IA1210021",1984,site_obsdate,1989,1990,1989-1990,6,35,"Long-term developed, more than 30 years",1,Agriculture to Developed,Iowa,Madison,CONUS Central 2,CONUS,v2025-11,11/3/1984 0:00,11/1/1984 0:00,alfisols,udalfs,hapludalfs,aquic hapludalfs,fine-loamy,41.2669449,-93.9844437,3963,4878,US_NCSS_changed_pedons_1989_to_1990.csv
85IA1670036,123396,13108,13108,"S1985IA1670036",1985,site_obsdate,1989,1990,1989-1990,5,35,"Long-term developed, more than 30 years",3,Rangeland or Pasture to Developed,Iowa,Sioux,CONUS Central 1,CONUS,v2025-11,11/3/1985 0:00,11/1/1985 0:00,mollisols,udolls,hapludolls,typic hapludolls,fine-silty,43.0424995,-96.4313889,3963,4901,US_NCSS_changed_pedons_1989_to_1990.csv
77KY193006,955931,6520,6520,"77KY193006",1978,site_obsdate,1989,1990,1989-1990,12,35,"Long-term developed, more than 30 years",2,Forest to Developed,Kentucky,Perry,CONUS East 1,CONUS,v2025-11,,6/1/1978 0:00,mollisols,udolls,hapludolls,fluventic hapludolls,coarse-loamy,37.3338889,-83.3394444,3968,5356,US_NCSS_changed_pedons_1989_to_1990.csv
S1972LA085008,102402,3788,3788,"S1972LA085008",1972,site_obsdate,1989,1990,1989-1990,18,35,"Long-term developed, more than 30 years",4,Other to Developed,Louisiana,Sabine,CONUS Central 2,CONUS,v2025-11,4/12/1972 0:00,4/12/1972 0:00,alfisols,udalfs,paleudalfs,rhodic paleudalfs,fine,31.3824997,-93.6147232,3969,5422,US_NCSS_changed_pedons_1989_to_1990.csv
1988MO087014m,134948,46783,46069,"1988MO087014m",1988,site_obsdate,1989,1990,1989-1990,2,35,"Long-term developed, more than 30 years",3,Rangeland or Pasture to Developed,Missouri,Holt,CONUS Central 1,CONUS,v2025-11,3/11/1988 0:00,3/11/1988 0:00,mollisols,udolls,hapludolls,typic hapludolls,fine-silty,40.0800018,-95.1074982,3976,5744,US_NCSS_changed_pedons_1989_to_1990.csv
84NE019001,110289,11895,11895,"S1984NE019001",1984,site_obsdate,1989,1990,1989-1990,6,35,"Long-term developed, more than 30 years",3,Rangeland or Pasture to Developed,Nebraska,Buffalo,CONUS Central 1,CONUS,v2025-11,6/3/1984 0:00,6/1/1984 0:00,mollisols,ustolls,haplustolls,fluvaquentic haplustolls,coarse-loamy over sandy or sandy-skeletal,40.6816673,-98.9000015,3982,6121,US_NCSS_changed_pedons_1989_to_1990.csv
S1958NE155004,104012,2243,2243,"S1958NE155004",1958,site_obsdate,1989,1990,1989-1990,32,35,"Long-term developed, more than 30 years",3,Rangeland or Pasture to Developed,Nebraska,Saunders,CONUS Central 1,CONUS,v2025-11,8/8/1958 0:00,8/8/1958 0:00,mollisols,udolls,argiudolls,typic argiudolls,fine-loamy,41.0827789,-96.8225021,3982,6189,US_NCSS_changed_pedons_1989_to_1990.csv
S1959NV003017,104532,3043,3043,"S1959NV003017",1959,site_obsdate,1989,1990,1989-1990,31,35,"Long-term developed, more than 30 years",3,Rangeland or Pasture to Developed,Nevada,Clark,CONUS West 2,CONUS,v2025-11,3/1/1959 0:00,3/1/1959 0:00,entisols,orthents,torriorthents,aquic torriorthents,fine-silty,36.7705574,-114.1291656,3987,6270,US_NCSS_changed_pedons_1989_to_1990.csv
85NJ033014,1100460,12953,12953,"S1985NJ033014",1985,site_obsdate,1989,1990,1989-1990,5,35,"Long-term developed, more than 30 years",2,Forest to Developed,New Jersey,Salem,CONUS East 1,CONUS,v2025-11,9/3/1985 0:00,9/1/1985 0:00,alfisols,udalfs,hapludalfs,typic hapludalfs,fine-loamy,39.56416702,-75.3319473,3984,6231,US_NCSS_changed_pedons_1989_to_1990.csv
1961-OH069-003,750460,67666,65741,"1961-OH069-003",1961,site_obsdate,1989,1990,1989-1990,29,35,"Long-term developed, more than 30 years",1,Agriculture to Developed,Ohio,Henry,CONUS East 1,CONUS,v2025-11,9/11/1961 0:00,9/11/1961 0:00,alfisols,aqualfs,epiaqualfs,mollic epiaqualfs,fine-loamy,41.4860344,-84.0640259,3989,6382,US_NCSS_changed_pedons_1989_to_1990.csv
1961PA091016,868918,54175,53374,"621",1961,site_obsdate,1989,1990,1989-1990,29,35,"Long-term developed, more than 30 years",1,Agriculture to Developed,Pennsylvania,Montgomery,CONUS East 1,CONUS,v2025-11,4/3/1961 0:00,4/3/1961 0:00,alfisols,udalfs,hapludalfs,aquic hapludalfs,fine-loamy,40.23249817,-75.4972222,3992,6594,US_NCSS_changed_pedons_1989_to_1990.csv
1974PA097012,422379,54192,53391,"1974PA097012",1974,site_obsdate,1989,1990,1989-1990,16,35,"Long-term developed, more than 30 years",3,Rangeland or Pasture to Developed,Pennsylvania,Northumberland,CONUS East 1,CONUS,v2025-11,6/20/1974 0:00,6/20/1974 0:00,Entisols,,,,sandy,40.9894444,-76.8555556,3992,6597,US_NCSS_changed_pedons_1989_to_1990.csv
85TX141002,122721,12330,12330,"S1985TX141002",1985,site_obsdate,1989,1990,1989-1990,5,35,"Long-term developed, more than 30 years",3,Rangeland or Pasture to Developed,Texas,El Paso,CONUS West 2,CONUS,v2025-11,5/3/1985 0:00,5/1/1985 0:00,aridisols,calcids,petrocalcids,ustic petrocalcids,loamy-skeletal,31.9127769,-106.5175018,4000,6992,US_NCSS_changed_pedons_1989_to_1990.csv
86WV059003,123555,13348,13348,"S1986WV059003",1986,site_obsdate,1989,1990,1989-1990,4,35,"Long-term developed, more than 30 years",2,Forest to Developed,West Virginia,Mingo,CONUS East 1,CONUS,v2025-11,5/1/1986 0:00,5/1/1986 0:00,inceptisols,ochrepts,dystrochrepts,typic dystrochrepts,,37.6461105,-82.1691666,4008,7508,US_NCSS_changed_pedons_1989_to_1990.csv
S1958WI089001,824177,1534,1534,"S1958WI089001",1958,site_obsdate,1989,1990,1989-1990,32,35,"Long-term developed, more than 30 years",1,Agriculture to Developed,Wisconsin,Ozaukee,CONUS Central 2,CONUS,v2025-11,10/9/1958 0:00,10/9/1958 0:00,alfisols,udalfs,hapludalfs,oxyaquic hapludalfs,fine,43.2380562,-88.0119476,4007,7452,US_NCSS_changed_pedons_1989_to_1990.csv
AZ639-Tapco-TUD420,459643,7798,7798,"AZ639-Tapco-TUD420",1980,site_obsdate,1990,1991,1990-1991,11,34,"Long-term developed, more than 30 years",3,Rangeland or Pasture to Developed,Arizona,Yavapai,CONUS West 2,CONUS,v2025-11,,3/1/1980 0:00,aridisols,argids,durargids,abruptic durargids,,34.70916748,-112.007778,3950,4447,US_NCSS_changed_pedons_1990_to_1991.csv
89DE001002,958177,16111,16111,"89DE001002",1989,site_obsdate,1990,1991,1990-1991,2,34,"Long-term developed, more than 30 years",1,Agriculture to Developed,Delaware,Kent,CONUS East 1,CONUS,v2025-11,,6/1/1989 0:00,alfisols,udalts,fragiudalfs,typic fragiudalfs,coarse-loamy,39.1130556,-75.6197222,3956,4579,US_NCSS_changed_pedons_1990_to_1991.csv
S1955DE003002,109833,3956,3956,"S1955DE003002",1955,site_obsdate,1990,1991,1990-1991,36,34,"Long-term developed, more than 30 years",2,Forest to Developed,Delaware,New Castle,CONUS East 1,CONUS,v2025-11,6/1/1955 0:00,6/1/1955 0:00,,,,,,39.80751801,-75.5110092,3956,4580,US_NCSS_changed_pedons_1990_to_1991.csv
83HI009001,957302,10806,10806,"83HI009001",1983,site_obsdate,1990,1991,1990-1991,8,34,"Long-term developed, more than 30 years",3,Rangeland or Pasture to Developed,Hawaii,Maui,Hawaii,HI,v2024-10,10/3/1983 0:00,10/1/1983 0:00,aridisols,cambids,haplocambids,typic haplocambids,loamy-skeletal,20.7751973,-156.4497568,3962,4817,US_NCSS_changed_pedons_1990_to_1991.csv
S1963HI009052,101079,5373,5373,"S1963HI009052",1963,site_obsdate,1990,1991,1990-1991,28,34,"Long-term developed, more than 30 years",3,Rangeland or Pasture to Developed,Hawaii,Maui,Hawaii,HI,v2024-10,5/13/1963 0:00,5/13/1963 0:00,,,,,,21.1557426,-157.0330811,3962,4817,US_NCSS_changed_pedons_1990_to_1991.csv
81IL017007,121229,10099,10099,"S1981IL017007",1981,site_obsdate,1990,1991,1990-1991,10,34,"Long-term developed, more than 30 years",3,Rangeland or Pasture to Developed,Illinois,Cass,CONUS Central 2,CONUS,v2025-11,6/1/1981 0:00,6/1/1981 0:00,entisols,fluvents,udifluvents,typic udifluvents,coarse-silty,39.9855537,-90.3213882,3965,4969,US_NCSS_changed_pedons_1990_to_1991.csv
1980IL133032,351020,36725,36110,"1980IL133032",1980,site_obsdate,1990,1991,1990-1991,11,34,"Long-term developed, more than 30 years",2,Forest to Developed,Illinois,Monroe,CONUS Central 2,CONUS,v2025-11,8/1/1980 0:00,8/1/1980 0:00,entisols,fluvents,udifluvents,mollic udifluvents,coarse-silty,38.2681491,-90.2492105,3965,5027,US_NCSS_changed_pedons_1990_to_1991.csv
S1986IL187104,856879,37487,36872,"S1986IL187104",1986,site_obsdate,1990,1991,1990-1991,5,34,"Long-term developed, more than 30 years",3,Rangeland or Pasture to Developed,Illinois,Warren,CONUS Central 2,CONUS,v2025-11,10/1/1986 0:00,10/1/1986 0:00,mollisols,udolls,argiudolls,aquic pachic argiudolls,fine-silty,40.6803861,-90.6721472,3965,5054,US_NCSS_changed_pedons_1990_to_1991.csv
1979IN001006,313857,38644,38029,"1979IN001006",1979,site_obsdate,1990,1991,1990-1991,12,34,"Long-term developed, more than 30 years",3,Rangeland or Pasture to Developed,Indiana,Adams,CONUS East 1,CONUS,v2025-11,10/17/1979 0:00,10/17/1979 0:00,alfisols,udalfs,hapludalfs,aquic hapludalfs,fine,40.8137806,-84.9072111,3966,5063,US_NCSS_changed_pedons_1990_to_1991.csv
1976IN031013,313026,37921,37306,"1976IN031013",1976,site_obsdate,1990,1991,1990-1991,15,34,"Long-term developed, more than 30 years",3,Rangeland or Pasture to Developed,Indiana,Decatur,CONUS Central 2,CONUS,v2025-11,5/24/1976 0:00,5/24/1976 0:00,,,,,,39.3361028,-85.3474111,3966,5078,US_NCSS_changed_pedons_1990_to_1991.csv
1981IN049006,922515,39043,38428,"1981IN049006",1981,site_obsdate,1990,1991,1990-1991,10,34,"Long-term developed, more than 30 years",3,Rangeland or Pasture to Developed,Indiana,Fulton,CONUS Central 2,CONUS,v2025-11,11/9/1981 0:00,11/9/1981 0:00,mollisols,udolls,argiudolls,aquic argiudolls,fine-loamy over sandy or sandy-skeletal,41.0411944,-86.0200361,3966,5087,US_NCSS_changed_pedons_1990_to_1991.csv
1969IN063001,312798,37784,37169,"1969IN063001",1969,site_obsdate,1990,1991,1990-1991,22,34,"Long-term developed, more than 30 years",1,Agriculture to Developed,Indiana,Hendricks,CONUS Central 2,CONUS,v2025-11,7/8/1969 0:00,7/8/1969 0:00,,,,,,39.7687861,-86.3786389,3966,5094,US_NCSS_changed_pedons_1990_to_1991.csv
1969IN063002,309086,37760,37145,"1969IN063002",1969,site_obsdate,1990,1991,1990-1991,22,34,"Long-term developed, more than 30 years",1,Agriculture to Developed,Indiana,Hendricks,CONUS Central 2,CONUS,v2025-11,7/10/1969 0:00,7/10/1969 0:00,,,,,,39.7687861,-86.3786389,3966,5094,US_NCSS_changed_pedons_1990_to_1991.csv
1978IN069006,313246,38417,37802,"1978IN069006",1978,site_obsdate,1990,1991,1990-1991,13,34,"Long-term developed, more than 30 years",3,Rangeland or Pasture to Developed,Indiana,Huntington,CONUS Central 2,CONUS,v2025-11,8/9/1978 0:00,8/9/1978 0:00,alfisols,udalfs,hapludalfs,typic hapludalfs,fine-loamy over sandy or sandy-skeletal,40.74689865,-85.5201417,3966,5097,US_NCSS_changed_pedons_1990_to_1991.csv
1974IN087012,313434,38309,37694,"1974IN087012",1974,site_obsdate,1990,1991,1990-1991,17,34,"Long-term developed, more than 30 years",3,Rangeland or Pasture to Developed,Indiana,LaGrange,CONUS Central 2,CONUS,v2025-11,10/9/1974 0:00,10/9/1974 0:00,alfisols,udalfs,hapludalfs,typic hapludalfs,fine,41.6469944,-85.6000528,3966,5106,US_NCSS_changed_pedons_1990_to_1991.csv
S1972IN099008,1106801,37851,37236,"S1972IN099008",1972,site_obsdate,1990,1991,1990-1991,19,34,"Long-term developed, more than 30 years",3,Rangeland or Pasture to Developed,Indiana,Marshall,CONUS Central 2,CONUS,v2025-11,10/19/1972 0:00,10/19/1972 0:00,entisols,psamments,udipsamments,oxyaquic udipsamments,,41.1787944,-86.4542306,3966,5112,US_NCSS_changed_pedons_1990_to_1991.csv
1975IN129004,313334,38115,37500,"1975IN129004",1975,site_obsdate,1990,1991,1990-1991,16,34,"Long-term developed, more than 30 years",1,Agriculture to Developed,Indiana,Posey,CONUS Central 2,CONUS,v2025-11,7/9/1975 0:00,7/9/1975 0:00,,,,,,37.9071111,-88.0037694,3966,5127,US_NCSS_changed_pedons_1990_to_1991.csv
1984IN157024,314371,39355,38740,"1984IN157024",1984,site_obsdate,1990,1991,1990-1991,7,34,"Long-term developed, more than 30 years",3,Rangeland or Pasture to Developed,Indiana,Tippecanoe,CONUS Central 2,CONUS,v2025-11,9/6/1984 0:00,9/6/1984 0:00,alfisols,udalfs,hapludalfs,typic hapludalfs,fine-loamy,40.35200119,-86.7232972,3966,5141,US_NCSS_changed_pedons_1990_to_1991.csv
75LA041017,955522,1320,1320,"75LA041017",1975,site_obsdate,1990,1991,1990-1991,16,34,"Long-term developed, more than 30 years",3,Rangeland or Pasture to Developed,Louisiana,Franklin,CONUS Central 2,CONUS,v2025-11,,6/1/1975 0:00,alfisols,udalfs,fragiudalfs,glossaquic fragiudalfs,fine-silty,32.1138889,-91.8438889,3969,5400,US_NCSS_changed_pedons_1990_to_1991.csv
S1974MN0293092,583202,55657,54856,"S1974MN0293092",1974,site_obsdate,1990,1991,1990-1991,17,34,"Long-term developed, more than 30 years",3,Rangeland or Pasture to Developed,Minnesota,Clearwater,CONUS Central 1,CONUS,v2025-11,10/16/1974 0:00,10/16/1974 0:00,alfisols,udalfs,hapludalfs,arenic hapludalfs,loamy,47.2232208,-95.3821335,3975,5628,US_NCSS_changed_pedons_1990_to_1991.csv
S1959MS107002,103033,4526,4526,"S1959MS107002",1959,site_obsdate,1990,1991,1990-1991,32,34,"Long-term developed, more than 30 years",1,Agriculture to Developed,Mississippi,Panola,CONUS Central 2,CONUS,v2025-11,1/29/1959 0:00,1/29/1959 0:00,,,,,,34.3498497,-89.9198074,3978,5873,US_NCSS_changed_pedons_1990_to_1991.csv
S1962MT105001,103398,3153,3153,"S1962MT105001",1962,site_obsdate,1990,1991,1990-1991,29,34,"Long-term developed, more than 30 years",3,Rangeland or Pasture to Developed,Montana,Valley,CONUS West 2,CONUS,v2025-11,8/20/1962 0:00,8/20/1962 0:00,vertisols,usterts,chromusterts,udorthentic chromusterts,fine,48.4518814,-107.2338028,3979,5954,US_NCSS_changed_pedons_1990_to_1991.csv
S1974NE121026,110341,2011,2011,"S1974NE121026",1974,site_obsdate,1990,1991,1990-1991,17,34,"Long-term developed, more than 30 years",3,Rangeland or Pasture to Developed,Nebraska,Merrick,CONUS Central 1,CONUS,v2025-11,6/1/1974 0:00,6/1/1974 0:00,mollisols,ustolls,haplustolls,fluvaquentic haplustolls,coarse-loamy,41.2016716,-97.9053574,3982,6172,US_NCSS_changed_pedons_1990_to_1991.csv
1953NE155004,254521,2189,2189,"1953NE155004",1953,site_obsdate,1990,1991,1990-1991,38,34,"Long-term developed, more than 30 years",1,Agriculture to Developed,Nebraska,Saunders,CONUS Central 1,CONUS,v2025-11,3/3/1953 0:00,3/3/1953 0:00,mollisols,udolls,hapludolls,typic hapludolls,coarse-loamy,41.1491667,-96.3488889,3982,6189,US_NCSS_changed_pedons_1990_to_1991.csv
S1956NV003003,104515,3006,3006,"S1956NV003003",1956,site_obsdate,1990,1991,1990-1991,35,34,"Long-term developed, more than 30 years",3,Rangeland or Pasture to Developed,Nevada,Clark,CONUS West 1,CONUS,v2025-11,2/1/1956 0:00,2/1/1956 0:00,aridisols,orthids,gypsiorthids,typic gypsiorthids,coarse-loamy,36.0794373,-115.128891,3987,6270,US_NCSS_changed_pedons_1990_to_1991.csv
S1962NH001002,1094132,471,471,"S1962NH001002",1962,site_obsdate,1990,1991,1990-1991,29,34,"Long-term developed, more than 30 years",3,Rangeland or Pasture to Developed,New Hampshire,Belknap,CONUS East 2,CONUS,v2025-11,8/16/1962 0:00,8/16/1962 0:00,inceptisols,aquepts,humaquepts,aeric humaquepts,loamy,43.4541664,-71.5194473,3983,6205,US_NCSS_changed_pedons_1990_to_1991.csv
1969PA019004,421854,53610,52809,"112",1969,site_obsdate,1990,1991,1990-1991,22,34,"Long-term developed, more than 30 years",3,Rangeland or Pasture to Developed,Pennsylvania,Butler,CONUS East 1,CONUS,v2025-11,7/7/1969 0:00,7/7/1969 0:00,inceptisols,udepts,dystrudepts,typic dystrudepts,coarse-loamy,40.97000122,-80.1108333,3992,6558,US_NCSS_changed_pedons_1990_to_1991.csv
1963PA027009,421913,53674,52873,"1963PA027009",1963,site_obsdate,1990,1991,1990-1991,28,34,"Long-term developed, more than 30 years",3,Rangeland or Pasture to Developed,Pennsylvania,Centre,CONUS East 1,CONUS,v2025-11,10/29/1963 0:00,10/29/1963 0:00,mollisols,aquolls,haplaquolls,fluventic haplaquolls,fine,40.7805556,-77.7602778,3992,6562,US_NCSS_changed_pedons_1990_to_1991.csv
S1959PA045001,1162028,53850,53049,"329",1959,site_obsdate,1990,1991,1990-1991,32,34,"Long-term developed, more than 30 years",2,Forest to Developed,Pennsylvania,Delaware,CONUS East 1,CONUS,v2025-11,4/23/1959 0:00,4/23/1959 0:00,ultisols,udults,hapludults,typic hapludults,fine-loamy,39.8472222,-75.52249908,3992,6571,US_NCSS_changed_pedons_1990_to_1991.csv
S1977WI049002,110976,4952,4952,"S1977WI049002",1977,site_obsdate,1990,1991,1990-1991,14,34,"Long-term developed, more than 30 years",3,Rangeland or Pasture to Developed,Wisconsin,Iowa,CONUS Central 2,CONUS,v2025-11,8/8/1977 0:00,8/8/1977 0:00,mollisols,udolls,argiudolls,typic argiudolls,fine,42.9694443,-90.0008316,4007,7431,US_NCSS_changed_pedons_1990_to_1991.csv
S1954WI121001,1242630,1518,1518,"S1954WI121001",1954,site_obsdate,1990,1991,1990-1991,37,34,"Long-term developed, more than 30 years",3,Rangeland or Pasture to Developed,Wisconsin,Trempealeau,CONUS Central 2,CONUS,v2025-11,8/25/1954 0:00,8/25/1954 0:00,alfisols,udalfs,hapludalfs,inceptic hapludalfs,coarse-loamy over sandy or sandy-skeletal,44.3341675,-91.4300003,4007,7468,US_NCSS_changed_pedons_1990_to_1991.csv
S1953FL033034,100591,4811,4811,"S1953FL033034",1953,site_obsdate,1991,1992,1991-1992,39,33,"Long-term developed, more than 30 years",3,Rangeland or Pasture to Developed,Florida,Escambia,CONUS Central 2,CONUS,v2025-11,8/27/1953 0:00,8/27/1953 0:00,,,,,,30.4766178,-87.3019485,3957,4598,US_NCSS_changed_pedons_1991_to_1992.csv
81GA093010,120551,8576,8576,"S1981GA093010",1981,site_obsdate,1991,1992,1991-1992,11,33,"Long-term developed, more than 30 years",1,Agriculture to Developed,Georgia,Dooly,CONUS East 1,CONUS,v2025-11,2/3/1981 0:00,2/1/1981 0:00,ultisols,udults,paleudults,plinthic paleudults,fine-loamy,32.0743484,-83.8129578,3960,4698,US_NCSS_changed_pedons_1991_to_1992.csv
87ID047003A,124574,14516,14516,"S1987ID047003A",1987,site_obsdate,1991,1992,1991-1992,5,33,"Long-term developed, more than 30 years",3,Rangeland or Pasture to Developed,Idaho,Gooding,CONUS West 2,CONUS,v2025-11,9/3/1987 0:00,9/1/1987 0:00,aridisols,orthids,durorthids,xerollic durorthids,coarse-loamy,42.6925011,-114.7044449,3964,4940,US_NCSS_changed_pedons_1991_to_1992.csv
1984IL041005,375389,37714,37099,"1984IL041005",1985,site_obsdate,1991,1992,1991-1992,7,33,"Long-term developed, more than 30 years",1,Agriculture to Developed,Illinois,Douglas,CONUS Central 2,CONUS,v2025-11,1/1/1985 0:00,1/1/1985 0:00,mollisols,aquolls,endoaquolls,typic endoaquolls,fine-loamy,39.7055694,-88.0291361,3965,4981,US_NCSS_changed_pedons_1991_to_1992.csv
1977IL095032,375524,36402,35787,"1977IL095032",1977,site_obsdate,1991,1992,1991-1992,15,33,"Long-term developed, more than 30 years",3,Rangeland or Pasture to Developed,Illinois,Knox,CONUS Central 2,CONUS,v2025-11,7/1/1977 0:00,7/1/1977 0:00,alfisols,udalfs,hapludalfs,typic hapludalfs,fine-silty,40.9840956,-90.4119976,3965,5008,US_NCSS_changed_pedons_1991_to_1992.csv
1981IL115021,351068,36764,36149,"1981IL115021",1981,site_obsdate,1991,1992,1991-1992,11,33,"Long-term developed, more than 30 years",1,Agriculture to Developed,Illinois,Macon,CONUS Central 2,CONUS,v2025-11,7/1/1981 0:00,7/1/1981 0:00,mollisols,udolls,argiudolls,aquic argiudolls,fine-silty,39.9672689,-88.8265636,3965,5018,US_NCSS_changed_pedons_1991_to_1992.csv
51IL197001a,274633,2591,2591,"51IL197001a",1951,site_obsdate,1991,1992,1991-1992,41,33,"Long-term developed, more than 30 years",1,Agriculture to Developed,Illinois,Will,CONUS Central 2,CONUS,v2025-11,10/22/1951 0:00,10/22/1951 0:00,alfisols,aqualfs,epiaqualfs,udollic epiaqualfs,fine,41.4850174,-87.8766914,3965,5059,US_NCSS_changed_pedons_1991_to_1992.csv
1980IN049011,313708,38873,38258,"1980IN049011",1980,site_obsdate,1991,1992,1991-1992,12,33,"Long-term developed, more than 30 years",3,Rangeland or Pasture to Developed,Indiana,Fulton,CONUS Central 2,CONUS,v2025-11,8/28/1980 0:00,8/28/1980 0:00,alfisols,udalfs,hapludalfs,typic hapludalfs,fine-loamy,41.04172516,-86.0566111,3966,5087,US_NCSS_changed_pedons_1991_to_1992.csv
1974IN057001,313323,38104,37489,"1974IN057001",1974,site_obsdate,1991,1992,1991-1992,18,33,"Long-term developed, more than 30 years",2,Forest to Developed,Indiana,Hamilton,CONUS Central 2,CONUS,v2025-11,6/5/1974 0:00,6/5/1974 0:00,,,,,,39.9782778,-86.0563056,3966,5091,US_NCSS_changed_pedons_1991_to_1992.csv
85IA1530012,122458,12046,12046,"S1985IA1530012",1985,site_obsdate,1991,1992,1991-1992,7,33,"Long-term developed, more than 30 years",3,Rangeland or Pasture to Developed,Iowa,Polk,CONUS Central 2,CONUS,v2025-11,11/3/1985 0:00,11/1/1985 0:00,mollisols,udolls,hapludolls,typic hapludolls,fine-loamy,41.6475985,-93.444701,3963,4894,US_NCSS_changed_pedons_1991_to_1992.csv
85IA1670036,123396,13108,13108,"S1985IA1670036",1985,site_obsdate,1991,1992,1991-1992,7,33,"Long-term developed, more than 30 years",3,Rangeland or Pasture to Developed,Iowa,Sioux,CONUS Central 1,CONUS,v2025-11,11/3/1985 0:00,11/1/1985 0:00,mollisols,udolls,hapludolls,typic hapludolls,fine-silty,43.0424995,-96.4313889,3963,4901,US_NCSS_changed_pedons_1991_to_1992.csv
55ME019005,168272,398,398,"55ME019005",1955,site_obsdate,1991,1992,1991-1992,37,33,"Long-term developed, more than 30 years",2,Forest to Developed,Maine,Penobscot,CONUS East 2,CONUS,v2025-11,10/12/1955 0:00,10/12/1955 0:00,spodosols,orthods,haplorthods,typic haplorthods,sandy,44.9916667,-68.7991667,3972,5491,US_NCSS_changed_pedons_1991_to_1992.csv
S1991MN073004 (4602),583607,56390,55589,"S1991MN073004 (4602)",1991,site_obsdate,1991,1992,1991-1992,1,33,"Long-term developed, more than 30 years",3,Rangeland or Pasture to Developed,Minnesota,Lac qui Parle,CONUS Central 1,CONUS,v2025-11,10/2/1991 0:00,10/2/1991 0:00,mollisols,aquolls,endoaquolls,cumulic endoaquolls,fine-loamy,44.9394302,-95.9206467,3975,5650,US_NCSS_changed_pedons_1991_to_1992.csv
S1955MS059001,102992,4536,4536,"S1955MS059001",1955,site_obsdate,1991,1992,1991-1992,37,33,"Long-term developed, more than 30 years",2,Forest to Developed,Mississippi,Jackson,CONUS Central 2,CONUS,v2025-11,11/1/1955 0:00,11/1/1955 0:00,,,,,,30.6135578,-88.4908752,3978,5849,US_NCSS_changed_pedons_1991_to_1992.csv
1988MO087014m,134948,46783,46069,"1988MO087014m",1988,site_obsdate,1991,1992,1991-1992,4,33,"Long-term developed, more than 30 years",3,Rangeland or Pasture to Developed,Missouri,Holt,CONUS Central 1,CONUS,v2025-11,3/11/1988 0:00,3/11/1988 0:00,mollisols,udolls,hapludolls,typic hapludolls,fine-silty,40.0800018,-95.1074982,3976,5744,US_NCSS_changed_pedons_1991_to_1992.csv
1989MO133003,200758,46481,45767,"1989MO133003",1989,site_obsdate,1991,1992,1991-1992,3,33,"Long-term developed, more than 30 years",3,Rangeland or Pasture to Developed,Missouri,Mississippi,CONUS Central 2,CONUS,v2025-11,4/24/1989 0:00,4/24/1989 0:00,mollisols,udolls,hapludolls,aquic pachic hapludolls,coarse-loamy,36.8770561,-89.3376083,3976,5767,US_NCSS_changed_pedons_1991_to_1992.csv
79NE059003,598189,7289,7289,"79NE059003",1979,site_obsdate,1991,1992,1991-1992,13,33,"Long-term developed, more than 30 years",1,Agriculture to Developed,Nebraska,Fillmore,CONUS Central 1,CONUS,v2025-11,5/1/1979 0:00,5/1/1979 0:00,mollisols,ustolls,argiustolls,pachic udertic argiustolls,fine,40.4027028,-97.6338083,3982,6141,US_NCSS_changed_pedons_1991_to_1992.csv
S1953NE079006,103876,2281,2281,"S1953NE079006",1953,site_obsdate,1991,1992,1991-1992,39,33,"Long-term developed, more than 30 years",3,Rangeland or Pasture to Developed,Nebraska,Hall,CONUS Central 1,CONUS,v2025-11,7/7/1953 0:00,7/7/1953 0:00,mollisols,aquolls,endoaquolls,fluvaquentic endoaquolls,coarse-loamy,40.79055405,-98.5116653,3982,6151,US_NCSS_changed_pedons_1991_to_1992.csv
S1961NJ005001,104162,325,325,"S1961NJ005001",1961,site_obsdate,1991,1992,1991-1992,31,33,"Long-term developed, more than 30 years",3,Rangeland or Pasture to Developed,New Jersey,Burlington,CONUS East 2,CONUS,v2025-11,7/25/1961 0:00,7/25/1961 0:00,,,,,,39.8455544,-74.71055603,3984,6217,US_NCSS_changed_pedons_1991_to_1992.csv
1956-OH063-003,749832,66836,64911,"1956-OH063-003",1956,site_obsdate,1991,1992,1991-1992,36,33,"Long-term developed, more than 30 years",3,Rangeland or Pasture to Developed,Ohio,Hancock,CONUS East 1,CONUS,v2025-11,5/24/1956 0:00,5/24/1956 0:00,,,,,,41.03722,-83.6963806,3989,6379,US_NCSS_changed_pedons_1991_to_1992.csv
1964OH159018,842834,68205,66280,"S1964OH159018",1964,site_obsdate,1991,1992,1991-1992,28,33,"Long-term developed, more than 30 years",3,Rangeland or Pasture to Developed,Ohio,Union,CONUS East 1,CONUS,v2025-11,,7/23/1964 0:00,Alfisols,Aqualfs,Epiaqualfs,Aeric Epiaqualfs,fine,40.16889954,-83.31700134,3989,6427,US_NCSS_changed_pedons_1991_to_1992.csv
S1957OR055001,105213,854,854,"S1957OR055001",1957,site_obsdate,1991,1992,1991-1992,35,33,"Long-term developed, more than 30 years",3,Rangeland or Pasture to Developed,Oregon,Sherman,CONUS West 1,CONUS,v2025-11,5/8/1957 0:00,5/8/1957 0:00,mollisols,xerolls,haploxerolls,typic haploxerolls,fine-silty,45.2724991,-120.7038879,3991,6540,US_NCSS_changed_pedons_1991_to_1992.csv
1961PA001012,409547,54039,53238,"5",1961,site_obsdate,1991,1992,1991-1992,31,33,"Long-term developed, more than 30 years",2,Forest to Developed,Pennsylvania,Adams,CONUS East 1,CONUS,v2025-11,6/2/1961 0:00,6/2/1961 0:00,Alfisols,Ustalfs,Hapludalfs,Typic Hapludalfs,coarse-loamy,39.75500107,-77.3991667,3992,6549,US_NCSS_changed_pedons_1991_to_1992.csv
91PA017008,73770,18965,18965,"S1991PA017008",1991,site_obsdate,1991,1992,1991-1992,1,33,"Long-term developed, more than 30 years",1,Agriculture to Developed,Pennsylvania,Bucks,CONUS East 2,CONUS,v2025-11,10/14/1991 0:00,10/10/1991 0:00,alfisols,udalfs,hapludalfs,typic hapludalfs,loamy-skeletal,40.3827782,-74.9622192,3992,6557,US_NCSS_changed_pedons_1991_to_1992.csv
1959PA037002,422025,53799,52998,"1959PA037002",1959,site_obsdate,1991,1992,1991-1992,33,33,"Long-term developed, more than 30 years",3,Rangeland or Pasture to Developed,Pennsylvania,Columbia,CONUS East 1,CONUS,v2025-11,8/24/1959 0:00,8/24/1959 0:00,ultisols,aquults,fragiaquults,typic fragiaquults,fine-loamy,41.1183333,-76.4588889,3992,6567,US_NCSS_changed_pedons_1991_to_1992.csv
S1959PR019009,105447,575,575,"S1959PR019009",1959,site_obsdate,1991,1992,1991-1992,33,33,"Long-term developed, more than 30 years",3,Rangeland or Pasture to Developed,Puerto Rico,Barranquitas,Puerto Rico and U.S. Virgin Islands,PRUSVI,v2024-10,12/16/1959 0:00,12/16/1959 0:00,oxisols,udox,kandiudox,typic kandiudox,very-fine,18.2386112,-66.2838898,3994,6625,US_NCSS_changed_pedons_1991_to_1992.csv
D99PR023004,244712,8428,8428,"D99PR023004",1981,site_obsdate,1991,1992,1991-1992,11,33,"Long-term developed, more than 30 years",3,Rangeland or Pasture to Developed,Puerto Rico,Cabo Rojo,Puerto Rico and U.S. Virgin Islands,PRUSVI,v2024-10,1/20/1981 0:00,1/20/1981 0:00,alfisols,ustalfs,haplustalfs,aridic haplustalfs,fine,18.0263889,-67.13749695,3994,6619,US_NCSS_changed_pedons_1991_to_1992.csv
S1961PR023002,105452,531,531,"S1961PR023002",1961,site_obsdate,1991,1992,1991-1992,31,33,"Long-term developed, more than 30 years",3,Rangeland or Pasture to Developed,Puerto Rico,Cabo Rojo,Puerto Rico and U.S. Virgin Islands,PRUSVI,v2024-10,3/20/1961 0:00,3/20/1961 0:00,mollisols,ustolls,argiustolls,aridic argiustolls,clayey,18.0344448,-67.1780548,3994,6627,US_NCSS_changed_pedons_1991_to_1992.csv
85TX141002,122721,12330,12330,"S1985TX141002",1985,site_obsdate,1991,1992,1991-1992,7,33,"Long-term developed, more than 30 years",3,Rangeland or Pasture to Developed,Texas,El Paso,CONUS West 2,CONUS,v2025-11,5/3/1985 0:00,5/1/1985 0:00,aridisols,calcids,petrocalcids,ustic petrocalcids,loamy-skeletal,31.9127769,-106.5175018,4000,6992,US_NCSS_changed_pedons_1991_to_1992.csv
64VI010002,127936,504,504,"S1964VI010002",1964,site_obsdate,1991,1992,1991-1992,28,33,"Long-term developed, more than 30 years",3,Rangeland or Pasture to Developed,United States Virgin Islands,St. Croix,Puerto Rico and U.S. Virgin Islands,PRUSVI,v2024-10,9/1/1964 0:00,9/1/1964 0:00,vertisols,usterts,haplusterts,sodic haplusterts,fine,17.7261105,-64.8161087,4004,7350,US_NCSS_changed_pedons_1991_to_1992.csv
86WV059003,123555,13348,13348,"S1986WV059003",1986,site_obsdate,1991,1992,1991-1992,6,33,"Long-term developed, more than 30 years",2,Forest to Developed,West Virginia,Mingo,CONUS East 1,CONUS,v2025-11,5/1/1986 0:00,5/1/1986 0:00,inceptisols,ochrepts,dystrochrepts,typic dystrochrepts,,37.6461105,-82.1691666,4008,7508,US_NCSS_changed_pedons_1991_to_1992.csv
89AK170006,125833,16127,16127,"S1989AK170006",1989,site_obsdate,1992,1993,1992-1993,4,32,"Long-term developed, more than 30 years",2,Forest to Developed,Alaska,Matanuska-Susitna,Alaska Main,AK,v2024-10,6/3/1989 0:00,6/1/1989 0:00,andisols,cryands,vitricryands,spodic vitricryands,medial over loamy-skeletal,61.3583336,-149.9666595,3946,4275,US_NCSS_changed_pedons_1992_to_1993.csv
1978AR005003,122015,11312,11312,"1978AR005003S",1978,site_obsdate,1992,1993,1992-1993,15,32,"Long-term developed, more than 30 years",2,Forest to Developed,Arkansas,Baxter,CONUS Central 2,CONUS,v2025-11,9/1/1978 0:00,9/1/1978 0:00,alfisols,udalfs,hapludalfs,albaquic hapludalfs,,36.3474998,-92.3488922,3948,4356,US_NCSS_changed_pedons_1992_to_1993.csv
89CA021002,126165,16541,16541,"S1989CA021002",1989,site_obsdate,1992,1993,1992-1993,4,32,"Long-term developed, more than 30 years",3,Rangeland or Pasture to Developed,California,Glenn,CONUS West 1,CONUS,v2025-11,5/3/1989 0:00,5/1/1989 0:00,entisols,fluvents,xerofluvents,typic xerofluvents,fine-loamy,39.7425003,-122.3966675,3951,4459,US_NCSS_changed_pedons_1992_to_1993.csv
86CA051003,123796,13648,13648,"S1986CA051003",1986,site_obsdate,1992,1993,1992-1993,7,32,"Long-term developed, more than 30 years",3,Rangeland or Pasture to Developed,California,Mono,CONUS West 1,CONUS,v2025-11,9/1/1986 0:00,9/1/1986 0:00,entisols,psamments,torripsamments,vitrandic torripsamments,ashy,37.9238167,-119.0181808,3951,4474,US_NCSS_changed_pedons_1992_to_1993.csv
S1963HI003003,101050,5361,5361,"S1963HI003003",1963,site_obsdate,1992,1993,1992-1993,30,32,"Long-term developed, more than 30 years",3,Rangeland or Pasture to Developed,Hawaii,Honolulu,Hawaii,HI,v2024-10,5/24/1963 0:00,5/24/1963 0:00,,,,,,21.4118519,-157.8183441,3962,4814,US_NCSS_changed_pedons_1992_to_1993.csv
83HI009001,957302,10806,10806,"83HI009001",1983,site_obsdate,1992,1993,1992-1993,10,32,"Long-term developed, more than 30 years",3,Rangeland or Pasture to Developed,Hawaii,Maui,Hawaii,HI,v2024-10,10/3/1983 0:00,10/1/1983 0:00,aridisols,cambids,haplocambids,typic haplocambids,loamy-skeletal,20.7751973,-156.4497568,3962,4817,US_NCSS_changed_pedons_1992_to_1993.csv
83HI009003,121636,10805,10805,"S1983HI009003",1983,site_obsdate,1992,1993,1992-1993,10,32,"Long-term developed, more than 30 years",3,Rangeland or Pasture to Developed,Hawaii,Maui,Hawaii,HI,v2024-10,10/3/1983 0:00,10/1/1983 0:00,mollisols,ustolls,haplustolls,andic haplustolls,fine,20.7811108,-156.3333282,3962,4817,US_NCSS_changed_pedons_1992_to_1993.csv
1983IL029091,375273,37267,36652,"1983IL029091",1983,site_obsdate,1992,1993,1992-1993,10,32,"Long-term developed, more than 30 years",1,Agriculture to Developed,Illinois,Coles,CONUS Central 2,CONUS,v2025-11,8/1/1983 0:00,8/1/1983 0:00,mollisols,udolls,argiudolls,aquic argiudolls,fine-silty,39.4823472,-88.3078722,3965,4975,US_NCSS_changed_pedons_1992_to_1993.csv
1963IL043001,824167,36008,35393,"1963IL043001",1963,site_obsdate,1992,1993,1992-1993,30,32,"Long-term developed, more than 30 years",1,Agriculture to Developed,Illinois,DuPage,CONUS Central 2,CONUS,v2025-11,4/1/1963 0:00,4/1/1963 0:00,alfisols,udalfs,hapludalfs,oxyaquic hapludalfs,fine,41.7023849,-87.9894758,3965,4982,US_NCSS_changed_pedons_1992_to_1993.csv
1977IL073007,355162,36349,35734,"1977IL073007",1976,site_obsdate,1992,1993,1992-1993,17,32,"Long-term developed, more than 30 years",3,Rangeland or Pasture to Developed,Illinois,Henry,CONUS Central 2,CONUS,v2025-11,8/1/1976 0:00,8/1/1976 0:00,alfisols,udalfs,hapludalfs,typic hapludalfs,fine-silty over sandy or sandy-skeletal,41.493058,-89.8717582,3965,4997,US_NCSS_changed_pedons_1992_to_1993.csv
1980IL109006,856900,36663,36048,"1980IL109006",1980,site_obsdate,1992,1993,1992-1993,13,32,"Long-term developed, more than 30 years",3,Rangeland or Pasture to Developed,Illinois,McDonough,CONUS Central 2,CONUS,v2025-11,8/1/1980 0:00,8/1/1980 0:00,mollisols,udolls,argiudolls,aquic argiudolls,fine,40.5008996,-90.6947921,3965,5015,US_NCSS_changed_pedons_1992_to_1993.csv
90IN039005,126910,17450,17450,"S1990IN039005",1990,site_obsdate,1992,1993,1992-1993,3,32,"Long-term developed, more than 30 years",1,Agriculture to Developed,Indiana,Elkhart,CONUS Central 2,CONUS,v2025-11,8/1/1990 0:00,8/1/1990 0:00,entisols,psamments,udipsamments,typic udipsamments,,41.7344437,-85.8897247,3966,5082,US_NCSS_changed_pedons_1992_to_1993.csv
1972IN057002,312913,37853,37238,"1972IN057002",1972,site_obsdate,1992,1993,1992-1993,21,32,"Long-term developed, more than 30 years",2,Forest to Developed,Indiana,Hamilton,CONUS Central 2,CONUS,v2025-11,10/1/1972 0:00,10/1/1972 0:00,,,,,,39.97060013,-86.0861444,3966,5091,US_NCSS_changed_pedons_1992_to_1993.csv
1978IN069006,313246,38417,37802,"1978IN069006",1978,site_obsdate,1992,1993,1992-1993,15,32,"Long-term developed, more than 30 years",2,Forest to Developed,Indiana,Huntington,CONUS Central 2,CONUS,v2025-11,8/9/1978 0:00,8/9/1978 0:00,alfisols,udalfs,hapludalfs,typic hapludalfs,fine-loamy over sandy or sandy-skeletal,40.74689865,-85.5201417,3966,5097,US_NCSS_changed_pedons_1992_to_1993.csv
1982IN073004,313989,38954,38339,"1982IN073004",1982,site_obsdate,1992,1993,1992-1993,11,32,"Long-term developed, more than 30 years",3,Rangeland or Pasture to Developed,Indiana,Jasper,CONUS Central 2,CONUS,v2025-11,7/15/1982 0:00,7/15/1982 0:00,mollisols,udolls,argiudolls,typic argiudolls,sandy over loamy,40.9843639,-87.1499028,3966,5099,US_NCSS_changed_pedons_1992_to_1993.csv
1971IN081003,312794,37780,37165,"1971IN081003",1971,site_obsdate,1992,1993,1992-1993,22,32,"Long-term developed, more than 30 years",2,Forest to Developed,Indiana,Johnson,CONUS Central 2,CONUS,v2025-11,11/12/1971 0:00,11/12/1971 0:00,,,,,,39.5611944,-86.0875556,3966,5103,US_NCSS_changed_pedons_1992_to_1993.csv
1976IN083006,313225,38060,37445,"1976IN083006",1976,site_obsdate,1992,1993,1992-1993,17,32,"Long-term developed, more than 30 years",3,Rangeland or Pasture to Developed,Indiana,Knox,CONUS Central 2,CONUS,v2025-11,3/9/1976 0:00,3/9/1976 0:00,,,,,,38.8018278,-87.27249908,3966,5104,US_NCSS_changed_pedons_1992_to_1993.csv
1976IN083019,313340,38121,37506,"1976IN083019",1976,site_obsdate,1992,1993,1992-1993,17,32,"Long-term developed, more than 30 years",3,Rangeland or Pasture to Developed,Indiana,Knox,CONUS Central 2,CONUS,v2025-11,10/5/1976 0:00,10/5/1976 0:00,mollisols,udolls,hapludolls,fluventic hapludolls,fine-silty,38.8402583,-87.1873083,3966,5104,US_NCSS_changed_pedons_1992_to_1993.csv
1985IN179007,314376,39360,38745,"1985IN179007",1985,site_obsdate,1992,1993,1992-1993,8,32,"Long-term developed, more than 30 years",1,Agriculture to Developed,Indiana,Wells,CONUS Central 2,CONUS,v2025-11,10/3/1985 0:00,10/3/1985 0:00,mollisols,aquolls,haplaquolls,typic haplaquolls,fine-loamy,40.7541667,-85.1706389,3966,5152,US_NCSS_changed_pedons_1992_to_1993.csv
1985IN179011,314415,39399,38784,"1985IN179011",1985,site_obsdate,1992,1993,1992-1993,8,32,"Long-term developed, more than 30 years",1,Agriculture to Developed,Indiana,Wells,CONUS Central 2,CONUS,v2025-11,10/3/1985 0:00,10/3/1985 0:00,alfisols,udalfs,hapludalfs,aquic hapludalfs,fine-loamy,40.7541667,-85.1715778,3966,5152,US_NCSS_changed_pedons_1992_to_1993.csv
1956IA089009,1284295,1358,1358,"S1956IA089009",1956,site_obsdate,1992,1993,1992-1993,37,32,"Long-term developed, more than 30 years",3,Rangeland or Pasture to Developed,Iowa,Howard,CONUS Central 2,CONUS,v2025-11,10/16/1956 0:00,10/16/1956 0:00,mollisols,udolls,argiudolls,typic argiudolls,fine-loamy,43.3491669,-92.3497238,3963,4862,US_NCSS_changed_pedons_1992_to_1993.csv
S1982IA105012,947441,70780,68808,"S1982IA105012",1982,site_obsdate,1992,1993,1992-1993,11,32,"Long-term developed, more than 30 years",3,Rangeland or Pasture to Developed,Iowa,Jones,CONUS Central 2,CONUS,v2025-11,,6/25/1982 0:00,Mollisols,Aquolls,,,sandy-skeletal,42.2103903,-91.1901245,3963,4870,US_NCSS_changed_pedons_1992_to_1993.csv
76KS077001,192746,1782,1782,"76KS077001",1976,site_obsdate,1992,1993,1992-1993,17,32,"Long-term developed, more than 30 years",3,Rangeland or Pasture to Developed,Kansas,Harper,CONUS Central 1,CONUS,v2025-11,6/1/1976 0:00,6/1/1976 0:00,mollisols,ustolls,argiustolls,udic argiustolls,fine-loamy,37.3352778,-98.18499756,3967,5193,US_NCSS_changed_pedons_1992_to_1993.csv
82MA015001,828474,10493,10493,"S1982MA015001",1982,site_obsdate,1992,1993,1992-1993,11,32,"Long-term developed, more than 30 years",2,Forest to Developed,Massachusetts,Hampshire,CONUS East 2,CONUS,v2025-11,11/3/1982 0:00,11/1/1982 0:00,entisols,fluvents,udifluvents,typic udifluvents,coarse-loamy,42.3249817,-72.6411819,3970,5451,US_NCSS_changed_pedons_1992_to_1993.csv
S1982MN159040 (3550),583464,56310,55509,"S1982MN159040 (3550)",1982,site_obsdate,1992,1993,1992-1993,11,32,"Long-term developed, more than 30 years",2,Forest to Developed,Minnesota,Wadena,CONUS Central 2,CONUS,v2025-11,9/29/1982 0:00,9/29/1982 0:00,alfisols,udalfs,hapludalfs,aquic arenic hapludalfs,loamy,46.4961205,-94.9893112,3975,5693,US_NCSS_changed_pedons_1992_to_1993.csv
1989MO183017,126334,16749,16749,"S1989MO183017",1989,site_obsdate,1992,1993,1992-1993,4,32,"Long-term developed, more than 30 years",3,Rangeland or Pasture to Developed,Missouri,St. Charles,CONUS Central 2,CONUS,v2025-11,12/1/1989 0:00,12/1/1989 0:00,mollisols,aquolls,endoaquolls,fluvaquentic endoaquolls,clayey over loamy,38.8644447,-90.1658325,3976,5792,US_NCSS_changed_pedons_1992_to_1993.csv
91MT093003,127593,18363,18363,"S1991MT093003",1991,site_obsdate,1992,1993,1992-1993,2,32,"Long-term developed, more than 30 years",3,Rangeland or Pasture to Developed,Montana,Silver Bow,CONUS West 2,CONUS,v2025-11,7/1/1991 0:00,7/1/1991 0:00,mollisols,borolls,argiborolls,aridic argiborolls,,45.9986115,-112.6658325,3979,5948,US_NCSS_changed_pedons_1992_to_1993.csv
79NE037134,120506,8464,8464,"S1979NE037134",1979,site_obsdate,1992,1993,1992-1993,14,32,"Long-term developed, more than 30 years",3,Rangeland or Pasture to Developed,Nebraska,Colfax,CONUS Central 1,CONUS,v2025-11,6/3/1979 0:00,6/1/1979 0:00,mollisols,ustolls,haplustolls,cumulic haplustolls,fine-silty,41.4850006,-97.0397186,3982,6130,US_NCSS_changed_pedons_1992_to_1993.csv
1977NE067002,875328,2163,2163,"1977NE067002",1977,site_obsdate,1992,1993,1992-1993,16,32,"Long-term developed, more than 30 years",3,Rangeland or Pasture to Developed,Nebraska,Gage,CONUS Central 1,CONUS,v2025-11,4/12/1977 0:00,4/12/1977 0:00,mollisols,udolls,argiudolls,aquertic argiudolls,fine,40.3638878,-96.6855545,3982,6145,US_NCSS_changed_pedons_1992_to_1993.csv
1977NE067003,875329,2164,2164,"1977NE067003",1977,site_obsdate,1992,1993,1992-1993,16,32,"Long-term developed, more than 30 years",3,Rangeland or Pasture to Developed,Nebraska,Gage,CONUS Central 1,CONUS,v2025-11,4/12/1977 0:00,4/12/1977 0:00,mollisols,udolls,argiudolls,aquertic argiudolls,fine,40.3638878,-96.6855545,3982,6145,US_NCSS_changed_pedons_1992_to_1993.csv
89NV007011,126078,16424,16424,"S1989NV007011",1989,site_obsdate,1992,1993,1992-1993,4,32,"Long-term developed, more than 30 years",3,Rangeland or Pasture to Developed,Nevada,Elko,CONUS West 1,CONUS,v2025-11,10/1/1989 0:00,10/1/1989 0:00,aridisols,argids,haplargids,xerollic haplargids,,40.6983337,-115.4824982,3987,6272,US_NCSS_changed_pedons_1992_to_1993.csv
92NJ005006,104170,19102,19102,"S1992NJ005006",1992,site_obsdate,1992,1993,1992-1993,1,32,"Long-term developed, more than 30 years",1,Agriculture to Developed,New Jersey,Burlington,CONUS East 2,CONUS,v2025-11,2/21/1992 0:00,2/21/1992 0:00,ultisols,udults,hapludults,aquic hapludults,,40.1305542,-74.6458359,3984,6217,US_NCSS_changed_pedons_1992_to_1993.csv
S1985NJ033007,1046817,12947,12947,"S1985NJ033007",1985,site_obsdate,1992,1993,1992-1993,8,32,"Long-term developed, more than 30 years",4,Other to Developed,New Jersey,Salem,CONUS East 1,CONUS,v2025-11,7/11/2007 0:00,9/1/1985 0:00,ultisols,udults,hapludults,typic hapludults,fine-loamy,39.5533333,-75.3000031,3984,6231,US_NCSS_changed_pedons_1992_to_1993.csv
88OR025004,125092,15160,15160,"S1988OR025004",1988,site_obsdate,1992,1993,1992-1993,5,32,"Long-term developed, more than 30 years",3,Rangeland or Pasture to Developed,Oregon,Harney,CONUS West 1,CONUS,v2025-11,5/3/1988 0:00,5/1/1988 0:00,mollisols,xerolls,palexerolls,aquic palexerolls,fine,43.5847206,-118.7083359,3991,6525,US_NCSS_changed_pedons_1992_to_1993.csv
S1966OR035010,105105,806,806,"S1966OR035010",1966,site_obsdate,1992,1993,1992-1993,27,32,"Long-term developed, more than 30 years",3,Rangeland or Pasture to Developed,Oregon,Klamath,CONUS West 1,CONUS,v2025-11,5/19/1966 0:00,5/19/1966 0:00,mollisols,xerolls,argixerolls,lithic argixerolls,clayey-skeletal,42.3292885,-121.3988724,3991,6530,US_NCSS_changed_pedons_1992_to_1993.csv
68PA017009,868500,53597,52796,"100",1968,site_obsdate,1992,1993,1992-1993,25,32,"Long-term developed, more than 30 years",1,Agriculture to Developed,Pennsylvania,Bucks,CONUS East 1,CONUS,v2025-11,6/19/1968 0:00,6/19/1968 0:00,ultisols,udults,hapludults,typic hapludults,fine-loamy,40.2680556,-75.1355556,3992,6557,US_NCSS_changed_pedons_1992_to_1993.csv
1974PA047008,422078,53858,53057,"336",1974,site_obsdate,1992,1993,1992-1993,19,32,"Long-term developed, more than 30 years",2,Forest to Developed,Pennsylvania,Elk,CONUS East 1,CONUS,v2025-11,8/20/1974 0:00,8/20/1974 0:00,entisols,orthents,udorthents,typic udorthents,loamy-skeletal,41.2863889,-78.6652778,3992,6572,US_NCSS_changed_pedons_1992_to_1993.csv
S1955PA071008,105382,369,369,"S1955PA071008",1955,site_obsdate,1992,1993,1992-1993,38,32,"Long-term developed, more than 30 years",2,Forest to Developed,Pennsylvania,Lancaster,CONUS East 1,CONUS,v2025-11,9/17/1955 0:00,9/17/1955 0:00,,,,,,40.1522217,-76.5747223,3992,6584,US_NCSS_changed_pedons_1992_to_1993.csv
1974PA081023,422278,54080,53279,"1974PA081023",1974,site_obsdate,1992,1993,1992-1993,19,32,"Long-term developed, more than 30 years",2,Forest to Developed,Pennsylvania,Lycoming,CONUS East 1,CONUS,v2025-11,6/19/1974 0:00,6/19/1974 0:00,Alfisols,Ustalfs,Hapludalfs,Typic Hapludalfs,coarse-silty,41.2008333,-76.8394444,3992,6589,US_NCSS_changed_pedons_1992_to_1993.csv
1957PA133015,422617,54456,53655,"875",1957,site_obsdate,1992,1993,1992-1993,36,32,"Long-term developed, more than 30 years",2,Forest to Developed,Pennsylvania,York,CONUS East 1,CONUS,v2025-11,10/11/1957 0:00,10/11/1957 0:00,Alfisols,Ustalfs,Hapludalfs,Ultic Hapludalfs,coarse-loamy,40.17250061,-76.8891667,3992,6615,US_NCSS_changed_pedons_1992_to_1993.csv
S1963PR011001,105435,553,553,"S1963PR011001",1963,site_obsdate,1992,1993,1992-1993,30,32,"Long-term developed, more than 30 years",3,Rangeland or Pasture to Developed,Puerto Rico,Añasco,Puerto Rico and U.S. Virgin Islands,PRUSVI,v2024-10,9/24/1963 0:00,9/24/1963 0:00,ultisols,udults,hapludults,aquic hapludults,very-fine,18.2961102,-67.1583328,3994,6621,US_NCSS_changed_pedons_1992_to_1993.csv
S1959PR019007,105445,573,573,"S1959PR019007",1959,site_obsdate,1992,1993,1992-1993,34,32,"Long-term developed, more than 30 years",3,Rangeland or Pasture to Developed,Puerto Rico,Barranquitas,Puerto Rico and U.S. Virgin Islands,PRUSVI,v2024-10,12/15/1959 0:00,12/15/1959 0:00,oxisols,udox,hapludox,typic hapludox,very-fine,18.2416668,-66.2816696,3994,6625,US_NCSS_changed_pedons_1992_to_1993.csv
D99PR079010,244524,8429,8429,"D99PR079010",1981,site_obsdate,1992,1993,1992-1993,12,32,"Long-term developed, more than 30 years",3,Rangeland or Pasture to Developed,Puerto Rico,Lajas,Puerto Rico and U.S. Virgin Islands,PRUSVI,v2024-10,1/20/1981 0:00,1/20/1981 0:00,vertisols,usterts,haplusterts,typic haplusterts,fine,18.0330556,-67.0738889,3994,6619,US_NCSS_changed_pedons_1992_to_1993.csv
80VT021006,120316,8000,8000,"S1980VT021006",1980,site_obsdate,1992,1993,1992-1993,13,32,"Long-term developed, more than 30 years",2,Forest to Developed,Vermont,Rutland,CONUS East 2,CONUS,v2025-11,7/3/1980 0:00,7/1/1980 0:00,inceptisols,ochrepts,eutrochrepts,dystric eutrochrepts,coarse-loamy,43.4722214,-73.1258316,4005,7364,US_NCSS_changed_pedons_1992_to_1993.csv
S1980WI017009,897281,8209,8209,"S1980WI017009",1980,site_obsdate,1992,1993,1992-1993,13,32,"Long-term developed, more than 30 years",3,Rangeland or Pasture to Developed,Wisconsin,Chippewa,CONUS Central 2,CONUS,v2025-11,10/3/1980 0:00,10/3/1980 0:00,alfisols,boralfs,glossoboralfs,typic glossoboralfs,coarse-loamy,45.29093933,-91.23396301,4007,7415,US_NCSS_changed_pedons_1992_to_1993.csv
S1982WI083004,113984,9725,9725,"S1982WI083004",1982,site_obsdate,1992,1993,1992-1993,11,32,"Long-term developed, more than 30 years",1,Agriculture to Developed,Wisconsin,Oconto,CONUS Central 2,CONUS,v2025-11,4/1/1982 0:00,4/1/1982 0:00,alfisols,udalfs,glossudalfs,haplic glossudalfs,coarse-loamy,44.7891655,-88.1955948,4007,7449,US_NCSS_changed_pedons_1992_to_1993.csv
S1983WI093025,1051092,71898,132583,"S1983WI093025",1983,samp_classdate,1992,1993,1992-1993,10,32,"Long-term developed, more than 30 years",3,Rangeland or Pasture to Developed,Wisconsin,Pierce,CONUS Central 2,CONUS,v2025-11,7/14/1983 0:00,,alfisols,udalfs,hapludalfs,typic hapludalfs,fine-silty,44.6019322,-92.3882034,4007,7454,US_NCSS_changed_pedons_1992_to_1993.csv
S1954WI121001,1242630,1518,1518,"S1954WI121001",1954,site_obsdate,1992,1993,1992-1993,39,32,"Long-term developed, more than 30 years",3,Rangeland or Pasture to Developed,Wisconsin,Trempealeau,CONUS Central 2,CONUS,v2025-11,8/25/1954 0:00,8/25/1954 0:00,alfisols,udalfs,hapludalfs,inceptic hapludalfs,coarse-loamy over sandy or sandy-skeletal,44.3341675,-91.4300003,4007,7468,US_NCSS_changed_pedons_1992_to_1993.csv
87AK220009,124527,14461,14461,"S1987AK220009",1987,site_obsdate,1993,1994,1993-1994,7,31,"Older development, 16-30 years",2,Forest to Developed,Alaska,Sitka,Alaska Main,AK,v2024-10,9/1/1987 0:00,9/1/1987 0:00,spodosols,aquods,cryaquods,placic cryaquods,medial,57.0499992,-135.3000031,3946,4280,US_NCSS_changed_pedons_1993_to_1994.csv
S1971CA059011,99077,5887,5887,"S1971CA059011",1971,site_obsdate,1993,1994,1993-1994,23,31,"Older development, 16-30 years",3,Rangeland or Pasture to Developed,California,Orange,CONUS West 1,CONUS,v2025-11,12/20/1971 0:00,12/20/1971 0:00,inceptisols,ochrepts,xerochrepts,typic xerochrepts,loamy-skeletal,33.6413879,-117.5986099,3951,4478,US_NCSS_changed_pedons_1993_to_1994.csv
S1957DE003001,109834,3969,3969,"S1957DE003001",1957,site_obsdate,1993,1994,1993-1994,37,31,"Older development, 16-30 years",3,Rangeland or Pasture to Developed,Delaware,New Castle,CONUS East 1,CONUS,v2025-11,6/1/1957 0:00,6/1/1957 0:00,,,,,,39.54001999,-75.6496277,3956,4580,US_NCSS_changed_pedons_1993_to_1994.csv
90FL101001,127106,17673,17673,"S1990FL101001",1990,site_obsdate,1993,1994,1993-1994,4,31,"Older development, 16-30 years",1,Agriculture to Developed,Florida,Pasco,CONUS East 1,CONUS,v2025-11,11/3/1990 0:00,11/1/1990 0:00,entisols,aquents,psammaquents,spodic psammaquents,sandy,28.3033333,-82.4950027,3957,4632,US_NCSS_changed_pedons_1993_to_1994.csv
83GA003013,121538,10613,10613,"S1983GA003013",1983,site_obsdate,1993,1994,1993-1994,11,31,"Older development, 16-30 years",2,Forest to Developed,Georgia,Atkinson,CONUS East 1,CONUS,v2025-11,7/3/1983 0:00,7/1/1983 0:00,ultisols,aquults,paleaquults,arenic paleaquults,loamy,31.3416672,-82.8708344,3960,4654,US_NCSS_changed_pedons_1993_to_1994.csv
81GA093010,120551,8576,8576,"S1981GA093010",1981,site_obsdate,1993,1994,1993-1994,13,31,"Older development, 16-30 years",2,Forest to Developed,Georgia,Dooly,CONUS East 1,CONUS,v2025-11,2/3/1981 0:00,2/1/1981 0:00,ultisols,udults,paleudults,plinthic paleudults,fine-loamy,32.0743484,-83.8129578,3960,4698,US_NCSS_changed_pedons_1993_to_1994.csv
86GA163001,123640,13490,13490,"S1986GA163001",1986,site_obsdate,1993,1994,1993-1994,8,31,"Older development, 16-30 years",2,Forest to Developed,Georgia,Jefferson,CONUS East 1,CONUS,v2025-11,7/1/1986 0:00,7/1/1986 0:00,ultisols,udults,kanhapludults,typic kanhapludults,,32.7775002,-82.4355545,3960,4733,US_NCSS_changed_pedons_1993_to_1994.csv
83ID049300,1260910,10782,10782,"S1983ID049300",1983,site_obsdate,1993,1994,1993-1994,11,31,"Older development, 16-30 years",2,Forest to Developed,Idaho,Idaho,CONUS West 1,CONUS,v2025-11,9/14/1983 0:00,9/14/1983 0:00,alfisols,xeralfs,haploxeralfs,vitrandic haploxeralfs,coarse-loamy,45.62008667,-116.3706741,3964,4941,US_NCSS_changed_pedons_1993_to_1994.csv
1972ID085004,1378491,75364,135960,"1972ID085004",1972,site_obsdate,1993,1994,1993-1994,22,31,"Older development, 16-30 years",2,Forest to Developed,Idaho,Valley,CONUS West 1,CONUS,v2025-11,2/27/1972 0:00,9/29/1972 0:00,inceptisols,ochrepts,cryochrepts,dystric cryochrepts,,44.593061,-115.838159,3964,4959,US_NCSS_changed_pedons_1993_to_1994.csv
81IL017007,121229,10099,10099,"S1981IL017007",1981,site_obsdate,1993,1994,1993-1994,13,31,"Older development, 16-30 years",3,Rangeland or Pasture to Developed,Illinois,Cass,CONUS Central 2,CONUS,v2025-11,6/1/1981 0:00,6/1/1981 0:00,entisols,fluvents,udifluvents,typic udifluvents,coarse-silty,39.9855537,-90.3213882,3965,4969,US_NCSS_changed_pedons_1993_to_1994.csv
1984IL041005,375389,37714,37099,"1984IL041005",1985,site_obsdate,1993,1994,1993-1994,9,31,"Older development, 16-30 years",1,Agriculture to Developed,Illinois,Douglas,CONUS Central 2,CONUS,v2025-11,1/1/1985 0:00,1/1/1985 0:00,mollisols,aquolls,endoaquolls,typic endoaquolls,fine-loamy,39.7055694,-88.0291361,3965,4981,US_NCSS_changed_pedons_1993_to_1994.csv
S1986IL187101,1116503,37485,36870,"S1986IL187101",1986,site_obsdate,1993,1994,1993-1994,8,31,"Older development, 16-30 years",1,Agriculture to Developed,Illinois,Warren,CONUS Central 2,CONUS,v2025-11,10/1/1986 0:00,10/1/1986 0:00,alfisols,udalfs,hapludalfs,aquollic hapludalfs,fine,40.9874182,-90.5162763,3965,5054,US_NCSS_changed_pedons_1993_to_1994.csv
1976IN031013,313026,37921,37306,"1976IN031013",1976,site_obsdate,1993,1994,1993-1994,18,31,"Older development, 16-30 years",3,Rangeland or Pasture to Developed,Indiana,Decatur,CONUS Central 2,CONUS,v2025-11,5/24/1976 0:00,5/24/1976 0:00,,,,,,39.3361028,-85.3474111,3966,5078,US_NCSS_changed_pedons_1993_to_1994.csv
1979IN077021,313663,38720,38105,"1979IN077021",1979,site_obsdate,1993,1994,1993-1994,15,31,"Older development, 16-30 years",3,Rangeland or Pasture to Developed,Indiana,Jefferson,CONUS Central 2,CONUS,v2025-11,9/17/1979 0:00,9/17/1979 0:00,alfisols,udalfs,hapludalfs,ultic hapludalfs,fine-loamy,38.8061944,-85.6729444,3966,5101,US_NCSS_changed_pedons_1993_to_1994.csv
1978IN137003,313816,38603,37988,"1978IN137003",1977,site_obsdate,1993,1994,1993-1994,17,31,"Older development, 16-30 years",1,Agriculture to Developed,Indiana,Ripley,CONUS Central 2,CONUS,v2025-11,11/9/1977 0:00,11/9/1977 0:00,alfisols,udalfs,fragiudalfs,typic fragiudalfs,fine-silty,39.2715639,-85.1320417,3966,5131,US_NCSS_changed_pedons_1993_to_1994.csv
1978IN163001,313929,38842,38227,"1978IN163001",1978,site_obsdate,1993,1994,1993-1994,16,31,"Older development, 16-30 years",1,Agriculture to Developed,Indiana,Vanderburgh,CONUS Central 2,CONUS,v2025-11,6/6/1978 0:00,6/6/1978 0:00,inceptisols,aquepts,haplaquepts,typic haplaquepts,fine-silty,37.9775556,-87.4598778,3966,5144,US_NCSS_changed_pedons_1993_to_1994.csv
S1970IA045001,947455,70669,68697,"S1970IA045001",1970,site_obsdate,1993,1994,1993-1994,24,31,"Older development, 16-30 years",3,Rangeland or Pasture to Developed,Iowa,Clinton,CONUS Central 2,CONUS,v2025-11,7/1/1970 0:00,7/1/1970 0:00,mollisols,udolls,hapludolls,cumulic hapludolls,fine-loamy,41.8318056,-90.8136967,3963,4840,US_NCSS_changed_pedons_1993_to_1994.csv
84IA1210021,122443,12023,12023,"S1984IA1210021",1984,site_obsdate,1993,1994,1993-1994,10,31,"Older development, 16-30 years",3,Rangeland or Pasture to Developed,Iowa,Madison,CONUS Central 2,CONUS,v2025-11,11/3/1984 0:00,11/1/1984 0:00,alfisols,udalfs,hapludalfs,aquic hapludalfs,fine-loamy,41.2669449,-93.9844437,3963,4878,US_NCSS_changed_pedons_1993_to_1994.csv
S1992IA133002,101267,19951,19951,"S1992IA133002",1989,site_obsdate,1993,1994,1993-1994,5,31,"Older development, 16-30 years",3,Rangeland or Pasture to Developed,Iowa,Monona,CONUS Central 1,CONUS,v2025-11,,8/17/1989 0:00,entisols,aquents,fluvaquents,mollic fluvaquents,fine-silty over clayey,42.2000008,-96.2908325,3963,4884,US_NCSS_changed_pedons_1993_to_1994.csv
86KS131001,123831,13693,13693,"S1986KS131001",1986,site_obsdate,1993,1994,1993-1994,8,31,"Older development, 16-30 years",3,Rangeland or Pasture to Developed,Kansas,Nemaha,CONUS Central 1,CONUS,v2025-11,7/3/1986 0:00,7/1/1986 0:00,mollisols,udolls,argiudolls,aquic argiudolls,fine,39.76916504,-95.8791656,3967,5220,US_NCSS_changed_pedons_1993_to_1994.csv
86KS131002,123832,13694,13694,"S1986KS131002",1986,site_obsdate,1993,1994,1993-1994,8,31,"Older development, 16-30 years",3,Rangeland or Pasture to Developed,Kansas,Nemaha,CONUS Central 1,CONUS,v2025-11,7/3/1986 0:00,7/1/1986 0:00,mollisols,udolls,argiudolls,aquic argiudolls,fine,39.76916504,-95.8791656,3967,5220,US_NCSS_changed_pedons_1993_to_1994.csv
86KS131003,123833,13695,13695,"S1986KS131003",1986,site_obsdate,1993,1994,1993-1994,8,31,"Older development, 16-30 years",3,Rangeland or Pasture to Developed,Kansas,Nemaha,CONUS Central 1,CONUS,v2025-11,7/3/1986 0:00,7/1/1986 0:00,mollisols,udolls,argiudolls,aquic argiudolls,fine,39.76916504,-95.8791656,3967,5220,US_NCSS_changed_pedons_1993_to_1994.csv
S1973MN1451690,676517,56765,55964,"S1973MN1451690",1973,site_obsdate,1993,1994,1993-1994,21,31,"Older development, 16-30 years",3,Rangeland or Pasture to Developed,Minnesota,Stearns,CONUS Central 2,CONUS,v2025-11,1/5/2011 0:00,5/1/1973 0:00,mollisols,udolls,hapludolls,calcic hapludolls,sandy,45.5876122,-94.1982498,3975,5686,US_NCSS_changed_pedons_1993_to_1994.csv
1990MO019013,92161,42211,41497,"1990MO019013",1990,site_obsdate,1993,1994,1993-1994,4,31,"Older development, 16-30 years",1,Agriculture to Developed,Missouri,Boone,CONUS Central 2,CONUS,v2025-11,,5/7/1990 0:00,mollisols,udolls,hapludolls,fluvaquentic hapludolls,,38.8782147,-92.4710645,3976,5710,US_NCSS_changed_pedons_1993_to_1994.csv
1993MO099212,88473,43066,42352,"1993MO099212",1993,site_obsdate,1993,1994,1993-1994,1,31,"Older development, 16-30 years",3,Rangeland or Pasture to Developed,Missouri,Jefferson,CONUS Central 2,CONUS,v2025-11,,2/4/1993 0:00,alfisols,udalfs,hapludalfs,aquic hapludalfs,,38.3250534,-90.6312227,3976,5750,US_NCSS_changed_pedons_1993_to_1994.csv
1990MO209020,92557,48504,47790,"1990MO209020",1990,site_obsdate,1993,1994,1993-1994,4,31,"Older development, 16-30 years",1,Agriculture to Developed,Missouri,Stone,CONUS Central 2,CONUS,v2025-11,10/24/1990 0:00,10/24/1990 0:00,ultisols,udults,paleudults,typic paleudults,clayey-skeletal,36.6661111,-93.4277778,3976,5804,US_NCSS_changed_pedons_1993_to_1994.csv
1993MO209207,93729,43036,42322,"1993MO209207",1993,site_obsdate,1993,1994,1993-1994,1,31,"Older development, 16-30 years",2,Forest to Developed,Missouri,Stone,CONUS Central 2,CONUS,v2025-11,3/29/1993 0:00,3/29/1993 0:00,mollisols,udolls,hapludolls,cumulic hapludolls,loamy-skeletal,36.6921389,-93.3278611,3976,5804,US_NCSS_changed_pedons_1993_to_1994.csv
90MT089004,126252,16638,16638,"S1990MT089004",1990,site_obsdate,1993,1994,1993-1994,4,31,"Older development, 16-30 years",3,Rangeland or Pasture to Developed,Montana,Sanders,CONUS West 2,CONUS,v2025-11,9/3/1990 0:00,9/1/1990 0:00,mollisols,xerolls,haploxerolls,aquic haploxerolls,coarse-silty,47.8402786,-114.6083298,3979,5946,US_NCSS_changed_pedons_1993_to_1994.csv
54NE025001,875305,2255,2255,"54NE025001",1954,site_obsdate,1993,1994,1993-1994,40,31,"Older development, 16-30 years",3,Rangeland or Pasture to Developed,Nebraska,Cass,CONUS Central 1,CONUS,v2025-11,4/4/1954 0:00,4/4/1954 0:00,mollisols,udolls,argiudolls,pachic argiudolls,fine,40.83362198,-96.2169647,3982,6124,US_NCSS_changed_pedons_1993_to_1994.csv
S1953NE079006,103876,2281,2281,"S1953NE079006",1953,site_obsdate,1993,1994,1993-1994,41,31,"Older development, 16-30 years",3,Rangeland or Pasture to Developed,Nebraska,Hall,CONUS Central 1,CONUS,v2025-11,7/7/1953 0:00,7/7/1953 0:00,mollisols,aquolls,endoaquolls,fluvaquentic endoaquolls,coarse-loamy,40.79055405,-98.5116653,3982,6151,US_NCSS_changed_pedons_1993_to_1994.csv
S1959NY109009,104773,235,235,"S1959NY109009",1959,site_obsdate,1993,1994,1993-1994,35,31,"Older development, 16-30 years",2,Forest to Developed,New York,Tompkins,CONUS East 1,CONUS,v2025-11,10/29/1959 0:00,10/29/1959 0:00,,,,,,42.5024986,-76.3349991,3988,6340,US_NCSS_changed_pedons_1993_to_1994.csv
86NC077002,123905,13774,13774,"S1986NC077002",1986,site_obsdate,1993,1994,1993-1994,8,31,"Older development, 16-30 years",2,Forest to Developed,North Carolina,Granville,CONUS East 1,CONUS,v2025-11,8/3/1986 0:00,8/1/1986 0:00,mollisols,aquolls,argiaquolls,vertic argiaquolls,very-fine,36.1163902,-78.76527405,3980,5997,US_NCSS_changed_pedons_1993_to_1994.csv
1975-OH035-008,751601,68813,66888,"1975-OH035-008",1975,site_obsdate,1993,1994,1993-1994,19,31,"Older development, 16-30 years",2,Forest to Developed,Ohio,Cuyahoga,CONUS East 1,CONUS,v2025-11,,11/12/1975 0:00,,,,,,41.308399,-81.873567,3989,6365,US_NCSS_changed_pedons_1993_to_1994.csv
1955-OH039-007,746665,66651,64726,"1955-OH039-007",1955,site_obsdate,1993,1994,1993-1994,39,31,"Older development, 16-30 years",1,Agriculture to Developed,Ohio,Defiance,CONUS East 1,CONUS,v2025-11,,10/6/1955 0:00,entisols,psamments,udipsamments,typic udipsamments,,41.3221169,-84.7148285,3989,6367,US_NCSS_changed_pedons_1993_to_1994.csv
1962OH041048,842813,67889,65964,"S1962OH041048",1962,site_obsdate,1993,1994,1993-1994,32,31,"Older development, 16-30 years",1,Agriculture to Developed,Ohio,Delaware,CONUS East 1,CONUS,v2025-11,,9/21/1962 0:00,alfisols,aqualfs,epiaqualfs,aeric epiaqualfs,fine,40.15269852,-82.83740234,3989,6368,US_NCSS_changed_pedons_1993_to_1994.csv
89OR017010,125960,16278,16278,"S1989OR017010",1989,site_obsdate,1993,1994,1993-1994,5,31,"Older development, 16-30 years",3,Rangeland or Pasture to Developed,Oregon,Deschutes,CONUS West 1,CONUS,v2025-11,8/3/1989 0:00,8/1/1989 0:00,mollisols,xerolls,haploxerolls,vitritorrandic haploxerolls,ashy,44.0250015,-121.2666702,3991,6521,US_NCSS_changed_pedons_1993_to_1994.csv
91PA017005,73767,18962,18962,"S1991PA017005",1991,site_obsdate,1993,1994,1993-1994,3,31,"Older development, 16-30 years",1,Agriculture to Developed,Pennsylvania,Bucks,CONUS East 2,CONUS,v2025-11,10/9/1991 0:00,10/10/1991 0:00,alfisols,udalfs,hapludalfs,ultic hapludalfs,coarse-silty,40.31027603,-74.9247208,3992,6557,US_NCSS_changed_pedons_1993_to_1994.csv
1964PA043009,422069,53848,53047,"1964PA043009",1964,site_obsdate,1993,1994,1993-1994,30,31,"Older development, 16-30 years",1,Agriculture to Developed,Pennsylvania,Dauphin,CONUS East 1,CONUS,v2025-11,6/24/1964 0:00,6/24/1964 0:00,Alfisols,Ustalfs,Fragiudalfs,Aquic Fragiudalfs,fine-loamy,40.3505556,-76.7158333,3992,6570,US_NCSS_changed_pedons_1993_to_1994.csv
1959PA045004,422074,53854,53053,"1959PA045004",1959,site_obsdate,1993,1994,1993-1994,35,31,"Older development, 16-30 years",2,Forest to Developed,Pennsylvania,Delaware,CONUS East 1,CONUS,v2025-11,4/24/1959 0:00,4/24/1959 0:00,alfisols,ustalfs,hapludalfs,typic hapludalfs,fine,39.9139833,-75.4291861,3992,6571,US_NCSS_changed_pedons_1993_to_1994.csv
S1959PA045012,1162052,53856,53055,"334",1959,site_obsdate,1993,1994,1993-1994,35,31,"Older development, 16-30 years",1,Agriculture to Developed,Pennsylvania,Delaware,CONUS East 1,CONUS,v2025-11,10/29/1959 0:00,10/29/1959 0:00,ultisols,udults,paleudults,typic paleudults,fine-loamy,39.8472222,-75.5383333,3992,6571,US_NCSS_changed_pedons_1993_to_1994.csv
1960PA091003,868494,54161,53360,"609",1960,site_obsdate,1993,1994,1993-1994,34,31,"Older development, 16-30 years",2,Forest to Developed,Pennsylvania,Montgomery,CONUS East 1,CONUS,v2025-11,6/1/1960 0:00,6/1/1960 0:00,Alfisols,Ustalfs,Fragiudalfs,Aquic Fragiudalfs,coarse-silty,40.1533333,-75.2505556,3992,6594,US_NCSS_changed_pedons_1993_to_1994.csv
1960PA091006,868915,54165,53364,"612",1960,site_obsdate,1993,1994,1993-1994,34,31,"Older development, 16-30 years",1,Agriculture to Developed,Pennsylvania,Montgomery,CONUS East 1,CONUS,v2025-11,6/1/1960 0:00,6/1/1960 0:00,alfisols,udalfs,fragiudalfs,oxyaquic fragiudalfs,fine-loamy,40.2355556,-75.5402778,3992,6594,US_NCSS_changed_pedons_1993_to_1994.csv
S1963TX049090,105965,4319,4319,"S1963TX049090",1963,site_obsdate,1993,1994,1993-1994,31,31,"Older development, 16-30 years",3,Rangeland or Pasture to Developed,Texas,Brown,CONUS Central 1,CONUS,v2025-11,7/3/1963 0:00,7/3/1963 0:00,mollisols,ustolls,argiustolls,vertic argiustolls,fine,31.9447231,-98.8683319,4000,6946,US_NCSS_changed_pedons_1993_to_1994.csv
78TX131001,822892,7097,7097,"S1978TX131001",1978,site_obsdate,1993,1994,1993-1994,16,31,"Older development, 16-30 years",3,Rangeland or Pasture to Developed,Texas,Duval,CONUS Central 1,CONUS,v2025-11,6/27/1978 0:00,6/27/1978 0:00,mollisols,ustolls,calciustolls,aridic calciustolls,fine-loamy,27.8861103,-98.5944443,4000,6987,US_NCSS_changed_pedons_1993_to_1994.csv
S1982WA015001,106651,9358,9358,"S1982WA015001",1982,site_obsdate,1993,1994,1993-1994,12,31,"Older development, 16-30 years",3,Rangeland or Pasture to Developed,Washington,Cowlitz,CONUS West 1,CONUS,v2025-11,,3/23/1982 0:00,entisols,psamments,xeropsamments,aquic xeropsamments,,46.2689667,-122.9031601,4006,7375,US_NCSS_changed_pedons_1993_to_1994.csv
S1968WA063001,106860,5513,5513,"S1968WA063001",1968,site_obsdate,1993,1994,1993-1994,26,31,"Older development, 16-30 years",1,Agriculture to Developed,Washington,Spokane,CONUS West 1,CONUS,v2025-11,6/1/1968 0:00,6/1/1968 0:00,inceptisols,xerepts,haploxerepts,vitrandic haploxerepts,coarse-loamy,47.8288879,-117.2622223,4006,7399,US_NCSS_changed_pedons_1993_to_1994.csv
90ID023002,1257189,73565,134298,"90-ALF-002",1990,site_obsdate,1994,1995,1994-1995,5,30,"Older development, 16-30 years",3,Rangeland or Pasture to Developed,Idaho,Butte,CONUS West 2,CONUS,v2025-11,,11/15/1990 0:00,,,,,,43.49869919,-113.0474014,3964,4928,US_NCSS_changed_pedons_1994_to_1995.csv
92ID023001,1260925,73566,134299,"92-ALF-004",1992,site_obsdate,1994,1995,1994-1995,3,30,"Older development, 16-30 years",3,Rangeland or Pasture to Developed,Idaho,Butte,CONUS West 2,CONUS,v2025-11,,6/19/1992 0:00,,,,,,43.49869919,-113.0474014,3964,4928,US_NCSS_changed_pedons_1994_to_1995.csv
87ID047003A,124574,14516,14516,"S1987ID047003A",1987,site_obsdate,1994,1995,1994-1995,8,30,"Older development, 16-30 years",1,Agriculture to Developed,Idaho,Gooding,CONUS West 2,CONUS,v2025-11,9/3/1987 0:00,9/1/1987 0:00,aridisols,orthids,durorthids,xerollic durorthids,coarse-loamy,42.6925011,-114.7044449,3964,4940,US_NCSS_changed_pedons_1994_to_1995.csv
1980IL109006,856900,36663,36048,"1980IL109006",1980,site_obsdate,1994,1995,1994-1995,15,30,"Older development, 16-30 years",3,Rangeland or Pasture to Developed,Illinois,McDonough,CONUS Central 2,CONUS,v2025-11,8/1/1980 0:00,8/1/1980 0:00,mollisols,udolls,argiudolls,aquic argiudolls,fine,40.5008996,-90.6947921,3965,5015,US_NCSS_changed_pedons_1994_to_1995.csv
1980IL133032,351020,36725,36110,"1980IL133032",1980,site_obsdate,1994,1995,1994-1995,15,30,"Older development, 16-30 years",2,Forest to Developed,Illinois,Monroe,CONUS Central 2,CONUS,v2025-11,8/1/1980 0:00,8/1/1980 0:00,entisols,fluvents,udifluvents,mollic udifluvents,coarse-silty,38.2681491,-90.2492105,3965,5027,US_NCSS_changed_pedons_1994_to_1995.csv
1981IN047018,314185,39114,38499,"1981IN047018",1981,site_obsdate,1994,1995,1994-1995,14,30,"Older development, 16-30 years",3,Rangeland or Pasture to Developed,Indiana,Franklin,CONUS Central 2,CONUS,v2025-11,8/10/1981 0:00,8/10/1981 0:00,inceptisols,ochrepts,eutrochrepts,lithic eutrochrepts,fine-silty,39.4715472,-85.2203222,3966,5086,US_NCSS_changed_pedons_1994_to_1995.csv
1978IN069006,313246,38417,37802,"1978IN069006",1978,site_obsdate,1994,1995,1994-1995,17,30,"Older development, 16-30 years",2,Forest to Developed,Indiana,Huntington,CONUS Central 2,CONUS,v2025-11,8/9/1978 0:00,8/9/1978 0:00,alfisols,udalfs,hapludalfs,typic hapludalfs,fine-loamy over sandy or sandy-skeletal,40.74689865,-85.5201417,3966,5097,US_NCSS_changed_pedons_1994_to_1995.csv
1978IN137002,312994,38391,37776,"1978IN137002",1977,site_obsdate,1994,1995,1994-1995,18,30,"Older development, 16-30 years",1,Agriculture to Developed,Indiana,Ripley,CONUS Central 2,CONUS,v2025-11,10/4/1977 0:00,10/4/1977 0:00,ultisols,aquults,ochraquults,typic ochraquults,fine-silty,39.3090528,-85.1517806,3966,5131,US_NCSS_changed_pedons_1994_to_1995.csv
S1985IA005101,890816,70852,68880,"S1985IA005101",1985,site_obsdate,1994,1995,1994-1995,10,30,"Older development, 16-30 years",1,Agriculture to Developed,Iowa,Allamakee,CONUS Central 2,CONUS,v2025-11,9/6/1985 0:00,9/6/1985 0:00,mollisols,udolls,hapludolls,cumulic hapludolls,coarse-loamy,43.4527022,-91.3080182,3963,4820,US_NCSS_changed_pedons_1994_to_1995.csv
88MD510007,804420,14883,14883,"S1988MD510007",1988,site_obsdate,1994,1995,1994-1995,7,30,"Older development, 16-30 years",3,Rangeland or Pasture to Developed,Maryland,Baltimore,CONUS East 1,CONUS,v2025-11,9/1/1988 0:00,9/1/1988 0:00,ultisols,udults,hapludults,typic hapludults,fine-loamy,39.3486099,-76.6191635,3971,5481,US_NCSS_changed_pedons_1994_to_1995.csv
S1990MN073026(4425),583568,56361,55560,"S1990MN073026(4425)",1990,site_obsdate,1994,1995,1994-1995,5,30,"Older development, 16-30 years",2,Forest to Developed,Minnesota,Lac qui Parle,CONUS Central 1,CONUS,v2025-11,12/5/1990 0:00,12/5/1990 0:00,mollisols,aquolls,calciaquolls,typic calciaquolls,fine-loamy,44.8347397,-96.1726532,3975,5650,US_NCSS_changed_pedons_1994_to_1995.csv
S1976MN113008 (2405),582862,55714,54913,"S1976MN113008 (2405)",1976,site_obsdate,1994,1995,1994-1995,19,30,"Older development, 16-30 years",3,Rangeland or Pasture to Developed,Minnesota,Pennington,CONUS Central 1,CONUS,v2025-11,10/22/1976 0:00,10/22/1976 0:00,mollisols,udolls,argiudolls,aquic argiudolls,fine-loamy,48.0850983,-96.1114578,3975,5670,US_NCSS_changed_pedons_1994_to_1995.csv
S1978MN1132675,582980,55843,55042,"S1978MN1132675",1978,site_obsdate,1994,1995,1994-1995,17,30,"Older development, 16-30 years",3,Rangeland or Pasture to Developed,Minnesota,Pennington,CONUS Central 1,CONUS,v2025-11,7/11/1978 0:00,7/11/1978 0:00,mollisols,aquolls,calciaquolls,typic calciaquolls,coarse-silty,47.9960823,-96.4390335,3975,5670,US_NCSS_changed_pedons_1994_to_1995.csv
1993MO209209,93733,48266,47552,"1993MO209209",1993,site_obsdate,1994,1995,1994-1995,2,30,"Older development, 16-30 years",2,Forest to Developed,Missouri,Stone,CONUS Central 2,CONUS,v2025-11,3/29/1993 0:00,3/29/1993 0:00,alfisols,udalfs,hapludalfs,typic hapludalfs,clayey-skeletal,36.6934944,-93.315675,3976,5804,US_NCSS_changed_pedons_1994_to_1995.csv
1993MO215008M,1368001,44132,43418,"1993MO215008M",1992,site_obsdate,1994,1995,1994-1995,3,30,"Older development, 16-30 years",2,Forest to Developed,Missouri,Texas,CONUS Central 2,CONUS,v2025-11,8/19/1992 0:00,8/19/1992 0:00,ultisols,udults,fragiudults,typic fragiudults,fine-loamy,37.4214556,-91.7869611,3976,5807,US_NCSS_changed_pedons_1994_to_1995.csv
84NE019001,110289,11895,11895,"S1984NE019001",1984,site_obsdate,1994,1995,1994-1995,11,30,"Older development, 16-30 years",3,Rangeland or Pasture to Developed,Nebraska,Buffalo,CONUS Central 1,CONUS,v2025-11,6/3/1984 0:00,6/1/1984 0:00,mollisols,ustolls,haplustolls,fluvaquentic haplustolls,coarse-loamy over sandy or sandy-skeletal,40.6816673,-98.9000015,3982,6121,US_NCSS_changed_pedons_1994_to_1995.csv
1969NV001001,253221,5631,5631,"1969NV001001",1969,site_obsdate,1994,1995,1994-1995,26,30,"Older development, 16-30 years",3,Rangeland or Pasture to Developed,Nevada,Churchill,CONUS West 1,CONUS,v2025-11,9/16/1969 0:00,9/16/1969 0:00,entisols,psamments,torripsamments,typic torripsamments,,39.5053889,-118.9869444,3987,6269,US_NCSS_changed_pedons_1994_to_1995.csv
90NC153003,126675,17149,17149,"S1990NC153003",1990,site_obsdate,1994,1995,1994-1995,5,30,"Older development, 16-30 years",2,Forest to Developed,North Carolina,Richmond,CONUS East 1,CONUS,v2025-11,7/3/1990 0:00,7/1/1990 0:00,ultisols,udults,hapludults,typic hapludults,fine,35.02361298,-79.8430557,3980,6035,US_NCSS_changed_pedons_1994_to_1995.csv
1962OH041038,842817,67880,65955,"S1962OH041038",1962,site_obsdate,1994,1995,1994-1995,33,30,"Older development, 16-30 years",1,Agriculture to Developed,Ohio,Delaware,CONUS East 1,CONUS,v2025-11,,7/2/1962 0:00,Alfisols,Aqualfs,Epiaqualfs,Aeric Epiaqualfs,fine,40.3399194,-83.01999664,3989,6368,US_NCSS_changed_pedons_1994_to_1995.csv
1956-OH063-003,749832,66836,64911,"1956-OH063-003",1956,site_obsdate,1994,1995,1994-1995,39,30,"Older development, 16-30 years",3,Rangeland or Pasture to Developed,Ohio,Hancock,CONUS East 1,CONUS,v2025-11,5/24/1956 0:00,5/24/1956 0:00,,,,,,41.03722,-83.6963806,3989,6379,US_NCSS_changed_pedons_1994_to_1995.csv
1959PA037002,422025,53799,52998,"1959PA037002",1959,site_obsdate,1994,1995,1994-1995,36,30,"Older development, 16-30 years",3,Rangeland or Pasture to Developed,Pennsylvania,Columbia,CONUS East 1,CONUS,v2025-11,8/24/1959 0:00,8/24/1959 0:00,ultisols,aquults,fragiaquults,typic fragiaquults,fine-loamy,41.1183333,-76.4588889,3992,6567,US_NCSS_changed_pedons_1994_to_1995.csv
S1955PA071008,105382,369,369,"S1955PA071008",1955,site_obsdate,1994,1995,1994-1995,40,30,"Older development, 16-30 years",2,Forest to Developed,Pennsylvania,Lancaster,CONUS East 1,CONUS,v2025-11,9/17/1955 0:00,9/17/1955 0:00,,,,,,40.1522217,-76.5747223,3992,6584,US_NCSS_changed_pedons_1994_to_1995.csv
1962PA129008,800333,54424,53623,"846",1962,site_obsdate,1994,1995,1994-1995,33,30,"Older development, 16-30 years",2,Forest to Developed,Pennsylvania,Westmoreland,CONUS East 1,CONUS,v2025-11,6/11/1962 0:00,6/11/1962 0:00,alfisols,udalfs,hapludalfs,mollic hapludalfs,fine,40.5852778,-79.6291667,3992,6613,US_NCSS_changed_pedons_1994_to_1995.csv
80WV067005,1079705,7938,7938,"S1980WV067005",1980,site_obsdate,1994,1995,1994-1995,15,30,"Older development, 16-30 years",3,Rangeland or Pasture to Developed,West Virginia,Nicholas,CONUS East 1,CONUS,v2025-11,6/3/1980 0:00,6/1/1980 0:00,inceptisols,udepts,dystrudepts,typic dystrudepts,coarse-loamy,38.1605568,-80.8838882,4008,7512,US_NCSS_changed_pedons_1994_to_1995.csv
S1980WI017009,897281,8209,8209,"S1980WI017009",1980,site_obsdate,1994,1995,1994-1995,15,30,"Older development, 16-30 years",3,Rangeland or Pasture to Developed,Wisconsin,Chippewa,CONUS Central 2,CONUS,v2025-11,10/3/1980 0:00,10/3/1980 0:00,alfisols,boralfs,glossoboralfs,typic glossoboralfs,coarse-loamy,45.29093933,-91.23396301,4007,7415,US_NCSS_changed_pedons_1994_to_1995.csv
S1983WI093025,1051092,71898,132583,"S1983WI093025",1983,samp_classdate,1994,1995,1994-1995,12,30,"Older development, 16-30 years",3,Rangeland or Pasture to Developed,Wisconsin,Pierce,CONUS Central 2,CONUS,v2025-11,7/14/1983 0:00,,alfisols,udalfs,hapludalfs,typic hapludalfs,fine-silty,44.6019322,-92.3882034,4007,7454,US_NCSS_changed_pedons_1994_to_1995.csv
S1954WI121001,1242630,1518,1518,"S1954WI121001",1954,site_obsdate,1994,1995,1994-1995,41,30,"Older development, 16-30 years",3,Rangeland or Pasture to Developed,Wisconsin,Trempealeau,CONUS Central 2,CONUS,v2025-11,8/25/1954 0:00,8/25/1954 0:00,alfisols,udalfs,hapludalfs,inceptic hapludalfs,coarse-loamy over sandy or sandy-skeletal,44.3341675,-91.4300003,4007,7468,US_NCSS_changed_pedons_1994_to_1995.csv
87AL109008-pgm,318821,39889,39270,"87AL109008-pgm",1982,site_obsdate,1995,1996,1995-1996,14,29,"Older development, 16-30 years",1,Agriculture to Developed,Alabama,Pike,CONUS Central 2,CONUS,v2025-11,9/23/1982 0:00,9/23/1982 0:00,ultisols,udults,paleudults,grossarenic paleudults,loamy,31.72806168,-86.11361694,3947,4341,US_NCSS_changed_pedons_1995_to_1996.csv
S1957AR131002,107683,4173,4173,"S1957AR131002",1957,site_obsdate,1995,1996,1995-1996,39,29,"Older development, 16-30 years",1,Agriculture to Developed,Arkansas,Sebastian,CONUS Central 2,CONUS,v2025-11,8/12/1957 0:00,8/12/1957 0:00,,,,,,35.3038902,-94.3952789,3948,4419,US_NCSS_changed_pedons_1995_to_1996.csv
84CA035004,122148,11511,11511,"S1984CA035004",1984,site_obsdate,1995,1996,1995-1996,12,29,"Older development, 16-30 years",1,Agriculture to Developed,California,Lassen,CONUS West 1,CONUS,v2025-11,8/3/1984 0:00,8/1/1984 0:00,mollisols,xerolls,haploxerolls,cumulic haploxerolls,fine-loamy,40.4047203,-120.625,3951,4466,US_NCSS_changed_pedons_1995_to_1996.csv
S1964CA073005,100164,2714,2714,"S1964CA073005",1964,site_obsdate,1995,1996,1995-1996,32,29,"Older development, 16-30 years",3,Rangeland or Pasture to Developed,California,San Diego,CONUS West 1,CONUS,v2025-11,2/19/1964 0:00,2/19/1964 0:00,alfisols,xeralfs,haploxeralfs,natric haploxeralfs,fine-loamy,33.3619461,-117.2244415,3951,4485,US_NCSS_changed_pedons_1995_to_1996.csv
S1953FL033034,100591,4811,4811,"S1953FL033034",1953,site_obsdate,1995,1996,1995-1996,43,29,"Older development, 16-30 years",3,Rangeland or Pasture to Developed,Florida,Escambia,CONUS Central 2,CONUS,v2025-11,8/27/1953 0:00,8/27/1953 0:00,,,,,,30.4766178,-87.3019485,3957,4598,US_NCSS_changed_pedons_1995_to_1996.csv
S1953FL115011,100604,4785,4785,"S1953FL115011",1953,site_obsdate,1995,1996,1995-1996,43,29,"Older development, 16-30 years",2,Forest to Developed,Florida,Hillsborough,CONUS East 1,CONUS,v2025-11,4/1/1953 0:00,4/1/1953 0:00,,,,,,27.8897495,-82.2068024,3957,4639,US_NCSS_changed_pedons_1995_to_1996.csv
1976ID057002,1018594,72485,133225,"1976ID057002",1976,site_obsdate,1995,1996,1995-1996,20,29,"Older development, 16-30 years",2,Forest to Developed,Idaho,Latah,CONUS West 1,CONUS,v2025-11,8/19/1976 0:00,8/14/1976 0:00,alfisols,udalfs,hapludalfs,vitrandic hapludalfs,fine-silty,46.8325306,-116.6605667,3964,4945,US_NCSS_changed_pedons_1995_to_1996.csv
77ID057009,1203143,73122,133855,"77-ALF-053",1977,site_obsdate,1995,1996,1995-1996,19,29,"Older development, 16-30 years",1,Agriculture to Developed,Idaho,Nez Perce,CONUS West 1,CONUS,v2025-11,6/8/1977 0:00,6/10/1977 0:00,,,,,,46.5320015,-116.925499,3964,4945,US_NCSS_changed_pedons_1995_to_1996.csv
1968IL019001,824093,36116,35501,"1968IL019001",1968,site_obsdate,1995,1996,1995-1996,28,29,"Older development, 16-30 years",1,Agriculture to Developed,Illinois,Champaign,CONUS Central 2,CONUS,v2025-11,8/1/1968 0:00,8/1/1968 0:00,mollisols,udolls,argiudolls,oxyaquic argiudolls,fine-silty,40.0691694,-88.1679333,3965,4970,US_NCSS_changed_pedons_1995_to_1996.csv
1978IL073081,375422,36469,35854,"1978IL073081",1978,site_obsdate,1995,1996,1995-1996,18,29,"Older development, 16-30 years",1,Agriculture to Developed,Illinois,Henry,CONUS Central 2,CONUS,v2025-11,10/1/1978 0:00,10/1/1978 0:00,mollisols,aquolls,endoaquolls,cumulic vertic endoaquolls,very-fine,41.5806738,-89.9759424,3965,4997,US_NCSS_changed_pedons_1995_to_1996.csv
1978IL075010,375454,36484,35869,"1978IL075010",1978,site_obsdate,1995,1996,1995-1996,18,29,"Older development, 16-30 years",2,Forest to Developed,Illinois,Iroquois,CONUS Central 2,CONUS,v2025-11,12/1/1978 0:00,12/1/1978 0:00,alfisols,udalfs,hapludalfs,oxyaquic hapludalfs,fine,40.5463904,-88.1020513,3965,4998,US_NCSS_changed_pedons_1995_to_1996.csv
1971IL093002,355180,36196,35581,"1971IL093002",1971,site_obsdate,1995,1996,1995-1996,25,29,"Older development, 16-30 years",3,Rangeland or Pasture to Developed,Illinois,Kendall,CONUS Central 2,CONUS,v2025-11,10/1/1971 0:00,10/1/1971 0:00,mollisols,udolls,argiudolls,typic argiudolls,fine-loamy,41.6571268,-88.4399632,3965,5007,US_NCSS_changed_pedons_1995_to_1996.csv
1979IL095053,375620,36605,35990,"1979IL095053",1979,site_obsdate,1995,1996,1995-1996,17,29,"Older development, 16-30 years",1,Agriculture to Developed,Illinois,Knox,CONUS Central 2,CONUS,v2025-11,8/1/1979 0:00,8/1/1979 0:00,entisols,arents,udarents,mollic udarents,fine-silty,41.0475813,-90.1509474,3965,5008,US_NCSS_changed_pedons_1995_to_1996.csv
1979IL133052,375519,36620,36005,"1979IL133052",1979,site_obsdate,1995,1996,1995-1996,17,29,"Older development, 16-30 years",1,Agriculture to Developed,Illinois,Monroe,CONUS Central 2,CONUS,v2025-11,8/1/1979 0:00,8/1/1979 0:00,mollisols,udolls,hapludolls,aquertic hapludolls,fine,38.3047845,-90.3211906,3965,5027,US_NCSS_changed_pedons_1995_to_1996.csv
S1986IL187104,856879,37487,36872,"S1986IL187104",1986,site_obsdate,1995,1996,1995-1996,10,29,"Older development, 16-30 years",3,Rangeland or Pasture to Developed,Illinois,Warren,CONUS Central 2,CONUS,v2025-11,10/1/1986 0:00,10/1/1986 0:00,mollisols,udolls,argiudolls,aquic pachic argiudolls,fine-silty,40.6803861,-90.6721472,3965,5054,US_NCSS_changed_pedons_1995_to_1996.csv
S1957IL197001,274642,1946,1946,"S1957IL197001",1957,site_obsdate,1995,1996,1995-1996,39,29,"Older development, 16-30 years",3,Rangeland or Pasture to Developed,Illinois,Will,CONUS Central 2,CONUS,v2025-11,10/17/1957 0:00,10/17/1957 0:00,mollisols,aquolls,endoaquolls,typic endoaquolls,fine-silty,41.6950155,-88.2003135,3965,5059,US_NCSS_changed_pedons_1995_to_1996.csv
1970IN005004,312816,37802,37187,"1970IN005004",1970,site_obsdate,1995,1996,1995-1996,26,29,"Older development, 16-30 years",3,Rangeland or Pasture to Developed,Indiana,Bartholomew,CONUS Central 2,CONUS,v2025-11,12/3/1970 0:00,12/3/1970 0:00,,,,,,39.3275111,-85.7037722,3966,5065,US_NCSS_changed_pedons_1995_to_1996.csv
1976IN031013,313026,37921,37306,"1976IN031013",1976,site_obsdate,1995,1996,1995-1996,20,29,"Older development, 16-30 years",3,Rangeland or Pasture to Developed,Indiana,Decatur,CONUS Central 2,CONUS,v2025-11,5/24/1976 0:00,5/24/1976 0:00,,,,,,39.3361028,-85.3474111,3966,5078,US_NCSS_changed_pedons_1995_to_1996.csv
1982IN073004,313989,38954,38339,"1982IN073004",1982,site_obsdate,1995,1996,1995-1996,14,29,"Older development, 16-30 years",2,Forest to Developed,Indiana,Jasper,CONUS Central 2,CONUS,v2025-11,7/15/1982 0:00,7/15/1982 0:00,mollisols,udolls,argiudolls,typic argiudolls,sandy over loamy,40.9843639,-87.1499028,3966,5099,US_NCSS_changed_pedons_1995_to_1996.csv
S1972IN099008,1106801,37851,37236,"S1972IN099008",1972,site_obsdate,1995,1996,1995-1996,24,29,"Older development, 16-30 years",3,Rangeland or Pasture to Developed,Indiana,Marshall,CONUS Central 2,CONUS,v2025-11,10/19/1972 0:00,10/19/1972 0:00,entisols,psamments,udipsamments,oxyaquic udipsamments,,41.1787944,-86.4542306,3966,5112,US_NCSS_changed_pedons_1995_to_1996.csv
86KS131001,123831,13693,13693,"S1986KS131001",1986,site_obsdate,1995,1996,1995-1996,10,29,"Older development, 16-30 years",3,Rangeland or Pasture to Developed,Kansas,Nemaha,CONUS Central 1,CONUS,v2025-11,7/3/1986 0:00,7/1/1986 0:00,mollisols,udolls,argiudolls,aquic argiudolls,fine,39.76916504,-95.8791656,3967,5220,US_NCSS_changed_pedons_1995_to_1996.csv
86KS131002,123832,13694,13694,"S1986KS131002",1986,site_obsdate,1995,1996,1995-1996,10,29,"Older development, 16-30 years",3,Rangeland or Pasture to Developed,Kansas,Nemaha,CONUS Central 1,CONUS,v2025-11,7/3/1986 0:00,7/1/1986 0:00,mollisols,udolls,argiudolls,aquic argiudolls,fine,39.76916504,-95.8791656,3967,5220,US_NCSS_changed_pedons_1995_to_1996.csv
86KS131003,123833,13695,13695,"S1986KS131003",1986,site_obsdate,1995,1996,1995-1996,10,29,"Older development, 16-30 years",3,Rangeland or Pasture to Developed,Kansas,Nemaha,CONUS Central 1,CONUS,v2025-11,7/3/1986 0:00,7/1/1986 0:00,mollisols,udolls,argiudolls,aquic argiudolls,fine,39.76916504,-95.8791656,3967,5220,US_NCSS_changed_pedons_1995_to_1996.csv
81KY231006,956961,9659,9659,"81KY231006",1982,site_obsdate,1995,1996,1995-1996,14,29,"Older development, 16-30 years",3,Rangeland or Pasture to Developed,Kentucky,Wayne,CONUS East 1,CONUS,v2025-11,10/3/1984 0:00,6/1/1982 0:00,ultisols,udults,paleudults,rhodic paleudults,clayey,36.83000183,-84.8672222,3968,5375,US_NCSS_changed_pedons_1995_to_1996.csv
75LA041017,955522,1320,1320,"75LA041017",1975,site_obsdate,1995,1996,1995-1996,21,29,"Older development, 16-30 years",3,Rangeland or Pasture to Developed,Louisiana,Franklin,CONUS Central 2,CONUS,v2025-11,,6/1/1975 0:00,alfisols,udalfs,fragiudalfs,glossaquic fragiudalfs,fine-silty,32.1138889,-91.8438889,3969,5400,US_NCSS_changed_pedons_1995_to_1996.csv
S1962ME005008,110129,1240,1240,"S1962ME005008",1962,site_obsdate,1995,1996,1995-1996,34,29,"Older development, 16-30 years",2,Forest to Developed,Maine,Cumberland,CONUS East 2,CONUS,v2025-11,9/14/1962 0:00,9/14/1962 0:00,inceptisols,ochrepts,eutrochrepts,aquic dystric eutrochrepts,fine,43.60746002,-70.4024811,3972,5484,US_NCSS_changed_pedons_1995_to_1996.csv
S1985MD031013,796768,13058,13058,"S1985MD031013",1985,site_obsdate,1995,1996,1995-1996,11,29,"Older development, 16-30 years",2,Forest to Developed,Maryland,Montgomery,CONUS East 1,CONUS,v2025-11,11/1/1985 0:00,11/1/1985 0:00,alfisols,udalfs,hapludalfs,typic hapludalfs,loamy-skeletal,39.2883339,-77.2330551,3971,5472,US_NCSS_changed_pedons_1995_to_1996.csv
S1957MA023003,873195,412,412,"S1957MA023003",1957,site_obsdate,1995,1996,1995-1996,39,29,"Older development, 16-30 years",2,Forest to Developed,Massachusetts,Plymouth,CONUS East 2,CONUS,v2025-11,7/1/1957 0:00,7/1/1957 0:00,inceptisols,udepts,dystrudepts,oxyaquic dystrudepts,coarse-loamy,42.00969696,-70.88973999,3970,5455,US_NCSS_changed_pedons_1995_to_1996.csv
S1978MN133008 (2736),583034,55912,55111,"S1978MN133008 (2736)",1978,site_obsdate,1995,1996,1995-1996,18,29,"Older development, 16-30 years",3,Rangeland or Pasture to Developed,Minnesota,Rock,CONUS Central 1,CONUS,v2025-11,6/20/1978 0:00,6/20/1978 0:00,mollisols,ustolls,haplustolls,udic haplustolls,fine-silty,43.674511,-96.4098358,3975,5680,US_NCSS_changed_pedons_1995_to_1996.csv
S1978MN133012 (2909),583137,55915,55114,"S1978MN133012 (2909)",1978,site_obsdate,1995,1996,1995-1996,18,29,"Older development, 16-30 years",1,Agriculture to Developed,Minnesota,Rock,CONUS Central 1,CONUS,v2025-11,10/23/1978 0:00,10/23/1978 0:00,mollisols,udolls,hapludolls,cumulic hapludolls,fine-silty,43.5439873,-96.1831512,3975,5680,US_NCSS_changed_pedons_1995_to_1996.csv
S1979MO095002,110163,7254,7254,"S1979MO095002",1979,site_obsdate,1995,1996,1995-1996,17,29,"Older development, 16-30 years",2,Forest to Developed,Missouri,Jackson,CONUS Central 2,CONUS,v2025-11,6/1/1979 0:00,6/1/1979 0:00,mollisols,udolls,argiudolls,typic argiudolls,fine-silty,39.0203171,-94.1291122,3976,5748,US_NCSS_changed_pedons_1995_to_1996.csv
1992MO099161,88397,49137,48423,"1992MO099161",1992,site_obsdate,1995,1996,1995-1996,4,29,"Older development, 16-30 years",1,Agriculture to Developed,Missouri,Jefferson,CONUS Central 2,CONUS,v2025-11,,12/7/1992 0:00,Alfisols,Udalfs,Hapludalfs,Typic Hapludalfs,,38.2961652,-90.3937151,3976,5750,US_NCSS_changed_pedons_1995_to_1996.csv
1993MO099216,88477,49106,48392,"1993MO099216",1993,site_obsdate,1995,1996,1995-1996,3,29,"Older development, 16-30 years",2,Forest to Developed,Missouri,Jefferson,CONUS Central 2,CONUS,v2025-11,2/24/1993 0:00,2/24/1993 0:00,alfisols,udalfs,paleudalfs,typic paleudalfs,,38.2803319,-90.6209446,3976,5750,US_NCSS_changed_pedons_1995_to_1996.csv
1994MO125001,102944,21739,21739,"1994MO125001S",1994,site_obsdate,1995,1996,1995-1996,2,29,"Older development, 16-30 years",3,Rangeland or Pasture to Developed,Missouri,Maries,CONUS Central 2,CONUS,v2025-11,4/28/1994 0:00,4/28/1994 0:00,alfisols,udalfs,fragiudalfs,aquic fragiudalfs,,38.24666595,-91.8658371,3976,5763,US_NCSS_changed_pedons_1995_to_1996.csv
1993MO209257,93822,48233,47519,"1993MO209257",1993,site_obsdate,1995,1996,1995-1996,3,29,"Older development, 16-30 years",2,Forest to Developed,Missouri,Stone,CONUS Central 2,CONUS,v2025-11,10/5/1993 0:00,10/5/1993 0:00,mollisols,udolls,hapludolls,lithic hapludolls,loamy-skeletal,36.6602306,-93.4711833,3976,5804,US_NCSS_changed_pedons_1995_to_1996.csv
79NE037134,120506,8464,8464,"S1979NE037134",1979,site_obsdate,1995,1996,1995-1996,17,29,"Older development, 16-30 years",3,Rangeland or Pasture to Developed,Nebraska,Colfax,CONUS Central 1,CONUS,v2025-11,6/3/1979 0:00,6/1/1979 0:00,mollisols,ustolls,haplustolls,cumulic haplustolls,fine-silty,41.4850006,-97.0397186,3982,6130,US_NCSS_changed_pedons_1995_to_1996.csv
S1953NE079006,103876,2281,2281,"S1953NE079006",1953,site_obsdate,1995,1996,1995-1996,43,29,"Older development, 16-30 years",3,Rangeland or Pasture to Developed,Nebraska,Hall,CONUS Central 1,CONUS,v2025-11,7/7/1953 0:00,7/7/1953 0:00,mollisols,aquolls,endoaquolls,fluvaquentic endoaquolls,coarse-loamy,40.79055405,-98.5116653,3982,6151,US_NCSS_changed_pedons_1995_to_1996.csv
93NE133005,103958,21000,21000,"S1993NE133005",1993,site_obsdate,1995,1996,1995-1996,3,29,"Older development, 16-30 years",2,Forest to Developed,Nebraska,Pawnee,CONUS Central 1,CONUS,v2025-11,9/30/1993 0:00,9/30/1993 0:00,mollisols,udolls,hapludolls,vertic hapludolls,fine,40.0008545,-96.0383453,3982,6178,US_NCSS_changed_pedons_1995_to_1996.csv
S1959NV003004,104522,3046,3046,"S1959NV003004",1959,site_obsdate,1995,1996,1995-1996,37,29,"Older development, 16-30 years",3,Rangeland or Pasture to Developed,Nevada,Clark,CONUS West 2,CONUS,v2025-11,3/1/1959 0:00,3/1/1959 0:00,entisols,psamments,torripsamments,typic torripsamments,,36.8105545,-114.0625,3987,6270,US_NCSS_changed_pedons_1995_to_1996.csv
S1960NV005003,104551,2987,2987,"S1960NV005003",1960,site_obsdate,1995,1996,1995-1996,36,29,"Older development, 16-30 years",3,Rangeland or Pasture to Developed,Nevada,Douglas,CONUS West 1,CONUS,v2025-11,4/22/1960 0:00,4/22/1960 0:00,aridisols,argids,durargids,haploxerollic durargids,coarse-loamy,39.1055565,-119.7747192,3987,6271,US_NCSS_changed_pedons_1995_to_1996.csv
92NJ015002,804401,19107,19107,"S1992NJ015002",1992,site_obsdate,1995,1996,1995-1996,4,29,"Older development, 16-30 years",1,Agriculture to Developed,New Jersey,Gloucester,CONUS East 1,CONUS,v2025-11,12/18/2012 0:00,2/20/1992 0:00,ultisols,udults,hapludults,typic hapludults,,39.7580566,-75.2483368,3984,6222,US_NCSS_changed_pedons_1995_to_1996.csv
85NJ033014,1100460,12953,12953,"S1985NJ033014",1985,site_obsdate,1995,1996,1995-1996,11,29,"Older development, 16-30 years",2,Forest to Developed,New Jersey,Salem,CONUS East 1,CONUS,v2025-11,9/3/1985 0:00,9/1/1985 0:00,alfisols,udalfs,hapludalfs,typic hapludalfs,fine-loamy,39.56416702,-75.3319473,3984,6231,US_NCSS_changed_pedons_1995_to_1996.csv
92NJ041003,104271,19231,19231,"S1992NJ041003",1992,site_obsdate,1995,1996,1995-1996,4,29,"Older development, 16-30 years",2,Forest to Developed,New Jersey,Warren,CONUS East 2,CONUS,v2025-11,4/1/1992 0:00,4/1/1992 0:00,alfisols,udalfs,hapludalfs,typic hapludalfs,,40.94083405,-74.8236084,3984,6235,US_NCSS_changed_pedons_1995_to_1996.csv
66ND027007,47612,2649,2649,"66ND027007",1966,site_obsdate,1995,1996,1995-1996,30,29,"Older development, 16-30 years",3,Rangeland or Pasture to Developed,North Dakota,Eddy,CONUS Central 1,CONUS,v2025-11,,8/24/1966 0:00,,,,,,47.70608902,-98.58847809,3981,6072,US_NCSS_changed_pedons_1995_to_1996.csv
1961OH051014,842794,67654,65729,"S1961OH051014",1961,site_obsdate,1995,1996,1995-1996,35,29,"Older development, 16-30 years",3,Rangeland or Pasture to Developed,Ohio,Fulton,CONUS East 1,CONUS,v2025-11,8/31/1961 0:00,8/31/1961 0:00,alfisols,aqualfs,epiaqualfs,aeric epiaqualfs,fine-loamy,41.5392833,-84.1608944,3989,6373,US_NCSS_changed_pedons_1995_to_1996.csv
S1967OR035008,105115,5439,5439,"S1967OR035008",1967,site_obsdate,1995,1996,1995-1996,29,29,"Older development, 16-30 years",2,Forest to Developed,Oregon,Klamath,CONUS West 1,CONUS,v2025-11,9/14/1967 0:00,9/14/1967 0:00,inceptisols,ochrepts,durochrepts,typic durochrepts,sandy,42.0825005,-121.6930542,3991,6530,US_NCSS_changed_pedons_1995_to_1996.csv
1959PA037016,422039,53814,53013,"297",1959,site_obsdate,1995,1996,1995-1996,37,29,"Older development, 16-30 years",2,Forest to Developed,Pennsylvania,Columbia,CONUS East 1,CONUS,v2025-11,8/28/1959 0:00,8/28/1959 0:00,inceptisols,ochrepts,dystrochrepts,typic dystrochrepts,loamy-skeletal,41.0183333,-76.3966667,3992,6567,US_NCSS_changed_pedons_1995_to_1996.csv
1974PA097012,422379,54192,53391,"1974PA097012",1974,site_obsdate,1995,1996,1995-1996,22,29,"Older development, 16-30 years",3,Rangeland or Pasture to Developed,Pennsylvania,Northumberland,CONUS East 1,CONUS,v2025-11,6/20/1974 0:00,6/20/1974 0:00,Entisols,,,,sandy,40.9894444,-76.8555556,3992,6597,US_NCSS_changed_pedons_1995_to_1996.csv
S1961PR023002,105452,531,531,"S1961PR023002",1961,site_obsdate,1995,1996,1995-1996,35,29,"Older development, 16-30 years",3,Rangeland or Pasture to Developed,Puerto Rico,Cabo Rojo,Puerto Rico and U.S. Virgin Islands,PRUSVI,v2024-10,3/20/1961 0:00,3/20/1961 0:00,mollisols,ustolls,argiustolls,aridic argiustolls,clayey,18.0344448,-67.1780548,3994,6627,US_NCSS_changed_pedons_1995_to_1996.csv
S1962TX041090,105955,4261,4261,"S1962TX041090",1962,site_obsdate,1995,1996,1995-1996,34,29,"Older development, 16-30 years",3,Rangeland or Pasture to Developed,Texas,Brazos,CONUS Central 1,CONUS,v2025-11,6/7/1962 0:00,6/7/1962 0:00,mollisols,ustolls,argiustolls,udertic argiustolls,fine,30.74666595,-96.4552765,4000,6942,US_NCSS_changed_pedons_1995_to_1996.csv
S1955TX157091,1085388,4258,4258,"S1955TX157091",1955,site_obsdate,1995,1996,1995-1996,41,29,"Older development, 16-30 years",3,Rangeland or Pasture to Developed,Texas,Fort Bend,CONUS Central 1,CONUS,v2025-11,5/5/1955 0:00,5/5/1955 0:00,mollisols,udolls,argiaquolls,oxyaquic vertic argiudolls,fine,29.5552769,-95.7783356,4000,7000,US_NCSS_changed_pedons_1995_to_1996.csv
81WA073006,120573,8629,8629,"S1981WA073006",1981,site_obsdate,1995,1996,1995-1996,15,29,"Older development, 16-30 years",3,Rangeland or Pasture to Developed,Washington,Whatcom,CONUS West 1,CONUS,v2025-11,6/3/1981 0:00,6/1/1981 0:00,inceptisols,ochrepts,xerochrepts,vitrandic xerochrepts,ashy over sandy or sandy-skeletal,48.8652763,-122.4380569,4006,7404,US_NCSS_changed_pedons_1995_to_1996.csv
86WV059003,123555,13348,13348,"S1986WV059003",1986,site_obsdate,1995,1996,1995-1996,10,29,"Older development, 16-30 years",2,Forest to Developed,West Virginia,Mingo,CONUS East 1,CONUS,v2025-11,5/1/1986 0:00,5/1/1986 0:00,inceptisols,ochrepts,dystrochrepts,typic dystrochrepts,,37.6461105,-82.1691666,4008,7508,US_NCSS_changed_pedons_1995_to_1996.csv
87WI013001,124875,14875,14875,"S1987WI013001",1987,site_obsdate,1995,1996,1995-1996,9,29,"Older development, 16-30 years",3,Rangeland or Pasture to Developed,Wisconsin,Burnett,CONUS Central 2,CONUS,v2025-11,,9/1/1987 0:00,entisols,psamments,udipsamments,typic udipsamments,,45.7816658,-92.4111099,4007,7413,US_NCSS_changed_pedons_1995_to_1996.csv
S1992WI019005,1391497,19662,19662,"S1992WI019005",1992,site_obsdate,1995,1996,1995-1996,4,29,"Older development, 16-30 years",3,Rangeland or Pasture to Developed,Wisconsin,Clark,CONUS Central 2,CONUS,v2025-11,8/21/1992 0:00,8/19/1992 0:00,alfisols,udalfs,glossudalfs,oxyaquic glossudalfs,fine-loamy,44.9455566,-90.5372238,4007,7416,US_NCSS_changed_pedons_1995_to_1996.csv
S1977WI049002,110976,4952,4952,"S1977WI049002",1977,site_obsdate,1995,1996,1995-1996,19,29,"Older development, 16-30 years",3,Rangeland or Pasture to Developed,Wisconsin,Iowa,CONUS Central 2,CONUS,v2025-11,8/8/1977 0:00,8/8/1977 0:00,mollisols,udolls,argiudolls,typic argiudolls,fine,42.9694443,-90.0008316,4007,7431,US_NCSS_changed_pedons_1995_to_1996.csv
S1989WI111002,897120,16887,16887,"S1989WI111002",1989,site_obsdate,1995,1996,1995-1996,7,29,"Older development, 16-30 years",3,Rangeland or Pasture to Developed,Wisconsin,Sauk,CONUS Central 2,CONUS,v2025-11,9/1/1989 0:00,9/1/1989 0:00,alfisols,udalfs,paleudalfs,mollic paleudalfs,fine-silty over clayey,43.5813904,-90.2963867,4007,7463,US_NCSS_changed_pedons_1995_to_1996.csv
73AL009003-pgm,318743,39676,39057,"73AL009003-pgm",1973,site_obsdate,1996,1997,1996-1997,24,28,"Older development, 16-30 years",2,Forest to Developed,Alabama,Blount,CONUS Central 2,CONUS,v2025-11,6/1/1973 0:00,6/1/1973 0:00,ultisols,udults,hapludults,typic hapludults,fine,33.97195053,-86.75222778,3947,4291,US_NCSS_changed_pedons_1996_to_1997.csv
77AL033006-pgm,305217,39741,39122,"77AL033006-pgm",1977,site_obsdate,1996,1997,1996-1997,20,28,"Older development, 16-30 years",3,Rangeland or Pasture to Developed,Alabama,Colbert,CONUS Central 2,CONUS,v2025-11,4/27/1977 0:00,4/27/1977 0:00,ultisols,udults,paleudults,rhodic paleudults,fine,34.83000565,-87.97666931,3947,4303,US_NCSS_changed_pedons_1996_to_1997.csv
S1971AL097008,1098742,4070,4070,"S1971AL097008",1971,site_obsdate,1996,1997,1996-1997,26,28,"Older development, 16-30 years",1,Agriculture to Developed,Alabama,Mobile,CONUS Central 2,CONUS,v2025-11,3/7/1971 0:00,3/7/1971 0:00,ultisols,udults,paleudults,aquic paleudults,fine-loamy,30.9174385,-88.0344696,3947,4335,US_NCSS_changed_pedons_1996_to_1997.csv
91CA055001,127430,18187,18187,"S1991CA055001",1991,site_obsdate,1996,1997,1996-1997,6,28,"Older development, 16-30 years",3,Rangeland or Pasture to Developed,California,Napa,CONUS West 1,CONUS,v2025-11,6/1/1991 0:00,6/1/1991 0:00,mollisols,xerolls,haploxerolls,cumulic ultic haploxerolls,fine-loamy,38.2566681,-122.3713913,3951,4476,US_NCSS_changed_pedons_1996_to_1997.csv
88GA313002,125408,15558,15558,"S1988GA313002",1988,site_obsdate,1996,1997,1996-1997,9,28,"Older development, 16-30 years",2,Forest to Developed,Georgia,Whitfield,CONUS East 1,CONUS,v2025-11,9/1/1988 0:00,9/1/1988 0:00,inceptisols,tropepts,dystropepts,aquic dystropepts,fine-silty,34.8511124,-84.9277802,3960,4807,US_NCSS_changed_pedons_1996_to_1997.csv
81IL017007,121229,10099,10099,"S1981IL017007",1981,site_obsdate,1996,1997,1996-1997,16,28,"Older development, 16-30 years",3,Rangeland or Pasture to Developed,Illinois,Cass,CONUS Central 2,CONUS,v2025-11,6/1/1981 0:00,6/1/1981 0:00,entisols,fluvents,udifluvents,typic udifluvents,coarse-silty,39.9855537,-90.3213882,3965,4969,US_NCSS_changed_pedons_1996_to_1997.csv
1966IL097001,824114,36088,35473,"1966IL097001",1966,site_obsdate,1996,1997,1996-1997,31,28,"Older development, 16-30 years",2,Forest to Developed,Illinois,Lake,CONUS Central 2,CONUS,v2025-11,10/1/1966 0:00,10/1/1966 0:00,mollisols,aquolls,argiaquolls,typic argiaquolls,fine,42.1916361,-87.9284639,3965,5009,US_NCSS_changed_pedons_1996_to_1997.csv
1977IN021037,312841,38157,37542,"1977IN021037",1977,site_obsdate,1996,1997,1996-1997,20,28,"Older development, 16-30 years",2,Forest to Developed,Indiana,Clay,CONUS Central 2,CONUS,v2025-11,9/20/1977 0:00,9/20/1977 0:00,alfisols,udalfs,fragiudalfs,typic fragiudalfs,fine-silty,39.4186083,-87.0421611,3966,5073,US_NCSS_changed_pedons_1996_to_1997.csv
1979IN071006,313782,38569,37954,"1979IN071006",1979,site_obsdate,1996,1997,1996-1997,18,28,"Older development, 16-30 years",3,Rangeland or Pasture to Developed,Indiana,Jackson,CONUS Central 2,CONUS,v2025-11,7/18/1979 0:00,7/18/1979 0:00,alfisols,udalfs,hapludalfs,typic hapludalfs,fine-loamy,38.9618389,-85.8479389,3966,5098,US_NCSS_changed_pedons_1996_to_1997.csv
1972IN087004,312947,37887,37272,"1972IN087004",1973,site_obsdate,1996,1997,1996-1997,24,28,"Older development, 16-30 years",1,Agriculture to Developed,Indiana,LaGrange,CONUS Central 2,CONUS,v2025-11,1/23/1973 0:00,1/23/1973 0:00,,,,,,41.7056417,-85.2927639,3966,5106,US_NCSS_changed_pedons_1996_to_1997.csv
1974IN087012,313434,38309,37694,"1974IN087012",1974,site_obsdate,1996,1997,1996-1997,23,28,"Older development, 16-30 years",3,Rangeland or Pasture to Developed,Indiana,LaGrange,CONUS Central 2,CONUS,v2025-11,10/9/1974 0:00,10/9/1974 0:00,alfisols,udalfs,hapludalfs,typic hapludalfs,fine,41.6469944,-85.6000528,3966,5106,US_NCSS_changed_pedons_1996_to_1997.csv
89IN143011,126410,16838,16838,"S1989IN143011",1989,site_obsdate,1996,1997,1996-1997,8,28,"Older development, 16-30 years",1,Agriculture to Developed,Indiana,Scott,CONUS Central 2,CONUS,v2025-11,10/3/1989 0:00,10/1/1989 0:00,alfisols,aqualfs,fragiaqualfs,aeric fragiaqualfs,fine-silty,38.7461128,-85.8294449,3966,5134,US_NCSS_changed_pedons_1996_to_1997.csv
1986IN157010,314365,39349,38734,"1986IN157010",1986,site_obsdate,1996,1997,1996-1997,11,28,"Older development, 16-30 years",1,Agriculture to Developed,Indiana,Tippecanoe,CONUS Central 2,CONUS,v2025-11,8/18/1986 0:00,8/18/1986 0:00,alfisols,udalfs,hapludalfs,mollic hapludalfs,fine-loamy,40.3505361,-86.9102167,3966,5141,US_NCSS_changed_pedons_1996_to_1997.csv
1995IA047005L,59915,22518,22518,"S1995IA047005",1995,site_obsdate,1996,1997,1996-1997,2,28,"Older development, 16-30 years",3,Rangeland or Pasture to Developed,Iowa,Crawford,CONUS Central 1,CONUS,v2025-11,10/20/1995 0:00,10/20/1995 0:00,entisols,orthents,udorthents,typic udorthents,fine-silty,42.1826401,-95.6615677,3963,4841,US_NCSS_changed_pedons_1996_to_1997.csv
S1978IA061003,950938,71299,69323,"S1978IA061003",1978,site_obsdate,1996,1997,1996-1997,19,28,"Older development, 16-30 years",1,Agriculture to Developed,Iowa,Dubuque,CONUS Central 2,CONUS,v2025-11,7/20/1978 0:00,7/20/1978 0:00,,,,,,42.4457875,-90.9241157,3963,4848,US_NCSS_changed_pedons_1996_to_1997.csv
S1992IA133002,101267,19951,19951,"S1992IA133002",1989,site_obsdate,1996,1997,1996-1997,8,28,"Older development, 16-30 years",3,Rangeland or Pasture to Developed,Iowa,Monona,CONUS Central 1,CONUS,v2025-11,,8/17/1989 0:00,entisols,aquents,fluvaquents,mollic fluvaquents,fine-silty over clayey,42.2000008,-96.2908325,3963,4884,US_NCSS_changed_pedons_1996_to_1997.csv
85IA1530014,122460,12048,12048,"S1985IA1530014",1985,site_obsdate,1996,1997,1996-1997,12,28,"Older development, 16-30 years",1,Agriculture to Developed,Iowa,Polk,CONUS Central 2,CONUS,v2025-11,11/3/1985 0:00,11/1/1985 0:00,inceptisols,ochrepts,eutrochrepts,typic eutrochrepts,fine-loamy,41.6480158,-93.4442817,3963,4894,US_NCSS_changed_pedons_1996_to_1997.csv
S1996IA193018,101330,22886,22886,"S1996IA193018",1996,site_obsdate,1996,1997,1996-1997,1,28,"Older development, 16-30 years",1,Agriculture to Developed,Iowa,Woodbury,CONUS Central 1,CONUS,v2025-11,,8/20/1996 0:00,entisols,aquents,fluvaquents,vertic fluvaquents,very-fine,42.23655701,-96.2708893,3963,4914,US_NCSS_changed_pedons_1996_to_1997.csv
95KS155389R,30089,52342,51616,"95KS155389R",1995,site_obsdate,1996,1997,1996-1997,2,28,"Older development, 16-30 years",3,Rangeland or Pasture to Developed,Kansas,Reno,CONUS Central 1,CONUS,v2025-11,10/18/1995 0:00,10/18/1995 0:00,mollisols,ustolls,argiustolls,pachic argiustolls,,38.1303596,-98.1555252,3967,5232,US_NCSS_changed_pedons_1996_to_1997.csv
70KY-047-058,507163,55068,54267,"70KY-047-058",1970,site_obsdate,1996,1997,1996-1997,27,28,"Older development, 16-30 years",1,Agriculture to Developed,Kentucky,Christian,CONUS Central 2,CONUS,v2025-11,6/9/1970 0:00,6/9/1970 0:00,alfisols,udalfs,fragiudalfs,typic fragiudalfs,fine-silty,36.8539696,-87.3011169,3968,5283,US_NCSS_changed_pedons_1996_to_1997.csv
S1986MD031004,821695,13568,13568,"S1986MD031004",1986,site_obsdate,1996,1997,1996-1997,11,28,"Older development, 16-30 years",3,Rangeland or Pasture to Developed,Maryland,Montgomery,CONUS East 1,CONUS,v2025-11,,7/1/1986 0:00,ultisols,udults,hapludults,ochreptic hapludults,,39.1734806,-77.051325,3971,5472,US_NCSS_changed_pedons_1996_to_1997.csv
1994MO099227,88508,49095,48381,"1994MO099227",1994,site_obsdate,1996,1997,1996-1997,3,28,"Older development, 16-30 years",2,Forest to Developed,Missouri,Jefferson,CONUS Central 2,CONUS,v2025-11,4/26/1994 0:00,4/26/1994 0:00,ultisols,udults,hapludults,typic hapludults,,38.313387,-90.5731653,3976,5750,US_NCSS_changed_pedons_1996_to_1997.csv
1984MO175005,957574,12126,12126,"1984MO175005",1985,site_obsdate,1996,1997,1996-1997,12,28,"Older development, 16-30 years",3,Rangeland or Pasture to Developed,Missouri,Randolph,CONUS Central 2,CONUS,v2025-11,12/3/1985 0:00,6/1/1985 0:00,alfisols,aqualfs,albaqualfs,vertic albaqualfs,fine,39.3469444,-92.4452778,3976,5788,US_NCSS_changed_pedons_1996_to_1997.csv
copyof92MT053006,163631,19336,19336,"S1992MT053006",1992,site_obsdate,1996,1997,1996-1997,5,28,"Older development, 16-30 years",2,Forest to Developed,Montana,Lincoln,CONUS West 1,CONUS,v2025-11,6/1/1992 0:00,6/1/1992 0:00,inceptisols,ochrepts,eutrochrepts,vitrandic eutrochrepts,coarse-silty,48.0449982,-115.0897217,3979,5928,US_NCSS_changed_pedons_1996_to_1997.csv
91MT093003,127593,18363,18363,"S1991MT093003",1991,site_obsdate,1996,1997,1996-1997,6,28,"Older development, 16-30 years",3,Rangeland or Pasture to Developed,Montana,Silver Bow,CONUS West 2,CONUS,v2025-11,7/1/1991 0:00,7/1/1991 0:00,mollisols,borolls,argiborolls,aridic argiborolls,,45.9986115,-112.6658325,3979,5948,US_NCSS_changed_pedons_1996_to_1997.csv
1950NE019003,788090,2154,2154,"1950NE019003",1950,site_obsdate,1996,1997,1996-1997,47,28,"Older development, 16-30 years",3,Rangeland or Pasture to Developed,Nebraska,Buffalo,CONUS Central 1,CONUS,v2025-11,7/15/1950 0:00,7/13/1950 0:00,mollisols,ustolls,natrustolls,typic natrustolls,fine,40.7427788,-98.7900009,3982,6121,US_NCSS_changed_pedons_1996_to_1997.csv
54NE025001,875305,2255,2255,"54NE025001",1954,site_obsdate,1996,1997,1996-1997,43,28,"Older development, 16-30 years",3,Rangeland or Pasture to Developed,Nebraska,Cass,CONUS Central 1,CONUS,v2025-11,4/4/1954 0:00,4/4/1954 0:00,mollisols,udolls,argiudolls,pachic argiudolls,fine,40.83362198,-96.2169647,3982,6124,US_NCSS_changed_pedons_1996_to_1997.csv
1977NE067002,875328,2163,2163,"1977NE067002",1977,site_obsdate,1996,1997,1996-1997,20,28,"Older development, 16-30 years",3,Rangeland or Pasture to Developed,Nebraska,Gage,CONUS Central 1,CONUS,v2025-11,4/12/1977 0:00,4/12/1977 0:00,mollisols,udolls,argiudolls,aquertic argiudolls,fine,40.3638878,-96.6855545,3982,6145,US_NCSS_changed_pedons_1996_to_1997.csv
1977NE067003,875329,2164,2164,"1977NE067003",1977,site_obsdate,1996,1997,1996-1997,20,28,"Older development, 16-30 years",3,Rangeland or Pasture to Developed,Nebraska,Gage,CONUS Central 1,CONUS,v2025-11,4/12/1977 0:00,4/12/1977 0:00,mollisols,udolls,argiudolls,aquertic argiudolls,fine,40.3638878,-96.6855545,3982,6145,US_NCSS_changed_pedons_1996_to_1997.csv
1980NE121165,251599,8003,8003,"1980NE121165",1980,site_obsdate,1996,1997,1996-1997,17,28,"Older development, 16-30 years",3,Rangeland or Pasture to Developed,Nebraska,Merrick,CONUS Central 1,CONUS,v2025-11,8/19/1980 0:00,8/19/1980 0:00,mollisols,ustolls,haplustolls,pachic haplustolls,coarse-loamy,41.2177778,-98.0019444,3982,6172,US_NCSS_changed_pedons_1996_to_1997.csv
1953NE155004,254521,2189,2189,"1953NE155004",1953,site_obsdate,1996,1997,1996-1997,44,28,"Older development, 16-30 years",3,Rangeland or Pasture to Developed,Nebraska,Saunders,CONUS Central 1,CONUS,v2025-11,3/3/1953 0:00,3/3/1953 0:00,mollisols,udolls,hapludolls,typic hapludolls,coarse-loamy,41.1491667,-96.3488889,3982,6189,US_NCSS_changed_pedons_1996_to_1997.csv
S1957NH017002,873238,457,457,"S1957NH017002",1957,site_obsdate,1996,1997,1996-1997,40,28,"Older development, 16-30 years",2,Forest to Developed,New Hampshire,Strafford,CONUS East 2,CONUS,v2025-11,8/1/1957 0:00,8/1/1957 0:00,inceptisols,udepts,eutrudepts,dystric eutrudepts,fine-silty,43.2611931,-70.9717294,3983,6213,US_NCSS_changed_pedons_1996_to_1997.csv
S1960NJ021001,104217,293,293,"S1960NJ021001",1960,site_obsdate,1996,1997,1996-1997,37,28,"Older development, 16-30 years",1,Agriculture to Developed,New Jersey,Mercer,CONUS East 2,CONUS,v2025-11,8/19/1960 0:00,8/19/1960 0:00,,,,,,40.2724991,-74.6002808,3984,6225,US_NCSS_changed_pedons_1996_to_1997.csv
S1959NJ025002,104226,289,289,"S1959NJ025002",1959,site_obsdate,1996,1997,1996-1997,38,28,"Older development, 16-30 years",2,Forest to Developed,New Jersey,Monmouth,CONUS East 2,CONUS,v2025-11,8/19/1959 0:00,8/19/1959 0:00,,,,,,40.2261124,-74.2222214,3984,6227,US_NCSS_changed_pedons_1996_to_1997.csv
S1976NY045002,110614,1147,1147,"S1976NY045002",1976,site_obsdate,1996,1997,1996-1997,21,28,"Older development, 16-30 years",2,Forest to Developed,New York,Jefferson,CONUS East 1,CONUS,v2025-11,7/14/1976 0:00,7/14/1976 0:00,alfisols,aqualfs,ochraqualfs,aeric ochraqualfs,very-fine,44.0475006,-76.1008301,3988,6308,US_NCSS_changed_pedons_1996_to_1997.csv
1984-OH069-104,751592,69147,67222,"1984-OH069-104",1984,site_obsdate,1996,1997,1996-1997,13,28,"Older development, 16-30 years",1,Agriculture to Developed,Ohio,Henry,CONUS East 1,CONUS,v2025-11,,7/16/1984 0:00,alfisols,aqualfs,epiaqualfs,mollic epiaqualfs,fine,41.3852234,-84.0901108,3989,6382,US_NCSS_changed_pedons_1996_to_1997.csv
S1961PR023003,105453,572,572,"S1961PR023003",1961,site_obsdate,1996,1997,1996-1997,36,28,"Older development, 16-30 years",3,Rangeland or Pasture to Developed,Puerto Rico,Cabo Rojo,Puerto Rico and U.S. Virgin Islands,PRUSVI,v2024-10,12/7/1961 0:00,12/7/1961 0:00,oxisols,ustox,haplustox,rhodic haplustox,fine,18.1247215,-67.1602783,3994,6627,US_NCSS_changed_pedons_1996_to_1997.csv
95SD019001,958944,21925,21925,"95SD019001",1995,site_obsdate,1996,1997,1996-1997,2,28,"Older development, 16-30 years",3,Rangeland or Pasture to Developed,South Dakota,Butte,CONUS Central 1,CONUS,v2025-11,,6/1/1995 0:00,entisols,orthents,torriorthents,ustic torriorthents,clayey,44.7722222,-103.9944444,3998,6769,US_NCSS_changed_pedons_1996_to_1997.csv
S1961-TX389-004-copy,1216707,4251,4251,"S1961-TX389-004-copy",1961,site_obsdate,1996,1997,1996-1997,36,28,"Older development, 16-30 years",3,Rangeland or Pasture to Developed,Texas,Reeves,CONUS Central 1,CONUS,v2025-11,10/26/1961 0:00,10/26/1961 0:00,aridisols,gypsids,petrogypsids,calcic petrogypsids,fine-silty,31.3736115,-103.5283356,4000,7116,US_NCSS_changed_pedons_1996_to_1997.csv
79TX489001,887704,7703,7703,"S1979TX489001",1979,site_obsdate,1996,1997,1996-1997,18,28,"Older development, 16-30 years",3,Rangeland or Pasture to Developed,Texas,Willacy,CONUS Central 1,CONUS,v2025-11,7/1/1979 0:00,7/1/1979 0:00,alfisols,aqualfs,natraqualfs,typic natraqualfs,coarse-loamy,26.5499167,-97.4241667,4000,7166,US_NCSS_changed_pedons_1996_to_1997.csv
74AL081005-pgm,318809,39796,39177,"74AL081005-pgm",1974,site_obsdate,1997,1998,1997-1998,24,27,"Older development, 16-30 years",2,Forest to Developed,Alabama,Lee,CONUS Central 2,CONUS,v2025-11,8/14/1974 0:00,8/14/1974 0:00,ultisols,udults,kanhapludults,arenic kanhapludults,loamy,32.49778366,-85.23917389,3947,4327,US_NCSS_changed_pedons_1997_to_1998.csv
S1956AK170003,109628,607,607,"S1956AK170003",1956,site_obsdate,1997,1998,1997-1998,42,27,"Older development, 16-30 years",3,Rangeland or Pasture to Developed,Alaska,Matanuska-Susitna,Alaska Main,AK,v2024-10,7/20/1956 0:00,7/20/1956 0:00,,,,,,61.5636101,-149.3102722,3946,4275,US_NCSS_changed_pedons_1997_to_1998.csv
81AZ015003,120520,8479,8479,"S1981AZ015003",1981,site_obsdate,1997,1998,1997-1998,17,27,"Older development, 16-30 years",1,Agriculture to Developed,Arizona,Mohave,CONUS West 2,CONUS,v2025-11,,2/1/1981 0:00,entisols,fluvents,torrifluvents,typic torrifluvents,,34.9336128,-114.5872192,3950,4442,US_NCSS_changed_pedons_1997_to_1998.csv
S1968CA057030,108075,5525,5525,"S1968CA057030",1968,site_obsdate,1997,1998,1997-1998,30,27,"Older development, 16-30 years",3,Rangeland or Pasture to Developed,California,Nevada,CONUS West 1,CONUS,v2025-11,9/4/1968 0:00,9/4/1968 0:00,mollisols,xerolls,argixerolls,typic argixerolls,fine-loamy,39.2288895,-121.2013855,3951,4477,US_NCSS_changed_pedons_1997_to_1998.csv
S1969CA061006,98977,5560,5560,"S1969CA061006",1969,site_obsdate,1997,1998,1997-1998,29,27,"Older development, 16-30 years",3,Rangeland or Pasture to Developed,California,Placer,CONUS West 1,CONUS,v2025-11,6/1/1969 0:00,6/1/1969 0:00,alfisols,xeralfs,durixeralfs,abruptic durixeralfs,fine,38.7666664,-121.3555527,3951,4479,US_NCSS_changed_pedons_1997_to_1998.csv
S1955CA071006,100108,2791,2791,"S1955CA071006",1955,site_obsdate,1997,1998,1997-1998,43,27,"Older development, 16-30 years",3,Rangeland or Pasture to Developed,California,San Bernardino,CONUS West 1,CONUS,v2025-11,1/1/1955 0:00,1/1/1955 0:00,entisols,orthents,torriorthents,typic torriorthents,fine-loamy,34.9222221,-117.1197205,3951,4484,US_NCSS_changed_pedons_1997_to_1998.csv
S1957DE001003,109822,3967,3967,"S1957DE001003",1957,site_obsdate,1997,1998,1997-1998,41,27,"Older development, 16-30 years",1,Agriculture to Developed,Delaware,Kent,CONUS East 1,CONUS,v2025-11,6/1/1957 0:00,6/1/1957 0:00,,,,,,39.1672478,-75.4921265,3956,4579,US_NCSS_changed_pedons_1997_to_1998.csv
S1962IL003001,101592,1952,1952,"S1962IL003001",1962,site_obsdate,1997,1998,1997-1998,36,27,"Older development, 16-30 years",3,Rangeland or Pasture to Developed,Illinois,Alexander,CONUS Central 2,CONUS,v2025-11,5/22/1962 0:00,5/22/1962 0:00,,,,,,37.2794456,-89.3352814,3965,4962,US_NCSS_changed_pedons_1997_to_1998.csv
1985IL121010,375380,37306,36691,"1985IL121010",1985,site_obsdate,1997,1998,1997-1998,13,27,"Older development, 16-30 years",3,Rangeland or Pasture to Developed,Illinois,Marion,CONUS Central 2,CONUS,v2025-11,4/1/1985 0:00,4/1/1985 0:00,alfisols,udalfs,natrudalfs,aquic natrudalfs,fine-silty,38.6278083,-88.9767389,3965,5021,US_NCSS_changed_pedons_1997_to_1998.csv
S1972IN099008,1106801,37851,37236,"S1972IN099008",1972,site_obsdate,1997,1998,1997-1998,26,27,"Older development, 16-30 years",1,Agriculture to Developed,Indiana,Marshall,CONUS Central 2,CONUS,v2025-11,10/19/1972 0:00,10/19/1972 0:00,entisols,psamments,udipsamments,oxyaquic udipsamments,,41.1787944,-86.4542306,3966,5112,US_NCSS_changed_pedons_1997_to_1998.csv
1979IN125008,313588,38786,38171,"1979IN125008",1979,site_obsdate,1997,1998,1997-1998,19,27,"Older development, 16-30 years",1,Agriculture to Developed,Indiana,Pike,CONUS Central 2,CONUS,v2025-11,4/27/1979 0:00,4/27/1979 0:00,ultisols,udults,hapludults,typic hapludults,fine-silty,38.444125,-87.2814111,3966,5125,US_NCSS_changed_pedons_1997_to_1998.csv
1984IN157025,314329,39313,38698,"1984IN157025",1984,site_obsdate,1997,1998,1997-1998,14,27,"Older development, 16-30 years",3,Rangeland or Pasture to Developed,Indiana,Tippecanoe,CONUS Central 2,CONUS,v2025-11,2/23/1984 0:00,2/23/1984 0:00,alfisols,udalfs,hapludalfs,mollic hapludalfs,fine-silty,40.3592639,-86.88990021,3966,5141,US_NCSS_changed_pedons_1997_to_1998.csv
S1982IA105012,947441,70780,68808,"S1982IA105012",1982,site_obsdate,1997,1998,1997-1998,16,27,"Older development, 16-30 years",3,Rangeland or Pasture to Developed,Iowa,Jones,CONUS Central 2,CONUS,v2025-11,,6/25/1982 0:00,Mollisols,Aquolls,,,sandy-skeletal,42.2103903,-91.1901245,3963,4870,US_NCSS_changed_pedons_1997_to_1998.csv
S1992IA133004,107407,19953,19953,"S1992IA133004",1991,site_obsdate,1997,1998,1997-1998,7,27,"Older development, 16-30 years",1,Agriculture to Developed,Iowa,Monona,CONUS Central 1,CONUS,v2025-11,8/8/1991 0:00,8/8/1991 0:00,mollisols,udolls,hapludolls,aquic hapludolls,,41.9961128,-96.0641632,3963,4884,US_NCSS_changed_pedons_1997_to_1998.csv
S1962ME005008,110129,1240,1240,"S1962ME005008",1962,site_obsdate,1997,1998,1997-1998,36,27,"Older development, 16-30 years",2,Forest to Developed,Maine,Cumberland,CONUS East 2,CONUS,v2025-11,9/14/1962 0:00,9/14/1962 0:00,inceptisols,ochrepts,eutrochrepts,aquic dystric eutrochrepts,fine,43.60746002,-70.4024811,3972,5484,US_NCSS_changed_pedons_1997_to_1998.csv
S1976MN0272250,582795,55684,54883,"S1976MN0272250",1976,site_obsdate,1997,1998,1997-1998,22,27,"Older development, 16-30 years",1,Agriculture to Developed,Minnesota,Clay,CONUS Central 1,CONUS,v2025-11,10/12/1976 0:00,10/12/1976 0:00,mollisols,udolls,hapludolls,aquic hapludolls,coarse-loamy over clayey,46.8376122,-96.6543503,3975,5627,US_NCSS_changed_pedons_1997_to_1998.csv
S1978MN133008 (2736),583034,55912,55111,"S1978MN133008 (2736)",1978,site_obsdate,1997,1998,1997-1998,20,27,"Older development, 16-30 years",3,Rangeland or Pasture to Developed,Minnesota,Rock,CONUS Central 1,CONUS,v2025-11,6/20/1978 0:00,6/20/1978 0:00,mollisols,ustolls,haplustolls,udic haplustolls,fine-silty,43.674511,-96.4098358,3975,5680,US_NCSS_changed_pedons_1997_to_1998.csv
S1956MS035001,102981,4571,4571,"S1956MS035001",1956,site_obsdate,1997,1998,1997-1998,42,27,"Older development, 16-30 years",2,Forest to Developed,Mississippi,Forrest,CONUS Central 2,CONUS,v2025-11,1/1/1956 0:00,1/1/1956 0:00,,,,,,31.35048103,-89.1878357,3978,5837,US_NCSS_changed_pedons_1997_to_1998.csv
S1963MS035003,102985,4564,4564,"S1963MS035003",1963,site_obsdate,1997,1998,1997-1998,35,27,"Older development, 16-30 years",1,Agriculture to Developed,Mississippi,Forrest,CONUS Central 2,CONUS,v2025-11,1/1/1963 0:00,1/1/1963 0:00,,,,,,31.3835354,-89.2075577,3978,5837,US_NCSS_changed_pedons_1997_to_1998.csv
1995MO067057,85745,43195,42481,"1995MO067057",1995,site_obsdate,1997,1998,1997-1998,3,27,"Older development, 16-30 years",2,Forest to Developed,Missouri,Douglas,CONUS Central 2,CONUS,v2025-11,7/31/1995 0:00,7/31/1995 0:00,alfisols,udalfs,hapludalfs,typic hapludalfs,loamy-skeletal over clayey,36.9642397,-92.6715624,3976,5734,US_NCSS_changed_pedons_1997_to_1998.csv
1995MO099261,87136,49543,48829,"1995MO099261",1995,site_obsdate,1997,1998,1997-1998,3,27,"Older development, 16-30 years",1,Agriculture to Developed,Missouri,Jefferson,CONUS Central 2,CONUS,v2025-11,,6/28/1995 0:00,Alfisols,Udalfs,Hapludalfs,Aquic Hapludalfs,,38.4397741,-90.4926074,3976,5750,US_NCSS_changed_pedons_1997_to_1998.csv
1986MO195009m,42933,49987,49273,"1986MO195009m",1987,site_obsdate,1997,1998,1997-1998,11,27,"Older development, 16-30 years",3,Rangeland or Pasture to Developed,Missouri,Saline,CONUS Central 2,CONUS,v2025-11,4/10/1987 0:00,4/10/1987 0:00,entisols,aquents,fluvaquents,aeric fluvaquents,fine-silty,39.1394463,-93.43416595,3976,5797,US_NCSS_changed_pedons_1997_to_1998.csv
1989MO183017,126334,16749,16749,"S1989MO183017",1989,site_obsdate,1997,1998,1997-1998,9,27,"Older development, 16-30 years",3,Rangeland or Pasture to Developed,Missouri,St. Charles,CONUS Central 2,CONUS,v2025-11,12/1/1989 0:00,12/1/1989 0:00,mollisols,aquolls,endoaquolls,fluvaquentic endoaquolls,clayey over loamy,38.8644447,-90.1658325,3976,5792,US_NCSS_changed_pedons_1997_to_1998.csv
S1953NE079006,103876,2281,2281,"S1953NE079006",1953,site_obsdate,1997,1998,1997-1998,45,27,"Older development, 16-30 years",3,Rangeland or Pasture to Developed,Nebraska,Hall,CONUS Central 1,CONUS,v2025-11,7/7/1953 0:00,7/7/1953 0:00,mollisols,aquolls,endoaquolls,fluvaquentic endoaquolls,coarse-loamy,40.79055405,-98.5116653,3982,6151,US_NCSS_changed_pedons_1997_to_1998.csv
S1959NV003006,104523,3052,3052,"S1959NV003006",1959,site_obsdate,1997,1998,1997-1998,39,27,"Older development, 16-30 years",1,Agriculture to Developed,Nevada,Clark,CONUS West 2,CONUS,v2025-11,3/1/1959 0:00,3/1/1959 0:00,inceptisols,aquepts,haplaquepts,aeric haplaquepts,fine,36.6169434,-114.4827805,3987,6270,US_NCSS_changed_pedons_1997_to_1998.csv
85NJ033020,123252,12959,12959,"S1985NJ033020",1985,site_obsdate,1997,1998,1997-1998,13,27,"Older development, 16-30 years",1,Agriculture to Developed,New Jersey,Cumberland,CONUS East 1,CONUS,v2025-11,9/3/1985 0:00,9/1/1985 0:00,ultisols,udults,hapludults,typic hapludults,fine-silty,39.5349998,-75.2366638,3984,6231,US_NCSS_changed_pedons_1997_to_1998.csv
87NC007001,124201,14086,14086,"S1987NC007001",1987,site_obsdate,1997,1998,1997-1998,11,27,"Older development, 16-30 years",1,Agriculture to Developed,North Carolina,Anson,CONUS East 1,CONUS,v2025-11,5/3/1987 0:00,5/1/1987 0:00,alfisols,udalfs,hapludalfs,aquic hapludalfs,fine-loamy,34.9963875,-80.20666504,3980,5962,US_NCSS_changed_pedons_1997_to_1998.csv
S1973OK131001,110635,4502,4502,"S1973OK131001",1973,site_obsdate,1997,1998,1997-1998,25,27,"Older development, 16-30 years",2,Forest to Developed,Oklahoma,Rogers,CONUS Central 1,CONUS,v2025-11,6/1/1973 0:00,6/1/1973 0:00,mollisols,udolls,argiudolls,vertic argiudolls,fine,36.1863899,-95.7861099,3990,6501,US_NCSS_changed_pedons_1997_to_1998.csv
1970PA099006,422385,54199,53398,"1970PA099006",1970,site_obsdate,1997,1998,1997-1998,28,27,"Older development, 16-30 years",2,Forest to Developed,Pennsylvania,Perry,CONUS East 1,CONUS,v2025-11,6/16/1970 0:00,6/16/1970 0:00,ultisols,udults,hapludults,typic hapludults,loamy-skeletal,40.4391667,-77.1563889,3992,6598,US_NCSS_changed_pedons_1997_to_1998.csv
S1958PR135002,1176497,524,524,"S1958PR135002",1958,site_obsdate,1997,1998,1997-1998,40,27,"Older development, 16-30 years",3,Rangeland or Pasture to Developed,Puerto Rico,Toa Alta,Puerto Rico and U.S. Virgin Islands,PRUSVI,v2024-10,11/6/1958 0:00,11/6/1958 0:00,mollisols,rendolls,haprendolls,typic haprendolls,coarse-loamy,18.3697224,-66.2630539,3994,6684,US_NCSS_changed_pedons_1997_to_1998.csv
S1963TX049090,105965,4319,4319,"S1963TX049090",1963,site_obsdate,1997,1998,1997-1998,35,27,"Older development, 16-30 years",3,Rangeland or Pasture to Developed,Texas,Brown,CONUS Central 1,CONUS,v2025-11,7/3/1963 0:00,7/3/1963 0:00,mollisols,ustolls,argiustolls,vertic argiustolls,fine,31.9447231,-98.8683319,4000,6946,US_NCSS_changed_pedons_1997_to_1998.csv
77AL033006-pgm,305217,39741,39122,"77AL033006-pgm",1977,site_obsdate,1998,1999,1998-1999,22,26,"Older development, 16-30 years",3,Rangeland or Pasture to Developed,Alabama,Colbert,CONUS Central 2,CONUS,v2025-11,4/27/1977 0:00,4/27/1977 0:00,ultisols,udults,paleudults,rhodic paleudults,fine,34.83000565,-87.97666931,3947,4303,US_NCSS_changed_pedons_1998_to_1999.csv
S1967AZ013011,107804,5456,5456,"S1967AZ013011",1967,site_obsdate,1998,1999,1998-1999,32,26,"Older development, 16-30 years",3,Rangeland or Pasture to Developed,Arizona,Maricopa,CONUS West 2,CONUS,v2025-11,10/13/1967 0:00,10/13/1967 0:00,entisols,orthents,torriorthents,typic torriorthents,fine-silty,33.4474983,-112.2233353,3950,4441,US_NCSS_changed_pedons_1998_to_1999.csv
76CA033062,955614,3200,3200,"76CA033062",1976,site_obsdate,1998,1999,1998-1999,23,26,"Older development, 16-30 years",2,Forest to Developed,California,Lake,CONUS West 1,CONUS,v2025-11,,6/1/1976 0:00,inceptisols,ochrepts,xerochrepts,typic xerochrepts,loamy-skeletal,38.9338889,-122.7313889,3951,4465,US_NCSS_changed_pedons_1998_to_1999.csv
S1957CA065004,100084,2798,2798,"S1957CA065004",1957,site_obsdate,1998,1999,1998-1999,42,26,"Older development, 16-30 years",3,Rangeland or Pasture to Developed,California,Riverside,CONUS West 1,CONUS,v2025-11,6/4/1957 0:00,6/4/1957 0:00,aridisols,ochrepts,xerochrepts,lithic xerochrepts,loamy,33.7061119,-117.2911148,3951,4481,US_NCSS_changed_pedons_1998_to_1999.csv
79CA077001,119956,7324,7324,"S1979CA077001",1979,site_obsdate,1998,1999,1998-1999,20,26,"Older development, 16-30 years",3,Rangeland or Pasture to Developed,California,San Joaquin,CONUS West 1,CONUS,v2025-11,6/3/1979 0:00,6/1/1979 0:00,mollisols,xerolls,haploxerolls,typic haploxerolls,coarse-loamy,37.8121338,-121.2560196,3951,4487,US_NCSS_changed_pedons_1998_to_1999.csv
S1966CA093007,100221,2912,2912,"S1966CA093007",1966,site_obsdate,1998,1999,1998-1999,33,26,"Older development, 16-30 years",3,Rangeland or Pasture to Developed,California,Siskiyou,CONUS West 1,CONUS,v2025-11,5/26/1966 0:00,5/26/1966 0:00,vertisols,xererts,durixererts,chromic durixererts,fine,41.8025017,-122.4463882,3951,4495,US_NCSS_changed_pedons_1998_to_1999.csv
S1953FL115013,100606,4796,4796,"S1953FL115013",1953,site_obsdate,1998,1999,1998-1999,46,26,"Older development, 16-30 years",2,Forest to Developed,Florida,Sarasota,CONUS East 1,CONUS,v2025-11,4/1/1953 0:00,4/1/1953 0:00,,,,,,27.1025543,-82.3873672,3957,4639,US_NCSS_changed_pedons_1998_to_1999.csv
1987IL105012,253423,37730,37115,"1987IL105012",1987,site_obsdate,1998,1999,1998-1999,12,26,"Older development, 16-30 years",1,Agriculture to Developed,Illinois,Livingston,CONUS Central 2,CONUS,v2025-11,1/5/1987 0:00,1/1/1987 0:00,mollisols,udolls,argiudolls,aquic argiudolls,fine,40.9483556,-88.4344875,3965,5013,US_NCSS_changed_pedons_1998_to_1999.csv
1979IN077021,313663,38720,38105,"1979IN077021",1979,site_obsdate,1998,1999,1998-1999,20,26,"Older development, 16-30 years",3,Rangeland or Pasture to Developed,Indiana,Jefferson,CONUS Central 2,CONUS,v2025-11,9/17/1979 0:00,9/17/1979 0:00,alfisols,udalfs,hapludalfs,ultic hapludalfs,fine-loamy,38.8061944,-85.6729444,3966,5101,US_NCSS_changed_pedons_1998_to_1999.csv
1976IN083019,313340,38121,37506,"1976IN083019",1976,site_obsdate,1998,1999,1998-1999,23,26,"Older development, 16-30 years",3,Rangeland or Pasture to Developed,Indiana,Knox,CONUS Central 2,CONUS,v2025-11,10/5/1976 0:00,10/5/1976 0:00,mollisols,udolls,hapludolls,fluventic hapludolls,fine-silty,38.8402583,-87.1873083,3966,5104,US_NCSS_changed_pedons_1998_to_1999.csv
2017IN137003,1221933,38909,38294,"2017IN137001",1978,site_obsdate,1998,1999,1998-1999,21,26,"Older development, 16-30 years",3,Rangeland or Pasture to Developed,Indiana,Ripley,CONUS Central 2,CONUS,v2025-11,11/1/1978 0:00,11/1/1978 0:00,ultisols,udults,fragiudults,aquic fragiudults,fine-silty,38.972131,-85.157077,3966,5131,US_NCSS_changed_pedons_1998_to_1999.csv
1975IN181010,922518,38927,38312,"1975IN181010",1975,site_obsdate,1998,1999,1998-1999,24,26,"Older development, 16-30 years",3,Rangeland or Pasture to Developed,Indiana,White,CONUS Central 2,CONUS,v2025-11,3/26/1975 0:00,3/26/1975 0:00,alfisols,aqualfs,endoaqualfs,umbric endoaqualfs,fine-loamy,40.7997472,-86.8909306,3966,5153,US_NCSS_changed_pedons_1998_to_1999.csv
S1987IA005001,836476,70879,68907,"S1987IA005001",1987,site_obsdate,1998,1999,1998-1999,12,26,"Older development, 16-30 years",1,Agriculture to Developed,Iowa,Allamakee,CONUS Central 2,CONUS,v2025-11,1/11/1987 0:00,1/11/1987 0:00,mollisols,udolls,hapludolls,entic hapludolls,sandy,43.4487918,-91.3166324,3963,4820,US_NCSS_changed_pedons_1998_to_1999.csv
1984IA0130021,869494,12243,12243,"S1984IA0130021",1984,site_obsdate,1998,1999,1998-1999,15,26,"Older development, 16-30 years",1,Agriculture to Developed,Iowa,Black Hawk,CONUS Central 2,CONUS,v2025-11,11/1/1984 0:00,11/1/1984 0:00,inceptisols,udepts,eutrudepts,dystric eutrudepts,fine-loamy,42.4322222,-92.3241667,3963,4824,US_NCSS_changed_pedons_1998_to_1999.csv
S1992IA133002,101267,19951,19951,"S1992IA133002",1989,site_obsdate,1998,1999,1998-1999,10,26,"Older development, 16-30 years",3,Rangeland or Pasture to Developed,Iowa,Monona,CONUS Central 1,CONUS,v2025-11,,8/17/1989 0:00,entisols,aquents,fluvaquents,mollic fluvaquents,fine-silty over clayey,42.2000008,-96.2908325,3963,4884,US_NCSS_changed_pedons_1998_to_1999.csv
94MD003014,804407,21667,21667,"S1994MD003014",1994,site_obsdate,1998,1999,1998-1999,5,26,"Older development, 16-30 years",1,Agriculture to Developed,Maryland,Anne Arundel,CONUS East 1,CONUS,v2025-11,9/13/1994 0:00,9/13/1994 0:00,ultisols,udults,paleudults,typic paleudults,fine-loamy,39.0369453,-76.6705551,3971,5459,US_NCSS_changed_pedons_1998_to_1999.csv
55MD031001,796759,1164,1164,"S1955MD031001",1955,site_obsdate,1998,1999,1998-1999,44,26,"Older development, 16-30 years",2,Forest to Developed,Maryland,Montgomery,CONUS East 1,CONUS,v2025-11,6/1/1955 0:00,6/1/1955 0:00,,,,,,39.0496091,-76.9496866,3971,5472,US_NCSS_changed_pedons_1998_to_1999.csv
S1967MI035001,102609,1922,1922,"S1967MI035001",1967,site_obsdate,1998,1999,1998-1999,32,26,"Older development, 16-30 years",1,Agriculture to Developed,Michigan,Clare,CONUS East 1,CONUS,v2025-11,10/10/1967 0:00,10/10/1967 0:00,mollisols,aquolls,epiaquolls,typic epiaquolls,fine,43.8497238,-84.7918625,3974,5548,US_NCSS_changed_pedons_1998_to_1999.csv
1990MO019013,92161,42211,41497,"1990MO019013",1990,site_obsdate,1998,1999,1998-1999,9,26,"Older development, 16-30 years",3,Rangeland or Pasture to Developed,Missouri,Boone,CONUS Central 2,CONUS,v2025-11,,5/7/1990 0:00,mollisols,udolls,hapludolls,fluvaquentic hapludolls,,38.8782147,-92.4710645,3976,5710,US_NCSS_changed_pedons_1998_to_1999.csv
1990MO019025,92172,42260,41546,"1990MO019025",1990,site_obsdate,1998,1999,1998-1999,9,26,"Older development, 16-30 years",2,Forest to Developed,Missouri,Boone,CONUS Central 2,CONUS,v2025-11,,7/20/1990 0:00,mollisols,aquolls,endoaquolls,vertic endoaquolls,,38.9078206,-92.433226,3976,5710,US_NCSS_changed_pedons_1998_to_1999.csv
1995MO077004,94227,44079,43365,"1995MO077004",1995,site_obsdate,1998,1999,1998-1999,4,26,"Older development, 16-30 years",3,Rangeland or Pasture to Developed,Missouri,Greene,CONUS Central 2,CONUS,v2025-11,3/31/1995 0:00,3/31/1995 0:00,alfisols,udalfs,paleudalfs,typic paleudalfs,,37.1019528,-93.33805084,3976,5739,US_NCSS_changed_pedons_1998_to_1999.csv
1995MO091111,89007,49040,48326,"1995MO091111",1995,site_obsdate,1998,1999,1998-1999,4,26,"Older development, 16-30 years",2,Forest to Developed,Missouri,Howell,CONUS Central 2,CONUS,v2025-11,8/29/1995 0:00,8/29/1995 0:00,ultisols,udults,paleudults,aquic paleudults,fine-loamy,36.9914556,-91.9880806,3976,5746,US_NCSS_changed_pedons_1998_to_1999.csv
1992MO099162,88398,42968,42254,"1992MO099162",1992,site_obsdate,1998,1999,1998-1999,7,26,"Older development, 16-30 years",2,Forest to Developed,Missouri,Jefferson,CONUS Central 2,CONUS,v2025-11,,12/7/1992 0:00,alfisols,udalfs,hapludalfs,typic hapludalfs,,38.2947763,-90.391215,3976,5750,US_NCSS_changed_pedons_1998_to_1999.csv
1996MO209206,94601,48017,47303,"1996MO209206",1996,site_obsdate,1998,1999,1998-1999,3,26,"Older development, 16-30 years",2,Forest to Developed,Missouri,Stone,CONUS Central 2,CONUS,v2025-11,10/2/1996 0:00,10/2/1996 0:00,mollisols,udolls,hapludolls,cumulic hapludolls,loamy-skeletal,36.6939111,-93.3280139,3976,5804,US_NCSS_changed_pedons_1998_to_1999.csv
1991MO215012,698875,44458,43744,"1991MO215012",1991,site_obsdate,1998,1999,1998-1999,8,26,"Older development, 16-30 years",2,Forest to Developed,Missouri,Texas,CONUS Central 2,CONUS,v2025-11,9/12/1991 0:00,9/12/1991 0:00,ultisols,udults,paleudults,typic paleudults,loamy-skeletal over clayey,37.1877861,-91.7079472,3976,5807,US_NCSS_changed_pedons_1998_to_1999.csv
84NE019001,110289,11895,11895,"S1984NE019001",1984,site_obsdate,1998,1999,1998-1999,15,26,"Older development, 16-30 years",3,Rangeland or Pasture to Developed,Nebraska,Buffalo,CONUS Central 1,CONUS,v2025-11,6/3/1984 0:00,6/1/1984 0:00,mollisols,ustolls,haplustolls,fluvaquentic haplustolls,coarse-loamy over sandy or sandy-skeletal,40.6816673,-98.9000015,3982,6121,US_NCSS_changed_pedons_1998_to_1999.csv
98NE109001,108806,23818,23818,"S1998NE109001",1998,site_obsdate,1998,1999,1998-1999,1,26,"Older development, 16-30 years",3,Rangeland or Pasture to Developed,Nebraska,Lancaster,CONUS Central 1,CONUS,v2025-11,5/5/1998 0:00,5/5/1998 0:00,mollisols,udolls,argiudolls,typic argiudolls,,40.7613907,-96.7997208,3982,6166,US_NCSS_changed_pedons_1998_to_1999.csv
98NE109002,108885,23819,23819,"S1998NE109002",1998,site_obsdate,1998,1999,1998-1999,1,26,"Older development, 16-30 years",3,Rangeland or Pasture to Developed,Nebraska,Lancaster,CONUS Central 1,CONUS,v2025-11,5/5/1998 0:00,5/5/1998 0:00,,,,,,40.7613907,-96.7997208,3982,6166,US_NCSS_changed_pedons_1998_to_1999.csv
98NE109003,108803,23820,23820,"S1998NE109003",1998,site_obsdate,1998,1999,1998-1999,1,26,"Older development, 16-30 years",3,Rangeland or Pasture to Developed,Nebraska,Lancaster,CONUS Central 1,CONUS,v2025-11,5/5/1998 0:00,5/5/1998 0:00,,,,,,40.7613907,-96.7997208,3982,6166,US_NCSS_changed_pedons_1998_to_1999.csv
1980NE121165,251599,8003,8003,"1980NE121165",1980,site_obsdate,1998,1999,1998-1999,19,26,"Older development, 16-30 years",3,Rangeland or Pasture to Developed,Nebraska,Merrick,CONUS Central 1,CONUS,v2025-11,8/19/1980 0:00,8/19/1980 0:00,mollisols,ustolls,haplustolls,pachic haplustolls,coarse-loamy,41.2177778,-98.0019444,3982,6172,US_NCSS_changed_pedons_1998_to_1999.csv
S1961NJ005001,104162,325,325,"S1961NJ005001",1961,site_obsdate,1998,1999,1998-1999,38,26,"Older development, 16-30 years",3,Rangeland or Pasture to Developed,New Jersey,Burlington,CONUS East 2,CONUS,v2025-11,7/25/1961 0:00,7/25/1961 0:00,,,,,,39.8455544,-74.71055603,3984,6217,US_NCSS_changed_pedons_1998_to_1999.csv
S1957NJ023004,1100478,327,327,"S1957NJ023004",1957,site_obsdate,1998,1999,1998-1999,42,26,"Older development, 16-30 years",1,Agriculture to Developed,New Jersey,Middlesex,CONUS East 2,CONUS,v2025-11,3/28/1957 0:00,3/28/1957 0:00,ultisols,udults,hapludults,aquic hapludults,fine-loamy,40.33222198,-74.5811081,3984,6226,US_NCSS_changed_pedons_1998_to_1999.csv
85NJ033014,1100460,12953,12953,"S1985NJ033014",1985,site_obsdate,1998,1999,1998-1999,14,26,"Older development, 16-30 years",2,Forest to Developed,New Jersey,Salem,CONUS East 1,CONUS,v2025-11,9/3/1985 0:00,9/1/1985 0:00,alfisols,udalfs,hapludalfs,typic hapludalfs,fine-loamy,39.56416702,-75.3319473,3984,6231,US_NCSS_changed_pedons_1998_to_1999.csv
92NJ041003,104271,19231,19231,"S1992NJ041003",1992,site_obsdate,1998,1999,1998-1999,7,26,"Older development, 16-30 years",2,Forest to Developed,New Jersey,Warren,CONUS East 2,CONUS,v2025-11,4/1/1992 0:00,4/1/1992 0:00,alfisols,udalfs,hapludalfs,typic hapludalfs,,40.94083405,-74.8236084,3984,6235,US_NCSS_changed_pedons_1998_to_1999.csv
88NY099003,125684,15909,15909,"S1988NY099003",1988,site_obsdate,1998,1999,1998-1999,11,26,"Older development, 16-30 years",3,Rangeland or Pasture to Developed,New York,Seneca,CONUS East 1,CONUS,v2025-11,7/1/1988 0:00,7/1/1988 0:00,aridisols,aquepts,haplaquepts,aeric haplaquepts,fine-loamy,42.58611298,-76.7922211,3988,6335,US_NCSS_changed_pedons_1998_to_1999.csv
77ND025002,47802,2668,2668,"77ND025002",1977,site_obsdate,1998,1999,1998-1999,22,26,"Older development, 16-30 years",3,Rangeland or Pasture to Developed,North Dakota,Dunn,CONUS Central 1,CONUS,v2025-11,6/17/1977 0:00,6/17/1977 0:00,,,,,,47.00329208,-102.6939011,3981,6071,US_NCSS_changed_pedons_1998_to_1999.csv
58ND089014,47459,4933,4933,"58ND089014",1958,site_obsdate,1998,1999,1998-1999,41,26,"Older development, 16-30 years",3,Rangeland or Pasture to Developed,North Dakota,Stark,CONUS Central 1,CONUS,v2025-11,,7/23/1958 0:00,,,,,,46.8769444,-102.3377778,3981,6103,US_NCSS_changed_pedons_1998_to_1999.csv
S1958OH003101,907429,67052,65127,"S1958OH003101",1958,site_obsdate,1998,1999,1998-1999,41,26,"Older development, 16-30 years",1,Agriculture to Developed,Ohio,Allen,CONUS East 1,CONUS,v2025-11,10/6/1958 0:00,10/6/1958 0:00,alfisols,udalfs,hapludalfs,oxyaquic hapludalfs,fine,40.6801682,-83.9377747,3989,6349,US_NCSS_changed_pedons_1998_to_1999.csv
S1961OR027006,105050,815,815,"S1961OR027006",1961,site_obsdate,1998,1999,1998-1999,38,26,"Older development, 16-30 years",2,Forest to Developed,Oregon,Hood River,CONUS West 1,CONUS,v2025-11,10/30/1961 0:00,10/30/1961 0:00,alfisols,xeralfs,palexeralfs,ultic palexeralfs,fine-loamy,45.6713905,-121.5830536,3991,6526,US_NCSS_changed_pedons_1998_to_1999.csv
S1959OR067003,105316,896,896,"S1959OR067003",1959,site_obsdate,1998,1999,1998-1999,40,26,"Older development, 16-30 years",2,Forest to Developed,Oregon,Washington,CONUS West 1,CONUS,v2025-11,7/26/1959 0:00,7/26/1959 0:00,alfisols,xeralfs,haploxeralfs,ultic haploxeralfs,fine-silty,45.3844452,-122.809166,3991,6546,US_NCSS_changed_pedons_1998_to_1999.csv
91PA017006,73768,18963,18963,"S1991PA017006",1991,site_obsdate,1998,1999,1998-1999,8,26,"Older development, 16-30 years",1,Agriculture to Developed,Pennsylvania,Bucks,CONUS East 2,CONUS,v2025-11,10/9/1991 0:00,10/10/1991 0:00,alfisols,udalfs,hapludalfs,typic hapludalfs,loamy-skeletal,40.3177795,-74.9238892,3992,6557,US_NCSS_changed_pedons_1998_to_1999.csv
1971PA027029,421927,53689,52888,"1971PA027029",1971,site_obsdate,1998,1999,1998-1999,28,26,"Older development, 16-30 years",1,Agriculture to Developed,Pennsylvania,Centre,CONUS East 1,CONUS,v2025-11,5/25/1971 0:00,5/25/1971 0:00,ultisols,udults,hapludults,typic hapludults,fine-loamy,40.9166667,-77.6769444,3992,6562,US_NCSS_changed_pedons_1998_to_1999.csv
1960PA091002,868912,54160,53359,"608",1960,site_obsdate,1998,1999,1998-1999,39,26,"Older development, 16-30 years",1,Agriculture to Developed,Pennsylvania,Montgomery,CONUS East 1,CONUS,v2025-11,5/31/1960 0:00,5/31/1960 0:00,Alfisols,Ustalfs,Fragiudalfs,Aquic Fragiudalfs,coarse-silty,40.1966667,-75.16999817,3992,6594,US_NCSS_changed_pedons_1998_to_1999.csv
1974PA097012,422379,54192,53391,"1974PA097012",1974,site_obsdate,1998,1999,1998-1999,25,26,"Older development, 16-30 years",4,Other to Developed,Pennsylvania,Northumberland,CONUS East 1,CONUS,v2025-11,6/20/1974 0:00,6/20/1974 0:00,Entisols,,,,sandy,40.9894444,-76.8555556,3992,6597,US_NCSS_changed_pedons_1998_to_1999.csv
89PR101002,125666,15890,15890,"S1989PR101002",1989,site_obsdate,1998,1999,1998-1999,10,26,"Older development, 16-30 years",3,Rangeland or Pasture to Developed,Puerto Rico,Morovis,Puerto Rico and U.S. Virgin Islands,PRUSVI,v2024-10,2/1/1989 0:00,2/1/1989 0:00,vertisols,aquerts,dystraquerts,chromic dystraquerts,fine,18.3255558,-66.4436111,3994,6667,US_NCSS_changed_pedons_1998_to_1999.csv
S1962TX085001,105994,4291,4291,"S1962TX085001",1962,site_obsdate,1998,1999,1998-1999,37,26,"Older development, 16-30 years",2,Forest to Developed,Texas,Collin,CONUS Central 1,CONUS,v2025-11,9/11/1962 0:00,9/11/1962 0:00,mollisols,ustolls,haplustolls,udorthentic haplustolls,clayey,33.1269455,-96.8386078,4000,6964,US_NCSS_changed_pedons_1998_to_1999.csv
S1974UT021010,175020,6278,6278,"S1974UT021010",1971,site_obsdate,1998,1999,1998-1999,28,26,"Older development, 16-30 years",3,Rangeland or Pasture to Developed,Utah,Iron,CONUS West 2,CONUS,v2025-11,7/19/1971 0:00,7/19/1971 0:00,aridisols,orthids,paleorthids,xerollic paleorthids,loamy,37.6641426,-113.0857925,4002,7195,US_NCSS_changed_pedons_1998_to_1999.csv
S1961WA043001,106759,980,980,"S1961WA043001",1961,site_obsdate,1998,1999,1998-1999,38,26,"Older development, 16-30 years",3,Rangeland or Pasture to Developed,Washington,Lincoln,CONUS West 1,CONUS,v2025-11,5/19/1961 0:00,5/19/1961 0:00,,,,,,47.8280563,-118.5266647,4006,7389,US_NCSS_changed_pedons_1998_to_1999.csv
S1977WI049002,110976,4952,4952,"S1977WI049002",1977,site_obsdate,1998,1999,1998-1999,22,26,"Older development, 16-30 years",3,Rangeland or Pasture to Developed,Wisconsin,Iowa,CONUS Central 2,CONUS,v2025-11,8/8/1977 0:00,8/8/1977 0:00,mollisols,udolls,argiudolls,typic argiudolls,fine,42.9694443,-90.0008316,4007,7431,US_NCSS_changed_pedons_1998_to_1999.csv
S1965WY013017,107229,2947,2947,"S1965WY013017",1965,site_obsdate,1998,1999,1998-1999,34,26,"Older development, 16-30 years",3,Rangeland or Pasture to Developed,Wyoming,Fremont,CONUS West 2,CONUS,v2025-11,10/28/1965 0:00,10/28/1965 0:00,,,,,,43.2144432,-108.4602814,4009,7540,US_NCSS_changed_pedons_1998_to_1999.csv
81AL131001,120514,8473,8473,"S1981AL131001",1981,site_obsdate,1999,2000,1999-2000,19,25,"Older development, 16-30 years",3,Rangeland or Pasture to Developed,Alabama,Wilcox,CONUS Central 2,CONUS,v2025-11,3/3/1981 0:00,3/1/1981 0:00,ultisols,udults,paleudults,plinthic paleudults,fine-loamy,32.0238876,-87.316391,3947,4352,US_NCSS_changed_pedons_1999_to_2000.csv
84AZ013008,121986,11267,11267,"S1984AZ013008",1984,site_obsdate,1999,2000,1999-2000,16,25,"Older development, 16-30 years",3,Rangeland or Pasture to Developed,Arizona,Maricopa,CONUS West 2,CONUS,v2025-11,2/3/1984 0:00,2/1/1984 0:00,aridisols,orthids,salorthids,aquollic salorthids,fine-silty,33.3525009,-112.2547226,3950,4441,US_NCSS_changed_pedons_1999_to_2000.csv
83AR051003,122115,11478,11478,"S1983AR051003",1983,site_obsdate,1999,2000,1999-2000,17,25,"Older development, 16-30 years",2,Forest to Developed,Arkansas,Garland,CONUS Central 2,CONUS,v2025-11,10/1/1983 0:00,10/1/1983 0:00,ultisols,udults,hapludults,aquic hapludults,,34.4791679,-93.2708359,3948,4379,US_NCSS_changed_pedons_1999_to_2000.csv
1972AR07502,816442,58894,58091,"1972AR07502",1972,site_obsdate,1999,2000,1999-2000,28,25,"Older development, 16-30 years",2,Forest to Developed,Arkansas,Lawrence,CONUS Central 2,CONUS,v2025-11,9/18/2017 0:00,6/1/1972 0:00,alfisols,udalfs,hapludalfs,typic hapludalfs,fine-loamy,35.94469833,-91.33860016,3948,4391,US_NCSS_changed_pedons_1999_to_2000.csv
S1969CA061003,108088,5558,5558,"S1969CA061003",1969,site_obsdate,1999,2000,1999-2000,31,25,"Older development, 16-30 years",3,Rangeland or Pasture to Developed,California,Placer,CONUS West 1,CONUS,v2025-11,5/6/1969 0:00,5/6/1969 0:00,inceptisols,ochrepts,durochrepts,entic durochrepts,coarse-loamy,38.7663879,-121.3550034,3951,4479,US_NCSS_changed_pedons_1999_to_2000.csv
S1969CA061004,98976,5559,5559,"S1969CA061004",1969,site_obsdate,1999,2000,1999-2000,31,25,"Older development, 16-30 years",3,Rangeland or Pasture to Developed,California,Placer,CONUS West 1,CONUS,v2025-11,6/1/1969 0:00,6/1/1969 0:00,entisols,orthents,xerorthents,typic xerorthents,loamy,38.7663879,-121.355278,3951,4479,US_NCSS_changed_pedons_1999_to_2000.csv
S1969CA061007,98978,5561,5561,"S1969CA061007",1969,site_obsdate,1999,2000,1999-2000,31,25,"Older development, 16-30 years",3,Rangeland or Pasture to Developed,California,Placer,CONUS West 1,CONUS,v2025-11,6/1/1969 0:00,6/1/1969 0:00,alfisols,xeralfs,durixeralfs,typic durixeralfs,fine-loamy,38.7666664,-121.355278,3951,4479,US_NCSS_changed_pedons_1999_to_2000.csv
S1969CA061008,108089,5562,5562,"S1969CA061008",1970,site_obsdate,1999,2000,1999-2000,30,25,"Older development, 16-30 years",3,Rangeland or Pasture to Developed,California,Placer,CONUS West 1,CONUS,v2025-11,10/12/1970 0:00,10/12/1970 0:00,alfisols,xeralfs,durixeralfs,abruptic durixeralfs,fine-loamy,38.7666664,-121.355278,3951,4479,US_NCSS_changed_pedons_1999_to_2000.csv
S1964CA073008,100166,231,231,"S1964CA073008",1964,site_obsdate,1999,2000,1999-2000,36,25,"Older development, 16-30 years",3,Rangeland or Pasture to Developed,California,San Diego,CONUS West 1,CONUS,v2025-11,3/11/1964 0:00,3/11/1964 0:00,vertisols,xererts,haploxererts,aridic haploxererts,fine,33.2638893,-117.296669,3951,4485,US_NCSS_changed_pedons_1999_to_2000.csv
81CO077001,120615,8691,8691,"S1981CO077001",1981,site_obsdate,1999,2000,1999-2000,19,25,"Older development, 16-30 years",3,Rangeland or Pasture to Developed,Colorado,Mesa,CONUS West 2,CONUS,v2025-11,8/1/1981 0:00,8/1/1981 0:00,entisols,fluvents,torrifluvents,typic torrifluvents,fine-silty,39.0872231,-108.5163879,3952,4545,US_NCSS_changed_pedons_1999_to_2000.csv
90ID023002,1257189,73565,134298,"90-ALF-002",1990,site_obsdate,1999,2000,1999-2000,10,25,"Older development, 16-30 years",3,Rangeland or Pasture to Developed,Idaho,Butte,CONUS West 2,CONUS,v2025-11,,11/15/1990 0:00,,,,,,43.49869919,-113.0474014,3964,4928,US_NCSS_changed_pedons_1999_to_2000.csv
92ID023001,1260925,73566,134299,"92-ALF-004",1992,site_obsdate,1999,2000,1999-2000,8,25,"Older development, 16-30 years",3,Rangeland or Pasture to Developed,Idaho,Butte,CONUS West 2,CONUS,v2025-11,,6/19/1992 0:00,,,,,,43.49869919,-113.0474014,3964,4928,US_NCSS_changed_pedons_1999_to_2000.csv
81IL017007,121229,10099,10099,"S1981IL017007",1981,site_obsdate,1999,2000,1999-2000,19,25,"Older development, 16-30 years",3,Rangeland or Pasture to Developed,Illinois,Cass,CONUS Central 2,CONUS,v2025-11,6/1/1981 0:00,6/1/1981 0:00,entisols,fluvents,udifluvents,typic udifluvents,coarse-silty,39.9855537,-90.3213882,3965,4969,US_NCSS_changed_pedons_1999_to_2000.csv
1985IL121010,375380,37306,36691,"1985IL121010",1985,site_obsdate,1999,2000,1999-2000,15,25,"Older development, 16-30 years",3,Rangeland or Pasture to Developed,Illinois,Marion,CONUS Central 2,CONUS,v2025-11,4/1/1985 0:00,4/1/1985 0:00,alfisols,udalfs,natrudalfs,aquic natrudalfs,fine-silty,38.6278083,-88.9767389,3965,5021,US_NCSS_changed_pedons_1999_to_2000.csv
1970IN005004,312816,37802,37187,"1970IN005004",1970,site_obsdate,1999,2000,1999-2000,30,25,"Older development, 16-30 years",3,Rangeland or Pasture to Developed,Indiana,Bartholomew,CONUS Central 2,CONUS,v2025-11,12/3/1970 0:00,12/3/1970 0:00,,,,,,39.3275111,-85.7037722,3966,5065,US_NCSS_changed_pedons_1999_to_2000.csv
1976IN031013,313026,37921,37306,"1976IN031013",1976,site_obsdate,1999,2000,1999-2000,24,25,"Older development, 16-30 years",3,Rangeland or Pasture to Developed,Indiana,Decatur,CONUS Central 2,CONUS,v2025-11,5/24/1976 0:00,5/24/1976 0:00,,,,,,39.3361028,-85.3474111,3966,5078,US_NCSS_changed_pedons_1999_to_2000.csv
S1978IN073001,1106805,38700,38085,"S1978IN073001",1978,site_obsdate,1999,2000,1999-2000,22,25,"Older development, 16-30 years",1,Agriculture to Developed,Indiana,Jasper,CONUS Central 2,CONUS,v2025-11,10/26/1978 0:00,10/26/1978 0:00,entisols,psamments,udipsamments,aquic udipsamments,mesic,41.1454667,-87.2600083,3966,5099,US_NCSS_changed_pedons_1999_to_2000.csv
1980IN135063,313718,38883,38268,"1980IN135063",1980,site_obsdate,1999,2000,1999-2000,20,25,"Older development, 16-30 years",1,Agriculture to Developed,Indiana,Randolph,CONUS East 1,CONUS,v2025-11,6/6/1980 0:00,6/6/1980 0:00,alfisols,udalfs,hapludalfs,typic hapludalfs,fine-loamy,40.09212494,-84.8128972,3966,5130,US_NCSS_changed_pedons_1999_to_2000.csv
1978IN137002,312994,38391,37776,"1978IN137002",1977,site_obsdate,1999,2000,1999-2000,23,25,"Older development, 16-30 years",1,Agriculture to Developed,Indiana,Ripley,CONUS Central 2,CONUS,v2025-11,10/4/1977 0:00,10/4/1977 0:00,ultisols,aquults,ochraquults,typic ochraquults,fine-silty,39.3090528,-85.1517806,3966,5131,US_NCSS_changed_pedons_1999_to_2000.csv
S1970IN141003,110030,5051,5051,"S1970IN141003",1970,site_obsdate,1999,2000,1999-2000,30,25,"Older development, 16-30 years",1,Agriculture to Developed,Indiana,St. Joseph,CONUS Central 2,CONUS,v2025-11,9/1/1970 0:00,9/1/1970 0:00,alfisols,udalfs,hapludalfs,mollic hapludalfs,coarse-loamy,41.6816826,-86.4660873,3966,5133,US_NCSS_changed_pedons_1999_to_2000.csv
91IA133001,958501,18864,18864,"91IA133001",1992,site_obsdate,1999,2000,1999-2000,8,25,"Older development, 16-30 years",3,Rangeland or Pasture to Developed,Iowa,Monona,CONUS Central 1,CONUS,v2025-11,12/3/1992 0:00,6/1/1992 0:00,entisols,fluvents,udifluvents,mollic udifluvents,sandy,42.2147222,-96.31749725,3963,4884,US_NCSS_changed_pedons_1999_to_2000.csv
85IA1670036,123396,13108,13108,"S1985IA1670036",1985,site_obsdate,1999,2000,1999-2000,15,25,"Older development, 16-30 years",3,Rangeland or Pasture to Developed,Iowa,Sioux,CONUS Central 1,CONUS,v2025-11,11/3/1985 0:00,11/1/1985 0:00,mollisols,udolls,hapludolls,typic hapludolls,fine-silty,43.0424995,-96.4313889,3963,4901,US_NCSS_changed_pedons_1999_to_2000.csv
78KY207010,955981,6710,6710,"78KY207010",1978,site_obsdate,1999,2000,1999-2000,22,25,"Older development, 16-30 years",1,Agriculture to Developed,Kentucky,Russell,CONUS Central 2,CONUS,v2025-11,,6/1/1978 0:00,ultisols,udults,paleudults,typic paleudults,fine-loamy,37.0136111,-85.07499695,3968,5363,US_NCSS_changed_pedons_1999_to_2000.csv
75LA041017,955522,1320,1320,"75LA041017",1975,site_obsdate,1999,2000,1999-2000,25,25,"Older development, 16-30 years",3,Rangeland or Pasture to Developed,Louisiana,Franklin,CONUS Central 2,CONUS,v2025-11,,6/1/1975 0:00,alfisols,udalfs,fragiudalfs,glossaquic fragiudalfs,fine-silty,32.1138889,-91.8438889,3969,5400,US_NCSS_changed_pedons_1999_to_2000.csv
S1968LA095007,102405,3890,3890,"S1968LA095007",1967,site_obsdate,1999,2000,1999-2000,33,25,"Older development, 16-30 years",4,Other to Developed,Louisiana,St. John the Baptist,CONUS Central 2,CONUS,v2025-11,11/9/1967 0:00,11/9/1967 0:00,histosols,saprists,medisaprists,terric medisaprists,clayey,29.9186115,-90.6233368,3969,5427,US_NCSS_changed_pedons_1999_to_2000.csv
S1978MN133008 (2736),583034,55912,55111,"S1978MN133008 (2736)",1978,site_obsdate,1999,2000,1999-2000,22,25,"Older development, 16-30 years",3,Rangeland or Pasture to Developed,Minnesota,Rock,CONUS Central 1,CONUS,v2025-11,6/20/1978 0:00,6/20/1978 0:00,mollisols,ustolls,haplustolls,udic haplustolls,fine-silty,43.674511,-96.4098358,3975,5680,US_NCSS_changed_pedons_1999_to_2000.csv
S1978MN133012 (2909),583137,55915,55114,"S1978MN133012 (2909)",1978,site_obsdate,1999,2000,1999-2000,22,25,"Older development, 16-30 years",1,Agriculture to Developed,Minnesota,Rock,CONUS Central 1,CONUS,v2025-11,10/23/1978 0:00,10/23/1978 0:00,mollisols,udolls,hapludolls,cumulic hapludolls,fine-silty,43.5439873,-96.1831512,3975,5680,US_NCSS_changed_pedons_1999_to_2000.csv
S1991MN141162 (4513),583592,56405,55604,"S1991MN141162 (4513)",1991,site_obsdate,1999,2000,1999-2000,9,25,"Older development, 16-30 years",1,Agriculture to Developed,Minnesota,Sherburne,CONUS Central 2,CONUS,v2025-11,8/19/1991 0:00,8/19/1991 0:00,alfisols,udalfs,hapludalfs,inceptic hapludalfs,loamy-skeletal,45.3728676,-93.564003,3975,5684,US_NCSS_changed_pedons_1999_to_2000.csv
S1982MN159040 (3550),583464,56310,55509,"S1982MN159040 (3550)",1982,site_obsdate,1999,2000,1999-2000,18,25,"Older development, 16-30 years",3,Rangeland or Pasture to Developed,Minnesota,Wadena,CONUS Central 2,CONUS,v2025-11,9/29/1982 0:00,9/29/1982 0:00,alfisols,udalfs,hapludalfs,aquic arenic hapludalfs,loamy,46.4961205,-94.9893112,3975,5693,US_NCSS_changed_pedons_1999_to_2000.csv
S1956MT103004,103390,3371,3371,"S1956MT103004",1956,site_obsdate,1999,2000,1999-2000,44,25,"Older development, 16-30 years",3,Rangeland or Pasture to Developed,Montana,Treasure,CONUS West 2,CONUS,v2025-11,9/28/1956 0:00,9/28/1956 0:00,entisols,orthents,torriorthents,ustic torriorthents,fine,46.3957672,-107.3834991,3979,5953,US_NCSS_changed_pedons_1999_to_2000.csv
1980NE127010,196353,8020,8020,"1980NE127010",1980,site_obsdate,1999,2000,1999-2000,20,25,"Older development, 16-30 years",3,Rangeland or Pasture to Developed,Nebraska,Nemaha,CONUS Central 1,CONUS,v2025-11,4/14/2006 0:00,7/1/1980 0:00,mollisols,udolls,argiudolls,aquertic argiudolls,fine,40.3676389,-96.04750061,3982,6175,US_NCSS_changed_pedons_1999_to_2000.csv
S1956NV003002,104514,175,175,"S1956NV003002",1956,site_obsdate,1999,2000,1999-2000,44,25,"Older development, 16-30 years",3,Rangeland or Pasture to Developed,Nevada,Clark,CONUS West 1,CONUS,v2025-11,2/1/1956 0:00,2/1/1956 0:00,aridisols,orthids,paleorthids,typic paleorthids,loamy,36.0213852,-115.2083359,3987,6270,US_NCSS_changed_pedons_1999_to_2000.csv
1977NV019002,254235,6484,6484,"1977NV019002",1977,site_obsdate,1999,2000,1999-2000,23,25,"Older development, 16-30 years",3,Rangeland or Pasture to Developed,Nevada,Lyon,CONUS West 1,CONUS,v2025-11,2/1/1977 0:00,2/1/1977 0:00,aridisols,argids,haplargids,typic haplargids,sandy,39.3319444,-119.2369444,3987,6278,US_NCSS_changed_pedons_1999_to_2000.csv
1978NH005024,828452,7032,7032,"S1978NH005024",1978,site_obsdate,1999,2000,1999-2000,22,25,"Older development, 16-30 years",1,Agriculture to Developed,New Hampshire,Cheshire,CONUS East 2,CONUS,v2025-11,9/3/1978 0:00,9/1/1978 0:00,inceptisols,udepts,fragiudepts,typic fragiudepts,coarse-loamy,42.89305496,-72.4888916,3983,6207,US_NCSS_changed_pedons_1999_to_2000.csv
S1962NC101003,110229,4029,4029,"S1962NC101003",1962,site_obsdate,1999,2000,1999-2000,38,25,"Older development, 16-30 years",2,Forest to Developed,North Carolina,Johnston,CONUS East 1,CONUS,v2025-11,2/21/1962 0:00,2/21/1962 0:00,,,,,,35.45167542,-78.57028198,3980,6009,US_NCSS_changed_pedons_1999_to_2000.csv
1964-OH153-001,750660,68203,66278,"1964-OH153-001",1964,site_obsdate,1999,2000,1999-2000,36,25,"Older development, 16-30 years",3,Rangeland or Pasture to Developed,Ohio,Summit,CONUS East 1,CONUS,v2025-11,,11/17/1964 0:00,alfisols,aqualfs,epiaqualfs,aeric epiaqualfs,fine,41.248999,-81.434631,3989,6424,US_NCSS_changed_pedons_1999_to_2000.csv
1963PA027009,421913,53674,52873,"1963PA027009",1963,site_obsdate,1999,2000,1999-2000,37,25,"Older development, 16-30 years",3,Rangeland or Pasture to Developed,Pennsylvania,Centre,CONUS East 1,CONUS,v2025-11,10/29/1963 0:00,10/29/1963 0:00,mollisols,aquolls,haplaquolls,fluventic haplaquolls,fine,40.7805556,-77.7602778,3992,6562,US_NCSS_changed_pedons_1999_to_2000.csv
1974PA081024,422279,54081,53280,"1974PA081024",1974,site_obsdate,1999,2000,1999-2000,26,25,"Older development, 16-30 years",3,Rangeland or Pasture to Developed,Pennsylvania,Lycoming,CONUS East 1,CONUS,v2025-11,6/17/1974 0:00,6/17/1974 0:00,ultisols,udults,hapludults,typic hapludults,fine-loamy,41.18500137,-77.2661111,3992,6589,US_NCSS_changed_pedons_1999_to_2000.csv
99PA017003,109046,24657,24657,"99PA017003",1999,site_obsdate,1999,2000,1999-2000,1,25,"Older development, 16-30 years",1,Agriculture to Developed,Pennsylvania,Montgomery,CONUS East 1,CONUS,v2025-11,,8/11/1999 0:00,,,,,,40.1813528,-75.3094861,3992,6557,US_NCSS_changed_pedons_1999_to_2000.csv
S1961PR019004,105448,220,220,"S1961PR019004",1961,site_obsdate,1999,2000,1999-2000,39,25,"Older development, 16-30 years",3,Rangeland or Pasture to Developed,Puerto Rico,Barranquitas,Puerto Rico and U.S. Virgin Islands,PRUSVI,v2024-10,12/10/1961 0:00,12/10/1961 0:00,ultisols,humults,haplohumults,typic haplohumults,very-fine,18.2388897,-66.2822189,3994,6625,US_NCSS_changed_pedons_1999_to_2000.csv
S1953TX139001,106024,4333,4333,"S1953TX139001",1953,site_obsdate,1999,2000,1999-2000,47,25,"Older development, 16-30 years",4,Other to Developed,Texas,Ellis,CONUS Central 1,CONUS,v2025-11,6/6/1953 0:00,6/6/1953 0:00,vertisols,usterts,pellusterts,udic pellusterts,fine,32.5397224,-96.660553,4000,6991,US_NCSS_changed_pedons_1999_to_2000.csv
79TX143002,119932,7278,7278,"S1979TX143002",1979,site_obsdate,1999,2000,1999-2000,21,25,"Older development, 16-30 years",3,Rangeland or Pasture to Developed,Texas,Erath,CONUS Central 1,CONUS,v2025-11,6/3/1979 0:00,6/1/1979 0:00,alfisols,ustalfs,haplustalfs,typic haplustalfs,fine,32.4411125,-98.3605576,4000,6993,US_NCSS_changed_pedons_1999_to_2000.csv
S1970UT053011,106505,5791,5791,"S1970UT053011",1970,site_obsdate,1999,2000,1999-2000,30,25,"Older development, 16-30 years",3,Rangeland or Pasture to Developed,Utah,Washington,CONUS West 2,CONUS,v2025-11,9/16/1970 0:00,9/16/1970 0:00,,,,,,37.1674995,-113.2963867,4002,7211,US_NCSS_changed_pedons_1999_to_2000.csv
1989WI037002,917991,15935,15935,"S1989WI037002",1989,site_obsdate,1999,2000,1999-2000,11,25,"Older development, 16-30 years",2,Forest to Developed,Wisconsin,Florence,CONUS Central 2,CONUS,v2025-11,8/1/1989 0:00,8/1/1989 0:00,spodosols,orthods,haplorthods,entic haplorthods,sandy,45.8713875,-88.1500015,4007,7425,US_NCSS_changed_pedons_1999_to_2000.csv
95CA612006,65364,22599,22599,"610-H",1995,site_obsdate,2000,2001,2000-2001,6,24,"Older development, 16-30 years",3,Rangeland or Pasture to Developed,California,Butte,CONUS West 1,CONUS,v2025-11,11/27/1995 0:00,11/27/1995 0:00,ultisols,humults,haplohumults,andic haplohumults,fine-loamy,39.9738704,-121.6030612,3951,4452,US_NCSS_changed_pedons_2000_to_2001.csv
87CA107006,124485,14407,14407,"S1987CA107006",1987,site_obsdate,2000,2001,2000-2001,14,24,"Older development, 16-30 years",1,Agriculture to Developed,California,Tulare,CONUS West 1,CONUS,v2025-11,4/3/1987 0:00,4/1/1987 0:00,mollisols,xerolls,haploxerolls,entic haploxerolls,coarse-loamy,36.4118996,-119.1190033,3951,4502,US_NCSS_changed_pedons_2000_to_2001.csv
79ID039006,120061,7439,7439,"S1979ID039006",1979,site_obsdate,2000,2001,2000-2001,22,24,"Older development, 16-30 years",3,Rangeland or Pasture to Developed,Idaho,Elmore,CONUS West 1,CONUS,v2025-11,6/1/1979 0:00,6/1/1979 0:00,aridisols,argids,natrargids,xerollic natrargids,fine,43.1236115,-115.7083359,3964,4936,US_NCSS_changed_pedons_2000_to_2001.csv
87ID047003A,124574,14516,14516,"S1987ID047003A",1987,site_obsdate,2000,2001,2000-2001,14,24,"Older development, 16-30 years",1,Agriculture to Developed,Idaho,Gooding,CONUS West 2,CONUS,v2025-11,9/3/1987 0:00,9/1/1987 0:00,aridisols,orthids,durorthids,xerollic durorthids,coarse-loamy,42.6925011,-114.7044449,3964,4940,US_NCSS_changed_pedons_2000_to_2001.csv
1988ID069002,756722,15421,15421,"1988ID069002",1986,site_obsdate,2000,2001,2000-2001,15,24,"Older development, 16-30 years",1,Agriculture to Developed,Idaho,Nez Perce,CONUS West 1,CONUS,v2025-11,7/9/1988 0:00,7/9/1986 0:00,mollisols,xerolls,argixerolls,vitrandic argixerolls,fine-silty,46.3831966,-116.5149104,3964,4951,US_NCSS_changed_pedons_2000_to_2001.csv
81IL017030,121150,9951,9951,"S1981IL017030",1981,site_obsdate,2000,2001,2000-2001,20,24,"Older development, 16-30 years",1,Agriculture to Developed,Illinois,Cass,CONUS Central 2,CONUS,v2025-11,6/1/1981 0:00,6/1/1981 0:00,entisols,orthents,udorthents,typic udorthents,coarse-silty,39.9524994,-90.0908356,3965,4969,US_NCSS_changed_pedons_2000_to_2001.csv
1976IL019010,863446,36272,35657,"1976IL019010",1976,site_obsdate,2000,2001,2000-2001,25,24,"Older development, 16-30 years",3,Rangeland or Pasture to Developed,Illinois,Champaign,CONUS Central 2,CONUS,v2025-11,3/1/1976 0:00,3/1/1976 0:00,mollisols,aquolls,endoaquolls,typic endoaquolls,fine-silty,40.3274178,-87.9883252,3965,4970,US_NCSS_changed_pedons_2000_to_2001.csv
1986IL085017,314760,37421,36806,"1986IL085017",1985,site_obsdate,2000,2001,2000-2001,16,24,"Older development, 16-30 years",1,Agriculture to Developed,Illinois,Jo Daviess,CONUS Central 2,CONUS,v2025-11,10/1/1985 0:00,10/1/1985 0:00,alfisols,udalfs,hapludalfs,typic hapludalfs,fine-silty over clayey,42.3958472,-90.2917472,3965,5003,US_NCSS_changed_pedons_2000_to_2001.csv
1978IL095033,375652,36490,35875,"1978IL095033",1978,site_obsdate,2000,2001,2000-2001,23,24,"Older development, 16-30 years",2,Forest to Developed,Illinois,Knox,CONUS Central 2,CONUS,v2025-11,10/1/1978 0:00,10/1/1978 0:00,entisols,arents,udarents,alfic udarents,fine-loamy,40.9837597,-90.1606309,3965,5008,US_NCSS_changed_pedons_2000_to_2001.csv
1978IL119076,375692,36521,35906,"1978IL119076",1978,site_obsdate,2000,2001,2000-2001,23,24,"Older development, 16-30 years",1,Agriculture to Developed,Illinois,Madison,CONUS Central 2,CONUS,v2025-11,9/1/1978 0:00,9/1/1978 0:00,mollisols,aquolls,endoaquolls,vertic endoaquolls,fine,38.7335534,-90.1506941,3965,5020,US_NCSS_changed_pedons_2000_to_2001.csv
1977IN031001,313883,38670,38055,"1977IN031001",1977,site_obsdate,2000,2001,2000-2001,24,24,"Older development, 16-30 years",3,Rangeland or Pasture to Developed,Indiana,Decatur,CONUS Central 2,CONUS,v2025-11,7/13/1977 0:00,7/13/1977 0:00,inceptisols,ochrepts,eutrochrepts,fluventic eutrochrepts,fine-loamy,39.24692535,-85.5322417,3966,5078,US_NCSS_changed_pedons_2000_to_2001.csv
1984IN157025,314329,39313,38698,"1984IN157025",1984,site_obsdate,2000,2001,2000-2001,17,24,"Older development, 16-30 years",3,Rangeland or Pasture to Developed,Indiana,Tippecanoe,CONUS Central 2,CONUS,v2025-11,2/23/1984 0:00,2/23/1984 0:00,alfisols,udalfs,hapludalfs,mollic hapludalfs,fine-silty,40.3592639,-86.88990021,3966,5141,US_NCSS_changed_pedons_2000_to_2001.csv
S1975IA043012,1080250,71290,69314,"S1975IA043012",1975,site_obsdate,2000,2001,2000-2001,26,24,"Older development, 16-30 years",3,Rangeland or Pasture to Developed,Iowa,Clayton,CONUS Central 2,CONUS,v2025-11,7/16/1975 0:00,7/16/1975 0:00,alfisols,udalfs,hapludalfs,mollic hapludalfs,fine-silty,42.9532365,-91.3861017,3963,4839,US_NCSS_changed_pedons_2000_to_2001.csv
85IA0830021,122455,12035,12035,"S1985IA083021",1985,site_obsdate,2000,2001,2000-2001,16,24,"Older development, 16-30 years",3,Rangeland or Pasture to Developed,Iowa,Hardin,CONUS Central 2,CONUS,v2025-11,11/3/1985 0:00,11/1/1985 0:00,mollisols,udolls,hapludolls,typic hapludolls,fine-loamy,42.4122276,-93.0177002,3963,4859,US_NCSS_changed_pedons_2000_to_2001.csv
1999MD003009,80743,24788,24788,"S1999MD003009",1999,site_obsdate,2000,2001,2000-2001,2,24,"Older development, 16-30 years",1,Agriculture to Developed,Maryland,Anne Arundel,CONUS East 1,CONUS,v2025-11,8/3/1999 0:00,8/3/1999 0:00,ultisols,udults,hapludults,typic hapludults,fine-loamy,39.0325012,-76.6666641,3971,5459,US_NCSS_changed_pedons_2000_to_2001.csv
92MD035027,804503,20183,20183,"S1992MD035027",1992,site_obsdate,2000,2001,2000-2001,9,24,"Older development, 16-30 years",1,Agriculture to Developed,Maryland,Queen Anne's,CONUS East 1,CONUS,v2025-11,9/18/1992 0:00,9/18/1992 0:00,ultisols,udults,hapludults,typic hapludults,,39.0643883,-76.0253296,3971,5474,US_NCSS_changed_pedons_2000_to_2001.csv
1973MA009003,873240,485,485,"S1973MA009003",1973,site_obsdate,2000,2001,2000-2001,28,24,"Older development, 16-30 years",2,Forest to Developed,Massachusetts,Essex,CONUS East 2,CONUS,v2025-11,6/26/1973 0:00,6/26/1973 0:00,inceptisols,udepts,dystrudepts,oxyaquic dystrudepts,coarse-loamy,42.6638603,-71.2125168,3970,5448,US_NCSS_changed_pedons_2000_to_2001.csv
99MI075001,568032,24667,24667,"S1999MI075001",1999,site_obsdate,2000,2001,2000-2001,2,24,"Older development, 16-30 years",3,Rangeland or Pasture to Developed,Michigan,Jackson,CONUS East 1,CONUS,v2025-11,8/5/1999 0:00,8/5/1999 0:00,histosols,saprists,haplosaprists,limnic haplosaprists,,42.2595556,-84.3795278,3974,5568,US_NCSS_changed_pedons_2000_to_2001.csv
S1979MN099024,583215,56042,55241,"S1979MN099024",1979,site_obsdate,2000,2001,2000-2001,22,24,"Older development, 16-30 years",1,Agriculture to Developed,Minnesota,Mower,CONUS Central 2,CONUS,v2025-11,10/17/1979 0:00,10/17/1979 0:00,alfisols,udalfs,hapludalfs,aquic hapludalfs,fine-loamy,43.8192902,-92.9802628,3975,5663,US_NCSS_changed_pedons_2000_to_2001.csv
1997MO051107,91456,48637,47923,"1997MO051107",1997,site_obsdate,2000,2001,2000-2001,4,24,"Older development, 16-30 years",1,Agriculture to Developed,Missouri,Cole,CONUS Central 2,CONUS,v2025-11,3/11/1997 0:00,3/11/1997 0:00,alfisols,udalfs,paleudalfs,aquic paleudalfs,,38.531413,-92.1643021,3976,5726,US_NCSS_changed_pedons_2000_to_2001.csv
1995MO091109,89005,49041,48327,"1995MO091109",1995,site_obsdate,2000,2001,2000-2001,6,24,"Older development, 16-30 years",3,Rangeland or Pasture to Developed,Missouri,Howell,CONUS Central 2,CONUS,v2025-11,8/29/1995 0:00,8/29/1995 0:00,ultisols,udults,paleudults,aquic paleudults,fine-loamy,36.9911083,-91.9876917,3976,5746,US_NCSS_changed_pedons_2000_to_2001.csv
1989MO143006,201058,46472,45758,"1989MO143006",1989,site_obsdate,2000,2001,2000-2001,12,24,"Older development, 16-30 years",3,Rangeland or Pasture to Developed,Missouri,New Madrid,CONUS Central 2,CONUS,v2025-11,8/1/1989 0:00,8/1/1989 0:00,entisols,fluvents,udifluvents,oxyaquic udifluvents,coarse-loamy,36.7878876,-89.653389,3976,5772,US_NCSS_changed_pedons_2000_to_2001.csv
1992MO167329,93307,48334,47620,"1992MO167329",1992,site_obsdate,2000,2001,2000-2001,9,24,"Older development, 16-30 years",3,Rangeland or Pasture to Developed,Missouri,Polk,CONUS Central 2,CONUS,v2025-11,12/8/1992 0:00,12/8/1992 0:00,inceptisols,ochrepts,dystrochrepts,lithic dystrochrepts,fine-loamy,37.7766667,-93.3186111,3976,5784,US_NCSS_changed_pedons_2000_to_2001.csv
1993MO209227,93766,43042,42328,"1993MO209227",1993,site_obsdate,2000,2001,2000-2001,8,24,"Older development, 16-30 years",2,Forest to Developed,Missouri,Stone,CONUS Central 2,CONUS,v2025-11,6/3/1993 0:00,6/3/1993 0:00,mollisols,udolls,hapludolls,lithic hapludolls,loamy,36.6472222,-93.3586111,3976,5804,US_NCSS_changed_pedons_2000_to_2001.csv
S1953NE079002,103873,2280,2280,"S1953NE079002",1953,site_obsdate,2000,2001,2000-2001,48,24,"Older development, 16-30 years",3,Rangeland or Pasture to Developed,Nebraska,Hall,CONUS Central 1,CONUS,v2025-11,7/7/1953 0:00,7/7/1953 0:00,mollisols,ustolls,haplustolls,aquic haplustolls,coarse-loamy over sandy or sandy-skeletal,40.8527794,-98.359169,3982,6151,US_NCSS_changed_pedons_2000_to_2001.csv
93NE127001,103931,20998,20998,"S1993NE127001",1993,site_obsdate,2000,2001,2000-2001,8,24,"Older development, 16-30 years",3,Rangeland or Pasture to Developed,Nebraska,Nemaha,CONUS Central 1,CONUS,v2025-11,9/30/1993 0:00,9/30/1993 0:00,mollisols,udolls,argiudolls,pachic argiudolls,fine,40.3047218,-95.8880539,3982,6175,US_NCSS_changed_pedons_2000_to_2001.csv
S1957NH017002,873238,457,457,"S1957NH017002",1957,site_obsdate,2000,2001,2000-2001,44,24,"Older development, 16-30 years",2,Forest to Developed,New Hampshire,Strafford,CONUS East 2,CONUS,v2025-11,8/1/1957 0:00,8/1/1957 0:00,inceptisols,udepts,eutrudepts,dystric eutrudepts,fine-silty,43.2611931,-70.9717294,3983,6213,US_NCSS_changed_pedons_2000_to_2001.csv
85NJ033014,1100460,12953,12953,"S1985NJ033014",1985,site_obsdate,2000,2001,2000-2001,16,24,"Older development, 16-30 years",2,Forest to Developed,New Jersey,Salem,CONUS East 1,CONUS,v2025-11,9/3/1985 0:00,9/1/1985 0:00,alfisols,udalfs,hapludalfs,typic hapludalfs,fine-loamy,39.56416702,-75.3319473,3984,6231,US_NCSS_changed_pedons_2000_to_2001.csv
92NJ041003,104271,19231,19231,"S1992NJ041003",1992,site_obsdate,2000,2001,2000-2001,9,24,"Older development, 16-30 years",2,Forest to Developed,New Jersey,Warren,CONUS East 2,CONUS,v2025-11,4/1/1992 0:00,4/1/1992 0:00,alfisols,udalfs,hapludalfs,typic hapludalfs,,40.94083405,-74.8236084,3984,6235,US_NCSS_changed_pedons_2000_to_2001.csv
S1965NC163002,110262,3859,3859,"S1965NC163002",1965,site_obsdate,2000,2001,2000-2001,36,24,"Older development, 16-30 years",3,Rangeland or Pasture to Developed,North Carolina,Sampson,CONUS East 1,CONUS,v2025-11,6/1/1965 0:00,6/1/1965 0:00,ultisols,udults,hapludults,typic hapludults,fine-loamy,35.23306274,-78.36500549,3980,6040,US_NCSS_changed_pedons_2000_to_2001.csv
77ND025002,47802,2668,2668,"77ND025002",1977,site_obsdate,2000,2001,2000-2001,24,24,"Older development, 16-30 years",3,Rangeland or Pasture to Developed,North Dakota,Dunn,CONUS Central 1,CONUS,v2025-11,6/17/1977 0:00,6/17/1977 0:00,,,,,,47.00329208,-102.6939011,3981,6071,US_NCSS_changed_pedons_2000_to_2001.csv
1956-OH063-003,749832,66836,64911,"1956-OH063-003",1956,site_obsdate,2000,2001,2000-2001,45,24,"Older development, 16-30 years",3,Rangeland or Pasture to Developed,Ohio,Hancock,CONUS East 1,CONUS,v2025-11,5/24/1956 0:00,5/24/1956 0:00,,,,,,41.03722,-83.6963806,3989,6379,US_NCSS_changed_pedons_2000_to_2001.csv
1970-OH107-016,751133,68562,66637,"1970OH107016",1970,site_obsdate,2000,2001,2000-2001,31,24,"Older development, 16-30 years",3,Rangeland or Pasture to Developed,Ohio,Mercer,CONUS East 1,CONUS,v2025-11,9/17/1970 0:00,9/17/1970 0:00,entisols,aquents,fluvaquents,aeric fluvaquents,fine,40.66600037,-84.46600342,3989,6401,US_NCSS_changed_pedons_2000_to_2001.csv
S1971OH171030,1094909,68651,66726,"1971-OH171-030",1971,site_obsdate,2000,2001,2000-2001,30,24,"Older development, 16-30 years",3,Rangeland or Pasture to Developed,Ohio,Williams,CONUS East 1,CONUS,v2025-11,,12/3/1971 0:00,mollisols,aquolls,argiaquolls,typic argiaquolls,fine,41.4981422,-84.6406479,3989,6433,US_NCSS_changed_pedons_2000_to_2001.csv
S1959PA045002,868901,53852,53051,"330",1959,site_obsdate,2000,2001,2000-2001,42,24,"Older development, 16-30 years",3,Rangeland or Pasture to Developed,Pennsylvania,Delaware,CONUS East 1,CONUS,v2025-11,4/23/1959 0:00,4/23/1959 0:00,ultisols,udults,hapludults,typic hapludults,fine-loamy,39.8866667,-75.5433333,3992,6571,US_NCSS_changed_pedons_2000_to_2001.csv
1991TN103004,872343,18792,18792,"S1991TN103004",1991,site_obsdate,2000,2001,2000-2001,10,24,"Older development, 16-30 years",1,Agriculture to Developed,Tennessee,Lincoln,CONUS Central 2,CONUS,v2025-11,9/28/1991 0:00,9/26/1991 0:00,ultisols,udults,hapludults,humic hapludults,fine-loamy,35.1238899,-86.7147217,3999,6878,US_NCSS_changed_pedons_2000_to_2001.csv
S1963TX049090,105965,4319,4319,"S1963TX049090",1963,site_obsdate,2000,2001,2000-2001,38,24,"Older development, 16-30 years",3,Rangeland or Pasture to Developed,Texas,Brown,CONUS Central 1,CONUS,v2025-11,7/3/1963 0:00,7/3/1963 0:00,mollisols,ustolls,argiustolls,vertic argiustolls,fine,31.9447231,-98.8683319,4000,6946,US_NCSS_changed_pedons_2000_to_2001.csv
S1991WA043001,106761,18691,18691,"S1991WA043001",1991,site_obsdate,2000,2001,2000-2001,10,24,"Older development, 16-30 years",1,Agriculture to Developed,Washington,Lincoln,CONUS West 1,CONUS,v2025-11,9/4/1991 0:00,9/4/1991 0:00,alfisols,xeralfs,haploxeralfs,mollic haploxeralfs,fine-silty,47.66388702,-117.8625031,4006,7389,US_NCSS_changed_pedons_2000_to_2001.csv
74AL081005-pgm,318809,39796,39177,"74AL081005-pgm",1974,site_obsdate,2001,2002,2001-2002,28,23,"Older development, 16-30 years",2,Forest to Developed,Alabama,Lee,CONUS Central 2,CONUS,v2025-11,8/14/1974 0:00,8/14/1974 0:00,ultisols,udults,kanhapludults,arenic kanhapludults,loamy,32.49778366,-85.23917389,3947,4327,US_NCSS_changed_pedons_2001_to_2002.csv
S1956AK170005,109630,597,597,"S1956AK170005",1956,site_obsdate,2001,2002,2001-2002,46,23,"Older development, 16-30 years",2,Forest to Developed,Alaska,Matanuska-Susitna,Alaska Main,AK,v2024-10,6/1/1956 0:00,6/1/1956 0:00,,,,,,61.5739899,-149.6554565,3946,4275,US_NCSS_changed_pedons_2001_to_2002.csv
S1969AZ019004,107834,5732,5732,"S1969AZ019004",1969,site_obsdate,2001,2002,2001-2002,33,23,"Older development, 16-30 years",3,Rangeland or Pasture to Developed,Arizona,Pima,CONUS West 2,CONUS,v2025-11,10/2/1969 0:00,10/2/1969 0:00,aridisols,argids,haplargids,lithic haplargids,clayey-skeletal,32.1769447,-111.0336075,3950,4444,US_NCSS_changed_pedons_2001_to_2002.csv
84CA031007,122368,11880,11880,"S1984CA031007",1984,site_obsdate,2001,2002,2001-2002,18,23,"Older development, 16-30 years",3,Rangeland or Pasture to Developed,California,Kings,CONUS West 1,CONUS,v2025-11,11/1/1984 0:00,11/1/1984 0:00,mollisols,xerolls,haploxerolls,fluvaquentic haploxerolls,,36.2333336,-119.7916641,3951,4464,US_NCSS_changed_pedons_2001_to_2002.csv
S1961CA061001,108082,2833,2833,"S1961CA061001",1961,site_obsdate,2001,2002,2001-2002,41,23,"Older development, 16-30 years",3,Rangeland or Pasture to Developed,California,Placer,CONUS West 1,CONUS,v2025-11,4/26/1961 0:00,4/26/1961 0:00,inceptisols,ochrepts,xerochrepts,lithic ruptic-xerorthentic xerochrepts,loamy,38.8400002,-121.2866669,3951,4479,US_NCSS_changed_pedons_2001_to_2002.csv
S1961CA061002,108083,2834,2834,"S1961CA061002",1961,site_obsdate,2001,2002,2001-2002,41,23,"Older development, 16-30 years",3,Rangeland or Pasture to Developed,California,Placer,CONUS West 1,CONUS,v2025-11,4/26/1961 0:00,4/26/1961 0:00,inceptisols,ochrepts,xerochrepts,lithic ruptic-xerorthentic xerochrepts,loamy,38.8402786,-121.2869415,3951,4479,US_NCSS_changed_pedons_2001_to_2002.csv
81CA093005,120675,8830,8830,"S1981CA093005",1981,site_obsdate,2001,2002,2001-2002,21,23,"Older development, 16-30 years",2,Forest to Developed,California,Siskiyou,CONUS West 1,CONUS,v2025-11,8/3/1981 0:00,8/1/1981 0:00,andisols,xerands,haploxerands,typic haploxerands,medial-skeletal,41.1945724,-121.8383102,3951,4495,US_NCSS_changed_pedons_2001_to_2002.csv
85CA105006,123230,12933,12933,"S1985CA105006",1985,site_obsdate,2001,2002,2001-2002,17,23,"Older development, 16-30 years",3,Rangeland or Pasture to Developed,California,Trinity,CONUS West 1,CONUS,v2025-11,9/1/1985 0:00,9/1/1985 0:00,alfisols,xeralfs,palexeralfs,ultic palexeralfs,fine-loamy,40.7259598,-122.9283295,3951,4501,US_NCSS_changed_pedons_2001_to_2002.csv
81CO077001,120615,8691,8691,"S1981CO077001",1981,site_obsdate,2001,2002,2001-2002,21,23,"Older development, 16-30 years",3,Rangeland or Pasture to Developed,Colorado,Mesa,CONUS West 2,CONUS,v2025-11,8/1/1981 0:00,8/1/1981 0:00,entisols,fluvents,torrifluvents,typic torrifluvents,fine-silty,39.0872231,-108.5163879,3952,4545,US_NCSS_changed_pedons_2001_to_2002.csv
99CO085002,959659,24243,24243,"99CO085002",1999,site_obsdate,2001,2002,2001-2002,3,23,"Older development, 16-30 years",3,Rangeland or Pasture to Developed,Colorado,Montrose,CONUS West 2,CONUS,v2025-11,,11/23/1999 0:00,,,,,,38.5308333,-107.9388889,3952,4549,US_NCSS_changed_pedons_2001_to_2002.csv
S1953FL115017,100610,4825,4825,"S1953FL115017",1953,site_obsdate,2001,2002,2001-2002,49,23,"Older development, 16-30 years",2,Forest to Developed,Florida,Sarasota,CONUS East 1,CONUS,v2025-11,5/1/1953 0:00,5/1/1953 0:00,,,,,,27.2947693,-82.4668121,3957,4639,US_NCSS_changed_pedons_2001_to_2002.csv
S1953FL115027,100620,4789,4789,"S1953FL115027",1953,site_obsdate,2001,2002,2001-2002,49,23,"Older development, 16-30 years",2,Forest to Developed,Florida,Sarasota,CONUS East 1,CONUS,v2025-11,4/1/1953 0:00,4/1/1953 0:00,,,,,,27.3386574,-82.4118118,3957,4639,US_NCSS_changed_pedons_2001_to_2002.csv
83GA319002,121341,10301,10301,"S1983GA319002",1983,site_obsdate,2001,2002,2001-2002,19,23,"Older development, 16-30 years",3,Rangeland or Pasture to Developed,Georgia,Wilkinson,CONUS East 1,CONUS,v2025-11,3/1/1983 0:00,3/1/1983 0:00,ultisols,udults,paleudults,typic paleudults,,32.9249992,-83.2655563,3960,4810,US_NCSS_changed_pedons_2001_to_2002.csv
90HI001003,126879,17418,17418,"S1990HI001003",1990,site_obsdate,2001,2002,2001-2002,12,23,"Older development, 16-30 years",3,Rangeland or Pasture to Developed,Hawaii,Hawaii,Hawaii,HI,v2024-10,7/3/1990 0:00,7/1/1990 0:00,entisols,arents,ustarents,haplic ustarents,sandy-skeletal,19.4283333,-155.8772278,3962,4813,US_NCSS_changed_pedons_2001_to_2002.csv
S1981ID021001,NaN,75804,136400,"S1981ID021001",1980,site_obsdate,2001,2002,2001-2002,22,23,"Older development, 16-30 years",3,Rangeland or Pasture to Developed,Idaho,Boundary,CONUS West 1,CONUS,v2025-11,7/17/1980 0:00,7/17/1980 0:00,alfisols,udalfs,glossudalfs,oxyaquic glossudalfs,,48.83100128,-116.3339996,3964,4927,US_NCSS_changed_pedons_2001_to_2002.csv
88ID029002,125135,15208,15208,"S1988ID029002",1988,site_obsdate,2001,2002,2001-2002,14,23,"Older development, 16-30 years",3,Rangeland or Pasture to Developed,Idaho,Caribou,CONUS West 2,CONUS,v2025-11,6/1/1988 0:00,6/1/1988 0:00,mollisols,borolls,cryoborolls,pachic cryoborolls,coarse-silty,42.7841682,-111.5641632,3964,4931,US_NCSS_changed_pedons_2001_to_2002.csv
80ID055004,956375,7875,7875,"80ID055004",1980,site_obsdate,2001,2002,2001-2002,22,23,"Older development, 16-30 years",3,Rangeland or Pasture to Developed,Idaho,Kootenai,CONUS West 1,CONUS,v2025-11,,6/1/1980 0:00,,,,,,47.3847222,-116.875,3964,4944,US_NCSS_changed_pedons_2001_to_2002.csv
76ID057002,339553,72536,133276,"76-KWH-001",1976,site_obsdate,2001,2002,2001-2002,26,23,"Older development, 16-30 years",3,Rangeland or Pasture to Developed,Idaho,Latah,CONUS West 1,CONUS,v2025-11,10/30/1976 0:00,11/1/1976 0:00,alfisols,xeralfs,fragixeralfs,vitrandic fragixeralfs,coarse-silty,46.7784444,-116.6179444,3964,4945,US_NCSS_changed_pedons_2001_to_2002.csv
84ID069017,957547,11930,11930,"84ID069017",1985,site_obsdate,2001,2002,2001-2002,17,23,"Older development, 16-30 years",3,Rangeland or Pasture to Developed,Idaho,Nez Perce,CONUS West 1,CONUS,v2025-11,3/3/1991 0:00,6/1/1985 0:00,mollisols,xerolls,calcixerolls,typic calcixerolls,loamy-skeletal,46.3022222,-116.8755556,3964,4951,US_NCSS_changed_pedons_2001_to_2002.csv
1974ID085004,1378487,75374,135970,"77-LMR-009",1974,site_obsdate,2001,2002,2001-2002,28,23,"Older development, 16-30 years",3,Rangeland or Pasture to Developed,Idaho,Valley,CONUS West 1,CONUS,v2025-11,,9/28/1974 0:00,inceptisols,cryepts,humicryepts,typic humicryepts,coarse-loamy,44.677636,-116.067653,3964,4959,US_NCSS_changed_pedons_2001_to_2002.csv
1980IL109006,856900,36663,36048,"1980IL109006",1980,site_obsdate,2001,2002,2001-2002,22,23,"Older development, 16-30 years",3,Rangeland or Pasture to Developed,Illinois,McDonough,CONUS Central 2,CONUS,v2025-11,8/1/1980 0:00,8/1/1980 0:00,mollisols,udolls,argiudolls,aquic argiudolls,fine,40.5008996,-90.6947921,3965,5015,US_NCSS_changed_pedons_2001_to_2002.csv
1929IL133002,314999,35848,35233,"1929IL133002",1929,site_obsdate,2001,2002,2001-2002,73,23,"Older development, 16-30 years",3,Rangeland or Pasture to Developed,Illinois,Monroe,CONUS Central 2,CONUS,v2025-11,10/1/1929 0:00,10/1/1929 0:00,alfisols,udalfs,hapludalfs,aquic hapludalfs,fine-silty,38.2713296,-90.2365962,3965,5027,US_NCSS_changed_pedons_2001_to_2002.csv
1979IL145002,375464,36625,36010,"1979IL145002",1979,site_obsdate,2001,2002,2001-2002,23,23,"Older development, 16-30 years",3,Rangeland or Pasture to Developed,Illinois,Perry,CONUS Central 2,CONUS,v2025-11,6/1/1979 0:00,6/1/1979 0:00,alfisols,udalfs,natrudalfs,aquic natrudalfs,fine,37.9658766,-89.2195551,3965,5033,US_NCSS_changed_pedons_2001_to_2002.csv
1985IL173011,846634,37375,36760,"1985IL173011",1985,site_obsdate,2001,2002,2001-2002,17,23,"Older development, 16-30 years",3,Rangeland or Pasture to Developed,Illinois,Shelby,CONUS Central 2,CONUS,v2025-11,6/1/1985 0:00,6/1/1985 0:00,alfisols,udalfs,hapludalfs,aquic hapludalfs,fine,39.4875528,-88.7207028,3965,5047,US_NCSS_changed_pedons_2001_to_2002.csv
83IL183064,267019,11110,11110,"83IL183064",1983,site_obsdate,2001,2002,2001-2002,19,23,"Older development, 16-30 years",3,Rangeland or Pasture to Developed,Illinois,Vermilion,CONUS Central 2,CONUS,v2025-11,6/1/1983 0:00,6/1/1983 0:00,entisols,orthents,udorthents,typic udorthents,fine-loamy,40.1383644,-87.6994629,3965,5052,US_NCSS_changed_pedons_2001_to_2002.csv
S1971IN079004,110004,5090,5090,"S1971IN079004",1971,site_obsdate,2001,2002,2001-2002,31,23,"Older development, 16-30 years",3,Rangeland or Pasture to Developed,Indiana,Jennings,CONUS Central 2,CONUS,v2025-11,10/6/1971 0:00,10/6/1971 0:00,alfisols,aqualfs,ochraqualfs,typic ochraqualfs,fine-loamy,38.9261093,-85.6083298,3966,5102,US_NCSS_changed_pedons_2001_to_2002.csv
1977IN083010,313357,38138,37523,"1977IN083010",1977,site_obsdate,2001,2002,2001-2002,25,23,"Older development, 16-30 years",3,Rangeland or Pasture to Developed,Indiana,Knox,CONUS Central 2,CONUS,v2025-11,8/31/1977 0:00,8/31/1977 0:00,alfisols,udalfs,hapludalfs,psammentic hapludalfs,mesic,38.7982278,-87.4495889,3966,5104,US_NCSS_changed_pedons_2001_to_2002.csv
S1972IN099008,1106801,37851,37236,"S1972IN099008",1972,site_obsdate,2001,2002,2001-2002,30,23,"Older development, 16-30 years",3,Rangeland or Pasture to Developed,Indiana,Marshall,CONUS Central 2,CONUS,v2025-11,10/19/1972 0:00,10/19/1972 0:00,entisols,psamments,udipsamments,oxyaquic udipsamments,,41.1787944,-86.4542306,3966,5112,US_NCSS_changed_pedons_2001_to_2002.csv
1979IN125011,314032,38961,38346,"1979IN125011",1979,site_obsdate,2001,2002,2001-2002,23,23,"Older development, 16-30 years",3,Rangeland or Pasture to Developed,Indiana,Pike,CONUS Central 2,CONUS,v2025-11,4/27/1979 0:00,4/27/1979 0:00,entisols,aquents,fluvaquents,aeric fluvaquents,coarse-silty,38.4438361,-87.2817472,3966,5125,US_NCSS_changed_pedons_2001_to_2002.csv
1975IN129004,313334,38115,37500,"1975IN129004",1975,site_obsdate,2001,2002,2001-2002,27,23,"Older development, 16-30 years",1,Agriculture to Developed,Indiana,Posey,CONUS Central 2,CONUS,v2025-11,7/9/1975 0:00,7/9/1975 0:00,,,,,,37.9071111,-88.0037694,3966,5127,US_NCSS_changed_pedons_2001_to_2002.csv
S1976IN151003,907394,38144,37529,"S1976IN151003",1976,site_obsdate,2001,2002,2001-2002,26,23,"Older development, 16-30 years",1,Agriculture to Developed,Indiana,Steuben,CONUS East 1,CONUS,v2025-11,8/24/1976 0:00,8/24/1976 0:00,alfisols,udalfs,hapludalfs,typic hapludalfs,coarse-loamy,41.6706639,-84.9970472,3966,5138,US_NCSS_changed_pedons_2001_to_2002.csv
1971IN181004,312802,37788,37173,"1971IN181004",1971,site_obsdate,2001,2002,2001-2002,31,23,"Older development, 16-30 years",1,Agriculture to Developed,Indiana,White,CONUS Central 2,CONUS,v2025-11,9/8/1971 0:00,9/8/1971 0:00,,,,,,40.7376333,-86.7734306,3966,5153,US_NCSS_changed_pedons_2001_to_2002.csv
1975IN181010,922518,38927,38312,"1975IN181010",1975,site_obsdate,2001,2002,2001-2002,27,23,"Older development, 16-30 years",3,Rangeland or Pasture to Developed,Indiana,White,CONUS Central 2,CONUS,v2025-11,3/26/1975 0:00,3/26/1975 0:00,alfisols,aqualfs,endoaqualfs,umbric endoaqualfs,fine-loamy,40.7997472,-86.8909306,3966,5153,US_NCSS_changed_pedons_2001_to_2002.csv
1995IA047005L,59915,22518,22518,"S1995IA047005",1995,site_obsdate,2001,2002,2001-2002,7,23,"Older development, 16-30 years",3,Rangeland or Pasture to Developed,Iowa,Crawford,CONUS Central 1,CONUS,v2025-11,10/20/1995 0:00,10/20/1995 0:00,entisols,orthents,udorthents,typic udorthents,fine-silty,42.1826401,-95.6615677,3963,4841,US_NCSS_changed_pedons_2001_to_2002.csv
S1982IA105102,947414,70786,68814,"S1982IA105102",1982,site_obsdate,2001,2002,2001-2002,20,23,"Older development, 16-30 years",3,Rangeland or Pasture to Developed,Iowa,Jones,CONUS Central 2,CONUS,v2025-11,8/11/1982 0:00,8/11/1982 0:00,mollisols,udolls,argiudolls,typic argiudolls,fine-silty,42.2528133,-91.1982969,3963,4870,US_NCSS_changed_pedons_2001_to_2002.csv
85IA1670036,123396,13108,13108,"S1985IA1670036",1985,site_obsdate,2001,2002,2001-2002,17,23,"Older development, 16-30 years",3,Rangeland or Pasture to Developed,Iowa,Sioux,CONUS Central 1,CONUS,v2025-11,11/3/1985 0:00,11/1/1985 0:00,mollisols,udolls,hapludolls,typic hapludolls,fine-silty,43.0424995,-96.4313889,3963,4901,US_NCSS_changed_pedons_2001_to_2002.csv
86KS085013,123818,13680,13680,"S1986KS085013",1986,site_obsdate,2001,2002,2001-2002,16,23,"Older development, 16-30 years",3,Rangeland or Pasture to Developed,Kansas,Jackson,CONUS Central 1,CONUS,v2025-11,10/3/1986 0:00,10/1/1986 0:00,mollisols,udolls,argiudolls,aquic argiudolls,fine,39.3211098,-95.8122253,3967,5197,US_NCSS_changed_pedons_2001_to_2002.csv
86KS085014,123819,13681,13681,"S1986KS085014",1986,site_obsdate,2001,2002,2001-2002,16,23,"Older development, 16-30 years",3,Rangeland or Pasture to Developed,Kansas,Jackson,CONUS Central 1,CONUS,v2025-11,10/3/1986 0:00,10/1/1986 0:00,mollisols,udolls,argiudolls,aquic argiudolls,fine,39.3211098,-95.8122253,3967,5197,US_NCSS_changed_pedons_2001_to_2002.csv
86KS085015,123820,13682,13682,"S1986KS085015",1986,site_obsdate,2001,2002,2001-2002,16,23,"Older development, 16-30 years",3,Rangeland or Pasture to Developed,Kansas,Jackson,CONUS Central 1,CONUS,v2025-11,10/3/1986 0:00,10/1/1986 0:00,mollisols,udolls,argiudolls,aquic argiudolls,fine,39.3211098,-95.8122253,3967,5197,US_NCSS_changed_pedons_2001_to_2002.csv
70KY-047-058,507163,55068,54267,"70KY-047-058",1970,site_obsdate,2001,2002,2001-2002,32,23,"Older development, 16-30 years",3,Rangeland or Pasture to Developed,Kentucky,Christian,CONUS Central 2,CONUS,v2025-11,6/9/1970 0:00,6/9/1970 0:00,alfisols,udalfs,fragiudalfs,typic fragiudalfs,fine-silty,36.8539696,-87.3011169,3968,5283,US_NCSS_changed_pedons_2001_to_2002.csv
84KY-197-UK1,518642,55260,54459,"84KY-197-UK1",1984,site_obsdate,2001,2002,2001-2002,18,23,"Older development, 16-30 years",2,Forest to Developed,Kentucky,Powell,CONUS East 1,CONUS,v2025-11,6/9/1984 0:00,6/9/1984 0:00,ultisols,udults,hapludults,typic hapludults,clayey,37.8142281,-83.9529572,3968,5358,US_NCSS_changed_pedons_2001_to_2002.csv
75LA041017,955522,1320,1320,"75LA041017",1975,site_obsdate,2001,2002,2001-2002,27,23,"Older development, 16-30 years",2,Forest to Developed,Louisiana,Franklin,CONUS Central 2,CONUS,v2025-11,,6/1/1975 0:00,alfisols,udalfs,fragiudalfs,glossaquic fragiudalfs,fine-silty,32.1138889,-91.8438889,3969,5400,US_NCSS_changed_pedons_2001_to_2002.csv
89LA115025,125944,16262,16262,"S1989LA115025",1989,site_obsdate,2001,2002,2001-2002,13,23,"Older development, 16-30 years",3,Rangeland or Pasture to Developed,Louisiana,Vernon,CONUS Central 2,CONUS,v2025-11,9/3/1989 0:00,9/1/1989 0:00,vertisols,uderts,pelluderts,typic pelluderts,very-fine,31.0836105,-93.2755585,3969,5437,US_NCSS_changed_pedons_2001_to_2002.csv
89LA115025A,125945,16263,16263,"S1989LA115025A",1989,site_obsdate,2001,2002,2001-2002,13,23,"Older development, 16-30 years",3,Rangeland or Pasture to Developed,Louisiana,Vernon,CONUS Central 2,CONUS,v2025-11,9/3/1989 0:00,9/1/1989 0:00,vertisols,uderts,chromuderts,typic chromuderts,very-fine,31.0836105,-93.2755585,3969,5437,US_NCSS_changed_pedons_2001_to_2002.csv
S1962ME005007,110128,1239,1239,"S1962ME005007",1962,site_obsdate,2001,2002,2001-2002,40,23,"Older development, 16-30 years",2,Forest to Developed,Maine,Cumberland,CONUS East 2,CONUS,v2025-11,9/13/1962 0:00,9/13/1962 0:00,aridisols,aquepts,haplaquepts,aeric haplaquepts,very-fine,43.6480141,-70.3344269,3972,5484,US_NCSS_changed_pedons_2001_to_2002.csv
S1986MD031007,821693,13571,13571,"S1986MD031007",1986,site_obsdate,2001,2002,2001-2002,16,23,"Older development, 16-30 years",1,Agriculture to Developed,Maryland,Montgomery,CONUS East 1,CONUS,v2025-11,,7/1/1986 0:00,ultisols,udults,hapludults,typic hapludults,fine-loamy,39.1610611,-77.0970472,3971,5472,US_NCSS_changed_pedons_2001_to_2002.csv
S1960MA003008,102444,430,430,"S1960MA003008",1960,site_obsdate,2001,2002,2001-2002,42,23,"Older development, 16-30 years",3,Rangeland or Pasture to Developed,Massachusetts,Berkshire,CONUS East 2,CONUS,v2025-11,6/10/1960 0:00,6/10/1960 0:00,inceptisols,ochrepts,eutrochrepts,dystric eutrochrepts,coarse-loamy,42.281929,-73.2642593,3970,5445,US_NCSS_changed_pedons_2001_to_2002.csv
S1970MA011004,791712,1191,1191,"S1970MA011004",1970,site_obsdate,2001,2002,2001-2002,32,23,"Older development, 16-30 years",1,Agriculture to Developed,Massachusetts,Franklin,CONUS East 2,CONUS,v2025-11,5/7/1970 0:00,5/7/1970 0:00,entisols,psamments,udipsamments,aquic udipsamments,,42.4958115,-72.6128464,3970,5449,US_NCSS_changed_pedons_2001_to_2002.csv
S1979MN167008 (3170),583247,56090,55289,"S1979MN167008 (3170)",1979,site_obsdate,2001,2002,2001-2002,23,23,"Older development, 16-30 years",3,Rangeland or Pasture to Developed,Minnesota,Wilkin,CONUS Central 1,CONUS,v2025-11,10/3/1979 0:00,10/3/1979 0:00,vertisols,aquerts,epiaquerts,typic epiaquerts,very-fine,46.4137306,-96.6342468,3975,5697,US_NCSS_changed_pedons_2001_to_2002.csv
S1981MN1693463,583394,56251,55450,"S1981MN1693463",1981,site_obsdate,2001,2002,2001-2002,21,23,"Older development, 16-30 years",3,Rangeland or Pasture to Developed,Minnesota,Winona,CONUS Central 2,CONUS,v2025-11,6/12/1981 0:00,6/12/1981 0:00,alfisols,udalfs,hapludalfs,mollic hapludalfs,fine-loamy,43.9626007,-91.944313,3975,5698,US_NCSS_changed_pedons_2001_to_2002.csv
S1990MN171004 (4408),583557,56387,55586,"S1990MN171004 (4408)",1990,site_obsdate,2001,2002,2001-2002,12,23,"Older development, 16-30 years",1,Agriculture to Developed,Minnesota,Wright,CONUS Central 2,CONUS,v2025-11,10/23/1990 0:00,10/23/1990 0:00,mollisols,udolls,hapludolls,typic hapludolls,sandy,45.2880096,-93.8061599731445,3975,5699,US_NCSS_changed_pedons_2001_to_2002.csv
80MS143003,120270,7924,7924,"S1980MS143003",1980,site_obsdate,2001,2002,2001-2002,22,23,"Older development, 16-30 years",3,Rangeland or Pasture to Developed,Mississippi,Tunica,CONUS Central 2,CONUS,v2025-11,6/3/1980 0:00,6/1/1980 0:00,alfisols,udalfs,hapludalfs,aquic hapludalfs,fine-silty,34.4577789,-90.4502792,3978,5891,US_NCSS_changed_pedons_2001_to_2002.csv
99MS151012,111242,25175,25175,"S1999MS151012",1999,site_obsdate,2001,2002,2001-2002,3,23,"Older development, 16-30 years",3,Rangeland or Pasture to Developed,Mississippi,Washington,CONUS Central 2,CONUS,v2025-11,9/30/1999 0:00,9/30/1999 0:00,,,,,,33.3277206,-91.0160294,3978,5895,US_NCSS_changed_pedons_2001_to_2002.csv
1995MO091100,88996,49042,48328,"1995MO091100",1995,site_obsdate,2001,2002,2001-2002,7,23,"Older development, 16-30 years",1,Agriculture to Developed,Missouri,Howell,CONUS Central 2,CONUS,v2025-11,8/24/1995 0:00,8/24/1995 0:00,ultisols,udults,paleudults,typic paleudults,fine-loamy,36.9857028,-91.9796611,3976,5746,US_NCSS_changed_pedons_2001_to_2002.csv
1995MO119001,94253,43212,42498,"1995MO119001",1995,site_obsdate,2001,2002,2001-2002,7,23,"Older development, 16-30 years",3,Rangeland or Pasture to Developed,Missouri,McDonald,CONUS Central 2,CONUS,v2025-11,3/17/1995 0:00,3/17/1995 0:00,alfisols,udalfs,paleudalfs,typic paleudalfs,fine-loamy,36.6480556,-94.4291667,3976,5760,US_NCSS_changed_pedons_2001_to_2002.csv
1990MO167118,92514,48518,47804,"1990MO167118",1990,site_obsdate,2001,2002,2001-2002,12,23,"Older development, 16-30 years",3,Rangeland or Pasture to Developed,Missouri,Polk,CONUS Central 2,CONUS,v2025-11,10/4/1990 0:00,10/4/1990 0:00,mollisols,udolls,paleudolls,typic paleudolls,fine-silty,37.6147778,-93.3963194,3976,5784,US_NCSS_changed_pedons_2001_to_2002.csv
1989MO183017,126334,16749,16749,"S1989MO183017",1989,site_obsdate,2001,2002,2001-2002,13,23,"Older development, 16-30 years",3,Rangeland or Pasture to Developed,Missouri,St. Charles,CONUS Central 2,CONUS,v2025-11,12/1/1989 0:00,12/1/1989 0:00,mollisols,aquolls,endoaquolls,fluvaquentic endoaquolls,clayey over loamy,38.8644447,-90.1658325,3976,5792,US_NCSS_changed_pedons_2001_to_2002.csv
S1956MT111005,103437,3337,3337,"S1956MT111005",1956,site_obsdate,2001,2002,2001-2002,46,23,"Older development, 16-30 years",3,Rangeland or Pasture to Developed,Montana,Yellowstone,CONUS West 2,CONUS,v2025-11,9/26/1956 0:00,9/26/1956 0:00,aridisols,orthids,camborthids,borollic camborthids,fine-loamy,45.7396469,-108.6388092,3979,5957,US_NCSS_changed_pedons_2001_to_2002.csv
1950NE019003,788090,2154,2154,"1950NE019003",1950,site_obsdate,2001,2002,2001-2002,52,23,"Older development, 16-30 years",3,Rangeland or Pasture to Developed,Nebraska,Buffalo,CONUS Central 1,CONUS,v2025-11,7/15/1950 0:00,7/13/1950 0:00,mollisols,ustolls,natrustolls,typic natrustolls,fine,40.7427788,-98.7900009,3982,6121,US_NCSS_changed_pedons_2001_to_2002.csv
S1962NE157004,110364,4967,4967,"S1962NE157004",1962,site_obsdate,2001,2002,2001-2002,40,23,"Older development, 16-30 years",3,Rangeland or Pasture to Developed,Nebraska,Scotts Bluff,CONUS Central 1,CONUS,v2025-11,7/11/1962 0:00,7/11/1962 0:00,,,,,,41.7588654,-103.3649826,3982,6190,US_NCSS_changed_pedons_2001_to_2002.csv
S1957NE177012,104060,2127,2127,"S1957NE177012",1957,site_obsdate,2001,2002,2001-2002,45,23,"Older development, 16-30 years",3,Rangeland or Pasture to Developed,Nebraska,Washington,CONUS Central 1,CONUS,v2025-11,9/30/1957 0:00,9/30/1957 0:00,mollisols,udolls,hapludolls,typic hapludolls,fine-silty,41.5383339,-96.4011078,3982,6200,US_NCSS_changed_pedons_2001_to_2002.csv
S1956NV003004,104516,3005,3005,"S1956NV003004",1956,site_obsdate,2001,2002,2001-2002,46,23,"Older development, 16-30 years",3,Rangeland or Pasture to Developed,Nevada,Clark,CONUS West 1,CONUS,v2025-11,2/1/1956 0:00,2/1/1956 0:00,aridisols,orthids,gypsiorthids,typic gypsiorthids,coarse-loamy,36.0355492,-115.1194458,3987,6270,US_NCSS_changed_pedons_2001_to_2002.csv
S1959NV003017,104532,3043,3043,"S1959NV003017",1959,site_obsdate,2001,2002,2001-2002,43,23,"Older development, 16-30 years",3,Rangeland or Pasture to Developed,Nevada,Clark,CONUS West 2,CONUS,v2025-11,3/1/1959 0:00,3/1/1959 0:00,entisols,orthents,torriorthents,aquic torriorthents,fine-silty,36.7705574,-114.1291656,3987,6270,US_NCSS_changed_pedons_2001_to_2002.csv
S1980NV003002,110461,7813,7813,"S1980NV003002",1980,site_obsdate,2001,2002,2001-2002,22,23,"Older development, 16-30 years",4,Other to Developed,Nevada,Clark,CONUS West 1,CONUS,v2025-11,6/3/1980 0:00,4/1/1980 0:00,entisols,orthents,torriorthents,typic torriorthents,sandy-skeletal,36.1119347,-115.2783356,3987,6270,US_NCSS_changed_pedons_2001_to_2002.csv
S1961NV005003,104555,3055,3055,"S1961NV005003",1961,site_obsdate,2001,2002,2001-2002,41,23,"Older development, 16-30 years",3,Rangeland or Pasture to Developed,Nevada,Douglas,CONUS West 1,CONUS,v2025-11,8/11/1961 0:00,8/11/1961 0:00,mollisols,aquolls,haplaquolls,typic haplaquolls,sandy,38.8672218,-119.8016663,3987,6271,US_NCSS_changed_pedons_2001_to_2002.csv
S1961NV005005,104557,3082,3082,"S1961NV005005",1961,site_obsdate,2001,2002,2001-2002,41,23,"Older development, 16-30 years",3,Rangeland or Pasture to Developed,Nevada,Douglas,CONUS West 1,CONUS,v2025-11,8/1/1961 0:00,8/1/1961 0:00,mollisols,xerolls,haploxerolls,torripsammentic haploxerolls,sandy,38.8666649,-119.7969437,3987,6271,US_NCSS_changed_pedons_2001_to_2002.csv
S1958NJ011001,1162030,312,312,"S1958NJ011001",1958,site_obsdate,2001,2002,2001-2002,44,23,"Older development, 16-30 years",2,Forest to Developed,New Jersey,Cumberland,CONUS East 1,CONUS,v2025-11,8/21/1958 0:00,8/21/1958 0:00,ultisols,udults,hapludults,typic hapludults,coarse-loamy,39.4749985,-75.3488922,3984,6220,US_NCSS_changed_pedons_2001_to_2002.csv
91NJ041004,104264,18076,18076,"S1991NJ041004",1991,site_obsdate,2001,2002,2001-2002,11,23,"Older development, 16-30 years",2,Forest to Developed,New Jersey,Warren,CONUS East 2,CONUS,v2025-11,5/8/1991 0:00,5/8/1991 0:00,alfisols,udalfs,hapludalfs,typic hapludalfs,coarse-loamy over sandy or sandy-skeletal,40.9394455,-74.8041687,3984,6235,US_NCSS_changed_pedons_2001_to_2002.csv
78NC183001,956028,6781,6781,"78NC183001",1978,site_obsdate,2001,2002,2001-2002,24,23,"Older development, 16-30 years",3,Rangeland or Pasture to Developed,North Carolina,Wake,CONUS East 1,CONUS,v2025-11,,6/1/1978 0:00,ultisols,udults,hapludults,typic hapludults,fine,35.75,-78.75,3980,6050,US_NCSS_changed_pedons_2001_to_2002.csv
78NC183002,956024,6777,6777,"78NC183002",1978,site_obsdate,2001,2002,2001-2002,24,23,"Older development, 16-30 years",3,Rangeland or Pasture to Developed,North Carolina,Wake,CONUS East 1,CONUS,v2025-11,,6/1/1978 0:00,ultisols,udults,kanhapludults,typic kanhapludults,very-fine,35.75,-78.75,3980,6050,US_NCSS_changed_pedons_2001_to_2002.csv
74ND057003,48871,69491,67566,"74ND057003",1974,site_obsdate,2001,2002,2001-2002,28,23,"Older development, 16-30 years",3,Rangeland or Pasture to Developed,North Dakota,Mercer,CONUS Central 1,CONUS,v2025-11,,8/13/1974 0:00,mollisols,ustolls,paleustolls,typic paleustolls,fine-loamy,47.2991667,-101.4827778,3981,6087,US_NCSS_changed_pedons_2001_to_2002.csv
S1956ND081013,945129,63,63,"S1956ND081013",1956,site_obsdate,2001,2002,2001-2002,46,23,"Older development, 16-30 years",3,Rangeland or Pasture to Developed,North Dakota,Sargent,CONUS Central 1,CONUS,v2025-11,8/8/1956 0:00,8/8/1956 0:00,mollisols,udolls,hapludolls,typic hapludolls,sandy,45.9494438,-97.8627777,3981,6099,US_NCSS_changed_pedons_2001_to_2002.csv
2013OR025001,798527,22883,22883,"S1993OR025015",1993,site_obsdate,2001,2002,2001-2002,9,23,"Older development, 16-30 years",3,Rangeland or Pasture to Developed,Oregon,Harney,CONUS West 1,CONUS,v2025-11,10/20/1993 0:00,10/20/1993 0:00,mollisols,aquolls,endoaquolls,cumulic endoaquolls,fine-silty,43.0641670227051,-118.8413925,3991,6525,US_NCSS_changed_pedons_2001_to_2002.csv
S1961OR027007,105051,812,812,"S1961OR027007",1961,site_obsdate,2001,2002,2001-2002,41,23,"Older development, 16-30 years",2,Forest to Developed,Oregon,Hood River,CONUS West 1,CONUS,v2025-11,10/26/1961 0:00,10/26/1961 0:00,alfisols,xeralfs,haploxeralfs,ultic haploxeralfs,coarse-loamy,45.6808319,-121.5258331,3991,6526,US_NCSS_changed_pedons_2001_to_2002.csv
S1961OR027008,105052,811,811,"S1961OR027008",1961,site_obsdate,2001,2002,2001-2002,41,23,"Older development, 16-30 years",1,Agriculture to Developed,Oregon,Hood River,CONUS West 1,CONUS,v2025-11,10/30/1961 0:00,10/30/1961 0:00,alfisols,xeralfs,haploxeralfs,ultic haploxeralfs,coarse-loamy,45.6961098,-121.5161133,3991,6526,US_NCSS_changed_pedons_2001_to_2002.csv
S1967OR035008,105115,5439,5439,"S1967OR035008",1967,site_obsdate,2001,2002,2001-2002,35,23,"Older development, 16-30 years",3,Rangeland or Pasture to Developed,Oregon,Klamath,CONUS West 1,CONUS,v2025-11,9/14/1967 0:00,9/14/1967 0:00,inceptisols,ochrepts,durochrepts,typic durochrepts,sandy,42.0825005,-121.6930542,3991,6530,US_NCSS_changed_pedons_2001_to_2002.csv
S01OR047001,112456,26891,26887,"01-DRJ-08",2001,site_obsdate,2001,2002,2001-2002,1,23,"Older development, 16-30 years",2,Forest to Developed,Oregon,Marion,CONUS West 1,CONUS,v2025-11,2/20/2001 0:00,2/20/2001 0:00,ultisols,humults,palehumults,xeric palehumults,fine,44.8613892,-123.0413895,3991,6536,US_NCSS_changed_pedons_2001_to_2002.csv
S2001OR053003,119090,28747,28677,"S2001OR053003",2001,site_obsdate,2001,2002,2001-2002,1,23,"Older development, 16-30 years",2,Forest to Developed,Oregon,Polk,CONUS West 1,CONUS,v2025-11,8/20/2001 0:00,8/20/2001 0:00,inceptisols,cryepts,dystrocryepts,lithic dystrocryepts,loamy-skeletal,44.8833351,-123.6086121,3991,6539,US_NCSS_changed_pedons_2001_to_2002.csv
1969PA009005,409591,54028,53227,"1969PA009005",1969,site_obsdate,2001,2002,2001-2002,33,23,"Older development, 16-30 years",3,Rangeland or Pasture to Developed,Pennsylvania,Bedford,CONUS East 1,CONUS,v2025-11,7/30/1969 0:00,7/30/1969 0:00,Alfisols,Ustalfs,Hapludalfs,Typic Hapludalfs,fine-loamy,40.1105556,-78.6416667,3992,6553,US_NCSS_changed_pedons_2001_to_2002.csv
1958PA035009,422009,53781,52980,"1958PA035009",1958,site_obsdate,2001,2002,2001-2002,44,23,"Older development, 16-30 years",3,Rangeland or Pasture to Developed,Pennsylvania,Clinton,CONUS East 1,CONUS,v2025-11,4/24/1958 0:00,4/24/1958 0:00,Alfisols,Ustalfs,Paleudalfs,Typic Paleudalfs,fine,41.0215194,-77.5409278,3992,6566,US_NCSS_changed_pedons_2001_to_2002.csv
1985PA115032,422508,54335,53534,"766",1985,site_obsdate,2001,2002,2001-2002,17,23,"Older development, 16-30 years",3,Rangeland or Pasture to Developed,Pennsylvania,Susquehanna,CONUS East 1,CONUS,v2025-11,,9/26/1985 0:00,inceptisols,ochrepts,dystrochrepts,typic dystrochrepts,coarse-loamy,41.875,-75.6286111,3992,6606,US_NCSS_changed_pedons_2001_to_2002.csv
1985PA115033,422509,54336,53535,"767",1985,site_obsdate,2001,2002,2001-2002,17,23,"Older development, 16-30 years",3,Rangeland or Pasture to Developed,Pennsylvania,Susquehanna,CONUS East 1,CONUS,v2025-11,,9/26/1985 0:00,inceptisols,ochrepts,dystrochrepts,typic dystrochrepts,coarse-loamy,41.875,-75.6286111,3992,6606,US_NCSS_changed_pedons_2001_to_2002.csv
80SC089009,120301,7975,7975,"S1980SC089009",1980,site_obsdate,2001,2002,2001-2002,22,23,"Older development, 16-30 years",2,Forest to Developed,South Carolina,Williamsburg,CONUS East 1,CONUS,v2025-11,10/1/1980 0:00,10/1/1980 0:00,ultisols,aquults,umbraquults,typic umbraquults,,33.4970856,-79.7306137,3997,6759,US_NCSS_changed_pedons_2001_to_2002.csv
1959TN141026,872348,4748,4748,"S1959TN141026",1959,site_obsdate,2001,2002,2001-2002,43,23,"Older development, 16-30 years",3,Rangeland or Pasture to Developed,Tennessee,Putnam,CONUS Central 2,CONUS,v2025-11,12/2/1959 0:00,12/2/1959 0:00,,,,,,36.1822205,-85.4486084,3999,6897,US_NCSS_changed_pedons_2001_to_2002.csv
S01TX-061-001,960848,26895,26891,"S01TX-061-001",2001,site_obsdate,2001,2002,2001-2002,1,23,"Older development, 16-30 years",3,Rangeland or Pasture to Developed,Texas,Cameron,CONUS Central 1,CONUS,v2025-11,,7/19/2001 0:00,,,,,,26.1952778,-97.6129167,4000,6952,US_NCSS_changed_pedons_2001_to_2002.csv
S2001TX061001,99858,28429,28368,"P01TX061001",2001,site_obsdate,2001,2002,2001-2002,1,23,"Older development, 16-30 years",3,Rangeland or Pasture to Developed,Texas,Cameron,CONUS Central 1,CONUS,v2025-11,5/18/2001 0:00,5/18/2001 0:00,vertisols,usterts,haplusterts,sodic haplusterts,fine,26.1952782,-97.6129150390625,4000,6952,US_NCSS_changed_pedons_2001_to_2002.csv
88TX201002,125366,15516,15516,"S1988TX201002",1988,site_obsdate,2001,2002,2001-2002,14,23,"Older development, 16-30 years",3,Rangeland or Pasture to Developed,Texas,Harris,CONUS Central 1,CONUS,v2025-11,9/3/1988 0:00,9/1/1988 0:00,alfisols,udalfs,paleudalfs,aquic paleudalfs,fine-loamy,29.8191662,-95.6433334,4000,7022,US_NCSS_changed_pedons_2001_to_2002.csv
S2001TX201002,112293,30180,30064,"P01TX201-002",2001,site_obsdate,2001,2002,2001-2002,1,23,"Older development, 16-30 years",3,Rangeland or Pasture to Developed,Texas,Harris,CONUS Central 1,CONUS,v2025-11,11/19/2001 0:00,11/19/2001 0:00,alfisols,udalfs,paleudalfs,aquic paleudalfs,,29.9344444,-95.6815796,4000,7022,US_NCSS_changed_pedons_2001_to_2002.csv
84TX273001,122020,11319,11319,"S1984TX273001",1984,site_obsdate,2001,2002,2001-2002,18,23,"Older development, 16-30 years",3,Rangeland or Pasture to Developed,Texas,Kleberg,CONUS Central 1,CONUS,v2025-11,5/3/1984 0:00,5/1/1984 0:00,mollisols,ustolls,calciustolls,vertic calciustolls,fine,27.5297222,-97.875,4000,7058,US_NCSS_changed_pedons_2001_to_2002.csv
S1985VT027012,113905,12562,12562,"S1985VT027012",1985,site_obsdate,2001,2002,2001-2002,17,23,"Older development, 16-30 years",2,Forest to Developed,Vermont,Windsor,CONUS East 2,CONUS,v2025-11,6/3/1985 0:00,8/1/1985 0:00,spodosols,orthods,haplorthods,typic haplorthods,sandy-skeletal,43.4208336,-72.714447,4005,7367,US_NCSS_changed_pedons_2001_to_2002.csv
S1969VA075014,110849,1265,1265,"S1969VA075014",1969,site_obsdate,2001,2002,2001-2002,33,23,"Older development, 16-30 years",2,Forest to Developed,Virginia,Goochland,CONUS East 1,CONUS,v2025-11,10/29/1969 0:00,10/29/1969 0:00,,,,,,37.5917206,-77.6497039794922,4003,7250,US_NCSS_changed_pedons_2001_to_2002.csv
S2000VA107018,868980,25749,25749,"S2000VA107018",2000,site_obsdate,2001,2002,2001-2002,2,23,"Older development, 16-30 years",1,Agriculture to Developed,Virginia,Loudoun,CONUS East 1,CONUS,v2025-11,,6/1/2000 0:00,,,,,,38.989325,-77.500339,4003,7237,US_NCSS_changed_pedons_2001_to_2002.csv
84WA015001,122259,11658,11658,"S1984WA015001",1984,site_obsdate,2001,2002,2001-2002,18,23,"Older development, 16-30 years",1,Agriculture to Developed,Washington,Cowlitz,CONUS West 1,CONUS,v2025-11,9/1/1984 0:00,9/1/1984 0:00,ultisols,humults,haplohumults,xeric haplohumults,clayey,45.9749985,-122.7416687,4006,7375,US_NCSS_changed_pedons_2001_to_2002.csv
85WA075014,123055,12748,12748,"S1985WA075014",1985,site_obsdate,2001,2002,2001-2002,17,23,"Older development, 16-30 years",3,Rangeland or Pasture to Developed,Washington,Whitman,CONUS West 1,CONUS,v2025-11,9/1/1985 0:00,9/1/1985 0:00,mollisols,xerolls,argixerolls,pachic ultic argixerolls,fine-silty,46.6716652,-117.1372223,4006,7405,US_NCSS_changed_pedons_2001_to_2002.csv
90WI013033,56013,17941,17941,"90WI013033",1990,site_obsdate,2001,2002,2001-2002,12,23,"Older development, 16-30 years",1,Agriculture to Developed,Wisconsin,Burnett,CONUS Central 2,CONUS,v2025-11,8/7/1990 0:00,8/7/1990 0:00,alfisols,udalfs,hapludalfs,oxyaquic hapludalfs,clayey,45.9000015,-92.3277740478516,4007,7413,US_NCSS_changed_pedons_2001_to_2002.csv
S1990WI053001,668989,17900,17900,"S1990WI053001",1990,site_obsdate,2001,2002,2001-2002,12,23,"Older development, 16-30 years",3,Rangeland or Pasture to Developed,Wisconsin,Jackson,CONUS Central 2,CONUS,v2025-11,7/1/2005 0:00,6/1/1990 0:00,inceptisols,udepts,dystrudepts,aquic humic dystrudepts,coarse-loamy,44.3250008,-91.1252747,4007,7433,US_NCSS_changed_pedons_2001_to_2002.csv
S1957WI063004,107049,1565,1565,"S1957WI063004",1957,site_obsdate,2001,2002,2001-2002,45,23,"Older development, 16-30 years",3,Rangeland or Pasture to Developed,Wisconsin,La Crosse,CONUS Central 2,CONUS,v2025-11,10/31/1957 0:00,10/31/1957 0:00,entisols,psamments,udipsamments,typic udipsamments,,44.0158348,-91.2936096,4007,7438,US_NCSS_changed_pedons_2001_to_2002.csv
S1954WI121002,1242631,1519,1519,"S1954WI121002",1954,site_obsdate,2001,2002,2001-2002,48,23,"Older development, 16-30 years",3,Rangeland or Pasture to Developed,Wisconsin,Trempealeau,CONUS Central 2,CONUS,v2025-11,8/25/1954 0:00,8/25/1954 0:00,alfisols,udalfs,hapludalfs,inceptic hapludalfs,coarse-loamy over sandy or sandy-skeletal,44.2438889,-91.4824982,4007,7468,US_NCSS_changed_pedons_2001_to_2002.csv
91AK090004,127622,18392,18392,"S1991AK090004",1991,site_obsdate,2002,2003,2002-2003,12,22,"Older development, 16-30 years",2,Forest to Developed,Alaska,Fairbanks North Star,Alaska Main,AK,v2024-10,7/1/1991 0:00,7/1/1991 0:00,inceptisols,aquepts,cryaquepts,histic pergelic cryaquepts,,64.8577805,-147.8816681,3946,4268,US_NCSS_changed_pedons_2002_to_2003.csv
S1945CA021012,108143,2754,2754,"S1945CA021012",1945,site_obsdate,2002,2003,2002-2003,58,22,"Older development, 16-30 years",3,Rangeland or Pasture to Developed,California,Glenn,CONUS West 1,CONUS,v2025-11,4/5/1945 0:00,4/5/1945 0:00,alfisols,xeralfs,palexeralfs,typic palexeralfs,fine-loamy,39.7975006,-122.1663895,3951,4459,US_NCSS_changed_pedons_2002_to_2003.csv
S1969CA061016,98979,5567,5567,"S1969CA061016",1969,site_obsdate,2002,2003,2002-2003,34,22,"Older development, 16-30 years",3,Rangeland or Pasture to Developed,California,Placer,CONUS West 1,CONUS,v2025-11,6/1/1969 0:00,6/1/1969 0:00,inceptisols,ochrepts,durochrepts,entic durochrepts,fine-loamy,38.81027603,-121.3102798,3951,4479,US_NCSS_changed_pedons_2002_to_2003.csv
88GA313002,125408,15558,15558,"S1988GA313002",1988,site_obsdate,2002,2003,2002-2003,15,22,"Older development, 16-30 years",2,Forest to Developed,Georgia,Whitfield,CONUS East 1,CONUS,v2025-11,9/1/1988 0:00,9/1/1988 0:00,inceptisols,tropepts,dystropepts,aquic dystropepts,fine-silty,34.8511124,-84.9277802,3960,4807,US_NCSS_changed_pedons_2002_to_2003.csv
S1961HI003009,109858,5365,5365,"S1961HI003009",1961,site_obsdate,2002,2003,2002-2003,42,22,"Older development, 16-30 years",3,Rangeland or Pasture to Developed,Hawaii,Honolulu,Hawaii,HI,v2024-10,6/1/1961 0:00,6/1/1961 0:00,,,,,,21.4808331,-157.9850006,3962,4814,US_NCSS_changed_pedons_2002_to_2003.csv
S1963HI003002,101049,5307,5307,"S1963HI003002",1963,site_obsdate,2002,2003,2002-2003,40,22,"Older development, 16-30 years",3,Rangeland or Pasture to Developed,Hawaii,Honolulu,Hawaii,HI,v2024-10,5/23/1963 0:00,5/23/1963 0:00,mollisols,ustolls,haplustolls,aridic haplustolls,fine,21.3276939,-158.0252838,3962,4814,US_NCSS_changed_pedons_2002_to_2003.csv
77ID057012,1203146,73125,133858,"77-ALF-056",1977,site_obsdate,2002,2003,2002-2003,26,22,"Older development, 16-30 years",3,Rangeland or Pasture to Developed,Idaho,Latah,CONUS West 1,CONUS,v2025-11,7/1/1977 0:00,7/3/1977 0:00,,,,,,46.74769974,-117.0009995,3964,4945,US_NCSS_changed_pedons_2002_to_2003.csv
81IL017007,121229,10099,10099,"S1981IL017007",1981,site_obsdate,2002,2003,2002-2003,22,22,"Older development, 16-30 years",3,Rangeland or Pasture to Developed,Illinois,Cass,CONUS Central 2,CONUS,v2025-11,6/1/1981 0:00,6/1/1981 0:00,entisols,fluvents,udifluvents,typic udifluvents,coarse-silty,39.9855537,-90.3213882,3965,4969,US_NCSS_changed_pedons_2002_to_2003.csv
80IL-049-001,963393,36693,36078,"80IL-049-001",1980,site_obsdate,2002,2003,2002-2003,23,22,"Older development, 16-30 years",2,Forest to Developed,Illinois,Effingham,CONUS Central 2,CONUS,v2025-11,,4/1/1980 0:00,alfisols,udalfs,hapludalfs,ultic hapludalfs,fine-silty,39.1188324,-88.5939638,3965,4985,US_NCSS_changed_pedons_2002_to_2003.csv
1978IL095033,375652,36490,35875,"1978IL095033",1978,site_obsdate,2002,2003,2002-2003,25,22,"Older development, 16-30 years",4,Other to Developed,Illinois,Knox,CONUS Central 2,CONUS,v2025-11,10/1/1978 0:00,10/1/1978 0:00,entisols,arents,udarents,alfic udarents,fine-loamy,40.9837597,-90.1606309,3965,5008,US_NCSS_changed_pedons_2002_to_2003.csv
S1981IL115036,846632,8786,8786,"S1981IL115036",1981,site_obsdate,2002,2003,2002-2003,22,22,"Older development, 16-30 years",2,Forest to Developed,Illinois,Macon,CONUS Central 2,CONUS,v2025-11,6/1/1981 0:00,6/1/1981 0:00,alfisols,udalfs,hapludalfs,oxyaquic hapludalfs,fine-silty,39.9375,-88.7505569,3965,5018,US_NCSS_changed_pedons_2002_to_2003.csv
1963IL113001,844966,36013,35398,"1963IL113001",1963,site_obsdate,2002,2003,2002-2003,40,22,"Older development, 16-30 years",1,Agriculture to Developed,Illinois,McLean,CONUS Central 2,CONUS,v2025-11,8/1/1963 0:00,8/1/1963 0:00,mollisols,aquolls,endoaquolls,typic endoaquolls,fine-silty,40.3222842,-88.8808351,3965,5017,US_NCSS_changed_pedons_2002_to_2003.csv
2015IN105003,1108136,37771,37156,"2015IN105003",1973,site_obsdate,2002,2003,2002-2003,30,22,"Older development, 16-30 years",1,Agriculture to Developed,Indiana,Monroe,CONUS Central 2,CONUS,v2025-11,1/17/1973 0:00,1/17/1973 0:00,alfisols,udalfs,paleudalfs,typic paleudalfs,fine-silty,39.122222,-86.5509051,3966,5115,US_NCSS_changed_pedons_2002_to_2003.csv
S02IN127001,158451,30518,30402,"S02IN127001",2002,site_obsdate,2002,2003,2002-2003,1,22,"Older development, 16-30 years",3,Rangeland or Pasture to Developed,Indiana,Porter,CONUS Central 2,CONUS,v2025-11,9/30/2002 0:00,9/30/2002 0:00,mollisols,aquolls,endoaquolls,fluvaquentic endoaquolls,fine-silty,41.5014139,-87.1247778,3966,5126,US_NCSS_changed_pedons_2002_to_2003.csv
1978IN137002,312994,38391,37776,"1978IN137002",1977,site_obsdate,2002,2003,2002-2003,26,22,"Older development, 16-30 years",1,Agriculture to Developed,Indiana,Ripley,CONUS Central 2,CONUS,v2025-11,10/4/1977 0:00,10/4/1977 0:00,ultisols,aquults,ochraquults,typic ochraquults,fine-silty,39.3090528,-85.1517806,3966,5131,US_NCSS_changed_pedons_2002_to_2003.csv
1972IN157001,313209,38044,37429,"1972IN157001",1972,site_obsdate,2002,2003,2002-2003,31,22,"Older development, 16-30 years",3,Rangeland or Pasture to Developed,Indiana,Tippecanoe,CONUS Central 2,CONUS,v2025-11,9/20/1972 0:00,9/20/1972 0:00,,,,,,40.4114111,-86.9499278,3966,5141,US_NCSS_changed_pedons_2002_to_2003.csv
83IN157002,957280,10763,10763,"83IN157002",1984,site_obsdate,2002,2003,2002-2003,19,22,"Older development, 16-30 years",1,Agriculture to Developed,Indiana,Tippecanoe,CONUS Central 2,CONUS,v2025-11,9/3/2000 0:00,6/1/1984 0:00,mollisols,udolls,argiudolls,typic argiudolls,fine-silty,40.3686397,-86.8586019,3966,5141,US_NCSS_changed_pedons_2002_to_2003.csv
1984IN171003,313978,39232,38617,"1984IN171003",1984,site_obsdate,2002,2003,2002-2003,19,22,"Older development, 16-30 years",1,Agriculture to Developed,Indiana,Warren,CONUS Central 2,CONUS,v2025-11,7/9/1984 0:00,7/9/1984 0:00,mollisols,udolls,hapludolls,typic hapludolls,coarse-loamy,40.14094925,-87.43280029,3966,5148,US_NCSS_changed_pedons_2002_to_2003.csv
76KS077001,192746,1782,1782,"76KS077001",1976,site_obsdate,2002,2003,2002-2003,27,22,"Older development, 16-30 years",3,Rangeland or Pasture to Developed,Kansas,Harper,CONUS Central 1,CONUS,v2025-11,6/1/1976 0:00,6/1/1976 0:00,mollisols,ustolls,argiustolls,udic argiustolls,fine-loamy,37.3352778,-98.18499756,3967,5193,US_NCSS_changed_pedons_2002_to_2003.csv
87KS151001,124421,14331,14331,"S1987KS151001",1987,site_obsdate,2002,2003,2002-2003,16,22,"Older development, 16-30 years",1,Agriculture to Developed,Kansas,Pratt,CONUS Central 1,CONUS,v2025-11,8/3/1987 0:00,8/1/1987 0:00,alfisols,ustalfs,haplustalfs,udic haplustalfs,coarse-loamy,37.8119431,-98.8130569,3967,5230,US_NCSS_changed_pedons_2002_to_2003.csv
88KS151001A,958064,15505,15505,"88KS151001A",1989,site_obsdate,2002,2003,2002-2003,14,22,"Older development, 16-30 years",1,Agriculture to Developed,Kansas,Pratt,CONUS Central 1,CONUS,v2025-11,4/3/1990 0:00,6/1/1989 0:00,alfisols,ustalfs,haplustalfs,udic haplustalfs,coarse-loamy,37.8119444,-98.8130556,3967,5230,US_NCSS_changed_pedons_2002_to_2003.csv
88KS151002A,958065,15506,15506,"88KS151002A",1989,site_obsdate,2002,2003,2002-2003,14,22,"Older development, 16-30 years",1,Agriculture to Developed,Kansas,Pratt,CONUS Central 1,CONUS,v2025-11,4/3/1990 0:00,6/1/1989 0:00,mollisols,aquolls,argiaquolls,typic argiaquolls,fine-loamy,37.8119444,-98.8130556,3967,5230,US_NCSS_changed_pedons_2002_to_2003.csv
88KS151003A,958068,15509,15509,"88KS151003A",1989,site_obsdate,2002,2003,2002-2003,14,22,"Older development, 16-30 years",1,Agriculture to Developed,Kansas,Pratt,CONUS Central 1,CONUS,v2025-11,,6/1/1989 0:00,alfisols,ustalfs,haplustalfs,udic haplustalfs,sandy,37.8119444,-98.8130556,3967,5230,US_NCSS_changed_pedons_2002_to_2003.csv
88KS151004A,958069,15510,15510,"88KS151004A",1989,site_obsdate,2002,2003,2002-2003,14,22,"Older development, 16-30 years",1,Agriculture to Developed,Kansas,Pratt,CONUS Central 1,CONUS,v2025-11,4/3/1990 0:00,6/1/1989 0:00,alfisols,ustalfs,haplustalfs,udic haplustalfs,sandy,37.8119444,-98.8130556,3967,5230,US_NCSS_changed_pedons_2002_to_2003.csv
98KY111041,72838,55460,54659,"98KY111041",1998,site_obsdate,2002,2003,2002-2003,5,22,"Older development, 16-30 years",2,Forest to Developed,Kentucky,Jefferson,CONUS Central 2,CONUS,v2025-11,10/27/1998 0:00,10/27/1998 0:00,mollisols,udolls,hapludolls,fluventic hapludolls,coarse-loamy,38.10250092,-85.8986111,3968,5315,US_NCSS_changed_pedons_2002_to_2003.csv
S1985MD031013,796768,13058,13058,"S1985MD031013",1985,site_obsdate,2002,2003,2002-2003,18,22,"Older development, 16-30 years",2,Forest to Developed,Maryland,Montgomery,CONUS East 1,CONUS,v2025-11,11/1/1985 0:00,11/1/1985 0:00,alfisols,udalfs,hapludalfs,typic hapludalfs,loamy-skeletal,39.2883339,-77.2330551,3971,5472,US_NCSS_changed_pedons_2002_to_2003.csv
S2000MD041023,804506,26127,26127,"S2000MD041023",2000,site_obsdate,2002,2003,2002-2003,3,22,"Older development, 16-30 years",1,Agriculture to Developed,Maryland,Talbot,CONUS East 1,CONUS,v2025-11,9/23/2000 0:00,9/23/2000 0:00,alfisols,udalfs,hapludalfs,ultic hapludalfs,fine-silty,38.7057991,-76.0294571,3971,5477,US_NCSS_changed_pedons_2002_to_2003.csv
S1973MA005002,791738,488,488,"S1973MA005002",1973,site_obsdate,2002,2003,2002-2003,30,22,"Older development, 16-30 years",1,Agriculture to Developed,Massachusetts,Bristol,CONUS East 2,CONUS,v2025-11,6/27/1973 0:00,6/27/1973 0:00,entisols,orthents,udorthents,typic udorthents,sandy-skeletal,41.9255333,-71.0633545,3970,5446,US_NCSS_changed_pedons_2002_to_2003.csv
1970MA011003,791704,1190,1190,"S1970MA011003",1970,site_obsdate,2002,2003,2002-2003,33,22,"Older development, 16-30 years",1,Agriculture to Developed,Massachusetts,Franklin,CONUS East 2,CONUS,v2025-11,5/6/1970 0:00,5/6/1970 0:00,entisols,psamments,udipsamments,typic udipsamments,,42.4611111,-72.6119444,3970,5449,US_NCSS_changed_pedons_2002_to_2003.csv
S1966MI099001,1278658,1886,1886,"S1966MI099001",1966,site_obsdate,2002,2003,2002-2003,37,22,"Older development, 16-30 years",2,Forest to Developed,Michigan,Macomb,CONUS East 1,CONUS,v2025-11,8/4/1966 0:00,10/10/1966 0:00,entisols,psamments,udipsamments,spodic udipsamments,,42.69075012,-83.0458056,3974,5580,US_NCSS_changed_pedons_2002_to_2003.csv
1958MI139002,323257,30904,30787,"1958MI139002",1958,site_obsdate,2002,2003,2002-2003,45,22,"Older development, 16-30 years",1,Agriculture to Developed,Michigan,Ottawa,CONUS Central 2,CONUS,v2025-11,9/23/1958 0:00,9/23/1958 0:00,,,,,,43.0636111,-86.1530278,3974,5600,US_NCSS_changed_pedons_2002_to_2003.csv
S1982MN159040 (3550),583464,56310,55509,"S1982MN159040 (3550)",1982,site_obsdate,2002,2003,2002-2003,21,22,"Older development, 16-30 years",3,Rangeland or Pasture to Developed,Minnesota,Wadena,CONUS Central 2,CONUS,v2025-11,9/29/1982 0:00,9/29/1982 0:00,alfisols,udalfs,hapludalfs,aquic arenic hapludalfs,loamy,46.4961205,-94.9893112,3975,5693,US_NCSS_changed_pedons_2002_to_2003.csv
1995MO097024,94251,43208,42494,"1995MO097024",1995,site_obsdate,2002,2003,2002-2003,8,22,"Older development, 16-30 years",1,Agriculture to Developed,Missouri,Jasper,CONUS Central 2,CONUS,v2025-11,10/25/1995 0:00,10/25/1995 0:00,mollisols,udolls,argiudolls,oxyaquic argiudolls,fine,37.2123611,-94.2558611,3976,5749,US_NCSS_changed_pedons_2002_to_2003.csv
1984MO175005,957574,12126,12126,"1984MO175005",1985,site_obsdate,2002,2003,2002-2003,18,22,"Older development, 16-30 years",3,Rangeland or Pasture to Developed,Missouri,Randolph,CONUS Central 2,CONUS,v2025-11,12/3/1985 0:00,6/1/1985 0:00,alfisols,aqualfs,albaqualfs,vertic albaqualfs,fine,39.3469444,-92.4452778,3976,5788,US_NCSS_changed_pedons_2002_to_2003.csv
1993MO209230,93772,43161,42447,"1993MO209230",1993,site_obsdate,2002,2003,2002-2003,10,22,"Older development, 16-30 years",3,Rangeland or Pasture to Developed,Missouri,Stone,CONUS Central 2,CONUS,v2025-11,7/8/1993 0:00,7/8/1993 0:00,alfisols,udalfs,hapludalfs,typic hapludalfs,loamy-skeletal over clayey,36.7276833,-93.5027972,3976,5804,US_NCSS_changed_pedons_2002_to_2003.csv
91MT089019,127519,18286,18286,"S1991MT089019",1991,site_obsdate,2002,2003,2002-2003,12,22,"Older development, 16-30 years",3,Rangeland or Pasture to Developed,Montana,Sanders,CONUS West 1,CONUS,v2025-11,,6/1/1991 0:00,andisols,xerands,haploxerands,typic haploxerands,,47.9805565,-115.7399979,3979,5946,US_NCSS_changed_pedons_2002_to_2003.csv
S1957NJ023003,104220,323,323,"S1957NJ023003",1957,site_obsdate,2002,2003,2002-2003,46,22,"Older development, 16-30 years",1,Agriculture to Developed,New Jersey,Middlesex,CONUS East 2,CONUS,v2025-11,3/28/1957 0:00,3/28/1957 0:00,,,,,,40.3330574,-74.5819473,3984,6226,US_NCSS_changed_pedons_2002_to_2003.csv
S2000NC097011,423005,25653,25653,"S2000NC097011",2000,site_obsdate,2002,2003,2002-2003,3,22,"Older development, 16-30 years",2,Forest to Developed,North Carolina,Iredell,CONUS East 1,CONUS,v2025-11,5/3/2000 0:00,5/3/2000 0:00,ultisols,udults,kanhapludults,typic kanhapludults,,35.9698181,-80.7863083,3980,6007,US_NCSS_changed_pedons_2002_to_2003.csv
88ND085031,124806,14804,14804,"S1988ND085031",1988,site_obsdate,2002,2003,2002-2003,15,22,"Older development, 16-30 years",3,Rangeland or Pasture to Developed,North Dakota,Sioux,CONUS Central 1,CONUS,v2025-11,11/3/1988 0:00,11/1/1988 0:00,mollisols,borolls,haploborolls,entic haploborolls,sandy,46.39305496,-100.6308365,3981,6101,US_NCSS_changed_pedons_2002_to_2003.csv
84OH037033,122349,11852,11852,"S1984OH037033",1984,site_obsdate,2002,2003,2002-2003,19,22,"Older development, 16-30 years",1,Agriculture to Developed,Ohio,Darke,CONUS East 1,CONUS,v2025-11,6/3/1984 0:00,6/1/1984 0:00,alfisols,aqualfs,ochraqualfs,aeric ochraqualfs,fine,39.9741974,-84.446022,3989,6366,US_NCSS_changed_pedons_2002_to_2003.csv
1953-OH039-S01,746667,66210,64285,"1953-OH039-S01",1953,site_obsdate,2002,2003,2002-2003,50,22,"Older development, 16-30 years",1,Agriculture to Developed,Ohio,Defiance,CONUS East 1,CONUS,v2025-11,,8/28/1953 0:00,,,,aquic arenic hapludalfs,loamy,41.2364044,-84.3145294,3989,6367,US_NCSS_changed_pedons_2002_to_2003.csv
1955-OH039-007,746665,66651,64726,"1955-OH039-007",1955,site_obsdate,2002,2003,2002-2003,48,22,"Older development, 16-30 years",1,Agriculture to Developed,Ohio,Defiance,CONUS East 1,CONUS,v2025-11,,10/6/1955 0:00,entisols,psamments,udipsamments,typic udipsamments,,41.3221169,-84.7148285,3989,6367,US_NCSS_changed_pedons_2002_to_2003.csv
S2000OR003003,108630,25531,25531,"S2000OR003003",2000,site_obsdate,2002,2003,2002-2003,3,22,"Older development, 16-30 years",1,Agriculture to Developed,Oregon,Benton,CONUS West 1,CONUS,v2025-11,,3/31/2000 0:00,mollisols,xerolls,argixerolls,pachic argixerolls,fine,44.5449982,-123.3819427,3991,6514,US_NCSS_changed_pedons_2002_to_2003.csv
S2000OR003005,108516,25851,25851,"S2000OR003005",2000,site_obsdate,2002,2003,2002-2003,3,22,"Older development, 16-30 years",1,Agriculture to Developed,Oregon,Benton,CONUS West 1,CONUS,v2025-11,,4/23/2000 0:00,mollisols,xerolls,argixerolls,pachic argixerolls,fine,44.5449982,-123.3819427,3991,6514,US_NCSS_changed_pedons_2002_to_2003.csv
99PA017001,109044,24655,24655,"99PA017001",1999,site_obsdate,2002,2003,2002-2003,4,22,"Older development, 16-30 years",3,Rangeland or Pasture to Developed,Pennsylvania,Bucks,CONUS East 1,CONUS,v2025-11,,8/8/1999 0:00,,,,,,40.1985944,-75.0759444,3992,6557,US_NCSS_changed_pedons_2002_to_2003.csv
S2000PA017001,111148,26013,26013,"00PA017001",2000,site_obsdate,2002,2003,2002-2003,3,22,"Older development, 16-30 years",3,Rangeland or Pasture to Developed,Pennsylvania,Bucks,CONUS East 1,CONUS,v2025-11,,8/2/2000 0:00,inceptisols,aquepts,humaquepts,fluvaquentic humaquepts,,40.1985944,-75.0759444,3992,6557,US_NCSS_changed_pedons_2002_to_2003.csv
1959PA037002,422025,53799,52998,"1959PA037002",1959,site_obsdate,2002,2003,2002-2003,44,22,"Older development, 16-30 years",3,Rangeland or Pasture to Developed,Pennsylvania,Columbia,CONUS East 1,CONUS,v2025-11,8/24/1959 0:00,8/24/1959 0:00,ultisols,aquults,fragiaquults,typic fragiaquults,fine-loamy,41.1183333,-76.4588889,3992,6567,US_NCSS_changed_pedons_2002_to_2003.csv
S1955PA071008,105382,369,369,"S1955PA071008",1955,site_obsdate,2002,2003,2002-2003,48,22,"Older development, 16-30 years",2,Forest to Developed,Pennsylvania,Lancaster,CONUS East 1,CONUS,v2025-11,9/17/1955 0:00,9/17/1955 0:00,,,,,,40.1522217,-76.5747223,3992,6584,US_NCSS_changed_pedons_2002_to_2003.csv
95SD105002A,958943,21924,21924,"95SD105002A",1995,site_obsdate,2002,2003,2002-2003,8,22,"Older development, 16-30 years",3,Rangeland or Pasture to Developed,South Dakota,Perkins,CONUS Central 1,CONUS,v2025-11,,6/1/1995 0:00,mollisols,borolls,argiborolls,typic argiborolls,fine-loamy,45.7794444,-102.6527778,3998,6812,US_NCSS_changed_pedons_2002_to_2003.csv
S1953TN009018,105806,4685,4685,"S1953TN009018",1953,site_obsdate,2002,2003,2002-2003,50,22,"Older development, 16-30 years",1,Agriculture to Developed,Tennessee,Blount,CONUS East 1,CONUS,v2025-11,2/1/1953 0:00,2/1/1953 0:00,,,,,,35.7747231,-83.8719406,3999,6831,US_NCSS_changed_pedons_2002_to_2003.csv
68VT021002,873191,494,494,"S1968VT021002",1968,site_obsdate,2002,2003,2002-2003,35,22,"Older development, 16-30 years",4,Other to Developed,Vermont,Rutland,CONUS East 2,CONUS,v2025-11,9/16/1968 0:00,9/16/1968 0:00,inceptisols,udepts,dystrudepts,typic dystrudepts,coarse-loamy,43.416111,-73.2327805,4005,7364,US_NCSS_changed_pedons_2002_to_2003.csv
84WI039001,122279,11678,11678,"S1984WI039001",1984,site_obsdate,2002,2003,2002-2003,19,22,"Older development, 16-30 years",1,Agriculture to Developed,Wisconsin,Fond du Lac,CONUS Central 2,CONUS,v2025-11,9/3/1984 0:00,9/1/1984 0:00,mollisols,udolls,hapludolls,aquic hapludolls,fine,43.7966652,-88.4166641,4007,7426,US_NCSS_changed_pedons_2002_to_2003.csv
S1981WI067341,1253133,8934,8934,"S1981WI067341",1981,site_obsdate,2002,2003,2002-2003,22,22,"Older development, 16-30 years",3,Rangeland or Pasture to Developed,Wisconsin,Langlade,CONUS Central 2,CONUS,v2025-11,6/3/1981 0:00,6/1/1981 0:00,alfisols,udalfs,glossudalfs,haplic glossudalfs,fine-silty,45.2188873,-89.0199966,4007,7440,US_NCSS_changed_pedons_2002_to_2003.csv
75AL065001-pgm,305221,39772,39153,"75AL065001-pgm",1975,site_obsdate,2003,2004,2003-2004,29,21,"Older development, 16-30 years",3,Rangeland or Pasture to Developed,Alabama,Hale,CONUS Central 2,CONUS,v2025-11,5/6/1975 0:00,5/6/1975 0:00,ultisols,udults,paleudults,rhodic paleudults,fine-loamy,32.91222763,-87.64028168,3947,4319,US_NCSS_changed_pedons_2003_to_2004.csv
S1974AZ019006,109733,6342,6342,"S1974AZ019006",1974,site_obsdate,2003,2004,2003-2004,30,21,"Older development, 16-30 years",3,Rangeland or Pasture to Developed,Arizona,Pima,CONUS West 2,CONUS,v2025-11,6/1/1974 0:00,6/1/1974 0:00,aridisols,calcids,petrocalcids,argic petrocalcids,clayey-skeletal,32.1558342,-110.7680588,3950,4444,US_NCSS_changed_pedons_2003_to_2004.csv
1972AR07502,816442,58894,58091,"1972AR07502",1972,site_obsdate,2003,2004,2003-2004,32,21,"Older development, 16-30 years",2,Forest to Developed,Arkansas,Lawrence,CONUS Central 2,CONUS,v2025-11,9/18/2017 0:00,6/1/1972 0:00,alfisols,udalfs,hapludalfs,typic hapludalfs,fine-loamy,35.94469833,-91.33860016,3948,4391,US_NCSS_changed_pedons_2003_to_2004.csv
84CA031007,122368,11880,11880,"S1984CA031007",1984,site_obsdate,2003,2004,2003-2004,20,21,"Older development, 16-30 years",3,Rangeland or Pasture to Developed,California,Kings,CONUS West 1,CONUS,v2025-11,11/1/1984 0:00,11/1/1984 0:00,mollisols,xerolls,haploxerolls,fluvaquentic haploxerolls,,36.2333336,-119.7916641,3951,4464,US_NCSS_changed_pedons_2003_to_2004.csv
86CA051003,123796,13648,13648,"S1986CA051003",1986,site_obsdate,2003,2004,2003-2004,18,21,"Older development, 16-30 years",3,Rangeland or Pasture to Developed,California,Mono,CONUS West 1,CONUS,v2025-11,9/1/1986 0:00,9/1/1986 0:00,entisols,psamments,torripsamments,vitrandic torripsamments,ashy,37.9238167,-119.0181808,3951,4474,US_NCSS_changed_pedons_2003_to_2004.csv
79CA067005,119954,7322,7322,"S1979CA067005",1979,site_obsdate,2003,2004,2003-2004,25,21,"Older development, 16-30 years",3,Rangeland or Pasture to Developed,California,Sacramento,CONUS West 1,CONUS,v2025-11,6/3/1979 0:00,6/1/1979 0:00,alfisols,xeralfs,haploxeralfs,ultic haploxeralfs,fine-loamy,38.539341,-121.2424164,3951,4482,US_NCSS_changed_pedons_2003_to_2004.csv
S1961CA097006,100243,2909,2909,"S1961CA097006",1961,site_obsdate,2003,2004,2003-2004,43,21,"Older development, 16-30 years",3,Rangeland or Pasture to Developed,California,Sonoma,CONUS West 1,CONUS,v2025-11,6/22/1961 0:00,6/22/1961 0:00,ultisols,ustults,haplustults,typic haplustults,fine-loamy,38.3786125,-122.8327789,3951,4497,US_NCSS_changed_pedons_2003_to_2004.csv
87CA107006,124485,14407,14407,"S1987CA107006",1987,site_obsdate,2003,2004,2003-2004,17,21,"Older development, 16-30 years",3,Rangeland or Pasture to Developed,California,Tulare,CONUS West 1,CONUS,v2025-11,4/3/1987 0:00,4/1/1987 0:00,mollisols,xerolls,haploxerolls,entic haploxerolls,coarse-loamy,36.4118996,-119.1190033,3951,4502,US_NCSS_changed_pedons_2003_to_2004.csv
03CO085006,272526,31474,31355,"S2003CO677006-JH",2003,site_obsdate,2003,2004,2003-2004,1,21,"Older development, 16-30 years",1,Agriculture to Developed,Colorado,Montrose,CONUS West 2,CONUS,v2025-11,10/14/2003 0:00,10/14/2003 0:00,aridisols,argids,haplargids,typic haplargids,,38.4427452,-107.881424,3952,4549,US_NCSS_changed_pedons_2003_to_2004.csv
99CO085001,109234,24242,24242,"S1999CO085001",1999,site_obsdate,2003,2004,2003-2004,5,21,"Older development, 16-30 years",1,Agriculture to Developed,Colorado,Montrose,CONUS West 2,CONUS,v2025-11,11/20/1999 0:00,11/20/1999 0:00,,,,,,38.5155563,-107.9444427,3952,4549,US_NCSS_changed_pedons_2003_to_2004.csv
S1953FL033001,100559,4836,4836,"S1953FL033001",1953,site_obsdate,2003,2004,2003-2004,51,21,"Older development, 16-30 years",3,Rangeland or Pasture to Developed,Florida,Escambia,CONUS Central 2,CONUS,v2025-11,5/26/1953 0:00,5/26/1953 0:00,,,,,,30.9124374,-87.4311218,3957,4598,US_NCSS_changed_pedons_2003_to_2004.csv
83GA003013,121538,10613,10613,"S1983GA003013",1983,site_obsdate,2003,2004,2003-2004,21,21,"Older development, 16-30 years",2,Forest to Developed,Georgia,Atkinson,CONUS East 1,CONUS,v2025-11,7/3/1983 0:00,7/1/1983 0:00,ultisols,aquults,paleaquults,arenic paleaquults,loamy,31.3416672,-82.8708344,3960,4654,US_NCSS_changed_pedons_2003_to_2004.csv
82ID069007,121202,10052,10052,"S1982ID069007",1982,site_obsdate,2003,2004,2003-2004,22,21,"Older development, 16-30 years",3,Rangeland or Pasture to Developed,Idaho,Nez Perce,CONUS West 1,CONUS,v2025-11,9/3/1982 0:00,9/1/1982 0:00,mollisols,xerolls,natrixerolls,typic natrixerolls,fine-silty,46.37722397,-116.8227768,3964,4951,US_NCSS_changed_pedons_2003_to_2004.csv
1989IL027184,314688,37640,37025,"1989IL027184",1989,site_obsdate,2003,2004,2003-2004,15,21,"Older development, 16-30 years",1,Agriculture to Developed,Illinois,Clinton,CONUS Central 2,CONUS,v2025-11,8/1/1989 0:00,8/1/1989 0:00,alfisols,aqualfs,epiaqualfs,aeric epiaqualfs,fine-silty,38.53937531,-89.4531611,3965,4974,US_NCSS_changed_pedons_2003_to_2004.csv
1971IL093001,355181,36195,35580,"1971IL093001",1971,site_obsdate,2003,2004,2003-2004,33,21,"Older development, 16-30 years",1,Agriculture to Developed,Illinois,Kendall,CONUS Central 2,CONUS,v2025-11,10/1/1971 0:00,10/1/1971 0:00,mollisols,udolls,argiudolls,typic argiudolls,fine-loamy,41.680085,-88.4066898,3965,5007,US_NCSS_changed_pedons_2003_to_2004.csv
1978IL119057,375662,36456,35841,"1978IL119057",1977,site_obsdate,2003,2004,2003-2004,27,21,"Older development, 16-30 years",1,Agriculture to Developed,Illinois,Madison,CONUS Central 2,CONUS,v2025-11,10/1/1977 0:00,10/1/1977 0:00,mollisols,aquolls,endoaquolls,fluvaquentic vertic endoaquolls,fine,38.7804029,-90.0623413,3965,5020,US_NCSS_changed_pedons_2003_to_2004.csv
1980IL109006,856900,36663,36048,"1980IL109006",1980,site_obsdate,2003,2004,2003-2004,24,21,"Older development, 16-30 years",3,Rangeland or Pasture to Developed,Illinois,McDonough,CONUS Central 2,CONUS,v2025-11,8/1/1980 0:00,8/1/1980 0:00,mollisols,udolls,argiudolls,aquic argiudolls,fine,40.5008996,-90.6947921,3965,5015,US_NCSS_changed_pedons_2003_to_2004.csv
1986IL149018,314773,37463,36848,"1986IL149018",1986,site_obsdate,2003,2004,2003-2004,18,21,"Older development, 16-30 years",3,Rangeland or Pasture to Developed,Illinois,Pike,CONUS Central 2,CONUS,v2025-11,1/1/1986 0:00,1/1/1986 0:00,alfisols,aqualfs,endoaqualfs,typic endoaqualfs,fine-silty,39.7173333,-91.0673583,3965,5035,US_NCSS_changed_pedons_2003_to_2004.csv
1970IN005004,312816,37802,37187,"1970IN005004",1970,site_obsdate,2003,2004,2003-2004,34,21,"Older development, 16-30 years",3,Rangeland or Pasture to Developed,Indiana,Bartholomew,CONUS Central 2,CONUS,v2025-11,12/3/1970 0:00,12/3/1970 0:00,,,,,,39.3275111,-85.7037722,3966,5065,US_NCSS_changed_pedons_2003_to_2004.csv
1977IN031001,313883,38670,38055,"1977IN031001",1977,site_obsdate,2003,2004,2003-2004,27,21,"Older development, 16-30 years",3,Rangeland or Pasture to Developed,Indiana,Decatur,CONUS Central 2,CONUS,v2025-11,7/13/1977 0:00,7/13/1977 0:00,inceptisols,ochrepts,eutrochrepts,fluventic eutrochrepts,fine-loamy,39.24692535,-85.5322417,3966,5078,US_NCSS_changed_pedons_2003_to_2004.csv
S1990IN039002,1106807,17453,17453,"S1990IN039002",1990,site_obsdate,2003,2004,2003-2004,14,21,"Older development, 16-30 years",1,Agriculture to Developed,Indiana,Elkhart,CONUS Central 2,CONUS,v2025-11,8/3/1990 0:00,8/1/1990 0:00,entisols,psamments,udipsamments,aquic udipsamments,,41.7536125,-85.8775024,3966,5082,US_NCSS_changed_pedons_2003_to_2004.csv
1980IN049011,313708,38873,38258,"1980IN049011",1980,site_obsdate,2003,2004,2003-2004,24,21,"Older development, 16-30 years",3,Rangeland or Pasture to Developed,Indiana,Fulton,CONUS Central 2,CONUS,v2025-11,8/28/1980 0:00,8/28/1980 0:00,alfisols,udalfs,hapludalfs,typic hapludalfs,fine-loamy,41.04172516,-86.0566111,3966,5087,US_NCSS_changed_pedons_2003_to_2004.csv
S1972IN099008,1106801,37851,37236,"S1972IN099008",1972,site_obsdate,2003,2004,2003-2004,32,21,"Older development, 16-30 years",3,Rangeland or Pasture to Developed,Indiana,Marshall,CONUS Central 2,CONUS,v2025-11,10/19/1972 0:00,10/19/1972 0:00,entisols,psamments,udipsamments,oxyaquic udipsamments,,41.1787944,-86.4542306,3966,5112,US_NCSS_changed_pedons_2003_to_2004.csv
S2002IN173001,139419,29928,29826,"S2002IN173001",2002,site_obsdate,2003,2004,2003-2004,2,21,"Older development, 16-30 years",3,Rangeland or Pasture to Developed,Indiana,Warrick,CONUS Central 2,CONUS,v2025-11,,12/10/2002 0:00,,,,,,38.2327766,-87.3125,3966,5149,US_NCSS_changed_pedons_2003_to_2004.csv
S2001KS177007,132474,28824,28751,"S2001KS177007",2001,site_obsdate,2003,2004,2003-2004,3,21,"Older development, 16-30 years",3,Rangeland or Pasture to Developed,Kansas,Shawnee,CONUS Central 1,CONUS,v2025-11,11/28/2001 0:00,11/28/2001 0:00,mollisols,udolls,hapludolls,cumulic hapludolls,,39.13683701,-95.9366379,3967,5243,US_NCSS_changed_pedons_2003_to_2004.csv
75LA041017,955522,1320,1320,"75LA041017",1975,site_obsdate,2003,2004,2003-2004,29,21,"Older development, 16-30 years",3,Rangeland or Pasture to Developed,Louisiana,Franklin,CONUS Central 2,CONUS,v2025-11,,6/1/1975 0:00,alfisols,udalfs,fragiudalfs,glossaquic fragiudalfs,fine-silty,32.1138889,-91.8438889,3969,5400,US_NCSS_changed_pedons_2003_to_2004.csv
01MD017014,804496,28491,28430,"S2001MD017014",2001,site_obsdate,2003,2004,2003-2004,3,21,"Older development, 16-30 years",2,Forest to Developed,Maryland,Charles,CONUS East 1,CONUS,v2025-11,8/1/2001 0:00,8/1/2001 0:00,ultisols,udults,fragiudults,typic fragiudults,coarse-loamy,38.5468254,-76.7785416,3971,5465,US_NCSS_changed_pedons_2003_to_2004.csv
S1998MD021132,835592,23793,23793,"S1998MD021132",1998,site_obsdate,2003,2004,2003-2004,6,21,"Older development, 16-30 years",1,Agriculture to Developed,Maryland,Frederick,CONUS East 1,CONUS,v2025-11,,3/25/1998 0:00,ultisols,udults,hapludults,humic hapludults,fine,39.3911095,-77.2522202,3971,5467,US_NCSS_changed_pedons_2003_to_2004.csv
97MI101003,959440,23468,23468,"97MI101003",1998,site_obsdate,2003,2004,2003-2004,6,21,"Older development, 16-30 years",3,Rangeland or Pasture to Developed,Michigan,Manistee,CONUS Central 2,CONUS,v2025-11,,6/1/1998 0:00,alfisols,udalfs,glossudalfs,aquic glossudalfs,fine,44.3291667,-86.1286111,3974,5581,US_NCSS_changed_pedons_2003_to_2004.csv
S1961MN059001,102754,1635,1635,"S1961MN059001",1961,site_obsdate,2003,2004,2003-2004,43,21,"Older development, 16-30 years",3,Rangeland or Pasture to Developed,Minnesota,Isanti,CONUS Central 2,CONUS,v2025-11,9/15/1961 0:00,9/15/1961 0:00,,,,,,45.4947128,-93.2579956,3975,5643,US_NCSS_changed_pedons_2003_to_2004.csv
1991MO019047,90354,42707,41993,"1991MO019047",1991,site_obsdate,2003,2004,2003-2004,13,21,"Older development, 16-30 years",2,Forest to Developed,Missouri,Boone,CONUS Central 2,CONUS,v2025-11,,6/19/1991 0:00,alfisols,aqualfs,epiaqualfs,vertic epiaqualfs,,38.9792448,-92.3096082,3976,5710,US_NCSS_changed_pedons_2003_to_2004.csv
1990MO051013,90308,42947,42233,"1990MO051013",1990,site_obsdate,2003,2004,2003-2004,14,21,"Older development, 16-30 years",1,Agriculture to Developed,Missouri,Cole,CONUS Central 2,CONUS,v2025-11,11/15/1990 0:00,11/15/1990 0:00,alfisols,aqualfs,endoaqualfs,typic endoaqualfs,,38.5533817,-92.0487684,3976,5726,US_NCSS_changed_pedons_2003_to_2004.csv
1998MO051132,91950,48622,47908,"1998MO051132",1998,site_obsdate,2003,2004,2003-2004,6,21,"Older development, 16-30 years",3,Rangeland or Pasture to Developed,Missouri,Cole,CONUS Central 2,CONUS,v2025-11,,4/30/1998 0:00,Alfisols,Udalfs,Hapludalfs,Oxyaquic Hapludalfs,,38.4579782,-92.3511669,3976,5726,US_NCSS_changed_pedons_2003_to_2004.csv
2002MO06912,610371,46215,45501,"2002MO06912",2002,site_obsdate,2003,2004,2003-2004,2,21,"Older development, 16-30 years",3,Rangeland or Pasture to Developed,Missouri,Dunklin,CONUS Central 2,CONUS,v2025-11,12/18/2002 0:00,12/18/2002 0:00,alfisols,udalfs,hapludalfs,typic hapludalfs,,36.5536056,-90.0450861,3976,5735,US_NCSS_changed_pedons_2003_to_2004.csv
1995MO077005,94228,44078,43364,"1995MO077005",1995,site_obsdate,2003,2004,2003-2004,9,21,"Older development, 16-30 years",1,Agriculture to Developed,Missouri,Greene,CONUS Central 2,CONUS,v2025-11,3/31/1995 0:00,3/31/1995 0:00,alfisols,udalfs,paleudalfs,typic paleudalfs,,37.1025556,-93.3353611,3976,5739,US_NCSS_changed_pedons_2003_to_2004.csv
S1979MO047001,110154,7256,7256,"S1979MO047001",1979,site_obsdate,2003,2004,2003-2004,25,21,"Older development, 16-30 years",1,Agriculture to Developed,Missouri,Jackson,CONUS Central 2,CONUS,v2025-11,6/3/1979 0:00,6/1/1979 0:00,mollisols,udolls,hapludolls,fluvaquentic hapludolls,clayey over loamy,39.1833687,-94.400238,3976,5724,US_NCSS_changed_pedons_2003_to_2004.csv
2000MO119220,95202,47830,47116,"2000MO119220",2000,site_obsdate,2003,2004,2003-2004,4,21,"Older development, 16-30 years",3,Rangeland or Pasture to Developed,Missouri,McDonald,CONUS Central 2,CONUS,v2025-11,2/14/2000 0:00,2/14/2000 0:00,alfisols,udalfs,paleudalfs,fragiaquic paleudalfs,fine-silty,36.5425833,-94.5613444,3976,5760,US_NCSS_changed_pedons_2003_to_2004.csv
1986MO195009m,42933,49987,49273,"1986MO195009m",1987,site_obsdate,2003,2004,2003-2004,17,21,"Older development, 16-30 years",3,Rangeland or Pasture to Developed,Missouri,Saline,CONUS Central 2,CONUS,v2025-11,4/10/1987 0:00,4/10/1987 0:00,entisols,aquents,fluvaquents,aeric fluvaquents,fine-silty,39.1394463,-93.43416595,3976,5797,US_NCSS_changed_pedons_2003_to_2004.csv
1999MO203031M,1367590,47157,46443,"1999MO203031M",1999,site_obsdate,2003,2004,2003-2004,5,21,"Older development, 16-30 years",2,Forest to Developed,Missouri,Shannon,CONUS Central 2,CONUS,v2025-11,2/25/1999 0:00,2/25/1999 0:00,inceptisols,udepts,dystrudepts,typic dystrudepts,loamy-skeletal,37.1464056,-91.4568639,3976,5801,US_NCSS_changed_pedons_2003_to_2004.csv
S1965MT047004,103227,3452,3452,"S1965MT047004",1965,site_obsdate,2003,2004,2003-2004,39,21,"Older development, 16-30 years",3,Rangeland or Pasture to Developed,Montana,Lake,CONUS West 2,CONUS,v2025-11,7/15/1965 0:00,7/15/1965 0:00,mollisols,xerolls,argixerolls,boralfic argixerolls,fine,47.5443306,-114.0629044,3979,5925,US_NCSS_changed_pedons_2003_to_2004.csv
91MT089005,127538,18305,18305,"S1991MT089005",1991,site_obsdate,2003,2004,2003-2004,13,21,"Older development, 16-30 years",3,Rangeland or Pasture to Developed,Montana,Sanders,CONUS West 1,CONUS,v2025-11,5/3/1991 0:00,5/1/1991 0:00,mollisols,xerolls,haploxerolls,typic haploxerolls,loamy-skeletal,47.5736122,-115.2816696,3979,5946,US_NCSS_changed_pedons_2003_to_2004.csv
90MT097001,126520,16945,16945,"S1990MT097001",1990,site_obsdate,2003,2004,2003-2004,14,21,"Older development, 16-30 years",3,Rangeland or Pasture to Developed,Montana,Sweet Grass,CONUS West 2,CONUS,v2025-11,3/3/1990 0:00,3/1/1990 0:00,mollisols,borolls,argiborolls,typic argiborolls,loamy-skeletal,45.8369446,-109.9430542,3979,5950,US_NCSS_changed_pedons_2003_to_2004.csv
S1953NE079006,103876,2281,2281,"S1953NE079006",1953,site_obsdate,2003,2004,2003-2004,51,21,"Older development, 16-30 years",3,Rangeland or Pasture to Developed,Nebraska,Hall,CONUS Central 1,CONUS,v2025-11,7/7/1953 0:00,7/7/1953 0:00,mollisols,aquolls,endoaquolls,fluvaquentic endoaquolls,coarse-loamy,40.79055405,-98.5116653,3982,6151,US_NCSS_changed_pedons_2003_to_2004.csv
1980NE121165,251599,8003,8003,"1980NE121165",1980,site_obsdate,2003,2004,2003-2004,24,21,"Older development, 16-30 years",3,Rangeland or Pasture to Developed,Nebraska,Merrick,CONUS Central 1,CONUS,v2025-11,8/19/1980 0:00,8/19/1980 0:00,mollisols,ustolls,haplustolls,pachic haplustolls,coarse-loamy,41.2177778,-98.0019444,3982,6172,US_NCSS_changed_pedons_2003_to_2004.csv
1953NE155004,254521,2189,2189,"1953NE155004",1953,site_obsdate,2003,2004,2003-2004,51,21,"Older development, 16-30 years",1,Agriculture to Developed,Nebraska,Saunders,CONUS Central 1,CONUS,v2025-11,3/3/1953 0:00,3/3/1953 0:00,mollisols,udolls,hapludolls,typic hapludolls,coarse-loamy,41.1491667,-96.3488889,3982,6189,US_NCSS_changed_pedons_2003_to_2004.csv
83NE165020,121773,10985,10985,"S1983NE165020",1983,site_obsdate,2003,2004,2003-2004,21,21,"Older development, 16-30 years",3,Rangeland or Pasture to Developed,Nebraska,Sioux,CONUS Central 1,CONUS,v2025-11,10/3/1983 0:00,10/1/1983 0:00,entisols,orthents,ustorthents,aridic ustorthents,fine-silty,42.8522224,-103.5430527,3982,6194,US_NCSS_changed_pedons_2003_to_2004.csv
S1980NV003007,110466,7818,7818,"S1980NV003007",1980,site_obsdate,2003,2004,2003-2004,24,21,"Older development, 16-30 years",4,Other to Developed,Nevada,Clark,CONUS West 1,CONUS,v2025-11,6/3/1980 0:00,4/1/1980 0:00,aridisols,orthids,calciorthids,typic calciorthids,fine-loamy,36.2405548,-115.1930542,3987,6270,US_NCSS_changed_pedons_2003_to_2004.csv
85NJ033019,123251,12958,12958,"S1985NJ033019",1985,site_obsdate,2003,2004,2003-2004,19,21,"Older development, 16-30 years",1,Agriculture to Developed,New Jersey,Salem,CONUS East 1,CONUS,v2025-11,9/3/1985 0:00,9/1/1985 0:00,ultisols,udults,hapludults,typic hapludults,fine-silty,39.6122208,-75.2777786,3984,6231,US_NCSS_changed_pedons_2003_to_2004.csv
S2000NC021006,108358,25365,25365,"S2000NC021006",2000,site_obsdate,2003,2004,2003-2004,4,21,"Older development, 16-30 years",1,Agriculture to Developed,North Carolina,Buncombe,CONUS East 1,CONUS,v2025-11,2/14/2000 0:00,2/14/2000 0:00,ultisols,udults,hapludults,typic hapludults,,35.4650002,-82.4794464,3980,5969,US_NCSS_changed_pedons_2003_to_2004.csv
83NC125001,121394,10398,10398,"S1983NC125001",1983,site_obsdate,2003,2004,2003-2004,21,21,"Older development, 16-30 years",2,Forest to Developed,North Carolina,Moore,CONUS East 1,CONUS,v2025-11,8/3/1983 0:00,8/1/1983 0:00,ultisols,udults,hapludults,typic hapludults,fine,35.3622208,-79.394722,3980,6021,US_NCSS_changed_pedons_2003_to_2004.csv
58ND013002,47419,64,64,"58ND013002",1958,site_obsdate,2003,2004,2003-2004,46,21,"Older development, 16-30 years",3,Rangeland or Pasture to Developed,North Dakota,Burke,CONUS Central 1,CONUS,v2025-11,,7/31/1958 0:00,,,,,,48.7783333,-102.1702778,3981,6065,US_NCSS_changed_pedons_2003_to_2004.csv
76ND017006,956633,8566,8566,"76ND017006",1981,site_obsdate,2003,2004,2003-2004,23,21,"Older development, 16-30 years",3,Rangeland or Pasture to Developed,North Dakota,Cass,CONUS Central 1,CONUS,v2025-11,2/3/1988 0:00,6/1/1981 0:00,mollisols,borolls,haploborolls,udic haploborolls,coarse-loamy,47.1344444,-97.4722222,3981,6067,US_NCSS_changed_pedons_2003_to_2004.csv
74ND057003,48871,69491,67566,"74ND057003",1974,site_obsdate,2003,2004,2003-2004,30,21,"Older development, 16-30 years",3,Rangeland or Pasture to Developed,North Dakota,Mercer,CONUS Central 1,CONUS,v2025-11,,8/13/1974 0:00,mollisols,ustolls,paleustolls,typic paleustolls,fine-loamy,47.2991667,-101.4827778,3981,6087,US_NCSS_changed_pedons_2003_to_2004.csv
1959-OH063-018,749850,67318,65393,"1959-OH063-018",1959,site_obsdate,2003,2004,2003-2004,45,21,"Older development, 16-30 years",1,Agriculture to Developed,Ohio,Hancock,CONUS East 1,CONUS,v2025-11,,8/15/1959 0:00,mollisols,aquolls,argiaquolls,typic argiaquolls,fine,41.0875626,-83.6694641,3989,6379,US_NCSS_changed_pedons_2003_to_2004.csv
1956-OH173-092,749931,66912,64987,"1956-OH173-092",2001,site_obsdate,2003,2004,2003-2004,3,21,"Older development, 16-30 years",1,Agriculture to Developed,Ohio,Wood,CONUS East 1,CONUS,v2025-11,,3/22/2001 0:00,alfisols,aqualfs,epiaqualfs,mollic epiaqualfs,fine,41.4770012,-83.4616776,3989,6434,US_NCSS_changed_pedons_2003_to_2004.csv
S1953OK117036,927039,4476,4476,"S1953OK117036",1953,site_obsdate,2003,2004,2003-2004,51,21,"Older development, 16-30 years",3,Rangeland or Pasture to Developed,Oklahoma,Pawnee,CONUS Central 1,CONUS,v2025-11,11/1/1953 0:00,11/1/1953 0:00,mollisols,ustolls,paleustolls,udertic paleustolls,fine,36.4055557,-97.0008316,3990,6494,US_NCSS_changed_pedons_2003_to_2004.csv
S2000OR003004,108631,25532,25532,"S2000OR003004",2000,site_obsdate,2003,2004,2003-2004,4,21,"Older development, 16-30 years",1,Agriculture to Developed,Oregon,Benton,CONUS West 1,CONUS,v2025-11,,3/11/2000 0:00,mollisols,xerolls,haploxerolls,vertic haploxerolls,clayey,44.5997238,-123.2861099,3991,6514,US_NCSS_changed_pedons_2003_to_2004.csv
88OR025004,125092,15160,15160,"S1988OR025004",1988,site_obsdate,2003,2004,2003-2004,16,21,"Older development, 16-30 years",3,Rangeland or Pasture to Developed,Oregon,Harney,CONUS West 1,CONUS,v2025-11,5/3/1988 0:00,5/1/1988 0:00,mollisols,xerolls,palexerolls,aquic palexerolls,fine,43.5847206,-118.7083359,3991,6525,US_NCSS_changed_pedons_2003_to_2004.csv
S2000OR071001,98392,30439,30323,"00-DRJ-35",2000,site_obsdate,2003,2004,2003-2004,4,21,"Older development, 16-30 years",1,Agriculture to Developed,Oregon,Yamhill,CONUS West 1,CONUS,v2025-11,10/13/2000 0:00,10/13/2000 0:00,mollisols,xerolls,argixerolls,ultic argixerolls,fine-silty,45.2084122,-123.2334213,3991,6548,US_NCSS_changed_pedons_2003_to_2004.csv
88PR069002,124864,14864,14864,"S1988PR069002",1988,site_obsdate,2003,2004,2003-2004,16,21,"Older development, 16-30 years",3,Rangeland or Pasture to Developed,Puerto Rico,Humacao,Puerto Rico and U.S. Virgin Islands,PRUSVI,v2024-10,2/1/1988 0:00,2/1/1988 0:00,ultisols,humults,haplohumults,typic haplohumults,fine,18.1872215,-65.7991638,3994,6651,US_NCSS_changed_pedons_2003_to_2004.csv
S2001SD033002,130164,28512,28451,"S2001SD033002",2001,site_obsdate,2003,2004,2003-2004,3,21,"Older development, 16-30 years",3,Rangeland or Pasture to Developed,South Dakota,Custer,CONUS Central 1,CONUS,v2025-11,7/24/2001 0:00,7/24/2001 0:00,mollisols,udolls,hapludolls,typic hapludolls,,43.7630539,-103.7305527,3998,6776,US_NCSS_changed_pedons_2003_to_2004.csv
82SD085014,121408,10416,10416,"S1982SD085014",1982,site_obsdate,2003,2004,2003-2004,22,21,"Older development, 16-30 years",3,Rangeland or Pasture to Developed,South Dakota,Lyman,CONUS Central 1,CONUS,v2025-11,7/3/1982 0:00,7/1/1982 0:00,entisols,fluvents,ustifluvents,typic ustifluvents,coarse-silty,43.7141685,-99.7766647,3998,6802,US_NCSS_changed_pedons_2003_to_2004.csv
S1961TN045008,105854,4692,4692,"S1961TN045008",1961,site_obsdate,2003,2004,2003-2004,43,21,"Older development, 16-30 years",3,Rangeland or Pasture to Developed,Tennessee,Dyer,CONUS Central 2,CONUS,v2025-11,2/1/1961 0:00,2/1/1961 0:00,,,,,,36.0572205,-89.3491669,3999,6849,US_NCSS_changed_pedons_2003_to_2004.csv
S1963TX049090,105965,4319,4319,"S1963TX049090",1963,site_obsdate,2003,2004,2003-2004,41,21,"Older development, 16-30 years",3,Rangeland or Pasture to Developed,Texas,Brown,CONUS Central 1,CONUS,v2025-11,7/3/1963 0:00,7/3/1963 0:00,mollisols,ustolls,argiustolls,vertic argiustolls,fine,31.9447231,-98.8683319,4000,6946,US_NCSS_changed_pedons_2003_to_2004.csv
S1962TX085002,105995,4292,4292,"S1962TX085002",1962,site_obsdate,2003,2004,2003-2004,42,21,"Older development, 16-30 years",3,Rangeland or Pasture to Developed,Texas,Collin,CONUS Central 1,CONUS,v2025-11,9/11/1962 0:00,9/11/1962 0:00,mollisols,ustolls,haplustolls,entic haplustolls,clayey,33.10694504,-96.8280563,4000,6964,US_NCSS_changed_pedons_2003_to_2004.csv
79TX143002,119932,7278,7278,"S1979TX143002",1979,site_obsdate,2003,2004,2003-2004,25,21,"Older development, 16-30 years",3,Rangeland or Pasture to Developed,Texas,Erath,CONUS Central 1,CONUS,v2025-11,6/3/1979 0:00,6/1/1979 0:00,alfisols,ustalfs,haplustalfs,typic haplustalfs,fine,32.4411125,-98.3605576,4000,6993,US_NCSS_changed_pedons_2003_to_2004.csv
S1962TX257003,106104,4234,4234,"S1962TX257003",1962,site_obsdate,2003,2004,2003-2004,42,21,"Older development, 16-30 years",3,Rangeland or Pasture to Developed,Texas,Kaufman,CONUS Central 1,CONUS,v2025-11,9/13/1962 0:00,9/13/1962 0:00,alfisols,ustalfs,paleustalfs,udertic paleustalfs,fine,32.7733345,-96.2766647,4000,7050,US_NCSS_changed_pedons_2003_to_2004.csv
S1978-TX389-002-copy,1145938,7233,7233,"S1978-TX389-002-copy",1978,site_obsdate,2003,2004,2003-2004,26,21,"Older development, 16-30 years",3,Rangeland or Pasture to Developed,Texas,Reeves,CONUS Central 1,CONUS,v2025-11,1/1/1978 0:00,1/1/1978 0:00,aridisols,gypsids,argigypsids,ustic argigypsids,fine-gypseous,31.3240167,-103.5046722,4000,7116,US_NCSS_changed_pedons_2003_to_2004.csv
67UT035004,955794,5403,5403,"67UT035004",1967,site_obsdate,2003,2004,2003-2004,37,21,"Older development, 16-30 years",3,Rangeland or Pasture to Developed,Utah,Salt Lake,CONUS West 2,CONUS,v2025-11,,8/22/1967 0:00,,,,,,40.63000107,-111.9238889,4002,7202,US_NCSS_changed_pedons_2003_to_2004.csv
S1967UT039015,106434,5422,5422,"S1967UT039015",1967,site_obsdate,2003,2004,2003-2004,37,21,"Older development, 16-30 years",3,Rangeland or Pasture to Developed,Utah,Sanpete,CONUS West 2,CONUS,v2025-11,9/1/1967 0:00,9/1/1967 0:00,,,,,,39.1286125,-111.7258301,4002,7204,US_NCSS_changed_pedons_2003_to_2004.csv
03VA059001,157876,30570,30454,"Wheaton S03-VA059-1-3",2003,site_obsdate,2003,2004,2003-2004,1,21,"Older development, 16-30 years",2,Forest to Developed,Virginia,Fairfax,CONUS East 1,CONUS,v2025-11,11/13/2003 0:00,11/13/2003 0:00,entisols,orthents,udorthents,typic udorthents,fine-loamy,38.8547554,-77.3649673,4003,7242,US_NCSS_changed_pedons_2003_to_2004.csv
03VA059002,157883,30571,30455,"Glenelg S03-VA059-2-1",2003,site_obsdate,2003,2004,2003-2004,1,21,"Older development, 16-30 years",2,Forest to Developed,Virginia,Fairfax,CONUS East 1,CONUS,v2025-11,11/13/2003 0:00,11/13/2003 0:00,ultisols,udults,hapludults,typic hapludults,fine-loamy,38.8500328,-77.3649673,4003,7242,US_NCSS_changed_pedons_2003_to_2004.csv
99CA007001,128428,28328,28270,"S1999CA007001",2000,site_obsdate,2003,2004,2003-2004,4,21,"Older development, 16-30 years",2,Forest to Developed,Virginia,Fairfax,CONUS East 1,CONUS,v2025-11,8/21/2000 0:00,8/21/2000 0:00,,,,,,38.8547554,-77.3649673,3951,4452,US_NCSS_changed_pedons_2003_to_2004.csv
S2000VA107009,868977,25744,25744,"S2000VA107009",2000,site_obsdate,2003,2004,2003-2004,4,21,"Older development, 16-30 years",1,Agriculture to Developed,Virginia,Loudoun,CONUS East 1,CONUS,v2025-11,,6/1/2000 0:00,,,,,,39.094886,-77.55958557,4003,7237,US_NCSS_changed_pedons_2003_to_2004.csv
S99WV003003,108329,25224,25224,"S1999WV003003",1999,site_obsdate,2003,2004,2003-2004,5,21,"Older development, 16-30 years",1,Agriculture to Developed,West Virginia,Berkeley,CONUS East 1,CONUS,v2025-11,6/3/1999 0:00,6/3/1999 0:00,alfisols,udalfs,paleudalfs,vertic paleudalfs,,39.3486099,-78.0363922,4008,7480,US_NCSS_changed_pedons_2003_to_2004.csv
S1979WI073005,897291,7649,7649,"S1979WI073005",1980,site_obsdate,2003,2004,2003-2004,24,21,"Older development, 16-30 years",2,Forest to Developed,Wisconsin,Marathon,CONUS Central 2,CONUS,v2025-11,,6/1/1980 0:00,entisols,psamments,udipsamments,typic udipsamments,,44.90198135,-89.65619659,4007,7443,US_NCSS_changed_pedons_2003_to_2004.csv
S1954WI103002,107128,1517,1517,"S1954WI103002",1954,site_obsdate,2003,2004,2003-2004,50,21,"Older development, 16-30 years",3,Rangeland or Pasture to Developed,Wisconsin,Richland,CONUS Central 2,CONUS,v2025-11,8/24/1954 0:00,8/24/1954 0:00,alfisols,udalfs,hapludalfs,typic hapludalfs,coarse-loamy,43.3036118,-90.3313904,4007,7459,US_NCSS_changed_pedons_2003_to_2004.csv
S1989WI111002,897120,16887,16887,"S1989WI111002",1989,site_obsdate,2003,2004,2003-2004,15,21,"Older development, 16-30 years",3,Rangeland or Pasture to Developed,Wisconsin,Sauk,CONUS Central 2,CONUS,v2025-11,9/1/1989 0:00,9/1/1989 0:00,alfisols,udalfs,paleudalfs,mollic paleudalfs,fine-silty over clayey,43.5813904,-90.2963867,4007,7463,US_NCSS_changed_pedons_2003_to_2004.csv
2003AL089003S,1017195,33084,32942,"S2003AL089003",2003,site_obsdate,2004,2005,2004-2005,2,20,"Older development, 16-30 years",1,Agriculture to Developed,Alabama,Madison,CONUS Central 2,CONUS,v2025-11,7/25/2003 0:00,7/25/2003 0:00,ultisols,udults,hapludults,typic hapludults,fine-silty,34.9388161,-86.7119598,3947,4331,US_NCSS_changed_pedons_2004_to_2005.csv
S1957CA065008,100088,2693,2693,"S1957CA065008",1957,site_obsdate,2004,2005,2004-2005,48,20,"Older development, 16-30 years",1,Agriculture to Developed,California,Riverside,CONUS West 1,CONUS,v2025-11,6/4/1957 0:00,6/4/1957 0:00,alfisols,xeralfs,haploxeralfs,typic haploxeralfs,fine-loamy,33.8358345,-117.2077789,3951,4481,US_NCSS_changed_pedons_2004_to_2005.csv
S1957CA065010,100090,2681,2681,"S1957CA065010",1957,site_obsdate,2004,2005,2004-2005,48,20,"Older development, 16-30 years",3,Rangeland or Pasture to Developed,California,Riverside,CONUS West 1,CONUS,v2025-11,6/5/1957 0:00,6/5/1957 0:00,alfisols,xeralfs,durixeralfs,haplic durixeralfs,coarse-loamy,33.8013878,-117.1916656,3951,4481,US_NCSS_changed_pedons_2004_to_2005.csv
S1959CA065001,100098,2737,2737,"S1959CA065001",1959,site_obsdate,2004,2005,2004-2005,46,20,"Older development, 16-30 years",3,Rangeland or Pasture to Developed,California,Riverside,CONUS West 1,CONUS,v2025-11,9/10/1959 0:00,9/10/1959 0:00,alfisols,xeralfs,haploxeralfs,ultic haploxeralfs,fine-loamy,33.9500008,-117.0227814,3951,4481,US_NCSS_changed_pedons_2004_to_2005.csv
S1955CA081001,100188,2861,2861,"S1955CA081001",1955,site_obsdate,2004,2005,2004-2005,50,20,"Older development, 16-30 years",3,Rangeland or Pasture to Developed,California,San Mateo,CONUS West 1,CONUS,v2025-11,2/23/1955 0:00,2/23/1955 0:00,mollisols,ustolls,argiustolls,pachic argiustolls,fine,37.5047226,-122.4833298,3951,4489,US_NCSS_changed_pedons_2004_to_2005.csv
03CO085010,272530,31478,31359,"S2003CO677010-JH",2003,site_obsdate,2004,2005,2004-2005,2,20,"Older development, 16-30 years",3,Rangeland or Pasture to Developed,Colorado,Montrose,CONUS West 2,CONUS,v2025-11,10/20/2003 0:00,10/20/2003 0:00,aridisols,argids,haplargids,typic haplargids,,38.4803276,-107.8421478,3952,4549,US_NCSS_changed_pedons_2004_to_2005.csv
99CT003009,594605,24586,24586,"S1999CT003009",1999,site_obsdate,2004,2005,2004-2005,6,20,"Older development, 16-30 years",3,Rangeland or Pasture to Developed,Connecticut,Hartford,CONUS East 2,CONUS,v2025-11,7/26/1999 0:00,7/26/1999 0:00,entisols,psamments,udipsamments,typic udipsamments,,41.7613716,-72.5828476,3953,4571,US_NCSS_changed_pedons_2004_to_2005.csv
94ID043005,101483,21555,21555,"S1994ID043005",1994,site_obsdate,2004,2005,2004-2005,11,20,"Older development, 16-30 years",3,Rangeland or Pasture to Developed,Idaho,Fremont,CONUS West 2,CONUS,v2025-11,9/23/1994 0:00,9/23/1994 0:00,alfisols,boralfs,paleboralfs,typic paleboralfs,,44.2002792,-111.3236084,3964,4938,US_NCSS_changed_pedons_2004_to_2005.csv
81IL017007,121229,10099,10099,"S1981IL017007",1981,site_obsdate,2004,2005,2004-2005,24,20,"Older development, 16-30 years",3,Rangeland or Pasture to Developed,Illinois,Cass,CONUS Central 2,CONUS,v2025-11,6/1/1981 0:00,6/1/1981 0:00,entisols,fluvents,udifluvents,typic udifluvents,coarse-silty,39.9855537,-90.3213882,3965,4969,US_NCSS_changed_pedons_2004_to_2005.csv
1978IL073081,375422,36469,35854,"1978IL073081",1978,site_obsdate,2004,2005,2004-2005,27,20,"Older development, 16-30 years",3,Rangeland or Pasture to Developed,Illinois,Henry,CONUS Central 2,CONUS,v2025-11,10/1/1978 0:00,10/1/1978 0:00,mollisols,aquolls,endoaquolls,cumulic vertic endoaquolls,very-fine,41.5806738,-89.9759424,3965,4997,US_NCSS_changed_pedons_2004_to_2005.csv
1987IL105012,253423,37730,37115,"1987IL105012",1987,site_obsdate,2004,2005,2004-2005,18,20,"Older development, 16-30 years",1,Agriculture to Developed,Illinois,Livingston,CONUS Central 2,CONUS,v2025-11,1/5/1987 0:00,1/1/1987 0:00,mollisols,udolls,argiudolls,aquic argiudolls,fine,40.9483556,-88.4344875,3965,5013,US_NCSS_changed_pedons_2004_to_2005.csv
1976IL119001,355104,36315,35700,"1976IL119001",1976,site_obsdate,2004,2005,2004-2005,29,20,"Older development, 16-30 years",1,Agriculture to Developed,Illinois,Madison,CONUS Central 2,CONUS,v2025-11,1/1/1976 0:00,1/1/1976 0:00,alfisols,aqualfs,natraqualfs,mollic natraqualfs,fine,38.6995987,-89.7262193,3965,5020,US_NCSS_changed_pedons_2004_to_2005.csv
S1979IN033001,1094893,38489,37874,"1979IN033001",1979,site_obsdate,2004,2005,2004-2005,26,20,"Older development, 16-30 years",3,Rangeland or Pasture to Developed,Indiana,DeKalb,CONUS Central 2,CONUS,v2025-11,5/7/1979 0:00,5/7/1979 0:00,mollisols,aquolls,argiaquolls,typic argiaquolls,fine,41.3241806,-85.035325,3966,5079,US_NCSS_changed_pedons_2004_to_2005.csv
S02IN127001,158451,30518,30402,"S02IN127001",2002,site_obsdate,2004,2005,2004-2005,3,20,"Older development, 16-30 years",3,Rangeland or Pasture to Developed,Indiana,Porter,CONUS Central 2,CONUS,v2025-11,9/30/2002 0:00,9/30/2002 0:00,mollisols,aquolls,endoaquolls,fluvaquentic endoaquolls,fine-silty,41.5014139,-87.1247778,3966,5126,US_NCSS_changed_pedons_2004_to_2005.csv
1975IN129004,313334,38115,37500,"1975IN129004",1975,site_obsdate,2004,2005,2004-2005,30,20,"Older development, 16-30 years",1,Agriculture to Developed,Indiana,Posey,CONUS Central 2,CONUS,v2025-11,7/9/1975 0:00,7/9/1975 0:00,,,,,,37.9071111,-88.0037694,3966,5127,US_NCSS_changed_pedons_2004_to_2005.csv
S1982IA105102,947414,70786,68814,"S1982IA105102",1982,site_obsdate,2004,2005,2004-2005,23,20,"Older development, 16-30 years",3,Rangeland or Pasture to Developed,Iowa,Jones,CONUS Central 2,CONUS,v2025-11,8/11/1982 0:00,8/11/1982 0:00,mollisols,udolls,argiudolls,typic argiudolls,fine-silty,42.2528133,-91.1982969,3963,4870,US_NCSS_changed_pedons_2004_to_2005.csv
S1985IA105004,947438,70861,68889,"S1985IA105004",1985,site_obsdate,2004,2005,2004-2005,20,20,"Older development, 16-30 years",1,Agriculture to Developed,Iowa,Jones,CONUS Central 2,CONUS,v2025-11,11/18/1985 0:00,11/18/1985 0:00,alfisols,udalfs,hapludalfs,typic hapludalfs,coarse-loamy,42.1455072,-91.3449802,3963,4870,US_NCSS_changed_pedons_2004_to_2005.csv
85IA1670036,123396,13108,13108,"S1985IA1670036",1985,site_obsdate,2004,2005,2004-2005,20,20,"Older development, 16-30 years",3,Rangeland or Pasture to Developed,Iowa,Sioux,CONUS Central 1,CONUS,v2025-11,11/3/1985 0:00,11/1/1985 0:00,mollisols,udolls,hapludolls,typic hapludolls,fine-silty,43.0424995,-96.4313889,3963,4901,US_NCSS_changed_pedons_2004_to_2005.csv
76KS077001,192746,1782,1782,"76KS077001",1976,site_obsdate,2004,2005,2004-2005,29,20,"Older development, 16-30 years",3,Rangeland or Pasture to Developed,Kansas,Harper,CONUS Central 1,CONUS,v2025-11,6/1/1976 0:00,6/1/1976 0:00,mollisols,ustolls,argiustolls,udic argiustolls,fine-loamy,37.3352778,-98.18499756,3967,5193,US_NCSS_changed_pedons_2004_to_2005.csv
86KS085022,123821,13683,13683,"S1986KS085022",1986,site_obsdate,2004,2005,2004-2005,19,20,"Older development, 16-30 years",3,Rangeland or Pasture to Developed,Kansas,Jackson,CONUS Central 1,CONUS,v2025-11,10/3/1986 0:00,10/1/1986 0:00,mollisols,udolls,argiudolls,aquic argiudolls,fine,39.3105545,-95.8308334,3967,5197,US_NCSS_changed_pedons_2004_to_2005.csv
S1955LA015001,102330,3782,3782,"S1955LA015001",1955,site_obsdate,2004,2005,2004-2005,50,20,"Older development, 16-30 years",3,Rangeland or Pasture to Developed,Louisiana,Bossier,CONUS Central 2,CONUS,v2025-11,11/8/1955 0:00,11/8/1955 0:00,alfisols,udalfs,paleudalfs,typic paleudalfs,coarse-loamy,32.39861298,-93.5005569,3969,5387,US_NCSS_changed_pedons_2004_to_2005.csv
S1994MD003018,1100367,21671,21671,"S1994MD003018",1994,site_obsdate,2004,2005,2004-2005,11,20,"Older development, 16-30 years",1,Agriculture to Developed,Maryland,Anne Arundel,CONUS East 1,CONUS,v2025-11,9/13/1994 0:00,9/13/1994 0:00,ultisols,udults,hapludults,typic hapludults,coarse-loamy,39.0327797,-76.69083405,3971,5459,US_NCSS_changed_pedons_2004_to_2005.csv
88MD510007,804420,14883,14883,"S1988MD510007",1988,site_obsdate,2004,2005,2004-2005,17,20,"Older development, 16-30 years",3,Rangeland or Pasture to Developed,Maryland,Baltimore,CONUS East 1,CONUS,v2025-11,9/1/1988 0:00,9/1/1988 0:00,ultisols,udults,hapludults,typic hapludults,fine-loamy,39.3486099,-76.6191635,3971,5481,US_NCSS_changed_pedons_2004_to_2005.csv
00MD041024,804467,26128,26128,"S2000MD041024",2000,site_obsdate,2004,2005,2004-2005,5,20,"Older development, 16-30 years",1,Agriculture to Developed,Maryland,Talbot,CONUS East 1,CONUS,v2025-11,9/27/2000 0:00,9/27/2000 0:00,ultisols,udults,hapludults,typic haplaquox,fine-loamy,38.6809349,-76.0571213,3971,5477,US_NCSS_changed_pedons_2004_to_2005.csv
S1978MA009007,791758,9070,9070,"S1978MA009007",1978,site_obsdate,2004,2005,2004-2005,27,20,"Older development, 16-30 years",3,Rangeland or Pasture to Developed,Massachusetts,Essex,CONUS East 2,CONUS,v2025-11,6/1/1978 0:00,6/1/1978 0:00,inceptisols,aquepts,endoaquepts,typic endoaquepts,fine,42.5539839,-70.9108831,3970,5448,US_NCSS_changed_pedons_2004_to_2005.csv
S1978MA009022,952948,70563,68590,"S1978MA009022",1978,site_obsdate,2004,2005,2004-2005,27,20,"Older development, 16-30 years",2,Forest to Developed,Massachusetts,Essex,CONUS East 2,CONUS,v2025-11,,10/5/1978 0:00,alfisols,aqualfs,endoaqualfs,typic endoaqualfs,fine,42.5556556,-70.9091389,3970,5448,US_NCSS_changed_pedons_2004_to_2005.csv
S1991MA023003A,1111409,18212,18212,"S1991MA023003A",1991,site_obsdate,2004,2005,2004-2005,14,20,"Older development, 16-30 years",2,Forest to Developed,Massachusetts,Plymouth,CONUS East 2,CONUS,v2025-11,6/1/1991 0:00,6/1/1991 0:00,inceptisols,aquepts,haplaquepts,aeric haplaquepts,,41.6727791,-70.8102798,3970,5455,US_NCSS_changed_pedons_2004_to_2005.csv
S2001MI077001,158458,30320,30204,"S2001MI077001",2001,site_obsdate,2004,2005,2004-2005,4,20,"Older development, 16-30 years",3,Rangeland or Pasture to Developed,Michigan,Kalamazoo,CONUS Central 2,CONUS,v2025-11,10/24/2001 0:00,10/24/2001 0:00,mollisols,udolls,argiudolls,typic argiudolls,fine-loamy,42.1281111,-85.68174744,3974,5569,US_NCSS_changed_pedons_2004_to_2005.csv
S1975MN145001 (2265),582803,55674,54873,"S1975MN145001 (2265)",1975,site_obsdate,2004,2005,2004-2005,30,20,"Older development, 16-30 years",3,Rangeland or Pasture to Developed,Minnesota,Stearns,CONUS Central 2,CONUS,v2025-11,5/5/1975 0:00,5/5/1975 0:00,mollisols,udolls,argiudolls,typic argiudolls,coarse-loamy,45.5712509,-94.3134232,3975,5686,US_NCSS_changed_pedons_2004_to_2005.csv
81MN153006,120737,9023,9023,"S1981MN153006",1981,site_obsdate,2004,2005,2004-2005,24,20,"Older development, 16-30 years",1,Agriculture to Developed,Minnesota,Todd,CONUS Central 2,CONUS,v2025-11,1/1/1981 0:00,1/1/1981 0:00,alfisols,udalfs,hapludalfs,mollic hapludalfs,coarse-loamy,45.9404984,-94.7624969,3975,5690,US_NCSS_changed_pedons_2004_to_2005.csv
S1981MN153006 (3513),583429,56246,55445,"S1981MN153006",1981,site_obsdate,2004,2005,2004-2005,24,20,"Older development, 16-30 years",1,Agriculture to Developed,Minnesota,Todd,CONUS Central 2,CONUS,v2025-11,10/1/1981 0:00,10/1/1981 0:00,alfisols,udalfs,hapludalfs,mollic hapludalfs,coarse-loamy,45.9404984,-94.7624969,3975,5690,US_NCSS_changed_pedons_2004_to_2005.csv
99MS143001,109155,24682,24682,"S1999MS143001",1999,site_obsdate,2004,2005,2004-2005,6,20,"Older development, 16-30 years",1,Agriculture to Developed,Mississippi,Tunica,CONUS Central 2,CONUS,v2025-11,8/9/1999 0:00,8/9/1999 0:00,,,,,,34.6845016,-90.4113083,3978,5891,US_NCSS_changed_pedons_2004_to_2005.csv
1995MO051037,90729,43180,42466,"1995MO051037",1995,site_obsdate,2004,2005,2004-2005,10,20,"Older development, 16-30 years",2,Forest to Developed,Missouri,Cole,CONUS Central 2,CONUS,v2025-11,,1/4/1995 0:00,inceptisols,cryepts,eutrochrepts,dystric fluventic eutrochrepts,,38.4625493,-92.3873902,3976,5726,US_NCSS_changed_pedons_2004_to_2005.csv
1995MO091086,88982,49043,48329,"1995MO091086",1995,site_obsdate,2004,2005,2004-2005,10,20,"Older development, 16-30 years",3,Rangeland or Pasture to Developed,Missouri,Howell,CONUS Central 2,CONUS,v2025-11,8/23/1995 0:00,8/23/1995 0:00,ultisols,udults,paleudults,typic paleudults,very-fine,36.89884949,-91.9200889,3976,5746,US_NCSS_changed_pedons_2004_to_2005.csv
1995MO091112,89008,49039,48325,"1995MO091112",1995,site_obsdate,2004,2005,2004-2005,10,20,"Older development, 16-30 years",3,Rangeland or Pasture to Developed,Missouri,Howell,CONUS Central 2,CONUS,v2025-11,8/31/1995 0:00,8/31/1995 0:00,ultisols,udults,hapludults,typic hapludults,fine,37.04682541,-92.0121972,3976,5746,US_NCSS_changed_pedons_2004_to_2005.csv
1991MO167121,92740,48470,47756,"1991MO167121",1990,site_obsdate,2004,2005,2004-2005,15,20,"Older development, 16-30 years",1,Agriculture to Developed,Missouri,Polk,CONUS Central 2,CONUS,v2025-11,10/31/1990 0:00,10/31/1990 0:00,alfisols,aqualfs,albaqualfs,vertic albaqualfs,fine,37.5597222,-93.3922222,3976,5784,US_NCSS_changed_pedons_2004_to_2005.csv
1999MO203097M,1367638,47109,46395,"1999MO203097M",1999,site_obsdate,2004,2005,2004-2005,6,20,"Older development, 16-30 years",2,Forest to Developed,Missouri,Shannon,CONUS Central 2,CONUS,v2025-11,7/21/1999 0:00,7/21/1999 0:00,mollisols,udolls,hapludolls,lithic hapludolls,sandy or sandy-skeletal,37.3161306,-91.4084083,3976,5801,US_NCSS_changed_pedons_2004_to_2005.csv
2004MO219054,696961,46009,45295,"2004MO219054",2004,site_obsdate,2004,2005,2004-2005,1,20,"Older development, 16-30 years",1,Agriculture to Developed,Missouri,Warren,CONUS Central 2,CONUS,v2025-11,5/18/2004 0:00,5/18/2004 0:00,mollisols,albolls,argialbolls,typic argialbolls,,38.8693944,-91.2152111,3976,5809,US_NCSS_changed_pedons_2004_to_2005.csv
1969NV001001,253221,5631,5631,"1969NV001001",1969,site_obsdate,2004,2005,2004-2005,36,20,"Older development, 16-30 years",3,Rangeland or Pasture to Developed,Nevada,Churchill,CONUS West 1,CONUS,v2025-11,9/16/1969 0:00,9/16/1969 0:00,entisols,psamments,torripsamments,typic torripsamments,,39.5053889,-118.9869444,3987,6269,US_NCSS_changed_pedons_2004_to_2005.csv
80NV003005,956344,7816,7816,"80NV003005",1980,site_obsdate,2004,2005,2004-2005,25,20,"Older development, 16-30 years",3,Rangeland or Pasture to Developed,Nevada,Clark,CONUS West 1,CONUS,v2025-11,6/3/1980 0:00,6/1/1980 0:00,aridisols,orthids,paleorthids,typic paleorthids,loamy,36.2658333,-115.2047222,3987,6270,US_NCSS_changed_pedons_2004_to_2005.csv
S1980NV003009,110468,7820,7820,"S1980NV003009",1980,site_obsdate,2004,2005,2004-2005,25,20,"Older development, 16-30 years",3,Rangeland or Pasture to Developed,Nevada,Clark,CONUS West 1,CONUS,v2025-11,6/3/1980 0:00,4/1/1980 0:00,aridisols,orthids,gypsiorthids,cambic gypsiorthids,fine-silty,36.1599998,-115.1572189,3987,6270,US_NCSS_changed_pedons_2004_to_2005.csv
92NJ015003,104206,19108,19108,"S1992NJ015003",1992,site_obsdate,2004,2005,2004-2005,13,20,"Older development, 16-30 years",1,Agriculture to Developed,New Jersey,Gloucester,CONUS East 1,CONUS,v2025-11,2/20/1992 0:00,2/20/1992 0:00,ultisols,udults,hapludults,typic hapludults,,39.75333405,-75.2444458,3984,6222,US_NCSS_changed_pedons_2004_to_2005.csv
2018NM013216,1306426,728,728,"2018NM013216",1960,site_obsdate,2004,2005,2004-2005,45,20,"Older development, 16-30 years",3,Rangeland or Pasture to Developed,New Mexico,Doña Ana,CONUS West 2,CONUS,v2025-11,10/18/2018 0:00,4/18/1960 0:00,mollisols,ustolls,haplustolls,pachic haplustolls,loamy-skeletal,32.3052139,-106.5886556,3986,6243,US_NCSS_changed_pedons_2004_to_2005.csv
2018NM013218,1306428,739,739,"2018NM013218",1967,site_obsdate,2004,2005,2004-2005,38,20,"Older development, 16-30 years",3,Rangeland or Pasture to Developed,New Mexico,Doña Ana,CONUS West 2,CONUS,v2025-11,10/19/2018 0:00,10/17/1967 0:00,aridisols,argids,haplargids,typic haplargids,loamy-skeletal,32.2922944,-106.6353139,3986,6243,US_NCSS_changed_pedons_2004_to_2005.csv
94NM049003,184920,21637,21637,"94NM049003a",1994,site_obsdate,2004,2005,2004-2005,11,20,"Older development, 16-30 years",2,Forest to Developed,New Mexico,Santa Fe,CONUS West 2,CONUS,v2025-11,5/4/1994 0:00,5/4/1994 0:00,aridisols,argids,calciargids,ustic calciargids,fine-loamy,35.6766663,-106.0813904,3986,6262,US_NCSS_changed_pedons_2004_to_2005.csv
86NY025006,124022,13892,13892,"S1986NY025006",1986,site_obsdate,2004,2005,2004-2005,19,20,"Older development, 16-30 years",1,Agriculture to Developed,New York,Delaware,CONUS East 1,CONUS,v2025-11,9/3/1986 0:00,9/1/1986 0:00,inceptisols,aquepts,fragiaquepts,aeric fragiaquepts,coarse-loamy,42.3869438,-75.0924988,3988,6298,US_NCSS_changed_pedons_2004_to_2005.csv
87NC007001,124201,14086,14086,"S1987NC007001",1987,site_obsdate,2004,2005,2004-2005,18,20,"Older development, 16-30 years",3,Rangeland or Pasture to Developed,North Carolina,Anson,CONUS East 1,CONUS,v2025-11,5/3/1987 0:00,5/1/1987 0:00,alfisols,udalfs,hapludalfs,aquic hapludalfs,fine-loamy,34.9963875,-80.20666504,3980,5962,US_NCSS_changed_pedons_2004_to_2005.csv
S2000NC097008,423002,25650,25650,"S2000NC097008",2000,site_obsdate,2004,2005,2004-2005,5,20,"Older development, 16-30 years",2,Forest to Developed,North Carolina,Iredell,CONUS East 1,CONUS,v2025-11,4/11/2000 0:00,4/11/2000 0:00,ultisols,udults,kanhapludults,typic kanhapludults,,35.6333046,-80.8989944,3980,6007,US_NCSS_changed_pedons_2004_to_2005.csv
S2000NC097010,423004,25652,25652,"S2000NC097010",2000,site_obsdate,2004,2005,2004-2005,5,20,"Older development, 16-30 years",3,Rangeland or Pasture to Developed,North Carolina,Iredell,CONUS East 1,CONUS,v2025-11,5/1/2000 0:00,5/1/2000 0:00,ultisols,udults,kanhapludults,typic kanhapludults,,35.5168991,-80.8513031,3980,6007,US_NCSS_changed_pedons_2004_to_2005.csv
S1962NC101004,110230,4030,4030,"S1962NC101004",1962,site_obsdate,2004,2005,2004-2005,43,20,"Older development, 16-30 years",3,Rangeland or Pasture to Developed,North Carolina,Johnston,CONUS East 1,CONUS,v2025-11,2/27/1962 0:00,2/27/1962 0:00,,,,,,35.44917297,-78.56999969,3980,6009,US_NCSS_changed_pedons_2004_to_2005.csv
S2004NC183002,154424,31797,31678,"S2004NC183002",2004,site_obsdate,2004,2005,2004-2005,1,20,"Older development, 16-30 years",2,Forest to Developed,North Carolina,Wake,CONUS East 1,CONUS,v2025-11,8/6/2004 0:00,8/6/2004 0:00,ultisols,udults,hapludults,aquic hapludults,,35.7866402,-78.9228058,3980,6050,US_NCSS_changed_pedons_2004_to_2005.csv
65ND017001,338860,69451,67526,"65ND017001",1965,site_obsdate,2004,2005,2004-2005,40,20,"Older development, 16-30 years",1,Agriculture to Developed,North Dakota,Cass,CONUS Central 1,CONUS,v2025-11,10/16/1965 0:00,10/16/1965 0:00,vertisols,aquerts,calciaquerts,typic calciaquerts,fine,46.8219818,-96.8599403,3981,6067,US_NCSS_changed_pedons_2004_to_2005.csv
1962-OH137-008,750553,68082,66157,"1962-OH137-008",1962,site_obsdate,2004,2005,2004-2005,43,20,"Older development, 16-30 years",1,Agriculture to Developed,Ohio,Putnam,CONUS East 1,CONUS,v2025-11,,8/1/1962 0:00,alfisols,aqualfs,epiaqualfs,mollic epiaqualfs,fine,41.1519279,-84.0356827,3989,6416,US_NCSS_changed_pedons_2004_to_2005.csv
90OK151004,126509,16934,16934,"S1990OK151004",1990,site_obsdate,2004,2005,2004-2005,15,20,"Older development, 16-30 years",2,Forest to Developed,Oklahoma,Woods,CONUS Central 1,CONUS,v2025-11,3/1/1990 0:00,3/1/1990 0:00,entisols,aquents,fluvaquents,aeric fluvaquents,sandy,36.4486122,-98.7294464,3990,6511,US_NCSS_changed_pedons_2004_to_2005.csv
S2000OR039002,98317,26557,26557,"01-DRJ-02",2000,site_obsdate,2004,2005,2004-2005,5,20,"Older development, 16-30 years",2,Forest to Developed,Oregon,Lane,CONUS West 1,CONUS,v2025-11,12/27/2000 0:00,12/27/2000 0:00,mollisols,xerolls,haploxerolls,vertic haploxerolls,clayey,44.0798111,-122.9428329,3991,6532,US_NCSS_changed_pedons_2004_to_2005.csv
1963PA027010,421914,53675,52874,"1963PA027010",1963,site_obsdate,2004,2005,2004-2005,42,20,"Older development, 16-30 years",2,Forest to Developed,Pennsylvania,Centre,CONUS East 1,CONUS,v2025-11,10/30/1963 0:00,10/30/1963 0:00,Alfisols,Ustalfs,Hapludalfs,Ultic Hapludalfs,fine-loamy,40.8113889,-77.93000031,3992,6562,US_NCSS_changed_pedons_2004_to_2005.csv
1958PA035009,422009,53781,52980,"1958PA035009",1958,site_obsdate,2004,2005,2004-2005,47,20,"Older development, 16-30 years",3,Rangeland or Pasture to Developed,Pennsylvania,Clinton,CONUS East 1,CONUS,v2025-11,4/24/1958 0:00,4/24/1958 0:00,Alfisols,Ustalfs,Paleudalfs,Typic Paleudalfs,fine,41.0215194,-77.5409278,3992,6566,US_NCSS_changed_pedons_2004_to_2005.csv
1972PA071015,422214,54009,53208,"1972PA071015",1972,site_obsdate,2004,2005,2004-2005,33,20,"Older development, 16-30 years",2,Forest to Developed,Pennsylvania,Lancaster,CONUS East 1,CONUS,v2025-11,7/18/1972 0:00,7/18/1972 0:00,Alfisols,Ustalfs,Hapludalfs,Typic Hapludalfs,fine,39.90000153,-76.0602778,3992,6584,US_NCSS_changed_pedons_2004_to_2005.csv
D99PR023017,220530,8427,8427,"D99PR023017",1981,site_obsdate,2004,2005,2004-2005,24,20,"Older development, 16-30 years",3,Rangeland or Pasture to Developed,Puerto Rico,Cabo Rojo,Puerto Rico and U.S. Virgin Islands,PRUSVI,v2024-10,1/20/1981 0:00,1/20/1981 0:00,aridisols,argids,paleargids,arenic paleargids,,17.9727778,-67.1833333,3994,6619,US_NCSS_changed_pedons_2004_to_2005.csv
S1961PR023003,105453,572,572,"S1961PR023003",1961,site_obsdate,2004,2005,2004-2005,44,20,"Older development, 16-30 years",3,Rangeland or Pasture to Developed,Puerto Rico,Cabo Rojo,Puerto Rico and U.S. Virgin Islands,PRUSVI,v2024-10,12/7/1961 0:00,12/7/1961 0:00,oxisols,ustox,haplustox,rhodic haplustox,fine,18.1247215,-67.1602783,3994,6627,US_NCSS_changed_pedons_2004_to_2005.csv
D97PR079002,219104,23339,23339,"D97PR079002",1997,site_obsdate,2004,2005,2004-2005,8,20,"Older development, 16-30 years",3,Rangeland or Pasture to Developed,Puerto Rico,Lajas,Puerto Rico and U.S. Virgin Islands,PRUSVI,v2024-10,6/18/1997 0:00,6/18/1997 0:00,entisols,orthents,torriorthents,typic torriorthents,clayey,17.9777778,-67.0930556,3994,6656,US_NCSS_changed_pedons_2004_to_2005.csv
S1955TN077003,105886,4740,4740,"S1955TN077003",1955,site_obsdate,2004,2005,2004-2005,50,20,"Older development, 16-30 years",1,Agriculture to Developed,Tennessee,Henderson,CONUS Central 2,CONUS,v2025-11,4/5/1955 0:00,4/5/1955 0:00,,,,,,35.7122231,-88.3808365,3999,6865,US_NCSS_changed_pedons_2004_to_2005.csv
96TX143011,1340165,22773,22773,"S1996TX143011",1996,site_obsdate,2004,2005,2004-2005,9,20,"Older development, 16-30 years",3,Rangeland or Pasture to Developed,Texas,Erath,CONUS Central 1,CONUS,v2025-11,7/17/1996 0:00,7/17/1996 0:00,mollisols,ustolls,calciustolls,udic calciustolls,fine-loamy,32.1171684,-98.15522003,4000,6993,US_NCSS_changed_pedons_2004_to_2005.csv
S1961-TX389-004-copy,1216707,4251,4251,"S1961-TX389-004-copy",1961,site_obsdate,2004,2005,2004-2005,44,20,"Older development, 16-30 years",3,Rangeland or Pasture to Developed,Texas,Reeves,CONUS Central 1,CONUS,v2025-11,10/26/1961 0:00,10/26/1961 0:00,aridisols,gypsids,petrogypsids,calcic petrogypsids,fine-silty,31.3736115,-103.5283356,4000,7116,US_NCSS_changed_pedons_2004_to_2005.csv
83TX497001,113887,10612,10612,"S1983TX497001",1982,site_obsdate,2004,2005,2004-2005,23,20,"Older development, 16-30 years",3,Rangeland or Pasture to Developed,Texas,Wise,CONUS Central 1,CONUS,v2025-11,6/3/1983 0:00,4/21/1982 0:00,mollisols,ustolls,argiustolls,lithic argiustolls,clayey,33.2058334,-97.5674973,4000,7170,US_NCSS_changed_pedons_2004_to_2005.csv
S1971UT021002,110811,6023,6023,"S1971UT021002",1971,site_obsdate,2004,2005,2004-2005,34,20,"Older development, 16-30 years",3,Rangeland or Pasture to Developed,Utah,Iron,CONUS West 2,CONUS,v2025-11,6/1/1971 0:00,6/1/1971 0:00,entisols,fluvents,torrifluvents,xeric torrifluvents,fine-loamy,37.6604996,-113.0652008,4002,7195,US_NCSS_changed_pedons_2004_to_2005.csv
91UT041004,106460,18600,18600,"S1991UT041004",1991,site_obsdate,2004,2005,2004-2005,14,20,"Older development, 16-30 years",3,Rangeland or Pasture to Developed,Utah,Sevier,CONUS West 2,CONUS,v2025-11,9/3/1991 0:00,9/3/1991 0:00,entisols,orthents,torriorthents,xeric torriorthents,fine-loamy,38.6413879,-112.1505585,4002,7205,US_NCSS_changed_pedons_2004_to_2005.csv
S1983WI093026,1051093,71899,132584,"S1983WI093026",1983,samp_classdate,2004,2005,2004-2005,22,20,"Older development, 16-30 years",3,Rangeland or Pasture to Developed,Wisconsin,Pierce,CONUS Central 2,CONUS,v2025-11,7/11/1983 0:00,,alfisols,udalfs,hapludalfs,typic hapludalfs,fine-silty,44.6017901,-92.3870005,4007,7454,US_NCSS_changed_pedons_2004_to_2005.csv
1985AL011008,318758,39691,39072,"1985AL011008",1985,site_obsdate,2005,2006,2005-2006,21,19,"Older development, 16-30 years",3,Rangeland or Pasture to Developed,Alabama,Bullock,CONUS Central 2,CONUS,v2025-11,5/10/1985 0:00,5/10/1985 0:00,inceptisols,udepts,dystrudepts,fluventic dystrudepts,fine-loamy,32.19250107,-85.8755556,3947,4292,US_NCSS_changed_pedons_2005_to_2006.csv
85AL011007-pgm,318757,39690,39071,"85AL011007-pgm",1985,site_obsdate,2005,2006,2005-2006,21,19,"Older development, 16-30 years",3,Rangeland or Pasture to Developed,Alabama,Bullock,CONUS Central 2,CONUS,v2025-11,5/10/1985 0:00,5/10/1985 0:00,inceptisols,aquepts,epiaquepts,vertic epiaquepts,fine,32.19250107,-85.8755556,3947,4292,US_NCSS_changed_pedons_2005_to_2006.csv
80AZ021003,120387,8129,8129,"S1980AZ021003",1980,site_obsdate,2005,2006,2005-2006,26,19,"Older development, 16-30 years",3,Rangeland or Pasture to Developed,Arizona,Maricopa,CONUS West 2,CONUS,v2025-11,10/1/1980 0:00,10/1/1980 0:00,entisols,fluvents,torrifluvents,anthropic torrifluvents,,33.4052773,-111.9894409,3950,4441,US_NCSS_changed_pedons_2005_to_2006.csv
80AZ021004,120388,8130,8130,"S1980AZ021004",1980,site_obsdate,2005,2006,2005-2006,26,19,"Older development, 16-30 years",3,Rangeland or Pasture to Developed,Arizona,Maricopa,CONUS West 2,CONUS,v2025-11,10/1/1980 0:00,10/1/1980 0:00,entisols,fluvents,torrifluvents,anthropic torrifluvents,,33.4002762,-111.9894409,3950,4441,US_NCSS_changed_pedons_2005_to_2006.csv
S1967AZ013016,107809,5458,5458,"S1967AZ013016",1967,site_obsdate,2005,2006,2005-2006,39,19,"Older development, 16-30 years",1,Agriculture to Developed,Arizona,Maricopa,CONUS West 2,CONUS,v2025-11,10/14/1967 0:00,10/14/1967 0:00,aridisols,argids,paleargids,vertic paleargids,fine,33.3469429,-111.7200012,3950,4441,US_NCSS_changed_pedons_2005_to_2006.csv
80AZ025003,120221,7795,7795,"S1980AZ025003",1980,site_obsdate,2005,2006,2005-2006,26,19,"Older development, 16-30 years",3,Rangeland or Pasture to Developed,Arizona,Yavapai,CONUS West 2,CONUS,v2025-11,3/1/1980 0:00,3/1/1980 0:00,entisols,fluvents,torrifluvents,ustic torrifluvents,,34.7305565,-111.9958344,3950,4447,US_NCSS_changed_pedons_2005_to_2006.csv
1977AR007003,119924,7246,7246,"1977AR007003S",1977,site_obsdate,2005,2006,2005-2006,29,19,"Older development, 16-30 years",1,Agriculture to Developed,Arkansas,Benton,CONUS Central 2,CONUS,v2025-11,6/3/1977 0:00,6/1/1977 0:00,ultisols,udults,fragiudults,typic fragiudults,fine-loamy,36.2563896,-94.1038895,3948,4357,US_NCSS_changed_pedons_2005_to_2006.csv
97AR043004,109204,23723,23723,"S1997AR043004",1997,site_obsdate,2005,2006,2005-2006,9,19,"Older development, 16-30 years",2,Forest to Developed,Arkansas,Drew,CONUS Central 2,CONUS,v2025-11,10/3/1997 0:00,10/3/1997 0:00,,,,,,33.4061127,-91.6197205,3948,4375,US_NCSS_changed_pedons_2005_to_2006.csv
84CA031007,122368,11880,11880,"S1984CA031007",1984,site_obsdate,2005,2006,2005-2006,22,19,"Older development, 16-30 years",3,Rangeland or Pasture to Developed,California,Kings,CONUS West 1,CONUS,v2025-11,11/1/1984 0:00,11/1/1984 0:00,mollisols,xerolls,haploxerolls,fluvaquentic haploxerolls,,36.2333336,-119.7916641,3951,4464,US_NCSS_changed_pedons_2005_to_2006.csv
S1955CA047002,108034,2870,2870,"S1955CA047002",1955,site_obsdate,2005,2006,2005-2006,51,19,"Older development, 16-30 years",3,Rangeland or Pasture to Developed,California,Merced,CONUS West 1,CONUS,v2025-11,4/20/1955 0:00,4/20/1955 0:00,mollisols,xerolls,calcixerolls,aquic calcixerolls,fine-loamy,37.0563889,-120.7616653,3951,4472,US_NCSS_changed_pedons_2005_to_2006.csv
S1969CA061023,108098,5573,5573,"S1969CA061023",1969,site_obsdate,2005,2006,2005-2006,37,19,"Older development, 16-30 years",3,Rangeland or Pasture to Developed,California,Placer,CONUS West 1,CONUS,v2025-11,5/9/1969 0:00,5/9/1969 0:00,entisols,orthents,xerorthents,typic xerorthents,coarse-loamy,38.7825012,-121.2052765,3951,4479,US_NCSS_changed_pedons_2005_to_2006.csv
S1973CA079007,98988,6073,6073,"S1973CA079007",1973,site_obsdate,2005,2006,2005-2006,33,19,"Older development, 16-30 years",3,Rangeland or Pasture to Developed,California,San Luis Obispo,CONUS West 1,CONUS,v2025-11,6/1/1973 0:00,6/1/1973 0:00,mollisols,xerolls,argixerolls,typic argixerolls,fine,35.5027771,-120.5027771,3951,4488,US_NCSS_changed_pedons_2005_to_2006.csv
S1961CA097006,100243,2909,2909,"S1961CA097006",1961,site_obsdate,2005,2006,2005-2006,45,19,"Older development, 16-30 years",3,Rangeland or Pasture to Developed,California,Sonoma,CONUS West 1,CONUS,v2025-11,6/22/1961 0:00,6/22/1961 0:00,ultisols,ustults,haplustults,typic haplustults,fine-loamy,38.3786125,-122.8327789,3951,4497,US_NCSS_changed_pedons_2005_to_2006.csv
03CO085009,272529,31477,31358,"S2003CO677009-JH",2003,site_obsdate,2005,2006,2005-2006,3,19,"Older development, 16-30 years",1,Agriculture to Developed,Colorado,Montrose,CONUS West 2,CONUS,v2025-11,10/16/2003 0:00,10/16/2003 0:00,aridisols,argids,haplargids,typic haplargids,,38.4757996,-107.8955154,3952,4549,US_NCSS_changed_pedons_2005_to_2006.csv
S1953FL115029,100622,4815,4815,"S1953FL115029",1953,site_obsdate,2005,2006,2005-2006,53,19,"Older development, 16-30 years",1,Agriculture to Developed,Florida,Sarasota,CONUS East 1,CONUS,v2025-11,5/1/1953 0:00,5/1/1953 0:00,,,,,,27.3400459,-82.4048691,3957,4639,US_NCSS_changed_pedons_2005_to_2006.csv
S1963HI003003,101050,5361,5361,"S1963HI003003",1963,site_obsdate,2005,2006,2005-2006,43,19,"Older development, 16-30 years",3,Rangeland or Pasture to Developed,Hawaii,Honolulu,Hawaii,HI,v2024-10,5/24/1963 0:00,5/24/1963 0:00,,,,,,21.4118519,-157.8183441,3962,4814,US_NCSS_changed_pedons_2005_to_2006.csv
87ID047003A,124574,14516,14516,"S1987ID047003A",1987,site_obsdate,2005,2006,2005-2006,19,19,"Older development, 16-30 years",1,Agriculture to Developed,Idaho,Gooding,CONUS West 2,CONUS,v2025-11,9/3/1987 0:00,9/1/1987 0:00,aridisols,orthids,durorthids,xerollic durorthids,coarse-loamy,42.6925011,-114.7044449,3964,4940,US_NCSS_changed_pedons_2005_to_2006.csv
1984IL041005,375389,37714,37099,"1984IL041005",1985,site_obsdate,2005,2006,2005-2006,21,19,"Older development, 16-30 years",1,Agriculture to Developed,Illinois,Douglas,CONUS Central 2,CONUS,v2025-11,1/1/1985 0:00,1/1/1985 0:00,mollisols,aquolls,endoaquolls,typic endoaquolls,fine-loamy,39.7055694,-88.0291361,3965,4981,US_NCSS_changed_pedons_2005_to_2006.csv
1980IL109006,856900,36663,36048,"1980IL109006",1980,site_obsdate,2005,2006,2005-2006,26,19,"Older development, 16-30 years",3,Rangeland or Pasture to Developed,Illinois,McDonough,CONUS Central 2,CONUS,v2025-11,8/1/1980 0:00,8/1/1980 0:00,mollisols,udolls,argiudolls,aquic argiudolls,fine,40.5008996,-90.6947921,3965,5015,US_NCSS_changed_pedons_2005_to_2006.csv
82IL131150,121330,10281,10281,"S1982IL131150",1982,site_obsdate,2005,2006,2005-2006,24,19,"Older development, 16-30 years",2,Forest to Developed,Illinois,Mercer,CONUS Central 2,CONUS,v2025-11,3/3/1982 0:00,3/1/1982 0:00,alfisols,aqualfs,ochraqualfs,aeric ochraqualfs,fine-silty,41.2625008,-90.8227768,3965,5026,US_NCSS_changed_pedons_2005_to_2006.csv
1980IL157107,375452,36684,36069,"1980IL157107",1980,site_obsdate,2005,2006,2005-2006,26,19,"Older development, 16-30 years",2,Forest to Developed,Illinois,Randolph,CONUS Central 2,CONUS,v2025-11,8/1/1980 0:00,8/1/1980 0:00,alfisols,udalfs,hapludalfs,typic hapludalfs,fine-silty,38.1187822,-89.8863265,3965,5039,US_NCSS_changed_pedons_2005_to_2006.csv
S1955IN003008,101859,4995,4995,"S1955IN003008",1955,site_obsdate,2005,2006,2005-2006,51,19,"Older development, 16-30 years",3,Rangeland or Pasture to Developed,Indiana,Allen,CONUS East 1,CONUS,v2025-11,10/1/1955 0:00,10/1/1955 0:00,alfisols,aqualfs,epiaqualfs,aeric epiaqualfs,fine-silty,41.0858536,-84.9654846,3966,5064,US_NCSS_changed_pedons_2005_to_2006.csv
1977IN031001,313883,38670,38055,"1977IN031001",1977,site_obsdate,2005,2006,2005-2006,29,19,"Older development, 16-30 years",3,Rangeland or Pasture to Developed,Indiana,Decatur,CONUS Central 2,CONUS,v2025-11,7/13/1977 0:00,7/13/1977 0:00,inceptisols,ochrepts,eutrochrepts,fluventic eutrochrepts,fine-loamy,39.24692535,-85.5322417,3966,5078,US_NCSS_changed_pedons_2005_to_2006.csv
1976IN077011,313393,38220,37605,"1976IN077011",1976,site_obsdate,2005,2006,2005-2006,30,19,"Older development, 16-30 years",3,Rangeland or Pasture to Developed,Indiana,Jefferson,CONUS Central 2,CONUS,v2025-11,10/22/1976 0:00,10/22/1976 0:00,alfisols,udalfs,fragiudalfs,typic fragiudalfs,fine-silty,38.6986917,-85.4753417,3966,5101,US_NCSS_changed_pedons_2005_to_2006.csv
S2002IN173001,139419,29928,29826,"S2002IN173001",2002,site_obsdate,2005,2006,2005-2006,4,19,"Older development, 16-30 years",3,Rangeland or Pasture to Developed,Indiana,Warrick,CONUS Central 2,CONUS,v2025-11,,12/10/2002 0:00,,,,,,38.2327766,-87.3125,3966,5149,US_NCSS_changed_pedons_2005_to_2006.csv
1983IA065005,869492,11173,11173,"S1983IA065005",1983,site_obsdate,2005,2006,2005-2006,23,19,"Older development, 16-30 years",3,Rangeland or Pasture to Developed,Iowa,Fayette,CONUS Central 2,CONUS,v2025-11,12/1/1983 0:00,12/1/1983 0:00,inceptisols,udepts,eutrudepts,dystric eutrudepts,fine-loamy,42.9863889,-91.9288889,3963,4850,US_NCSS_changed_pedons_2005_to_2006.csv
S1992IA133002,101267,19951,19951,"S1992IA133002",1989,site_obsdate,2005,2006,2005-2006,17,19,"Older development, 16-30 years",3,Rangeland or Pasture to Developed,Iowa,Monona,CONUS Central 1,CONUS,v2025-11,,8/17/1989 0:00,entisols,aquents,fluvaquents,mollic fluvaquents,fine-silty over clayey,42.2000008,-96.2908325,3963,4884,US_NCSS_changed_pedons_2005_to_2006.csv
S1996IA193018,101330,22886,22886,"S1996IA193018",1996,site_obsdate,2005,2006,2005-2006,10,19,"Older development, 16-30 years",1,Agriculture to Developed,Iowa,Woodbury,CONUS Central 1,CONUS,v2025-11,,8/20/1996 0:00,entisols,aquents,fluvaquents,vertic fluvaquents,very-fine,42.23655701,-96.2708893,3963,4914,US_NCSS_changed_pedons_2005_to_2006.csv
90KS155008,27914,17242,17242,"90KS155008",1990,site_obsdate,2005,2006,2005-2006,16,19,"Older development, 16-30 years",3,Rangeland or Pasture to Developed,Kansas,Reno,CONUS Central 1,CONUS,v2025-11,8/3/1990 0:00,8/15/1990 0:00,alfisols,aqualfs,natraqualfs,vertic natraqualfs,fine-loamy,38.0008781,-97.7653364,3967,5232,US_NCSS_changed_pedons_2005_to_2006.csv
75LA041017,955522,1320,1320,"75LA041017",1975,site_obsdate,2005,2006,2005-2006,31,19,"Older development, 16-30 years",3,Rangeland or Pasture to Developed,Louisiana,Franklin,CONUS Central 2,CONUS,v2025-11,,6/1/1975 0:00,alfisols,udalfs,fragiudalfs,glossaquic fragiudalfs,fine-silty,32.1138889,-91.8438889,3969,5400,US_NCSS_changed_pedons_2005_to_2006.csv
S2000LA095003,98415,26970,26966,"LA095-Bruin_like-TP",2000,site_obsdate,2005,2006,2005-2006,6,19,"Older development, 16-30 years",3,Rangeland or Pasture to Developed,Louisiana,St. John the Baptist,CONUS Central 2,CONUS,v2025-11,12/12/2000 0:00,12/12/2000 0:00,inceptisols,udepts,eutrudepts,fluvaquentic eutrudepts,,30.0776997,-90.4731598,3969,5427,US_NCSS_changed_pedons_2005_to_2006.csv
S1956LA105002,1115212,3785,3785,"S1956LA105002",1956,site_obsdate,2005,2006,2005-2006,50,19,"Older development, 16-30 years",2,Forest to Developed,Louisiana,Tangipahoa,CONUS Central 2,CONUS,v2025-11,4/10/1956 0:00,4/10/1956 0:00,alfisols,udalfs,hapludalfs,typic hapludalfs,fine-loamy,30.6219444,-90.4844437,3969,5432,US_NCSS_changed_pedons_2005_to_2006.csv
S2002MI153043,198145,30703,30587,"H02MI153-043",2002,site_obsdate,2005,2006,2005-2006,4,19,"Older development, 16-30 years",2,Forest to Developed,Michigan,Schoolcraft,CONUS Central 2,CONUS,v2025-11,8/15/2002 0:00,8/15/2002 0:00,inceptisols,aquepts,humaquepts,histic humaquepts,,45.7933311,-86.3608017,3974,5607,US_NCSS_changed_pedons_2005_to_2006.csv
S1944MN055001,102753,1640,1640,"S1944MN055001",1944,site_obsdate,2005,2006,2005-2006,62,19,"Older development, 16-30 years",2,Forest to Developed,Minnesota,Houston,CONUS Central 2,CONUS,v2025-11,8/1/1944 0:00,8/1/1944 0:00,,,,,,43.6786118,-91.4276505,3975,5641,US_NCSS_changed_pedons_2005_to_2006.csv
1999MO055037,87963,49360,48646,"1999MO055037",1999,site_obsdate,2005,2006,2005-2006,7,19,"Older development, 16-30 years",1,Agriculture to Developed,Missouri,Crawford,CONUS Central 2,CONUS,v2025-11,12/14/1999 0:00,12/14/1999 0:00,ultisols,udults,fragiudults,typic fragiudults,,38.0810172,-91.2682636,3976,5728,US_NCSS_changed_pedons_2005_to_2006.csv
1994MO067042,86795,49597,48883,"1994MO067042",1994,site_obsdate,2005,2006,2005-2006,12,19,"Older development, 16-30 years",2,Forest to Developed,Missouri,Douglas,CONUS Central 2,CONUS,v2025-11,9/8/1994 0:00,9/8/1994 0:00,alfisols,udalfs,hapludalfs,oxyaquic hapludalfs,very-fine,36.9945166,-92.8940694,3976,5734,US_NCSS_changed_pedons_2005_to_2006.csv
1992MO123005M,97707,46995,46281,"1992MO123005M",1992,site_obsdate,2005,2006,2005-2006,14,19,"Older development, 16-30 years",2,Forest to Developed,Missouri,Madison,CONUS Central 2,CONUS,v2025-11,6/1/1992 0:00,6/1/1992 0:00,entisols,fluvents,udifluvents,typic udifluvents,loamy-skeletal,37.6160011,-90.1975021,3976,5762,US_NCSS_changed_pedons_2005_to_2006.csv
1994MO125001,102944,21739,21739,"1994MO125001S",1994,site_obsdate,2005,2006,2005-2006,12,19,"Older development, 16-30 years",3,Rangeland or Pasture to Developed,Missouri,Maries,CONUS Central 2,CONUS,v2025-11,4/28/1994 0:00,4/28/1994 0:00,alfisols,udalfs,fragiudalfs,aquic fragiudalfs,,38.24666595,-91.8658371,3976,5763,US_NCSS_changed_pedons_2005_to_2006.csv
1997MO125005,91489,44017,43303,"1997MO125005",1997,site_obsdate,2005,2006,2005-2006,9,19,"Older development, 16-30 years",2,Forest to Developed,Missouri,Maries,CONUS Central 2,CONUS,v2025-11,3/24/1997 0:00,3/24/1997 0:00,alfisols,udalfs,hapludalfs,oxyaquic hapludalfs,,38.2576528,-91.7014668,3976,5763,US_NCSS_changed_pedons_2005_to_2006.csv
2003MO207003,144717,42738,42024,"2003MO207003",2003,site_obsdate,2005,2006,2005-2006,3,19,"Older development, 16-30 years",1,Agriculture to Developed,Missouri,Stoddard,CONUS Central 2,CONUS,v2025-11,3/24/2003 0:00,3/24/2003 0:00,inceptisols,aquepts,endoaquepts,typic endoaquepts,,37.0738297,-89.9229507,3976,5803,US_NCSS_changed_pedons_2005_to_2006.csv
2002MO219008,696863,46197,45483,"2002MO219008",2002,site_obsdate,2005,2006,2005-2006,4,19,"Older development, 16-30 years",1,Agriculture to Developed,Missouri,Warren,CONUS Central 2,CONUS,v2025-11,10/3/2002 0:00,10/3/2002 0:00,alfisols,udalfs,hapludalfs,oxyaquic vertic hapludalfs,,38.7440556,-91.2630944,3976,5809,US_NCSS_changed_pedons_2005_to_2006.csv
2004MO219055,696962,46008,45294,"2004MO219055",2004,site_obsdate,2005,2006,2005-2006,2,19,"Older development, 16-30 years",1,Agriculture to Developed,Missouri,Warren,CONUS Central 2,CONUS,v2025-11,,5/18/2004 0:00,,,,,,38.8413972,-91.2287472,3976,5809,US_NCSS_changed_pedons_2005_to_2006.csv
91MT089019,127519,18286,18286,"S1991MT089019",1991,site_obsdate,2005,2006,2005-2006,15,19,"Older development, 16-30 years",3,Rangeland or Pasture to Developed,Montana,Sanders,CONUS West 1,CONUS,v2025-11,,6/1/1991 0:00,andisols,xerands,haploxerands,typic haploxerands,,47.9805565,-115.7399979,3979,5946,US_NCSS_changed_pedons_2005_to_2006.csv
1975NE041002,247880,7665,7665,"1975NE041002",1979,site_obsdate,2005,2006,2005-2006,27,19,"Older development, 16-30 years",3,Rangeland or Pasture to Developed,Nebraska,Custer,CONUS Central 1,CONUS,v2025-11,11/17/1975 0:00,6/1/1979 0:00,entisols,orthents,ustorthents,typic ustorthents,coarse-loamy,41.5533333,-99.90249634,3982,6132,US_NCSS_changed_pedons_2005_to_2006.csv
93NE127001,103931,20998,20998,"S1993NE127001",1993,site_obsdate,2005,2006,2005-2006,13,19,"Older development, 16-30 years",3,Rangeland or Pasture to Developed,Nebraska,Nemaha,CONUS Central 1,CONUS,v2025-11,9/30/1993 0:00,9/30/1993 0:00,mollisols,udolls,argiudolls,pachic argiudolls,fine,40.3047218,-95.8880539,3982,6175,US_NCSS_changed_pedons_2005_to_2006.csv
S1980NV003001,110460,7812,7812,"S1980NV003001",1980,site_obsdate,2005,2006,2005-2006,26,19,"Older development, 16-30 years",3,Rangeland or Pasture to Developed,Nevada,Clark,CONUS West 1,CONUS,v2025-11,6/3/1980 0:00,4/1/1980 0:00,aridisols,calcids,petrocalcids,typic petrocalcids,loamy,36.0347176,-115.2033386,3987,6270,US_NCSS_changed_pedons_2005_to_2006.csv
S1956NJ005001,104153,302,302,"S1956NJ005001",1956,site_obsdate,2005,2006,2005-2006,50,19,"Older development, 16-30 years",2,Forest to Developed,New Jersey,Burlington,CONUS East 2,CONUS,v2025-11,12/26/1956 0:00,12/26/1956 0:00,,,,,,40.0572205,-74.7588882,3984,6217,US_NCSS_changed_pedons_2005_to_2006.csv
S1957NJ023002,1100477,326,326,"S1957NJ023002",1957,site_obsdate,2005,2006,2005-2006,49,19,"Older development, 16-30 years",1,Agriculture to Developed,New Jersey,Middlesex,CONUS East 2,CONUS,v2025-11,3/26/1957 0:00,3/26/1957 0:00,ultisols,udults,hapludults,typic hapludults,fine-silty,40.37277603,-74.4902802,3984,6226,US_NCSS_changed_pedons_2005_to_2006.csv
92NJ041003,104271,19231,19231,"S1992NJ041003",1992,site_obsdate,2005,2006,2005-2006,14,19,"Older development, 16-30 years",2,Forest to Developed,New Jersey,Warren,CONUS East 2,CONUS,v2025-11,4/1/1992 0:00,4/1/1992 0:00,alfisols,udalfs,hapludalfs,typic hapludalfs,,40.94083405,-74.8236084,3984,6235,US_NCSS_changed_pedons_2005_to_2006.csv
S2004NC105001,435307,32320,32201,"S2004NC105001",2004,site_obsdate,2005,2006,2005-2006,2,19,"Older development, 16-30 years",2,Forest to Developed,North Carolina,Lee,CONUS East 1,CONUS,v2025-11,4/7/2004 0:00,4/7/2004 0:00,ultisols,udults,hapludults,aquic hapludults,,35.5950546,-79.0711136,3980,6011,US_NCSS_changed_pedons_2005_to_2006.csv
51ND009002,47286,54,54,"51ND009002",1951,site_obsdate,2005,2006,2005-2006,55,19,"Older development, 16-30 years",3,Rangeland or Pasture to Developed,North Dakota,Bottineau,CONUS Central 1,CONUS,v2025-11,9/9/1951 0:00,9/9/1951 0:00,,,,,,48.79219437,-101.1455307,3981,6063,US_NCSS_changed_pedons_2005_to_2006.csv
74ND057003,48871,69491,67566,"74ND057003",1974,site_obsdate,2005,2006,2005-2006,32,19,"Older development, 16-30 years",3,Rangeland or Pasture to Developed,North Dakota,Mercer,CONUS Central 1,CONUS,v2025-11,,8/13/1974 0:00,mollisols,ustolls,paleustolls,typic paleustolls,fine-loamy,47.2991667,-101.4827778,3981,6087,US_NCSS_changed_pedons_2005_to_2006.csv
1984-OH069-104,751592,69147,67222,"1984-OH069-104",1984,site_obsdate,2005,2006,2005-2006,22,19,"Older development, 16-30 years",1,Agriculture to Developed,Ohio,Henry,CONUS East 1,CONUS,v2025-11,,7/16/1984 0:00,alfisols,aqualfs,epiaqualfs,mollic epiaqualfs,fine,41.3852234,-84.0901108,3989,6382,US_NCSS_changed_pedons_2005_to_2006.csv
2013OR025001,798527,22883,22883,"S1993OR025015",1993,site_obsdate,2005,2006,2005-2006,13,19,"Older development, 16-30 years",3,Rangeland or Pasture to Developed,Oregon,Harney,CONUS West 1,CONUS,v2025-11,10/20/1993 0:00,10/20/1993 0:00,mollisols,aquolls,endoaquolls,cumulic endoaquolls,fine-silty,43.06416702,-118.8413925,3991,6525,US_NCSS_changed_pedons_2005_to_2006.csv
01PA029007,112950,26751,26747,"S2001PA029007 - Nottingham County Park Progress Field Review",2001,site_obsdate,2005,2006,2005-2006,5,19,"Older development, 16-30 years",2,Forest to Developed,Pennsylvania,Chester,CONUS East 1,CONUS,v2025-11,5/10/2001 0:00,5/10/2001 0:00,alfisols,udalfs,hapludalfs,aquultic hapludalfs,,39.7363892,-76.0322189,3992,6563,US_NCSS_changed_pedons_2005_to_2006.csv
S1959PA045001,1162028,53850,53049,"329",1959,site_obsdate,2005,2006,2005-2006,47,19,"Older development, 16-30 years",2,Forest to Developed,Pennsylvania,Delaware,CONUS East 1,CONUS,v2025-11,4/23/1959 0:00,4/23/1959 0:00,ultisols,udults,hapludults,typic hapludults,fine-loamy,39.8472222,-75.52249908,3992,6571,US_NCSS_changed_pedons_2005_to_2006.csv
S01SC-019-004,961336,28375,28317,"S01SC-690-004",2001,site_obsdate,2005,2006,2005-2006,5,19,"Older development, 16-30 years",2,Forest to Developed,South Carolina,Charleston,CONUS East 1,CONUS,v2025-11,7/16/2010 0:00,6/25/2001 0:00,ultisols,udults,hapludults,arenic hapludults,,32.8466667,-79.8791667,3997,6724,US_NCSS_changed_pedons_2005_to_2006.csv
S1959TN071007,105880,4705,4705,"S1959TN071007",1959,site_obsdate,2005,2006,2005-2006,47,19,"Older development, 16-30 years",2,Forest to Developed,Tennessee,Hardin,CONUS Central 2,CONUS,v2025-11,10/21/1959 0:00,10/21/1959 0:00,,,,,,35.0655556,-88.2752762,3999,6862,US_NCSS_changed_pedons_2005_to_2006.csv
2002TN155001,198335,30400,30284,"S2002TN155001",2002,site_obsdate,2005,2006,2005-2006,4,19,"Older development, 16-30 years",2,Forest to Developed,Tennessee,Sevier,CONUS East 1,CONUS,v2025-11,7/16/2002 0:00,7/16/2002 0:00,inceptisols,udepts,dystrudepts,humic dystrudepts,loamy-skeletal,35.6873207,-83.4998856,3999,6904,US_NCSS_changed_pedons_2005_to_2006.csv
S1972UT021008,174420,6014,6014,"S1972UT021008",1972,site_obsdate,2005,2006,2005-2006,34,19,"Older development, 16-30 years",3,Rangeland or Pasture to Developed,Utah,Iron,CONUS West 2,CONUS,v2025-11,10/31/1972 0:00,10/31/1972 0:00,aridisols,gypsids,haplogypsids,xeric haplogypsids,fine-silty,37.6624985,-113.0613861,4002,7195,US_NCSS_changed_pedons_2005_to_2006.csv
S2000VA107010,868978,25745,25745,"S2000VA107010",2000,site_obsdate,2005,2006,2005-2006,6,19,"Older development, 16-30 years",1,Agriculture to Developed,Virginia,Loudoun,CONUS East 1,CONUS,v2025-11,,6/1/2000 0:00,,,,,,39.098453,-77.566403,4003,7237,US_NCSS_changed_pedons_2005_to_2006.csv
S2001WA063010,111840,28899,28826,"S2001WA063010",2001,site_obsdate,2005,2006,2005-2006,5,19,"Older development, 16-30 years",1,Agriculture to Developed,Washington,Spokane,CONUS West 1,CONUS,v2025-11,9/5/2001 0:00,9/5/2001 0:00,alfisols,xeralfs,haploxeralfs,ultic haploxeralfs,fine,47.5124702,-117.1432114,4006,7399,US_NCSS_changed_pedons_2005_to_2006.csv
S02WV051006,533947,55565,54764,"S02-WV051-006",2002,site_obsdate,2005,2006,2005-2006,4,19,"Older development, 16-30 years",2,Forest to Developed,West Virginia,Marshall,CONUS East 1,CONUS,v2025-11,4/25/2002 0:00,4/25/2002 0:00,,,,,,39.8177778,-80.8111111,4008,7504,US_NCSS_changed_pedons_2005_to_2006.csv
S1992WI013003,106935,20187,20187,"S1992WI013003",1992,site_obsdate,2005,2006,2005-2006,14,19,"Older development, 16-30 years",3,Rangeland or Pasture to Developed,Wisconsin,Burnett,CONUS Central 2,CONUS,v2025-11,5/7/1992 0:00,5/5/1992 0:00,alfisols,udalfs,glossudalfs,oxyaquic glossudalfs,coarse-loamy,45.77305603,-92.6872253,4007,7413,US_NCSS_changed_pedons_2005_to_2006.csv
70WI073004,127970,1595,1595,"S1970WI073004",1970,site_obsdate,2005,2006,2005-2006,36,19,"Older development, 16-30 years",3,Rangeland or Pasture to Developed,Wisconsin,Marathon,CONUS Central 2,CONUS,v2025-11,6/1/1970 0:00,6/1/1970 0:00,alfisols,udalfs,glossudalfs,haplic glossudalfs,fine-loamy,44.9636116,-89.788887,4007,7443,US_NCSS_changed_pedons_2005_to_2006.csv
S1983WI093025,1051092,71898,132583,"S1983WI093025",1983,samp_classdate,2005,2006,2005-2006,23,19,"Older development, 16-30 years",3,Rangeland or Pasture to Developed,Wisconsin,Pierce,CONUS Central 2,CONUS,v2025-11,7/14/1983 0:00,,alfisols,udalfs,hapludalfs,typic hapludalfs,fine-silty,44.6019322,-92.3882034,4007,7454,US_NCSS_changed_pedons_2005_to_2006.csv
S1973AL097002,318779,39858,39239,"S1973AL097002",1973,site_obsdate,2006,2007,2006-2007,34,18,"Older development, 16-30 years",1,Agriculture to Developed,Alabama,Mobile,CONUS Central 2,CONUS,v2025-11,2/22/1973 0:00,2/22/1973 0:00,ultisols,udults,paleudults,rhodic paleudults,fine,30.7647222,-88.2669444,3947,4335,US_NCSS_changed_pedons_2006_to_2007.csv
S1977AZ009004,109696,1110,1110,"S1977AZ009004",1977,site_obsdate,2006,2007,2006-2007,30,18,"Older development, 16-30 years",3,Rangeland or Pasture to Developed,Arizona,Graham,CONUS West 2,CONUS,v2025-11,3/2/1977 0:00,3/2/1977 0:00,aridisols,argids,haplargids,typic haplargids,,32.8131599,-109.7337112,3950,4438,US_NCSS_changed_pedons_2006_to_2007.csv
S1957CA065011,100091,2671,2671,"S1957CA065011",1957,site_obsdate,2006,2007,2006-2007,50,18,"Older development, 16-30 years",1,Agriculture to Developed,California,Riverside,CONUS West 1,CONUS,v2025-11,6/5/1957 0:00,6/5/1957 0:00,alfisols,xeralfs,durixeralfs,typic durixeralfs,fine-loamy,33.8291664,-117.203331,3951,4481,US_NCSS_changed_pedons_2006_to_2007.csv
87CA107005,124483,14405,14405,"S1987CA107005",1987,site_obsdate,2006,2007,2006-2007,20,18,"Older development, 16-30 years",1,Agriculture to Developed,California,Tulare,CONUS West 1,CONUS,v2025-11,4/3/1987 0:00,4/1/1987 0:00,alfisols,xeralfs,durixeralfs,abruptic durixeralfs,fine-loamy,36.41217804,-119.1170578,3951,4502,US_NCSS_changed_pedons_2006_to_2007.csv
85CA115009,123151,12846,12846,"S1985CA115009",1985,site_obsdate,2006,2007,2006-2007,22,18,"Older development, 16-30 years",2,Forest to Developed,California,Yuba,CONUS West 1,CONUS,v2025-11,8/3/1985 0:00,8/1/1985 0:00,alfisols,xeralfs,palexeralfs,ultic palexeralfs,fine,39.3834953,-121.218544,3951,4506,US_NCSS_changed_pedons_2006_to_2007.csv
S1953FL115014,100607,4794,4794,"S1953FL115014",1953,site_obsdate,2006,2007,2006-2007,54,18,"Older development, 16-30 years",3,Rangeland or Pasture to Developed,Florida,Sarasota,CONUS East 1,CONUS,v2025-11,4/1/1953 0:00,4/1/1953 0:00,,,,,,27.3861561,-82.5440369,3957,4639,US_NCSS_changed_pedons_2006_to_2007.csv
S1963HI003002,101049,5307,5307,"S1963HI003002",1963,site_obsdate,2006,2007,2006-2007,44,18,"Older development, 16-30 years",3,Rangeland or Pasture to Developed,Hawaii,Honolulu,Hawaii,HI,v2024-10,5/23/1963 0:00,5/23/1963 0:00,mollisols,ustolls,haplustolls,aridic haplustolls,fine,21.3276939,-158.0252838,3962,4814,US_NCSS_changed_pedons_2006_to_2007.csv
87ID069001,124791,14782,14782,"S1987ID069001",1987,site_obsdate,2006,2007,2006-2007,20,18,"Older development, 16-30 years",3,Rangeland or Pasture to Developed,Idaho,Nez Perce,CONUS West 1,CONUS,v2025-11,6/3/1987 0:00,6/1/1987 0:00,mollisols,xerolls,haploxerolls,calcic haploxerolls,coarse-loamy,46.4134712,-116.9910355,3964,4951,US_NCSS_changed_pedons_2006_to_2007.csv
S1966ID075001,101536,1074,1074,"S1966ID075001",1966,site_obsdate,2006,2007,2006-2007,41,18,"Older development, 16-30 years",1,Agriculture to Developed,Idaho,Payette,CONUS West 1,CONUS,v2025-11,7/9/1966 0:00,7/9/1966 0:00,entisols,psamments,torripsamments,xeric torripsamments,,44.1404228,-116.8793259,3964,4954,US_NCSS_changed_pedons_2006_to_2007.csv
81IL017007,121229,10099,10099,"S1981IL017007",1981,site_obsdate,2006,2007,2006-2007,26,18,"Older development, 16-30 years",3,Rangeland or Pasture to Developed,Illinois,Cass,CONUS Central 2,CONUS,v2025-11,6/1/1981 0:00,6/1/1981 0:00,entisols,fluvents,udifluvents,typic udifluvents,coarse-silty,39.9855537,-90.3213882,3965,4969,US_NCSS_changed_pedons_2006_to_2007.csv
1932IL021001,856853,35862,35247,"1932IL021001",1932,site_obsdate,2006,2007,2006-2007,75,18,"Older development, 16-30 years",1,Agriculture to Developed,Illinois,Christian,CONUS Central 2,CONUS,v2025-11,10/1/1932 0:00,10/1/1932 0:00,mollisols,udolls,argiudolls,aquic argiudolls,fine,39.6099174,-89.3495633,3965,4971,US_NCSS_changed_pedons_2006_to_2007.csv
1978IL073081,375422,36469,35854,"1978IL073081",1978,site_obsdate,2006,2007,2006-2007,29,18,"Older development, 16-30 years",3,Rangeland or Pasture to Developed,Illinois,Henry,CONUS Central 2,CONUS,v2025-11,10/1/1978 0:00,10/1/1978 0:00,mollisols,aquolls,endoaquolls,cumulic vertic endoaquolls,very-fine,41.5806738,-89.9759424,3965,4997,US_NCSS_changed_pedons_2006_to_2007.csv
1987IL105012,253423,37730,37115,"1987IL105012",1987,site_obsdate,2006,2007,2006-2007,20,18,"Older development, 16-30 years",1,Agriculture to Developed,Illinois,Livingston,CONUS Central 2,CONUS,v2025-11,1/5/1987 0:00,1/1/1987 0:00,mollisols,udolls,argiudolls,aquic argiudolls,fine,40.9483556,-88.4344875,3965,5013,US_NCSS_changed_pedons_2006_to_2007.csv
S1981IL115036,846632,8786,8786,"S1981IL115036",1981,site_obsdate,2006,2007,2006-2007,26,18,"Older development, 16-30 years",2,Forest to Developed,Illinois,Macon,CONUS Central 2,CONUS,v2025-11,6/1/1981 0:00,6/1/1981 0:00,alfisols,udalfs,hapludalfs,oxyaquic hapludalfs,fine-silty,39.9375,-88.7505569,3965,5018,US_NCSS_changed_pedons_2006_to_2007.csv
1976IL119001,355104,36315,35700,"1976IL119001",1976,site_obsdate,2006,2007,2006-2007,31,18,"Older development, 16-30 years",1,Agriculture to Developed,Illinois,Madison,CONUS Central 2,CONUS,v2025-11,1/1/1976 0:00,1/1/1976 0:00,alfisols,aqualfs,natraqualfs,mollic natraqualfs,fine,38.6995987,-89.7262193,3965,5020,US_NCSS_changed_pedons_2006_to_2007.csv
1977IL157002,354969,36354,35739,"1977IL157002",1977,site_obsdate,2006,2007,2006-2007,30,18,"Older development, 16-30 years",1,Agriculture to Developed,Illinois,Randolph,CONUS Central 2,CONUS,v2025-11,6/1/1977 0:00,6/1/1977 0:00,mollisols,udolls,hapludolls,fluvaquentic hapludolls,coarse-silty,38.0951879,-90.1126809,3965,5039,US_NCSS_changed_pedons_2006_to_2007.csv
1971IL161004,354967,36199,35584,"1971IL161004",1971,site_obsdate,2006,2007,2006-2007,36,18,"Older development, 16-30 years",1,Agriculture to Developed,Illinois,Rock Island,CONUS Central 2,CONUS,v2025-11,3/1/1971 0:00,3/1/1971 0:00,mollisols,udolls,hapludolls,fluvaquentic hapludolls,coarse-silty,41.452005,-90.5351553,3965,5041,US_NCSS_changed_pedons_2006_to_2007.csv
1974IL163003,354986,36238,35623,"1974IL163003",1974,site_obsdate,2006,2007,2006-2007,33,18,"Older development, 16-30 years",3,Rangeland or Pasture to Developed,Illinois,St. Clair,CONUS Central 2,CONUS,v2025-11,6/1/1974 0:00,6/1/1974 0:00,alfisols,udalfs,hapludalfs,mollic hapludalfs,fine-silty,38.5284704,-90.0352679,3965,5042,US_NCSS_changed_pedons_2006_to_2007.csv
1967IN027001,312838,37824,37209,"1967IN027001",1967,site_obsdate,2006,2007,2006-2007,40,18,"Older development, 16-30 years",1,Agriculture to Developed,Indiana,Daviess,CONUS Central 2,CONUS,v2025-11,8/7/1967 0:00,8/7/1967 0:00,,,,,,38.5906361,-87.1902556,3966,5076,US_NCSS_changed_pedons_2006_to_2007.csv
1972IN087004,312947,37887,37272,"1972IN087004",1973,site_obsdate,2006,2007,2006-2007,34,18,"Older development, 16-30 years",1,Agriculture to Developed,Indiana,LaGrange,CONUS Central 2,CONUS,v2025-11,1/23/1973 0:00,1/23/1973 0:00,,,,,,41.7056417,-85.2927639,3966,5106,US_NCSS_changed_pedons_2006_to_2007.csv
1974IN087012,313434,38309,37694,"1974IN087012",1974,site_obsdate,2006,2007,2006-2007,33,18,"Older development, 16-30 years",3,Rangeland or Pasture to Developed,Indiana,LaGrange,CONUS Central 2,CONUS,v2025-11,10/9/1974 0:00,10/9/1974 0:00,alfisols,udalfs,hapludalfs,typic hapludalfs,fine,41.6469944,-85.6000528,3966,5106,US_NCSS_changed_pedons_2006_to_2007.csv
2014IN117002,797630,6844,6844,"2014IN117002",1978,site_obsdate,2006,2007,2006-2007,29,18,"Older development, 16-30 years",1,Agriculture to Developed,Indiana,Orange,CONUS Central 2,CONUS,v2025-11,6/1/1978 0:00,6/1/1978 0:00,alfisols,udalfs,fragiudalfs,oxyaquic fragiudalfs,fine-silty,38.664694,-86.327397,3966,5121,US_NCSS_changed_pedons_2006_to_2007.csv
84IA1030023,122496,12084,12084,"S1984IA103023",1984,site_obsdate,2006,2007,2006-2007,23,18,"Older development, 16-30 years",1,Agriculture to Developed,Iowa,Johnson,CONUS Central 2,CONUS,v2025-11,11/1/1984 0:00,11/1/1984 0:00,alfisols,udalfs,hapludalfs,typic hapludalfs,fine-silty,41.76805496,-91.4786148,3963,4869,US_NCSS_changed_pedons_2006_to_2007.csv
S1976IA103001,101221,1729,1729,"S1976IA103001",1976,site_obsdate,2006,2007,2006-2007,31,18,"Older development, 16-30 years",1,Agriculture to Developed,Iowa,Johnson,CONUS Central 2,CONUS,v2025-11,5/10/1976 0:00,5/10/1976 0:00,mollisols,udolls,argiudolls,typic argiudolls,fine-silty,41.6255569,-91.4974976,3963,4869,US_NCSS_changed_pedons_2006_to_2007.csv
90KS013007,126518,16943,16943,"S1990KS013007",1990,site_obsdate,2006,2007,2006-2007,17,18,"Older development, 16-30 years",1,Agriculture to Developed,Kansas,Brown,CONUS Central 1,CONUS,v2025-11,5/1/1990 0:00,5/1/1990 0:00,mollisols,udolls,argiudolls,typic argiudolls,,39.6747208,-95.5086136,3967,5161,US_NCSS_changed_pedons_2006_to_2007.csv
82KS021009,956981,9694,9694,"82KS021009",1982,site_obsdate,2006,2007,2006-2007,25,18,"Older development, 16-30 years",1,Agriculture to Developed,Kansas,Cherokee,CONUS Central 2,CONUS,v2025-11,,6/1/1982 0:00,alfisols,aqualfs,albaqualfs,mollic albaqualfs,fine,37.0583333,-94.8152778,3967,5165,US_NCSS_changed_pedons_2006_to_2007.csv
76KS077001,192746,1782,1782,"76KS077001",1976,site_obsdate,2006,2007,2006-2007,31,18,"Older development, 16-30 years",3,Rangeland or Pasture to Developed,Kansas,Harper,CONUS Central 1,CONUS,v2025-11,6/1/1976 0:00,6/1/1976 0:00,mollisols,ustolls,argiustolls,udic argiustolls,fine-loamy,37.3352778,-98.18499756,3967,5193,US_NCSS_changed_pedons_2006_to_2007.csv
S1960KY049001,102270,4628,4628,"S1960KY049001",1960,site_obsdate,2006,2007,2006-2007,47,18,"Older development, 16-30 years",1,Agriculture to Developed,Kentucky,Clark,CONUS East 1,CONUS,v2025-11,11/7/1960 0:00,11/7/1960 0:00,,,,,,37.89416504,-84.00333405,3968,5284,US_NCSS_changed_pedons_2006_to_2007.csv
S1961LA033006,102354,1313,1313,"S1961LA033006",1961,site_obsdate,2006,2007,2006-2007,46,18,"Older development, 16-30 years",2,Forest to Developed,Louisiana,East Baton Rouge,CONUS Central 2,CONUS,v2025-11,5/10/1961 0:00,5/10/1961 0:00,alfisols,udalfs,fragiudalfs,aquic fragiudalfs,fine-silty,30.3786106,-91.0913925,3969,5396,US_NCSS_changed_pedons_2006_to_2007.csv
88LA063002,125384,15534,15534,"S1988LA063002",1988,site_obsdate,2006,2007,2006-2007,19,18,"Older development, 16-30 years",3,Rangeland or Pasture to Developed,Louisiana,Livingston,CONUS Central 2,CONUS,v2025-11,9/3/1988 0:00,9/1/1988 0:00,alfisols,aqualfs,natraqualfs,albic glossic natraqualfs,fine-silty,30.4541664,-90.7455521,3969,5411,US_NCSS_changed_pedons_2006_to_2007.csv
S2000MD041023,804506,26127,26127,"S2000MD041023",2000,site_obsdate,2006,2007,2006-2007,7,18,"Older development, 16-30 years",1,Agriculture to Developed,Maryland,Talbot,CONUS East 1,CONUS,v2025-11,9/23/2000 0:00,9/23/2000 0:00,alfisols,udalfs,hapludalfs,ultic hapludalfs,fine-silty,38.7057991,-76.0294571,3971,5477,US_NCSS_changed_pedons_2006_to_2007.csv
S1960MA003008,102444,430,430,"S1960MA003008",1960,site_obsdate,2006,2007,2006-2007,47,18,"Older development, 16-30 years",3,Rangeland or Pasture to Developed,Massachusetts,Berkshire,CONUS East 2,CONUS,v2025-11,6/10/1960 0:00,6/10/1960 0:00,inceptisols,ochrepts,eutrochrepts,dystric eutrochrepts,coarse-loamy,42.281929,-73.2642593,3970,5445,US_NCSS_changed_pedons_2006_to_2007.csv
S1977MN037025 (2530),582926,55735,54934,"S1977MN037025 (2530)",1977,site_obsdate,2006,2007,2006-2007,30,18,"Older development, 16-30 years",3,Rangeland or Pasture to Developed,Minnesota,Dakota,CONUS Central 2,CONUS,v2025-11,8/16/1977 0:00,8/16/1977 0:00,mollisols,udolls,argiudolls,typic argiudolls,fine-loamy,44.6325989,-92.8126602,3975,5632,US_NCSS_changed_pedons_2006_to_2007.csv
S1994MN095043,102789,23128,23128,"S1994MN095043",1994,site_obsdate,2006,2007,2006-2007,13,18,"Older development, 16-30 years",3,Rangeland or Pasture to Developed,Minnesota,Mille Lacs,CONUS Central 2,CONUS,v2025-11,9/30/1994 0:00,9/30/1994 0:00,alfisols,aqualfs,glossaqualfs,mollic glossaqualfs,,46.1980553,-93.785553,3975,5661,US_NCSS_changed_pedons_2006_to_2007.csv
1987MO005012m,42999,49972,49258,"1987MO005012m",1987,site_obsdate,2006,2007,2006-2007,20,18,"Older development, 16-30 years",1,Agriculture to Developed,Missouri,Atchison,CONUS Central 1,CONUS,v2025-11,3/1/1987 0:00,3/1/1987 0:00,entisols,fluvents,udifluvents,mollic udifluvents,coarse-silty,40.5436096,-95.7444458,3976,5703,US_NCSS_changed_pedons_2006_to_2007.csv
1990MO019013,92161,42211,41497,"1990MO019013",1990,site_obsdate,2006,2007,2006-2007,17,18,"Older development, 16-30 years",2,Forest to Developed,Missouri,Boone,CONUS Central 2,CONUS,v2025-11,,5/7/1990 0:00,mollisols,udolls,hapludolls,fluvaquentic hapludolls,,38.8782147,-92.4710645,3976,5710,US_NCSS_changed_pedons_2006_to_2007.csv
1989MO053015,160371,42771,42057,"1989MO053015",2005,site_obsdate,2006,2007,2006-2007,2,18,"Older development, 16-30 years",3,Rangeland or Pasture to Developed,Missouri,Cooper,CONUS Central 2,CONUS,v2025-11,1/3/2005 0:00,1/3/2005 0:00,mollisols,udolls,hapludolls,fluventic hapludolls,coarse-loamy,38.9568056,-92.57524872,3976,5727,US_NCSS_changed_pedons_2006_to_2007.csv
1990MO099008,88183,49252,48538,"1990MO099008",1990,site_obsdate,2006,2007,2006-2007,17,18,"Older development, 16-30 years",2,Forest to Developed,Missouri,Jefferson,CONUS Central 2,CONUS,v2025-11,10/9/1990 0:00,10/9/1990 0:00,alfisols,udalfs,hapludalfs,albaquic hapludalfs,,38.4397742,-90.3467694,3976,5750,US_NCSS_changed_pedons_2006_to_2007.csv
2001MO119249,99293,46918,46204,"2001MO119249",2001,site_obsdate,2006,2007,2006-2007,6,18,"Older development, 16-30 years",1,Agriculture to Developed,Missouri,McDonald,CONUS Central 2,CONUS,v2025-11,4/5/2001 0:00,4/5/2001 0:00,alfisols,udalfs,hapludalfs,ultic hapludalfs,loamy-skeletal,36.568925,-94.3855306,3976,5760,US_NCSS_changed_pedons_2006_to_2007.csv
2001MO119250,99319,46917,46203,"2001MO119250",2001,site_obsdate,2006,2007,2006-2007,6,18,"Older development, 16-30 years",1,Agriculture to Developed,Missouri,McDonald,CONUS Central 2,CONUS,v2025-11,4/5/2001 0:00,4/5/2001 0:00,alfisols,udalfs,hapludalfs,typic hapludalfs,loamy-skeletal,36.56940079,-94.3856722,3976,5760,US_NCSS_changed_pedons_2006_to_2007.csv
1986MO195009m,42933,49987,49273,"1986MO195009m",1987,site_obsdate,2006,2007,2006-2007,20,18,"Older development, 16-30 years",3,Rangeland or Pasture to Developed,Missouri,Saline,CONUS Central 2,CONUS,v2025-11,4/10/1987 0:00,4/10/1987 0:00,entisols,aquents,fluvaquents,aeric fluvaquents,fine-silty,39.1394463,-93.43416595,3976,5797,US_NCSS_changed_pedons_2006_to_2007.csv
1993MO209258,93824,43045,42331,"1993MO209258",1993,site_obsdate,2006,2007,2006-2007,14,18,"Older development, 16-30 years",2,Forest to Developed,Missouri,Stone,CONUS Central 2,CONUS,v2025-11,10/5/1993 0:00,10/5/1993 0:00,mollisols,udolls,hapludolls,lithic hapludolls,clayey-skeletal,36.66054916,-93.4702917,3976,5804,US_NCSS_changed_pedons_2006_to_2007.csv
2002MO219006,696862,46199,45485,"2002MO219006",2002,site_obsdate,2006,2007,2006-2007,5,18,"Older development, 16-30 years",2,Forest to Developed,Missouri,Warren,CONUS Central 2,CONUS,v2025-11,10/2/2002 0:00,10/2/2002 0:00,alfisols,udalfs,hapludalfs,oxyaquic vertic hapludalfs,,38.7682472,-91.2161944,3976,5809,US_NCSS_changed_pedons_2006_to_2007.csv
S1950MT085005,103340,3314,3314,"S1950MT085005",1950,site_obsdate,2006,2007,2006-2007,57,18,"Older development, 16-30 years",1,Agriculture to Developed,Montana,Roosevelt,CONUS West 2,CONUS,v2025-11,6/6/1950 0:00,6/6/1950 0:00,entisols,aquents,fluvaquents,typic fluvaquents,fine,48.057724,-105.8012466,3979,5944,US_NCSS_changed_pedons_2006_to_2007.csv
90MT097013,113770,17688,17688,"S1990MT097013",1990,site_obsdate,2006,2007,2006-2007,17,18,"Older development, 16-30 years",3,Rangeland or Pasture to Developed,Montana,Sweet Grass,CONUS West 2,CONUS,v2025-11,5/2/1990 0:00,5/2/1990 0:00,mollisols,borolls,argiborolls,typic argiborolls,,45.7593613,-109.7785721,3979,5950,US_NCSS_changed_pedons_2006_to_2007.csv
S1956MT103007,103393,3348,3348,"S1956MT103007",1956,site_obsdate,2006,2007,2006-2007,51,18,"Older development, 16-30 years",3,Rangeland or Pasture to Developed,Montana,Treasure,CONUS West 2,CONUS,v2025-11,10/1/1956 0:00,10/1/1956 0:00,aridisols,orthids,camborthids,borollic camborthids,fine-silty,46.2643776,-107.2543259,3979,5953,US_NCSS_changed_pedons_2006_to_2007.csv
S2004NE055124,435299,31510,31391,"S2004NE055124",2004,site_obsdate,2006,2007,2006-2007,3,18,"Older development, 16-30 years",1,Agriculture to Developed,Nebraska,Douglas,CONUS Central 1,CONUS,v2025-11,6/7/2004 0:00,6/7/2004 0:00,,,,,,41.3262367,-96.06686401,3982,6139,US_NCSS_changed_pedons_2006_to_2007.csv
S1969NE089001,103882,2075,2075,"S1969NE089001",1969,site_obsdate,2006,2007,2006-2007,38,18,"Older development, 16-30 years",3,Rangeland or Pasture to Developed,Nebraska,Holt,CONUS Central 1,CONUS,v2025-11,9/24/1969 0:00,9/24/1969 0:00,mollisols,ustolls,argiustolls,typic argiustolls,fine-loamy over sandy or sandy-skeletal,42.5138779,-98.638443,3982,6156,US_NCSS_changed_pedons_2006_to_2007.csv
1953NE155004,254521,2189,2189,"1953NE155004",1953,site_obsdate,2006,2007,2006-2007,54,18,"Older development, 16-30 years",1,Agriculture to Developed,Nebraska,Saunders,CONUS Central 1,CONUS,v2025-11,3/3/1953 0:00,3/3/1953 0:00,mollisols,udolls,hapludolls,typic hapludolls,coarse-loamy,41.1491667,-96.3488889,3982,6189,US_NCSS_changed_pedons_2006_to_2007.csv
1994NV0038162,1358634,3020,3020,"1994NV0038162",1956,site_obsdate,2006,2007,2006-2007,51,18,"Older development, 16-30 years",3,Rangeland or Pasture to Developed,Nevada,Clark,CONUS West 1,CONUS,v2025-11,2/1/1956 0:00,2/1/1956 0:00,aridisols,orthids,paleorthids,typic paleorthids,loamy,36.0355492,-115.2030556,3987,6270,US_NCSS_changed_pedons_2006_to_2007.csv
S1966NV013003,104574,3033,3033,"S1966NV013003",1966,site_obsdate,2006,2007,2006-2007,41,18,"Older development, 16-30 years",3,Rangeland or Pasture to Developed,Nevada,Humboldt,CONUS West 1,CONUS,v2025-11,5/12/1966 0:00,5/12/1966 0:00,entisols,fluvents,torrifluvents,durorthidic xeric torrifluvents,sandy,40.9868355,-117.7342987,3987,6275,US_NCSS_changed_pedons_2006_to_2007.csv
56NH017001,873134,473,473,"S1956NH017001",1956,site_obsdate,2006,2007,2006-2007,51,18,"Older development, 16-30 years",2,Forest to Developed,New Hampshire,Strafford,CONUS East 2,CONUS,v2025-11,7/23/1956 0:00,7/23/1956 0:00,inceptisols,udepts,dystrudepts,aquic dystrudepts,coarse-loamy,43.3194427,-70.9458313,3983,6213,US_NCSS_changed_pedons_2006_to_2007.csv
YYYY-OH027-091,751536,69303,67378,"YYYY-OH027-091",1999,site_obsdate,2006,2007,2006-2007,8,18,"Older development, 16-30 years",2,Forest to Developed,Ohio,Clinton,CONUS East 1,CONUS,v2025-11,,8/16/1999 0:00,alfisols,udalfs,hapludalfs,aquic hapludalfs,fine-silty,39.4416656,-83.7917633,3989,6361,US_NCSS_changed_pedons_2006_to_2007.csv
1956-OH063-003,749832,66836,64911,"1956-OH063-003",1956,site_obsdate,2006,2007,2006-2007,51,18,"Older development, 16-30 years",1,Agriculture to Developed,Ohio,Hancock,CONUS East 1,CONUS,v2025-11,5/24/1956 0:00,5/24/1956 0:00,,,,,,41.03722,-83.6963806,3989,6379,US_NCSS_changed_pedons_2006_to_2007.csv
1970-OH107-016,751133,68562,66637,"1970OH107016",1970,site_obsdate,2006,2007,2006-2007,37,18,"Older development, 16-30 years",3,Rangeland or Pasture to Developed,Ohio,Mercer,CONUS East 1,CONUS,v2025-11,9/17/1970 0:00,9/17/1970 0:00,entisols,aquents,fluvaquents,aeric fluvaquents,fine,40.66600037,-84.46600342,3989,6401,US_NCSS_changed_pedons_2006_to_2007.csv
1962-OH137-008,750553,68082,66157,"1962-OH137-008",1962,site_obsdate,2006,2007,2006-2007,45,18,"Older development, 16-30 years",1,Agriculture to Developed,Ohio,Putnam,CONUS East 1,CONUS,v2025-11,,8/1/1962 0:00,alfisols,aqualfs,epiaqualfs,mollic epiaqualfs,fine,41.1519279,-84.0356827,3989,6416,US_NCSS_changed_pedons_2006_to_2007.csv
68-OK143-72-2,800122,71454,132139,"68-OK143-72-2",1968,site_obsdate,2006,2007,2006-2007,39,18,"Older development, 16-30 years",3,Rangeland or Pasture to Developed,Oklahoma,Tulsa,CONUS Central 1,CONUS,v2025-11,,11/2/1968 0:00,alfisols,aqualfs,natraqualfs,albic natraqualfs,fine,36.1518028,-95.7975667,3990,6507,US_NCSS_changed_pedons_2006_to_2007.csv
1959PA037016,422039,53814,53013,"297",1959,site_obsdate,2006,2007,2006-2007,48,18,"Older development, 16-30 years",2,Forest to Developed,Pennsylvania,Columbia,CONUS East 1,CONUS,v2025-11,8/28/1959 0:00,8/28/1959 0:00,inceptisols,ochrepts,dystrochrepts,typic dystrochrepts,loamy-skeletal,41.0183333,-76.3966667,3992,6567,US_NCSS_changed_pedons_2006_to_2007.csv
1966PA125010,422571,54405,53604,"829",1966,site_obsdate,2006,2007,2006-2007,41,18,"Older development, 16-30 years",2,Forest to Developed,Pennsylvania,Washington,CONUS East 1,CONUS,v2025-11,8/4/1966 0:00,8/4/1966 0:00,Inceptisols,Aquents,Endoaquepts,Fluvaquentic Endoaquepts,fine-loamy,40.2191667,-80.2066667,3992,6611,US_NCSS_changed_pedons_2006_to_2007.csv
S2007SC085003,1266203,34539,34325,"S2007SC085003",2006,site_obsdate,2006,2007,2006-2007,1,18,"Older development, 16-30 years",1,Agriculture to Developed,South Carolina,Sumter,CONUS East 1,CONUS,v2025-11,3/15/2006 0:00,3/15/2006 0:00,ultisols,aquults,endoaquults,aeric endoaquults,,33.9888878,-80.5827789,3997,6757,US_NCSS_changed_pedons_2006_to_2007.csv
S1950SD115003,105746,2346,2346,"S1950SD115003",1950,site_obsdate,2006,2007,2006-2007,57,18,"Older development, 16-30 years",3,Rangeland or Pasture to Developed,South Dakota,Spink,CONUS Central 1,CONUS,v2025-11,8/21/1950 0:00,8/21/1950 0:00,mollisols,borolls,haploborolls,udic haploborolls,fine-silty,45.1763878,-98.4727783,3998,6817,US_NCSS_changed_pedons_2006_to_2007.csv
S1962TX257003,106104,4234,4234,"S1962TX257003",1962,site_obsdate,2006,2007,2006-2007,45,18,"Older development, 16-30 years",3,Rangeland or Pasture to Developed,Texas,Kaufman,CONUS Central 1,CONUS,v2025-11,9/13/1962 0:00,9/13/1962 0:00,alfisols,ustalfs,paleustalfs,udertic paleustalfs,fine,32.7733345,-96.2766647,4000,7050,US_NCSS_changed_pedons_2006_to_2007.csv
S1971UT021006,110814,6026,6026,"S1971UT021006",1971,site_obsdate,2006,2007,2006-2007,36,18,"Older development, 16-30 years",3,Rangeland or Pasture to Developed,Utah,Iron,CONUS West 2,CONUS,v2025-11,6/1/1971 0:00,6/1/1971 0:00,aridisols,calcids,petrocalcids,calcic petrocalcids,loamy-skeletal,37.6644211,-113.0849609,4002,7195,US_NCSS_changed_pedons_2006_to_2007.csv
91UT041004,106460,18600,18600,"S1991UT041004",1991,site_obsdate,2006,2007,2006-2007,16,18,"Older development, 16-30 years",3,Rangeland or Pasture to Developed,Utah,Sevier,CONUS West 2,CONUS,v2025-11,9/3/1991 0:00,9/3/1991 0:00,entisols,orthents,torriorthents,xeric torriorthents,fine-loamy,38.6413879,-112.1505585,4002,7205,US_NCSS_changed_pedons_2006_to_2007.csv
1961WA025006,1112594,936,936,"S1961WA025006",1961,site_obsdate,2006,2007,2006-2007,46,18,"Older development, 16-30 years",3,Rangeland or Pasture to Developed,Washington,Grant,CONUS West 1,CONUS,v2025-11,5/11/1961 0:00,5/11/1961 0:00,aridisols,cambids,haplocambids,xeric haplocambids,,47.0640253,-119.1054656,4006,7380,US_NCSS_changed_pedons_2006_to_2007.csv
S2004WA067001,154075,30826,30709,"2004WA067001",2004,site_obsdate,2006,2007,2006-2007,3,18,"Older development, 16-30 years",2,Forest to Developed,Washington,Thurston,CONUS West 1,CONUS,v2025-11,3/2/2004 0:00,3/2/2004 0:00,entisols,psamments,xeropsamments,dystric xeropsamments,,46.9884186,-122.8777771,4006,7401,US_NCSS_changed_pedons_2006_to_2007.csv
S1982WI017008,1330549,10032,10032,"S1982WI017008",1983,site_obsdate,2006,2007,2006-2007,24,18,"Older development, 16-30 years",1,Agriculture to Developed,Wisconsin,Chippewa,CONUS Central 2,CONUS,v2025-11,4/29/1981 0:00,6/1/1983 0:00,alfisols,udalfs,glossudalfs,aquic glossudalfs,fine-silty over sandy or sandy-skeletal,44.95895004,-90.96331787,4007,7415,US_NCSS_changed_pedons_2006_to_2007.csv
S1989WI111002,897120,16887,16887,"S1989WI111002",1989,site_obsdate,2006,2007,2006-2007,18,18,"Older development, 16-30 years",3,Rangeland or Pasture to Developed,Wisconsin,Sauk,CONUS Central 2,CONUS,v2025-11,9/1/1989 0:00,9/1/1989 0:00,alfisols,udalfs,paleudalfs,mollic paleudalfs,fine-silty over clayey,43.5813904,-90.2963867,4007,7463,US_NCSS_changed_pedons_2006_to_2007.csv
82AL035001,956870,9395,9395,"82AL035001",1982,site_obsdate,2007,2008,2007-2008,26,17,"Older development, 16-30 years",2,Forest to Developed,Alabama,Conecuh,CONUS Central 2,CONUS,v2025-11,7/3/1985 0:00,6/1/1982 0:00,alfisols,udalfs,hapludalfs,vertic hapludalfs,very-fine,31.3641667,-86.9469444,3947,4304,US_NCSS_changed_pedons_2007_to_2008.csv
80AZ021001,120385,8127,8127,"S1980AZ021001",1980,site_obsdate,2007,2008,2007-2008,28,17,"Older development, 16-30 years",3,Rangeland or Pasture to Developed,Arizona,Maricopa,CONUS West 2,CONUS,v2025-11,10/1/1980 0:00,10/1/1980 0:00,entisols,fluvents,torrifluvents,anthropic torrifluvents,,33.4055557,-111.9880524,3950,4441,US_NCSS_changed_pedons_2007_to_2008.csv
80AZ021002,120386,8128,8128,"S1980AZ021002",1980,site_obsdate,2007,2008,2007-2008,28,17,"Older development, 16-30 years",3,Rangeland or Pasture to Developed,Arizona,Maricopa,CONUS West 2,CONUS,v2025-11,10/1/1980 0:00,10/1/1980 0:00,entisols,fluvents,torrifluvents,anthropic torrifluvents,,33.4049988,-111.9880524,3950,4441,US_NCSS_changed_pedons_2007_to_2008.csv
82AZ015001,120748,9040,9040,"S1982AZ015001",1982,site_obsdate,2007,2008,2007-2008,26,17,"Older development, 16-30 years",1,Agriculture to Developed,Arizona,Mohave,CONUS West 2,CONUS,v2025-11,9/1/1982 0:00,9/1/1982 0:00,entisols,fluvents,torrifluvents,typic torrifluvents,,34.9383316,-114.5983353,3950,4442,US_NCSS_changed_pedons_2007_to_2008.csv
S1969AZ019004,107834,5732,5732,"S1969AZ019004",1969,site_obsdate,2007,2008,2007-2008,39,17,"Older development, 16-30 years",3,Rangeland or Pasture to Developed,Arizona,Pima,CONUS West 2,CONUS,v2025-11,10/2/1969 0:00,10/2/1969 0:00,aridisols,argids,haplargids,lithic haplargids,clayey-skeletal,32.1769447,-111.0336075,3950,4444,US_NCSS_changed_pedons_2007_to_2008.csv
S1959CA001001,107898,2759,2759,"S1959CA001001",1959,site_obsdate,2007,2008,2007-2008,49,17,"Older development, 16-30 years",3,Rangeland or Pasture to Developed,California,Alameda,CONUS West 1,CONUS,v2025-11,6/1/1959 0:00,6/1/1959 0:00,alfisols,xeralfs,palexeralfs,mollic palexeralfs,fine,37.6502762,-121.6961136,3951,4449,US_NCSS_changed_pedons_2007_to_2008.csv
S1974CA029009,99089,6174,6174,"S1974CA029009",1974,site_obsdate,2007,2008,2007-2008,34,17,"Older development, 16-30 years",3,Rangeland or Pasture to Developed,California,Kern,CONUS West 1,CONUS,v2025-11,6/1/1974 0:00,6/1/1974 0:00,mollisols,xerolls,argixerolls,typic argixerolls,fine-loamy,35.1319427,-118.4919434,3951,4463,US_NCSS_changed_pedons_2007_to_2008.csv
86CA051003,123796,13648,13648,"S1986CA051003",1986,site_obsdate,2007,2008,2007-2008,22,17,"Older development, 16-30 years",3,Rangeland or Pasture to Developed,California,Mono,CONUS West 1,CONUS,v2025-11,9/1/1986 0:00,9/1/1986 0:00,entisols,psamments,torripsamments,vitrandic torripsamments,ashy,37.9238167,-119.0181808,3951,4474,US_NCSS_changed_pedons_2007_to_2008.csv
87CA107006,124485,14407,14407,"S1987CA107006",1987,site_obsdate,2007,2008,2007-2008,21,17,"Older development, 16-30 years",3,Rangeland or Pasture to Developed,California,Tulare,CONUS West 1,CONUS,v2025-11,4/3/1987 0:00,4/1/1987 0:00,mollisols,xerolls,haploxerolls,entic haploxerolls,coarse-loamy,36.4118996,-119.1190033,3951,4502,US_NCSS_changed_pedons_2007_to_2008.csv
S1958CT013001,100514,5152,5152,"S1958CT013001",1958,site_obsdate,2007,2008,2007-2008,50,17,"Older development, 16-30 years",2,Forest to Developed,Connecticut,Tolland,CONUS East 2,CONUS,v2025-11,6/1/1958 0:00,6/1/1958 0:00,,,,,,41.8383179,-72.378952,3953,4576,US_NCSS_changed_pedons_2007_to_2008.csv
S1953FL115015,100608,4795,4795,"S1953FL115015",1953,site_obsdate,2007,2008,2007-2008,55,17,"Older development, 16-30 years",3,Rangeland or Pasture to Developed,Florida,Sarasota,CONUS East 1,CONUS,v2025-11,4/1/1953 0:00,4/1/1953 0:00,,,,,,26.9661694,-82.3401413,3957,4639,US_NCSS_changed_pedons_2007_to_2008.csv
S1961HI003011,109860,5371,5371,"S1961HI003011",1961,site_obsdate,2007,2008,2007-2008,47,17,"Older development, 16-30 years",3,Rangeland or Pasture to Developed,Hawaii,Honolulu,Hawaii,HI,v2024-10,6/1/1961 0:00,6/1/1961 0:00,,,,,,21.5222225,-158.0097198,3962,4814,US_NCSS_changed_pedons_2007_to_2008.csv
S1962HI009032,101063,5393,5393,"S1962HI009032",1962,site_obsdate,2007,2008,2007-2008,46,17,"Older development, 16-30 years",3,Rangeland or Pasture to Developed,Hawaii,Maui,Hawaii,HI,v2024-10,9/1/1962 0:00,9/1/1962 0:00,,,,,,20.8190918,-156.9228058,3962,4817,US_NCSS_changed_pedons_2007_to_2008.csv
79ID039003,120058,7436,7436,"S1979ID039003",1979,site_obsdate,2007,2008,2007-2008,29,17,"Older development, 16-30 years",3,Rangeland or Pasture to Developed,Idaho,Elmore,CONUS West 1,CONUS,v2025-11,6/1/1979 0:00,6/1/1979 0:00,aridisols,argids,haplargids,xerollic haplargids,sandy,42.9452782,-115.3700027,3964,4936,US_NCSS_changed_pedons_2007_to_2008.csv
79ID039006,120061,7439,7439,"S1979ID039006",1979,site_obsdate,2007,2008,2007-2008,29,17,"Older development, 16-30 years",3,Rangeland or Pasture to Developed,Idaho,Elmore,CONUS West 1,CONUS,v2025-11,6/1/1979 0:00,6/1/1979 0:00,aridisols,argids,natrargids,xerollic natrargids,fine,43.1236115,-115.7083359,3964,4936,US_NCSS_changed_pedons_2007_to_2008.csv
87ID047003A,124574,14516,14516,"S1987ID047003A",1987,site_obsdate,2007,2008,2007-2008,21,17,"Older development, 16-30 years",1,Agriculture to Developed,Idaho,Gooding,CONUS West 2,CONUS,v2025-11,9/3/1987 0:00,9/1/1987 0:00,aridisols,orthids,durorthids,xerollic durorthids,coarse-loamy,42.6925011,-114.7044449,3964,4940,US_NCSS_changed_pedons_2007_to_2008.csv
77ID057012,1203146,73125,133858,"77-ALF-056",1977,site_obsdate,2007,2008,2007-2008,31,17,"Older development, 16-30 years",3,Rangeland or Pasture to Developed,Idaho,Latah,CONUS West 1,CONUS,v2025-11,7/1/1977 0:00,7/3/1977 0:00,,,,,,46.74769974,-117.0009995,3964,4945,US_NCSS_changed_pedons_2007_to_2008.csv
1988IL027076,314770,37573,36958,"1988IL027076",1988,site_obsdate,2007,2008,2007-2008,20,17,"Older development, 16-30 years",1,Agriculture to Developed,Illinois,Clinton,CONUS Central 2,CONUS,v2025-11,5/1/1988 0:00,5/1/1988 0:00,mollisols,udolls,argiudolls,typic argiudolls,fine-silty,38.5390278,-89.6894139,3965,4974,US_NCSS_changed_pedons_2007_to_2008.csv
1989IL027144,314783,37630,37015,"1989IL027144",1989,site_obsdate,2007,2008,2007-2008,19,17,"Older development, 16-30 years",2,Forest to Developed,Illinois,Clinton,CONUS Central 2,CONUS,v2025-11,2/1/1989 0:00,2/1/1989 0:00,alfisols,udalfs,hapludalfs,ultic hapludalfs,fine-silty,38.7345333,-89.3318472,3965,4974,US_NCSS_changed_pedons_2007_to_2008.csv
1980IL133025,350949,36723,36108,"1980IL133025",1980,site_obsdate,2007,2008,2007-2008,28,17,"Older development, 16-30 years",1,Agriculture to Developed,Illinois,Monroe,CONUS Central 2,CONUS,v2025-11,8/1/1980 0:00,8/1/1980 0:00,inceptisols,aquepts,epiaquepts,fragic epiaquepts,coarse-silty,38.4643517,-90.2116929,3965,5027,US_NCSS_changed_pedons_2007_to_2008.csv
1983IL161003,906701,37699,37084,"1983IL161003",2007,site_obsdate,2007,2008,2007-2008,1,17,"Older development, 16-30 years",1,Agriculture to Developed,Illinois,Rock Island,CONUS Central 2,CONUS,v2025-11,10/5/2007 0:00,10/5/2007 0:00,mollisols,udolls,argiudolls,oxyaquic argiudolls,fine-silty,41.4180556,-90.6827778,3965,5041,US_NCSS_changed_pedons_2007_to_2008.csv
1979IN071005,313711,38876,38261,"1979IN071005",1979,site_obsdate,2007,2008,2007-2008,29,17,"Older development, 16-30 years",3,Rangeland or Pasture to Developed,Indiana,Jackson,CONUS Central 2,CONUS,v2025-11,7/18/1979 0:00,7/18/1979 0:00,mollisols,aquolls,argiaquolls,typic argiaquolls,coarse-loamy,38.96080017,-85.8537667,3966,5098,US_NCSS_changed_pedons_2007_to_2008.csv
1982IN073004,313989,38954,38339,"1982IN073004",1982,site_obsdate,2007,2008,2007-2008,26,17,"Older development, 16-30 years",2,Forest to Developed,Indiana,Jasper,CONUS Central 2,CONUS,v2025-11,7/15/1982 0:00,7/15/1982 0:00,mollisols,udolls,argiudolls,typic argiudolls,sandy over loamy,40.9843639,-87.1499028,3966,5099,US_NCSS_changed_pedons_2007_to_2008.csv
1975IN129004,313334,38115,37500,"1975IN129004",1975,site_obsdate,2007,2008,2007-2008,33,17,"Older development, 16-30 years",1,Agriculture to Developed,Indiana,Posey,CONUS Central 2,CONUS,v2025-11,7/9/1975 0:00,7/9/1975 0:00,,,,,,37.9071111,-88.0037694,3966,5127,US_NCSS_changed_pedons_2007_to_2008.csv
97KS103013,26939,52390,51664,"97KS103013",1997,site_obsdate,2007,2008,2007-2008,11,17,"Older development, 16-30 years",1,Agriculture to Developed,Kansas,Leavenworth,CONUS Central 2,CONUS,v2025-11,9/11/1997 0:00,9/11/1997 0:00,alfisols,udalfs,hapludalfs,mollic hapludalfs,,39.2780991,-94.9490585,3967,5206,US_NCSS_changed_pedons_2007_to_2008.csv
90KS155008,27914,17242,17242,"90KS155008",1990,site_obsdate,2007,2008,2007-2008,18,17,"Older development, 16-30 years",3,Rangeland or Pasture to Developed,Kansas,Reno,CONUS Central 1,CONUS,v2025-11,8/3/1990 0:00,8/15/1990 0:00,alfisols,aqualfs,natraqualfs,vertic natraqualfs,fine-loamy,38.0008781,-97.7653364,3967,5232,US_NCSS_changed_pedons_2007_to_2008.csv
S1974LA017010,107453,3790,3790,"S1974LA017010",1973,site_obsdate,2007,2008,2007-2008,35,17,"Older development, 16-30 years",2,Forest to Developed,Louisiana,Caddo,CONUS Central 2,CONUS,v2025-11,8/6/1973 0:00,8/6/1973 0:00,alfisols,udalfs,paleudalfs,vertic paleudalfs,very-fine,32.4013901,-93.8311081,3969,5388,US_NCSS_changed_pedons_2007_to_2008.csv
95LA033012,102361,22472,22472,"S1995LA033012",1995,site_obsdate,2007,2008,2007-2008,13,17,"Older development, 16-30 years",1,Agriculture to Developed,Louisiana,East Baton Rouge,CONUS Central 2,CONUS,v2025-11,8/24/1995 0:00,8/24/1995 0:00,mollisols,aquolls,argiaquolls,typic argiaquolls,,30.3786106,-91.0116653,3969,5396,US_NCSS_changed_pedons_2007_to_2008.csv
S1985MD031013,796768,13058,13058,"S1985MD031013",1985,site_obsdate,2007,2008,2007-2008,23,17,"Older development, 16-30 years",2,Forest to Developed,Maryland,Montgomery,CONUS East 1,CONUS,v2025-11,11/1/1985 0:00,11/1/1985 0:00,alfisols,udalfs,hapludalfs,typic hapludalfs,loamy-skeletal,39.2883339,-77.2330551,3971,5472,US_NCSS_changed_pedons_2007_to_2008.csv
S1986MD031004,821695,13568,13568,"S1986MD031004",1986,site_obsdate,2007,2008,2007-2008,22,17,"Older development, 16-30 years",3,Rangeland or Pasture to Developed,Maryland,Montgomery,CONUS East 1,CONUS,v2025-11,,7/1/1986 0:00,ultisols,udults,hapludults,ochreptic hapludults,,39.1734806,-77.051325,3971,5472,US_NCSS_changed_pedons_2007_to_2008.csv
03MD033002,147084,30544,30428,"S2003MD033002",2003,site_obsdate,2007,2008,2007-2008,5,17,"Older development, 16-30 years",2,Forest to Developed,Maryland,Prince George's,CONUS East 1,CONUS,v2025-11,8/6/2003 0:00,8/4/2003 0:00,,,,,,38.8619461,-76.7673645,3971,5473,US_NCSS_changed_pedons_2007_to_2008.csv
04MD033009,155134,31005,30888,"S2004MD033009",2003,site_obsdate,2007,2008,2007-2008,5,17,"Older development, 16-30 years",2,Forest to Developed,Maryland,Prince George's,CONUS East 1,CONUS,v2025-11,,8/4/2003 0:00,,,,,,38.8619461,-76.7673645,3971,5473,US_NCSS_changed_pedons_2007_to_2008.csv
S1994MA023005,873228,21411,21411,"S1994MA023005",1994,site_obsdate,2007,2008,2007-2008,14,17,"Older development, 16-30 years",2,Forest to Developed,Massachusetts,Plymouth,CONUS East 2,CONUS,v2025-11,9/22/1994 0:00,9/22/1994 0:00,inceptisols,udepts,dystrudepts,typic dystrudepts,sandy over loamy,41.8788872,-70.921669,3970,5455,US_NCSS_changed_pedons_2007_to_2008.csv
S1978MN091002(2576),582938,55898,55097,"S1978MN091002(2576)",1978,site_obsdate,2007,2008,2007-2008,30,17,"Older development, 16-30 years",3,Rangeland or Pasture to Developed,Minnesota,Martin,CONUS Central 2,CONUS,v2025-11,5/2/1978 0:00,5/2/1978 0:00,mollisols,udolls,hapludolls,typic hapludolls,fine-loamy,43.7472687,-94.7515869,3975,5659,US_NCSS_changed_pedons_2007_to_2008.csv
S1978MN1692745,583039,55974,55173,"S1978MN1692745",1978,site_obsdate,2007,2008,2007-2008,30,17,"Older development, 16-30 years",3,Rangeland or Pasture to Developed,Minnesota,Winona,CONUS Central 2,CONUS,v2025-11,6/27/1978 0:00,6/27/1978 0:00,mollisols,udolls,argiudolls,aquic argiudolls,fine,43.9363823,-91.9791718,3975,5698,US_NCSS_changed_pedons_2007_to_2008.csv
99MS143001,109155,24682,24682,"S1999MS143001",1999,site_obsdate,2007,2008,2007-2008,9,17,"Older development, 16-30 years",1,Agriculture to Developed,Mississippi,Tunica,CONUS Central 2,CONUS,v2025-11,8/9/1999 0:00,8/9/1999 0:00,,,,,,34.6845016,-90.4113083,3978,5891,US_NCSS_changed_pedons_2007_to_2008.csv
2007MO027074,697295,45887,45173,"2007MO027074",2007,site_obsdate,2007,2008,2007-2008,1,17,"Older development, 16-30 years",3,Rangeland or Pasture to Developed,Missouri,Callaway,CONUS Central 2,CONUS,v2025-11,4/3/2007 0:00,4/3/2007 0:00,alfisols,udalfs,hapludalfs,aquertic chromic hapludalfs,,38.7601944,-91.95400238,3976,5714,US_NCSS_changed_pedons_2007_to_2008.csv
2006MO035001M,1367817,41709,40995,"2006MO035001M",2006,site_obsdate,2007,2008,2007-2008,2,17,"Older development, 16-30 years",1,Agriculture to Developed,Missouri,Carter,CONUS Central 2,CONUS,v2025-11,1/30/2006 0:00,1/30/2006 0:00,ultisols,udults,hapludults,humic hapludults,coarse-loamy,36.9519722,-91.0803611,3976,5718,US_NCSS_changed_pedons_2007_to_2008.csv
2006MO035002M,1367818,41710,40996,"2006MO035002M",2006,site_obsdate,2007,2008,2007-2008,2,17,"Older development, 16-30 years",1,Agriculture to Developed,Missouri,Carter,CONUS Central 2,CONUS,v2025-11,1/30/2006 0:00,1/30/2006 0:00,alfisols,udalfs,paleudalfs,typic paleudalfs,coarse-loamy,36.9523056,-91.0789722,3976,5718,US_NCSS_changed_pedons_2007_to_2008.csv
2006MO035003M,1367819,40820,40106,"2006MO035003M",2006,site_obsdate,2007,2008,2007-2008,2,17,"Older development, 16-30 years",1,Agriculture to Developed,Missouri,Carter,CONUS Central 2,CONUS,v2025-11,1/30/2006 0:00,1/30/2006 0:00,alfisols,udalfs,hapludalfs,ultic hapludalfs,fine-loamy,36.9534444,-91.0761389,3976,5718,US_NCSS_changed_pedons_2007_to_2008.csv
2006MO035004M,1367820,41711,40997,"2006MO035004M",2006,site_obsdate,2007,2008,2007-2008,2,17,"Older development, 16-30 years",1,Agriculture to Developed,Missouri,Carter,CONUS Central 2,CONUS,v2025-11,1/30/2006 0:00,1/30/2006 0:00,inceptisols,udepts,dystrudepts,fluventic humic dystrudepts,fine-loamy,36.9537778,-91.0753889,3976,5718,US_NCSS_changed_pedons_2007_to_2008.csv
2006MO035006M,1367822,41860,41146,"2006MO035006M",2006,site_obsdate,2007,2008,2007-2008,2,17,"Older development, 16-30 years",1,Agriculture to Developed,Missouri,Carter,CONUS Central 2,CONUS,v2025-11,1/31/2006 0:00,1/31/2006 0:00,alfisols,udalfs,hapludalfs,ultic hapludalfs,loamy-skeletal,36.9656389,-91.0510556,3976,5718,US_NCSS_changed_pedons_2007_to_2008.csv
2006MO035008M,1367824,40821,40107,"2006MO035008M",2006,site_obsdate,2007,2008,2007-2008,2,17,"Older development, 16-30 years",3,Rangeland or Pasture to Developed,Missouri,Carter,CONUS Central 2,CONUS,v2025-11,2/6/2006 0:00,2/6/2006 0:00,ultisols,udults,paleudults,typic paleudults,fine-silty,36.95149994,-91.08724976,3976,5718,US_NCSS_changed_pedons_2007_to_2008.csv
2006MO035010M,1367826,40829,40115,"2006MO035010M",2006,site_obsdate,2007,2008,2007-2008,2,17,"Older development, 16-30 years",1,Agriculture to Developed,Missouri,Carter,CONUS Central 2,CONUS,v2025-11,2/7/2006 0:00,2/7/2006 0:00,alfisols,udalfs,paleudalfs,typic paleudalfs,fine-silty,36.9659996,-91.0498611,3976,5718,US_NCSS_changed_pedons_2007_to_2008.csv
S1971MO077002,110159,2510,2510,"S1971MO077002",1971,site_obsdate,2007,2008,2007-2008,37,17,"Older development, 16-30 years",1,Agriculture to Developed,Missouri,Greene,CONUS Central 2,CONUS,v2025-11,3/22/1971 0:00,3/22/1971 0:00,,,,,,37.1309013,-93.4607544,3976,5739,US_NCSS_changed_pedons_2007_to_2008.csv
1995MO119002,94255,48133,47419,"1995MO119002",1995,site_obsdate,2007,2008,2007-2008,13,17,"Older development, 16-30 years",1,Agriculture to Developed,Missouri,McDonald,CONUS Central 2,CONUS,v2025-11,3/17/1995 0:00,3/17/1995 0:00,ultisols,udults,paleudults,typic paleudults,clayey-skeletal,36.6455556,-94.4236111,3976,5760,US_NCSS_changed_pedons_2007_to_2008.csv
2002MO119254,133410,46902,46188,"2002MO119254",2002,site_obsdate,2007,2008,2007-2008,6,17,"Older development, 16-30 years",1,Agriculture to Developed,Missouri,McDonald,CONUS Central 2,CONUS,v2025-11,4/29/2002 0:00,4/29/2002 0:00,mollisols,udolls,paleudolls,typic paleudolls,loamy-skeletal,36.5479202,-94.2912064,3976,5760,US_NCSS_changed_pedons_2007_to_2008.csv
2002MO119257,118076,46906,46192,"2002MO119257",2002,site_obsdate,2007,2008,2007-2008,6,17,"Older development, 16-30 years",1,Agriculture to Developed,Missouri,McDonald,CONUS Central 2,CONUS,v2025-11,7/8/2002 0:00,7/8/2002 0:00,ultisols,udults,hapludults,typic hapludults,fine-loamy,36.6474417,-94.42939758,3976,5760,US_NCSS_changed_pedons_2007_to_2008.csv
2006MO139061,664040,45944,45230,"2006MO139061",2006,site_obsdate,2007,2008,2007-2008,2,17,"Older development, 16-30 years",3,Rangeland or Pasture to Developed,Missouri,Montgomery,CONUS Central 2,CONUS,v2025-11,2/16/2006 0:00,2/16/2006 0:00,alfisols,aqualfs,epiaqualfs,aeric vertic epiaqualfs,,38.7638611,-91.6240278,3976,5770,US_NCSS_changed_pedons_2007_to_2008.csv
2006MO179008,684502,41502,40788,"2006MO179008",2006,site_obsdate,2007,2008,2007-2008,2,17,"Older development, 16-30 years",2,Forest to Developed,Missouri,Reynolds,CONUS Central 2,CONUS,v2025-11,10/26/2006 0:00,10/26/2006 0:00,alfisols,udalfs,hapludalfs,oxyaquic hapludalfs,fine-loamy,37.5606278,-90.8629556,3976,5790,US_NCSS_changed_pedons_2007_to_2008.csv
2006MO179013,684507,45917,45203,"2006MO179013",2006,site_obsdate,2007,2008,2007-2008,2,17,"Older development, 16-30 years",1,Agriculture to Developed,Missouri,Reynolds,CONUS Central 2,CONUS,v2025-11,12/14/2006 0:00,12/14/2006 0:00,inceptisols,udepts,dystrudepts,fluventic dystrudepts,coarse-loamy,37.5486944,-90.8470306,3976,5790,US_NCSS_changed_pedons_2007_to_2008.csv
2007MO179004,684512,41771,41057,"2007MO179004",2007,site_obsdate,2007,2008,2007-2008,1,17,"Older development, 16-30 years",2,Forest to Developed,Missouri,Reynolds,CONUS Central 2,CONUS,v2025-11,1/22/2007 0:00,1/22/2007 0:00,alfisols,udalfs,hapludalfs,ultic hapludalfs,loamy-skeletal,37.5483667,-90.8474583,3976,5790,US_NCSS_changed_pedons_2007_to_2008.csv
2007MO179005,684513,41772,41058,"2007MO179005",2007,site_obsdate,2007,2008,2007-2008,1,17,"Older development, 16-30 years",2,Forest to Developed,Missouri,Reynolds,CONUS Central 2,CONUS,v2025-11,2/15/2007 0:00,2/15/2007 0:00,alfisols,udalfs,hapludalfs,ultic hapludalfs,coarse-loamy,37.5483306,-90.8474028,3976,5790,US_NCSS_changed_pedons_2007_to_2008.csv
2007MO179010,684518,40773,40059,"2007MO179010",2007,site_obsdate,2007,2008,2007-2008,1,17,"Older development, 16-30 years",2,Forest to Developed,Missouri,Reynolds,CONUS Central 2,CONUS,v2025-11,1/23/2007 0:00,1/23/2007 0:00,inceptisols,udepts,dystrudepts,humic dystrudepts,,37.5479306,-90.84719849,3976,5790,US_NCSS_changed_pedons_2007_to_2008.csv
2007MO179017,684525,41616,40902,"2007MO179017",2007,site_obsdate,2007,2008,2007-2008,1,17,"Older development, 16-30 years",1,Agriculture to Developed,Missouri,Reynolds,CONUS Central 2,CONUS,v2025-11,1/24/2007 0:00,1/24/2007 0:00,entisols,fluvents,udifluvents,typic udifluvents,loamy-skeletal,37.5494056,-90.8465028,3976,5790,US_NCSS_changed_pedons_2007_to_2008.csv
92NJ041003,104271,19231,19231,"S1992NJ041003",1992,site_obsdate,2007,2008,2007-2008,16,17,"Older development, 16-30 years",2,Forest to Developed,New Jersey,Warren,CONUS East 2,CONUS,v2025-11,4/1/1992 0:00,4/1/1992 0:00,alfisols,udalfs,hapludalfs,typic hapludalfs,,40.94083405,-74.8236084,3984,6235,US_NCSS_changed_pedons_2007_to_2008.csv
2018NM013262,1306473,5284,5284,"2018NM013262",1968,site_obsdate,2007,2008,2007-2008,40,17,"Older development, 16-30 years",3,Rangeland or Pasture to Developed,New Mexico,Doña Ana,CONUS West 2,CONUS,v2025-11,11/7/2018 0:00,2/5/1968 0:00,entisols,orthents,torriorthents,typic torriorthents,,32.3852972,-106.7284222,3986,6243,US_NCSS_changed_pedons_2007_to_2008.csv
S1999NY061002,524629,24689,24689,"S1999NY061002",1999,site_obsdate,2007,2008,2007-2008,9,17,"Older development, 16-30 years",2,Forest to Developed,New York,New York,CONUS East 2,CONUS,v2025-11,7/7/1999 0:00,7/7/1999 0:00,inceptisols,udepts,dystrudepts,typic dystrudepts,coarse-loamy,40.7944183,-73.9556961,3988,6316,US_NCSS_changed_pedons_2007_to_2008.csv
1951ND009005,47291,29,29,"1951ND009005",1951,site_obsdate,2007,2008,2007-2008,57,17,"Older development, 16-30 years",3,Rangeland or Pasture to Developed,North Dakota,Bottineau,CONUS Central 1,CONUS,v2025-11,9/11/1951 0:00,9/11/1951 0:00,vertisols,aquerts,epiaquerts,typic epiaquerts,very-fine,48.8136111,-100.7088889,3981,6063,US_NCSS_changed_pedons_2007_to_2008.csv
1951ND009008,47294,31,31,"1951ND009008",1951,site_obsdate,2007,2008,2007-2008,57,17,"Older development, 16-30 years",3,Rangeland or Pasture to Developed,North Dakota,Bottineau,CONUS Central 1,CONUS,v2025-11,9/12/1951 0:00,9/12/1951 0:00,vertisols,uderts,hapluderts,oxyaquic hapluderts,clayey over loamy,48.8211111,-100.7397222,3981,6063,US_NCSS_changed_pedons_2007_to_2008.csv
S1980ND071069,47861,69543,67618,"S1980ND071069",1980,site_obsdate,2007,2008,2007-2008,28,17,"Older development, 16-30 years",3,Rangeland or Pasture to Developed,North Dakota,Ramsey,CONUS Central 1,CONUS,v2025-11,,10/1/1980 0:00,mollisols,udolls,natrudolls,typic natrudolls,fine,48.1080556,-98.8183333,3981,6094,US_NCSS_changed_pedons_2007_to_2008.csv
S1949ND075004,47263,99,99,"S1949ND075004",1949,site_obsdate,2007,2008,2007-2008,59,17,"Older development, 16-30 years",3,Rangeland or Pasture to Developed,North Dakota,Renville,CONUS Central 1,CONUS,v2025-11,9/20/1949 0:00,9/20/1949 0:00,mollisols,udolls,hapludolls,aquic hapludolls,fine-loamy,48.7636111,-101.5894444,3981,6096,US_NCSS_changed_pedons_2007_to_2008.csv
58ND089016,47461,78,78,"58ND089016",1958,site_obsdate,2007,2008,2007-2008,50,17,"Older development, 16-30 years",3,Rangeland or Pasture to Developed,North Dakota,Stark,CONUS Central 1,CONUS,v2025-11,7/24/1958 0:00,7/24/1958 0:00,,,,,,46.87634659,-102.7272339,3981,6103,US_NCSS_changed_pedons_2007_to_2008.csv
1982OH143020,842836,69095,67170,"S1982OH143020",1982,site_obsdate,2007,2008,2007-2008,26,17,"Older development, 16-30 years",1,Agriculture to Developed,Ohio,Sandusky,CONUS East 1,CONUS,v2025-11,8/31/1982 0:00,8/31/1982 0:00,alfisols,aqualfs,epiaqualfs,aeric epiaqualfs,fine,41.2555444,-82.8418028,3989,6419,US_NCSS_changed_pedons_2007_to_2008.csv
97OK027001,108973,23460,23460,"S1997OK027001",1997,site_obsdate,2007,2008,2007-2008,11,17,"Older development, 16-30 years",1,Agriculture to Developed,Oklahoma,Cleveland,CONUS Central 1,CONUS,v2025-11,9/29/1997 0:00,9/29/1997 0:00,mollisols,ustolls,natrustolls,typic natrustolls,,35.2966652,-97.5161133,3990,6449,US_NCSS_changed_pedons_2007_to_2008.csv
1968PA017007,421840,54471,53670,"98",1968,site_obsdate,2007,2008,2007-2008,40,17,"Older development, 16-30 years",1,Agriculture to Developed,Pennsylvania,Bucks,CONUS East 1,CONUS,v2025-11,6/19/1968 0:00,6/19/1968 0:00,Alfisols,Ustalfs,Fragiudalfs,Aquic Fragiudalfs,fine-silty,40.2697222,-75.13999939,3992,6557,US_NCSS_changed_pedons_2007_to_2008.csv
1967PA095009,422366,54178,53377,"624",1967,site_obsdate,2007,2008,2007-2008,41,17,"Older development, 16-30 years",1,Agriculture to Developed,Pennsylvania,Northampton,CONUS East 1,CONUS,v2025-11,7/19/1967 0:00,7/19/1967 0:00,inceptisols,ochrepts,fragiochrepts,typic fragiochrepts,loamy-skeletal,40.8622222,-75.1838889,3992,6596,US_NCSS_changed_pedons_2007_to_2008.csv
S1958PR135002,1176497,524,524,"S1958PR135002",1958,site_obsdate,2007,2008,2007-2008,50,17,"Older development, 16-30 years",3,Rangeland or Pasture to Developed,Puerto Rico,Toa Alta,Puerto Rico and U.S. Virgin Islands,PRUSVI,v2024-10,11/6/1958 0:00,11/6/1958 0:00,mollisols,rendolls,haprendolls,typic haprendolls,coarse-loamy,18.3697224,-66.2630539,3994,6684,US_NCSS_changed_pedons_2007_to_2008.csv
S1975TX113006,110750,4414,4414,"S1975TX113006",1975,site_obsdate,2007,2008,2007-2008,33,17,"Older development, 16-30 years",3,Rangeland or Pasture to Developed,Texas,Dallas,CONUS Central 1,CONUS,v2025-11,6/1/1975 0:00,6/1/1975 0:00,,,,,,32.8023758,-97.0189056,4000,6978,US_NCSS_changed_pedons_2007_to_2008.csv
92TX245003,386702,20014,20014,"92TX245003",1992,site_obsdate,2007,2008,2007-2008,16,17,"Older development, 16-30 years",2,Forest to Developed,Texas,Jefferson,CONUS Central 2,CONUS,v2025-11,2/8/2010 0:00,8/10/1992 0:00,alfisols,udalfs,glossudalfs,arenic glossudalfs,loamy,29.9361111,-94.2986111,4000,7044,US_NCSS_changed_pedons_2007_to_2008.csv
S1978WA009005,113910,7196,7196,"S1978WA009005",1978,site_obsdate,2007,2008,2007-2008,30,17,"Older development, 16-30 years",2,Forest to Developed,Washington,Clallam,CONUS West 1,CONUS,v2025-11,6/3/1978 0:00,11/16/1978 0:00,inceptisols,ochrepts,xerochrepts,typic xerochrepts,coarse-loamy,48.02340698,-123.2607117,4006,7372,US_NCSS_changed_pedons_2007_to_2008.csv
S1957WI001002,925944,1541,1541,"S1957WI001002",1957,site_obsdate,2007,2008,2007-2008,51,17,"Older development, 16-30 years",3,Rangeland or Pasture to Developed,Wisconsin,Adams,CONUS Central 2,CONUS,v2025-11,10/28/1957 0:00,10/28/1957 0:00,entisols,psamments,udipsamments,typic udipsamments,,44.1119461,-89.7738876,4007,7407,US_NCSS_changed_pedons_2007_to_2008.csv
S1977WI049002,110976,4952,4952,"S1977WI049002",1977,site_obsdate,2007,2008,2007-2008,31,17,"Older development, 16-30 years",3,Rangeland or Pasture to Developed,Wisconsin,Iowa,CONUS Central 2,CONUS,v2025-11,8/8/1977 0:00,8/8/1977 0:00,mollisols,udolls,argiudolls,typic argiudolls,fine,42.9694443,-90.0008316,4007,7431,US_NCSS_changed_pedons_2007_to_2008.csv
96AL123001-pgm,308412,39913,39294,"96AL123001-pgm",1996,site_obsdate,2008,2009,2008-2009,13,16,"Moderate development age, 6-15 years",2,Forest to Developed,Alabama,Tallapoosa,CONUS Central 2,CONUS,v2025-11,11/12/1996 0:00,11/12/1996 0:00,ultisols,udults,kanhapludults,typic kanhapludults,fine,33.0891667,-85.96250153,3947,4348,US_NCSS_changed_pedons_2008_to_2009.csv
84CA031009,122370,11882,11882,"S1984CA031009",1984,site_obsdate,2008,2009,2008-2009,25,16,"Moderate development age, 6-15 years",1,Agriculture to Developed,California,Kings,CONUS West 1,CONUS,v2025-11,11/3/1984 0:00,11/1/1984 0:00,entisols,fluvents,torrifluvents,typic torrifluvents,coarse-loamy,36.2833328,-119.7583313,3951,4464,US_NCSS_changed_pedons_2008_to_2009.csv
S1969CA061013,108093,5566,5566,"S1969CA061013",1970,site_obsdate,2008,2009,2008-2009,39,16,"Moderate development age, 6-15 years",3,Rangeland or Pasture to Developed,California,Placer,CONUS West 1,CONUS,v2025-11,5/7/1970 0:00,5/7/1970 0:00,alfisols,xeralfs,durixeralfs,abruptic durixeralfs,fine,38.8233337,-121.3047256,3951,4479,US_NCSS_changed_pedons_2008_to_2009.csv
97CA071008,100137,23279,23279,"S1997CA071008",1995,site_obsdate,2008,2009,2008-2009,14,16,"Moderate development age, 6-15 years",3,Rangeland or Pasture to Developed,California,San Bernardino,CONUS West 1,CONUS,v2025-11,2/16/1995 0:00,2/14/1995 0:00,aridisols,argids,calciargids,typic calciargids,coarse-loamy,34.3044434,-116.1661148,3951,4484,US_NCSS_changed_pedons_2008_to_2009.csv
92FL069000,100592,19323,19323,"S1992FL069000",1992,site_obsdate,2008,2009,2008-2009,17,16,"Moderate development age, 6-15 years",2,Forest to Developed,Florida,Lake,CONUS East 1,CONUS,v2025-11,2/28/1992 0:00,2/28/1992 0:00,entisols,psamments,quartzipsamments,typic quartzipsamments,,29.1037502,-81.6323318,3957,4616,US_NCSS_changed_pedons_2008_to_2009.csv
85FL025008,122751,12366,12366,"S1985FL025008",1985,site_obsdate,2008,2009,2008-2009,24,16,"Moderate development age, 6-15 years",1,Agriculture to Developed,Florida,Miami-Dade,CONUS East 1,CONUS,v2025-11,5/1/1985 0:00,5/1/1985 0:00,,,,,,25.5397224,-80.3816681,3957,4594,US_NCSS_changed_pedons_2008_to_2009.csv
S1953FL115014,100607,4794,4794,"S1953FL115014",1953,site_obsdate,2008,2009,2008-2009,56,16,"Moderate development age, 6-15 years",3,Rangeland or Pasture to Developed,Florida,Sarasota,CONUS East 1,CONUS,v2025-11,4/1/1953 0:00,4/1/1953 0:00,,,,,,27.3861561,-82.5440369,3957,4639,US_NCSS_changed_pedons_2008_to_2009.csv
2008ID055010,307907,34780,34566,"08-AVY-08",2008,site_obsdate,2008,2009,2008-2009,1,16,"Moderate development age, 6-15 years",3,Rangeland or Pasture to Developed,Idaho,Kootenai,CONUS West 1,CONUS,v2025-11,7/1/2008 0:00,7/1/2008 0:00,inceptisols,aquepts,endoaquepts,fluventic endoaquepts,coarse-silty,47.47908401,-116.679863,3964,4944,US_NCSS_changed_pedons_2008_to_2009.csv
S1966ID075009,101544,1050,1050,"S1966ID075009",1966,site_obsdate,2008,2009,2008-2009,43,16,"Moderate development age, 6-15 years",1,Agriculture to Developed,Idaho,Payette,CONUS West 1,CONUS,v2025-11,7/21/1966 0:00,7/21/1966 0:00,entisols,orthents,torriorthents,xeric torriorthents,coarse-loamy,44.0322227,-116.9269409,3964,4954,US_NCSS_changed_pedons_2008_to_2009.csv
67IL089001,266966,2637,2637,"67IL089001",1967,site_obsdate,2008,2009,2008-2009,42,16,"Moderate development age, 6-15 years",1,Agriculture to Developed,Illinois,Kane,CONUS Central 2,CONUS,v2025-11,7/28/1967 0:00,7/28/1967 0:00,alfisols,udalfs,hapludalfs,mollic hapludalfs,fine-silty,42.103901,-88.3458742,3965,5005,US_NCSS_changed_pedons_2008_to_2009.csv
S1930IL095003,932709,35860,35245,"1930IL095003",1930,site_obsdate,2008,2009,2008-2009,79,16,"Moderate development age, 6-15 years",1,Agriculture to Developed,Illinois,Knox,CONUS Central 2,CONUS,v2025-11,10/1/1930 0:00,10/1/1930 0:00,mollisols,udolls,argiudolls,aquic argiudolls,fine-silty,41.0336648,-90.1420221,3965,5008,US_NCSS_changed_pedons_2008_to_2009.csv
1987IL105012,253423,37730,37115,"1987IL105012",1987,site_obsdate,2008,2009,2008-2009,22,16,"Moderate development age, 6-15 years",1,Agriculture to Developed,Illinois,Livingston,CONUS Central 2,CONUS,v2025-11,1/5/1987 0:00,1/1/1987 0:00,mollisols,udolls,argiudolls,aquic argiudolls,fine,40.9483556,-88.4344875,3965,5013,US_NCSS_changed_pedons_2008_to_2009.csv
1984IL125007,375348,37219,36604,"1984IL125007",1984,site_obsdate,2008,2009,2008-2009,25,16,"Moderate development age, 6-15 years",2,Forest to Developed,Illinois,Mason,CONUS Central 2,CONUS,v2025-11,12/1/1984 0:00,12/1/1984 0:00,alfisols,udalfs,hapludalfs,lamellic hapludalfs,sandy,40.3213333,-90.0417472,3965,5023,US_NCSS_changed_pedons_2008_to_2009.csv
1987IL109068,859250,14585,14585,"1987IL109068",1987,site_obsdate,2008,2009,2008-2009,22,16,"Moderate development age, 6-15 years",3,Rangeland or Pasture to Developed,Illinois,McDonough,CONUS Central 2,CONUS,v2025-11,9/1/1987 0:00,9/1/1987 0:00,mollisols,aquolls,haplaquolls,typic haplaquolls,fine-silty,40.4916649,-90.6894455,3965,5015,US_NCSS_changed_pedons_2008_to_2009.csv
1950IL111003,315092,35819,35204,"1950IL111003",1950,site_obsdate,2008,2009,2008-2009,59,16,"Moderate development age, 6-15 years",1,Agriculture to Developed,Illinois,McHenry,CONUS Central 2,CONUS,v2025-11,10/1/1950 0:00,10/1/1950 0:00,mollisols,udolls,argiudolls,typic argiudolls,fine-loamy over sandy or sandy-skeletal,42.2580471,-88.2558018,3965,5016,US_NCSS_changed_pedons_2008_to_2009.csv
1980IL157107,375452,36684,36069,"1980IL157107",1980,site_obsdate,2008,2009,2008-2009,29,16,"Moderate development age, 6-15 years",2,Forest to Developed,Illinois,Randolph,CONUS Central 2,CONUS,v2025-11,8/1/1980 0:00,8/1/1980 0:00,alfisols,udalfs,hapludalfs,typic hapludalfs,fine-silty,38.1187822,-89.8863265,3965,5039,US_NCSS_changed_pedons_2008_to_2009.csv
TR0032006IN023SH021007,426587,72099,132839,"TR0032006IN023SH021007",2006,samp_classdate,2008,2009,2008-2009,3,16,"Moderate development age, 6-15 years",3,Rangeland or Pasture to Developed,Indiana,Clinton,CONUS Central 2,CONUS,v2025-11,6/29/2006 0:00,,mollisols,aquolls,endoaquolls,typic endoaquolls,fine-silty,40.2868423,-86.3221207,3966,NaN,US_NCSS_changed_pedons_2008_to_2009.csv
1980IN049011,313708,38873,38258,"1980IN049011",1980,site_obsdate,2008,2009,2008-2009,29,16,"Moderate development age, 6-15 years",3,Rangeland or Pasture to Developed,Indiana,Fulton,CONUS Central 2,CONUS,v2025-11,8/28/1980 0:00,8/28/1980 0:00,alfisols,udalfs,hapludalfs,typic hapludalfs,fine-loamy,41.04172516,-86.0566111,3966,5087,US_NCSS_changed_pedons_2008_to_2009.csv
1973IN057003,313322,38103,37488,"1973IN057003",1973,site_obsdate,2008,2009,2008-2009,36,16,"Moderate development age, 6-15 years",1,Agriculture to Developed,Indiana,Hamilton,CONUS Central 2,CONUS,v2025-11,5/21/1973 0:00,5/21/1973 0:00,,,,,,40.0362028,-86.1173472,3966,5091,US_NCSS_changed_pedons_2008_to_2009.csv
88IN081001,124906,14911,14911,"S1988IN081001",1988,site_obsdate,2008,2009,2008-2009,21,16,"Moderate development age, 6-15 years",2,Forest to Developed,Indiana,Johnson,CONUS Central 2,CONUS,v2025-11,3/1/1988 0:00,3/1/1988 0:00,,,,,,39.3630562,-86.1883316,3966,5103,US_NCSS_changed_pedons_2008_to_2009.csv
1972IN087004,312947,37887,37272,"1972IN087004",1973,site_obsdate,2008,2009,2008-2009,36,16,"Moderate development age, 6-15 years",1,Agriculture to Developed,Indiana,LaGrange,CONUS Central 2,CONUS,v2025-11,1/23/1973 0:00,1/23/1973 0:00,,,,,,41.7056417,-85.2927639,3966,5106,US_NCSS_changed_pedons_2008_to_2009.csv
1974IN091003,313031,37926,37311,"1974IN091003",1974,site_obsdate,2008,2009,2008-2009,35,16,"Moderate development age, 6-15 years",1,Agriculture to Developed,Indiana,LaPorte,CONUS Central 2,CONUS,v2025-11,10/4/1974 0:00,10/4/1974 0:00,,,,,,41.6440722,-86.9251944,3966,5108,US_NCSS_changed_pedons_2008_to_2009.csv
84IN157023,122210,11591,11591,"S1984IN157023",1984,site_obsdate,2008,2009,2008-2009,25,16,"Moderate development age, 6-15 years",1,Agriculture to Developed,Indiana,Tippecanoe,CONUS Central 2,CONUS,v2025-11,9/1/1984 0:00,9/1/1984 0:00,alfisols,udalfs,hapludalfs,oxyaquic hapludalfs,fine-loamy,40.4091682,-86.7983322,3966,5141,US_NCSS_changed_pedons_2008_to_2009.csv
1973IN173009,313016,37911,37296,"1973IN173009",1974,site_obsdate,2008,2009,2008-2009,35,16,"Moderate development age, 6-15 years",1,Agriculture to Developed,Indiana,Vanderburgh,CONUS Central 2,CONUS,v2025-11,1/18/1974 0:00,1/18/1974 0:00,,,,,,37.9834861,-87.4610583,3966,5149,US_NCSS_changed_pedons_2008_to_2009.csv
1971IN181004,312802,37788,37173,"1971IN181004",1971,site_obsdate,2008,2009,2008-2009,38,16,"Moderate development age, 6-15 years",1,Agriculture to Developed,Indiana,White,CONUS Central 2,CONUS,v2025-11,9/8/1971 0:00,9/8/1971 0:00,,,,,,40.7376333,-86.7734306,3966,5153,US_NCSS_changed_pedons_2008_to_2009.csv
S1972IA045020,947402,70711,68739,"S1972IA045020",1972,site_obsdate,2008,2009,2008-2009,37,16,"Moderate development age, 6-15 years",1,Agriculture to Developed,Iowa,Clinton,CONUS Central 2,CONUS,v2025-11,9/13/1972 0:00,9/13/1972 0:00,mollisols,udolls,hapludolls,typic hapludolls,sandy-skeletal,41.8089723,-90.2457012,3963,4840,US_NCSS_changed_pedons_2008_to_2009.csv
S1976IA045002,947485,70747,68775,"S1976IA045002",1972,site_obsdate,2008,2009,2008-2009,37,16,"Moderate development age, 6-15 years",1,Agriculture to Developed,Iowa,Clinton,CONUS Central 2,CONUS,v2025-11,9/13/1972 0:00,9/13/1972 0:00,mollisols,udolls,hapludolls,typic hapludolls,sandy-skeletal,41.8089723,-90.2457012,3963,4840,US_NCSS_changed_pedons_2008_to_2009.csv
1995IA047005L,59915,22518,22518,"S1995IA047005",1995,site_obsdate,2008,2009,2008-2009,14,16,"Moderate development age, 6-15 years",3,Rangeland or Pasture to Developed,Iowa,Crawford,CONUS Central 1,CONUS,v2025-11,10/20/1995 0:00,10/20/1995 0:00,entisols,orthents,udorthents,typic udorthents,fine-silty,42.1826401,-95.6615677,3963,4841,US_NCSS_changed_pedons_2008_to_2009.csv
95LA033010,102359,22470,22470,"S1995LA033010",1995,site_obsdate,2008,2009,2008-2009,14,16,"Moderate development age, 6-15 years",1,Agriculture to Developed,Louisiana,East Baton Rouge,CONUS Central 2,CONUS,v2025-11,8/23/1995 0:00,8/23/1995 0:00,alfisols,udalfs,hapludalfs,glossaquic hapludalfs,,30.53894997,-91.1388168,3969,5396,US_NCSS_changed_pedons_2008_to_2009.csv
75LA041012,955535,1333,1333,"75LA041012",1975,site_obsdate,2008,2009,2008-2009,34,16,"Moderate development age, 6-15 years",3,Rangeland or Pasture to Developed,Louisiana,Franklin,CONUS Central 2,CONUS,v2025-11,,6/1/1975 0:00,alfisols,aqualfs,natraqualfs,albic glossic natraqualfs,fine-silty,32.3191667,-91.6097222,3969,5400,US_NCSS_changed_pedons_2008_to_2009.csv
S1983MD019005,1046812,10773,10773,"S1983MD019005",1983,site_obsdate,2008,2009,2008-2009,26,16,"Moderate development age, 6-15 years",1,Agriculture to Developed,Maryland,Dorchester,CONUS East 1,CONUS,v2025-11,7/11/2007 0:00,9/1/1983 0:00,ultisols,udults,hapludults,typic hapludults,coarse-loamy,38.6305556,-75.9144444,3971,5466,US_NCSS_changed_pedons_2008_to_2009.csv
S1974MI063001,969552,1916,1916,"S1974MI063001",1974,site_obsdate,2008,2009,2008-2009,35,16,"Moderate development age, 6-15 years",3,Rangeland or Pasture to Developed,Michigan,Huron,CONUS East 1,CONUS,v2025-11,10/8/1974 0:00,10/10/1974 0:00,mollisols,aquolls,epiaquolls,typic epiaquolls,fine-loamy,43.7128722,-83.3453222,3974,5562,US_NCSS_changed_pedons_2008_to_2009.csv
S1976MN0272249,582794,55683,54882,"S1976MN0272249",1976,site_obsdate,2008,2009,2008-2009,33,16,"Moderate development age, 6-15 years",1,Agriculture to Developed,Minnesota,Clay,CONUS Central 1,CONUS,v2025-11,10/14/1976 0:00,10/14/1976 0:00,vertisols,aquerts,calciaquerts,typic calciaquerts,fine,46.8200607,-96.7704163,3975,5627,US_NCSS_changed_pedons_2008_to_2009.csv
2007MO023005,249492,42279,41565,"2007MO023005",2007,site_obsdate,2008,2009,2008-2009,2,16,"Moderate development age, 6-15 years",3,Rangeland or Pasture to Developed,Missouri,Butler,CONUS Central 2,CONUS,v2025-11,6/25/2007 0:00,6/25/2007 0:00,alfisols,udalfs,hapludalfs,psammentic hapludalfs,,36.5766678,-90.5569458,3976,5712,US_NCSS_changed_pedons_2008_to_2009.csv
1996MO055008,87246,49526,48812,"1996MO055008",1996,site_obsdate,2008,2009,2008-2009,13,16,"Moderate development age, 6-15 years",3,Rangeland or Pasture to Developed,Missouri,Crawford,CONUS Central 2,CONUS,v2025-11,10/9/1996 0:00,10/9/1996 0:00,alfisols,udalfs,hapludalfs,ultic hapludalfs,,37.99203491,-91.1707193,3976,5728,US_NCSS_changed_pedons_2008_to_2009.csv
1998MO091230,89964,42185,41471,"1998MO091230",1998,site_obsdate,2008,2009,2008-2009,11,16,"Moderate development age, 6-15 years",1,Agriculture to Developed,Missouri,Howell,CONUS Central 2,CONUS,v2025-11,9/8/1998 0:00,9/8/1998 0:00,ultisols,udults,hapludults,typic hapludults,fine-silty,36.9753778,-91.9531278,3976,5746,US_NCSS_changed_pedons_2008_to_2009.csv
1997MO097015,94667,47997,47283,"1997MO097015",1997,site_obsdate,2008,2009,2008-2009,12,16,"Moderate development age, 6-15 years",1,Agriculture to Developed,Missouri,Jasper,CONUS Central 2,CONUS,v2025-11,6/11/1997 0:00,6/11/1997 0:00,inceptisols,ochrepts,dystrochrepts,typic dystrochrepts,loamy-skeletal,37.1228333,-94.4588667,3976,5749,US_NCSS_changed_pedons_2008_to_2009.csv
1997MO097016,94668,47996,47282,"1997MO097016",1997,site_obsdate,2008,2009,2008-2009,12,16,"Moderate development age, 6-15 years",1,Agriculture to Developed,Missouri,Jasper,CONUS Central 2,CONUS,v2025-11,6/11/1997 0:00,6/11/1997 0:00,ultisols,udults,hapludults,typic hapludults,fine,37.1227667,-94.459125,3976,5749,US_NCSS_changed_pedons_2008_to_2009.csv
1995MO099250,87125,43210,42496,"1995MO099250",1995,site_obsdate,2008,2009,2008-2009,14,16,"Moderate development age, 6-15 years",1,Agriculture to Developed,Missouri,Jefferson,CONUS Central 2,CONUS,v2025-11,1/18/1995 0:00,1/18/1995 0:00,alfisols,udalfs,hapludalfs,oxyaquic hapludalfs,,38.2703321,-90.5523313,3976,5750,US_NCSS_changed_pedons_2008_to_2009.csv
2006MO179011,684505,41053,40339,"2006MO179011",2006,site_obsdate,2008,2009,2008-2009,3,16,"Moderate development age, 6-15 years",2,Forest to Developed,Missouri,Reynolds,CONUS Central 2,CONUS,v2025-11,12/14/2006 0:00,12/14/2006 0:00,alfisols,udalfs,hapludalfs,typic hapludalfs,fine-loamy,37.558925,-90.8705222,3976,5790,US_NCSS_changed_pedons_2008_to_2009.csv
1989MO183017,126334,16749,16749,"S1989MO183017",1989,site_obsdate,2008,2009,2008-2009,20,16,"Moderate development age, 6-15 years",3,Rangeland or Pasture to Developed,Missouri,St. Charles,CONUS Central 2,CONUS,v2025-11,12/1/1989 0:00,12/1/1989 0:00,mollisols,aquolls,endoaquolls,fluvaquentic endoaquolls,clayey over loamy,38.8644447,-90.1658325,3976,5792,US_NCSS_changed_pedons_2008_to_2009.csv
2007MO183013,642758,41127,40413,"2007MO183013",2007,site_obsdate,2008,2009,2008-2009,2,16,"Moderate development age, 6-15 years",3,Rangeland or Pasture to Developed,Missouri,St. Charles,CONUS Central 2,CONUS,v2025-11,6/12/2007 0:00,6/12/2007 0:00,mollisols,udolls,hapludolls,fluvaquentic hapludolls,fine-silty,38.8992222,-90.2936389,3976,5792,US_NCSS_changed_pedons_2008_to_2009.csv
2007MO183054,697574,45860,45146,"2007MO183054",2007,site_obsdate,2008,2009,2008-2009,2,16,"Moderate development age, 6-15 years",3,Rangeland or Pasture to Developed,Missouri,St. Charles,CONUS Central 2,CONUS,v2025-11,11/14/2007 0:00,11/14/2007 0:00,alfisols,udalfs,hapludalfs,typic hapludalfs,,38.6375278,-90.7816944,3976,5792,US_NCSS_changed_pedons_2008_to_2009.csv
S1962MT105001,103398,3153,3153,"S1962MT105001",1962,site_obsdate,2008,2009,2008-2009,47,16,"Moderate development age, 6-15 years",3,Rangeland or Pasture to Developed,Montana,Valley,CONUS West 2,CONUS,v2025-11,8/20/1962 0:00,8/20/1962 0:00,vertisols,usterts,chromusterts,udorthentic chromusterts,fine,48.4518814,-107.2338028,3979,5954,US_NCSS_changed_pedons_2008_to_2009.csv
76NE073012,875365,2034,2034,"76NE073012",1976,site_obsdate,2008,2009,2008-2009,33,16,"Moderate development age, 6-15 years",3,Rangeland or Pasture to Developed,Nebraska,Gosper,CONUS Central 1,CONUS,v2025-11,11/1/1976 0:00,11/1/1976 0:00,entisols,orthents,ustorthents,typic ustorthents,fine-silty,40.48194504,-99.8675003,3982,6148,US_NCSS_changed_pedons_2008_to_2009.csv
2018NM013254,1306465,5276,5276,"2018NM013254",1966,site_obsdate,2008,2009,2008-2009,43,16,"Moderate development age, 6-15 years",3,Rangeland or Pasture to Developed,New Mexico,Doña Ana,CONUS West 2,CONUS,v2025-11,11/5/2018 0:00,4/15/1966 0:00,aridisols,argids,calciargids,typic calciargids,coarse-loamy,32.2819333,-106.7397306,3986,6243,US_NCSS_changed_pedons_2008_to_2009.csv
S2000NC021004,108354,25363,25363,"S2000NC021004",2000,site_obsdate,2008,2009,2008-2009,9,16,"Moderate development age, 6-15 years",3,Rangeland or Pasture to Developed,North Carolina,Buncombe,CONUS East 1,CONUS,v2025-11,2/14/2000 0:00,2/14/2000 0:00,ultisols,udults,hapludults,typic hapludults,,35.5233345,-82.4241638,3980,5969,US_NCSS_changed_pedons_2008_to_2009.csv
S1965NC163002,110262,3859,3859,"S1965NC163002",1965,site_obsdate,2008,2009,2008-2009,44,16,"Moderate development age, 6-15 years",3,Rangeland or Pasture to Developed,North Carolina,Sampson,CONUS East 1,CONUS,v2025-11,6/1/1965 0:00,6/1/1965 0:00,ultisols,udults,hapludults,typic hapludults,fine-loamy,35.23306274,-78.36500549,3980,6040,US_NCSS_changed_pedons_2008_to_2009.csv
76ND017006,956633,8566,8566,"76ND017006",1981,site_obsdate,2008,2009,2008-2009,28,16,"Moderate development age, 6-15 years",1,Agriculture to Developed,North Dakota,Cass,CONUS Central 1,CONUS,v2025-11,2/3/1988 0:00,6/1/1981 0:00,mollisols,borolls,haploborolls,udic haploborolls,coarse-loamy,47.1344444,-97.4722222,3981,6067,US_NCSS_changed_pedons_2008_to_2009.csv
S1967ND077001,47637,2659,2659,"S1967ND077001",1967,site_obsdate,2008,2009,2008-2009,42,16,"Moderate development age, 6-15 years",1,Agriculture to Developed,North Dakota,Richland,CONUS Central 1,CONUS,v2025-11,10/9/1967 0:00,10/9/1967 0:00,mollisols,aquolls,natraquolls,typic natraquolls,coarse-loamy,46.42750168,-97.2136111,3981,6097,US_NCSS_changed_pedons_2008_to_2009.csv
58ND101003,47469,21,21,"58ND101003",1958,site_obsdate,2008,2009,2008-2009,51,16,"Moderate development age, 6-15 years",2,Forest to Developed,North Dakota,Ward,CONUS Central 1,CONUS,v2025-11,,8/1/1958 0:00,,,,,,48.6697222,-102.1594444,3981,6109,US_NCSS_changed_pedons_2008_to_2009.csv
1984-OH069-103,751861,69146,67221,"1984-OH069-103",1984,site_obsdate,2008,2009,2008-2009,25,16,"Moderate development age, 6-15 years",1,Agriculture to Developed,Ohio,Henry,CONUS East 1,CONUS,v2025-11,,7/16/1984 0:00,alfisols,aqualfs,epiaqualfs,mollic epiaqualfs,fine-loamy,41.3903351,-84.0916138,3989,6382,US_NCSS_changed_pedons_2008_to_2009.csv
68-OK143-72-2,800122,71454,132139,"68-OK143-72-2",1968,site_obsdate,2008,2009,2008-2009,41,16,"Moderate development age, 6-15 years",3,Rangeland or Pasture to Developed,Oklahoma,Tulsa,CONUS Central 1,CONUS,v2025-11,,11/2/1968 0:00,alfisols,aqualfs,natraqualfs,albic natraqualfs,fine,36.1518028,-95.7975667,3990,6507,US_NCSS_changed_pedons_2008_to_2009.csv
S1959OR043004,105178,894,894,"S1959OR043004",1959,site_obsdate,2008,2009,2008-2009,50,16,"Moderate development age, 6-15 years",3,Rangeland or Pasture to Developed,Oregon,Linn,CONUS West 1,CONUS,v2025-11,10/27/1959 0:00,10/27/1959 0:00,mollisols,albolls,argialbolls,argiaquic xeric argialbolls,fine-silty,44.6036949,-123.0586853,3991,6534,US_NCSS_changed_pedons_2008_to_2009.csv
1968PA017014,421847,53602,52801,"105",1968,site_obsdate,2008,2009,2008-2009,41,16,"Moderate development age, 6-15 years",2,Forest to Developed,Pennsylvania,Bucks,CONUS East 1,CONUS,v2025-11,6/24/1968 0:00,6/24/1968 0:00,ultisols,udults,hapludults,typic hapludults,fine-loamy,40.28250122,-75.1691667,3992,6557,US_NCSS_changed_pedons_2008_to_2009.csv
1970PA067001,422185,53977,53176,"1970PA067001",1970,site_obsdate,2008,2009,2008-2009,39,16,"Moderate development age, 6-15 years",1,Agriculture to Developed,Pennsylvania,Juniata,CONUS East 1,CONUS,v2025-11,8/8/1970 0:00,8/8/1970 0:00,Alfisols,Ustalfs,Hapludalfs,Typic Hapludalfs,fine,40.5669444,-77.3891667,3992,6582,US_NCSS_changed_pedons_2008_to_2009.csv
1959TN141027,872349,4749,4749,"S1959TN141027",1959,site_obsdate,2008,2009,2008-2009,50,16,"Moderate development age, 6-15 years",1,Agriculture to Developed,Tennessee,Putnam,CONUS Central 2,CONUS,v2025-11,12/3/1959 0:00,12/3/1959 0:00,,,,,,36.1925011,-85.4680557,3999,6897,US_NCSS_changed_pedons_2008_to_2009.csv
83TX401001,121790,11004,11004,"S1983TX401001",1983,site_obsdate,2008,2009,2008-2009,26,16,"Moderate development age, 6-15 years",3,Rangeland or Pasture to Developed,Texas,Rusk,CONUS Central 2,CONUS,v2025-11,10/3/1983 0:00,10/1/1983 0:00,ultisols,udults,paleudults,plinthic paleudults,fine-loamy,32.2125015,-94.7375031,4000,7122,US_NCSS_changed_pedons_2008_to_2009.csv
86TX401001,123136,12831,12831,"S1986TX401001",1986,site_obsdate,2008,2009,2008-2009,23,16,"Moderate development age, 6-15 years",3,Rangeland or Pasture to Developed,Texas,Rusk,CONUS Central 2,CONUS,v2025-11,10/3/1986 0:00,10/1/1986 0:00,ultisols,udults,paleudults,plinthic paleudults,fine-loamy,32.2125015,-94.7375031,4000,7122,US_NCSS_changed_pedons_2008_to_2009.csv
S2000VA107017,868979,25748,25748,"S2000VA107017",2000,site_obsdate,2008,2009,2008-2009,9,16,"Moderate development age, 6-15 years",1,Agriculture to Developed,Virginia,Loudoun,CONUS East 1,CONUS,v2025-11,,6/1/2000 0:00,,,,,,38.993511,-77.502831,4003,7237,US_NCSS_changed_pedons_2008_to_2009.csv
S1982WA015002,106652,9359,9359,"S1982WA015002",1982,site_obsdate,2008,2009,2008-2009,27,16,"Moderate development age, 6-15 years",1,Agriculture to Developed,Washington,Cowlitz,CONUS West 1,CONUS,v2025-11,6/3/1982 0:00,6/1/1982 0:00,entisols,aquents,psammaquents,typic psammaquents,,46.2817459,-122.9117737,4006,7375,US_NCSS_changed_pedons_2008_to_2009.csv
1958WI059002,592181,1479,1479,"S1958WI059002",1958,site_obsdate,2008,2009,2008-2009,51,16,"Moderate development age, 6-15 years",1,Agriculture to Developed,Wisconsin,Kenosha,CONUS Central 2,CONUS,v2025-11,1/7/1958 0:00,1/7/1958 0:00,mollisols,aquolls,endoaquolls,typic endoaquolls,fine,42.56472397,-87.9297256,4007,7436,US_NCSS_changed_pedons_2008_to_2009.csv
S1992WI063009,107052,20552,20552,"S1992WI063009",1992,site_obsdate,2008,2009,2008-2009,17,16,"Moderate development age, 6-15 years",2,Forest to Developed,Wisconsin,La Crosse,CONUS Central 2,CONUS,v2025-11,11/18/1992 0:00,11/16/1992 0:00,alfisols,udalfs,hapludalfs,mollic hapludalfs,fine-silty,43.9211121,-91.0194473,4007,7438,US_NCSS_changed_pedons_2008_to_2009.csv
69WI107002,127984,1609,1609,"S1969WI107002",1969,site_obsdate,2008,2009,2008-2009,40,16,"Moderate development age, 6-15 years",3,Rangeland or Pasture to Developed,Wisconsin,Rusk,CONUS Central 2,CONUS,v2025-11,8/1/1969 0:00,8/1/1969 0:00,alfisols,udalfs,glossudalfs,aquic glossudalfs,coarse-loamy,45.5525017,-91.1219406,4007,7461,US_NCSS_changed_pedons_2008_to_2009.csv
77WI135016,955972,6677,6677,"77WI135016",1978,site_obsdate,2008,2009,2008-2009,31,16,"Moderate development age, 6-15 years",3,Rangeland or Pasture to Developed,Wisconsin,Waupaca,CONUS Central 2,CONUS,v2025-11,,6/1/1978 0:00,,,,,,44.2530555,-88.8200589,4007,7475,US_NCSS_changed_pedons_2008_to_2009.csv
75AL065001-pgm,305221,39772,39153,"75AL065001-pgm",1975,site_obsdate,2009,2010,2009-2010,35,15,"Moderate development age, 6-15 years",3,Rangeland or Pasture to Developed,Alabama,Hale,CONUS Central 2,CONUS,v2025-11,5/6/1975 0:00,5/6/1975 0:00,ultisols,udults,paleudults,rhodic paleudults,fine-loamy,32.91222763,-87.64028168,3947,4319,US_NCSS_changed_pedons_2009_to_2010.csv
S1956AK090002,109599,591,591,"S1956AK090002",1956,site_obsdate,2009,2010,2009-2010,54,15,"Moderate development age, 6-15 years",2,Forest to Developed,Alaska,Fairbanks North Star,Alaska Main,AK,v2024-10,6/1/1956 0:00,6/1/1956 0:00,,,,,,64.9097214,-147.6261139,3946,4268,US_NCSS_changed_pedons_2009_to_2010.csv
S1959AK090001,109602,592,592,"S1959AK090001",1959,site_obsdate,2009,2010,2009-2010,51,15,"Moderate development age, 6-15 years",2,Forest to Developed,Alaska,Fairbanks North Star,Alaska Main,AK,v2024-10,6/1/1959 0:00,6/1/1959 0:00,,,,,,64.9097214,-147.6261139,3946,4268,US_NCSS_changed_pedons_2009_to_2010.csv
S1960AK090001,109605,596,596,"S1960AK090001",1960,site_obsdate,2009,2010,2009-2010,50,15,"Moderate development age, 6-15 years",2,Forest to Developed,Alaska,Fairbanks North Star,Alaska Main,AK,v2024-10,7/7/1960 0:00,7/7/1960 0:00,,,,,,64.9097214,-147.6261139,3946,4268,US_NCSS_changed_pedons_2009_to_2010.csv
82AZ015013,120760,9052,9052,"S1982AZ015013",1982,site_obsdate,2009,2010,2009-2010,28,15,"Moderate development age, 6-15 years",1,Agriculture to Developed,Arizona,Mohave,CONUS West 2,CONUS,v2025-11,9/1/1982 0:00,9/1/1982 0:00,entisols,fluvents,torrifluvents,vertic torrifluvents,,34.8797226,-114.5613861,3950,4442,US_NCSS_changed_pedons_2009_to_2010.csv
S1963CA025001,99056,3228,3228,"S1963CA025001",1963,site_obsdate,2009,2010,2009-2010,47,15,"Moderate development age, 6-15 years",1,Agriculture to Developed,California,Imperial,CONUS West 1,CONUS,v2025-11,2/1/1963 0:00,2/1/1963 0:00,entisols,fluvents,torrifluvents,typic torrifluvents,coarse-loamy over clayey,33.0149994,-115.523613,3951,4461,US_NCSS_changed_pedons_2009_to_2010.csv
79CA067022,1114613,8424,8424,"79CA067022",1981,site_obsdate,2009,2010,2009-2010,29,15,"Moderate development age, 6-15 years",3,Rangeland or Pasture to Developed,California,Sacramento,CONUS West 1,CONUS,v2025-11,8/29/1979 0:00,6/1/1981 0:00,mollisols,aquolls,endoaquolls,cumulic endoaquolls,fine,38.2827778,-121.5336111,3951,4482,US_NCSS_changed_pedons_2009_to_2010.csv
83CA067006,113598,10649,10649,"S1983CA067006",1983,site_obsdate,2009,2010,2009-2010,27,15,"Moderate development age, 6-15 years",3,Rangeland or Pasture to Developed,California,Sacramento,CONUS West 1,CONUS,v2025-11,6/3/1983 0:00,6/1/1983 0:00,inceptisols,ochrepts,xerochrepts,ruptic-lithic xerochrepts,loamy,38.6551743,-121.1110306,3951,4482,US_NCSS_changed_pedons_2009_to_2010.csv
S1955CA071006,100108,2791,2791,"S1955CA071006",1955,site_obsdate,2009,2010,2009-2010,55,15,"Moderate development age, 6-15 years",3,Rangeland or Pasture to Developed,California,San Bernardino,CONUS West 1,CONUS,v2025-11,1/1/1955 0:00,1/1/1955 0:00,entisols,orthents,torriorthents,typic torriorthents,fine-loamy,34.9222221,-117.1197205,3951,4484,US_NCSS_changed_pedons_2009_to_2010.csv
86DE003001,124298,14194,14194,"S1986DE003001",1986,site_obsdate,2009,2010,2009-2010,24,15,"Moderate development age, 6-15 years",1,Agriculture to Developed,Delaware,New Castle,CONUS East 1,CONUS,v2025-11,7/1/1986 0:00,7/1/1986 0:00,ultisols,udults,hapludults,aquic hapludults,,39.4519463,-75.6822205,3956,4580,US_NCSS_changed_pedons_2009_to_2010.csv
92DE003003,100523,20003,20003,"S1992DE003003",1992,site_obsdate,2009,2010,2009-2010,18,15,"Moderate development age, 6-15 years",1,Agriculture to Developed,Delaware,New Castle,CONUS East 1,CONUS,v2025-11,8/8/1992 0:00,8/8/1992 0:00,ultisols,udults,hapludults,typic hapludults,,39.5091667,-75.6319427,3956,4580,US_NCSS_changed_pedons_2009_to_2010.csv
99HI001003,959764,24558,24558,"99HI001003",1999,site_obsdate,2009,2010,2009-2010,11,15,"Moderate development age, 6-15 years",3,Rangeland or Pasture to Developed,Hawaii,Hawaii,Hawaii,HI,v2024-10,,6/1/1999 0:00,andisols,udands,hydrudands,lithic hydrudands,,19.5669089,-154.9817373,3962,4813,US_NCSS_changed_pedons_2009_to_2010.csv
S1963HI007001,109296,5376,5376,"S1963HI007001",1963,site_obsdate,2009,2010,2009-2010,47,15,"Moderate development age, 6-15 years",1,Agriculture to Developed,Hawaii,Kauai,Hawaii,HI,v2024-10,11/15/1963 0:00,11/15/1963 0:00,oxisols,udox,eutrudox,kandiudalfic eutrudox,very-fine,22.0205555,-159.3855896,3962,4816,US_NCSS_changed_pedons_2009_to_2010.csv
90ID023002,1257189,73565,134298,"90-ALF-002",1990,site_obsdate,2009,2010,2009-2010,20,15,"Moderate development age, 6-15 years",3,Rangeland or Pasture to Developed,Idaho,Butte,CONUS West 2,CONUS,v2025-11,,11/15/1990 0:00,,,,,,43.49869919,-113.0474014,3964,4928,US_NCSS_changed_pedons_2009_to_2010.csv
92ID023001,1260925,73566,134299,"92-ALF-004",1992,site_obsdate,2009,2010,2009-2010,18,15,"Moderate development age, 6-15 years",3,Rangeland or Pasture to Developed,Idaho,Butte,CONUS West 2,CONUS,v2025-11,,6/19/1992 0:00,,,,,,43.49869919,-113.0474014,3964,4928,US_NCSS_changed_pedons_2009_to_2010.csv
1977ID057010,1181330,72492,133232,"1977ID057010",1977,site_obsdate,2009,2010,2009-2010,33,15,"Moderate development age, 6-15 years",2,Forest to Developed,Idaho,Latah,CONUS West 1,CONUS,v2025-11,9/7/1977 0:00,9/9/1977 0:00,alfisols,xeralfs,haploxeralfs,ultic haploxeralfs,,46.7058889,-116.7620833,3964,4945,US_NCSS_changed_pedons_2009_to_2010.csv
1977IL095032,375524,36402,35787,"1977IL095032",1977,site_obsdate,2009,2010,2009-2010,33,15,"Moderate development age, 6-15 years",3,Rangeland or Pasture to Developed,Illinois,Knox,CONUS Central 2,CONUS,v2025-11,7/1/1977 0:00,7/1/1977 0:00,alfisols,udalfs,hapludalfs,typic hapludalfs,fine-silty,40.9840956,-90.4119976,3965,5008,US_NCSS_changed_pedons_2009_to_2010.csv
1985IL121010,375380,37306,36691,"1985IL121010",1985,site_obsdate,2009,2010,2009-2010,25,15,"Moderate development age, 6-15 years",3,Rangeland or Pasture to Developed,Illinois,Marion,CONUS Central 2,CONUS,v2025-11,4/1/1985 0:00,4/1/1985 0:00,alfisols,udalfs,natrudalfs,aquic natrudalfs,fine-silty,38.6278083,-88.9767389,3965,5021,US_NCSS_changed_pedons_2009_to_2010.csv
85IL121006,123459,13188,13188,"S1985IL121006",1985,site_obsdate,2009,2010,2009-2010,25,15,"Moderate development age, 6-15 years",1,Agriculture to Developed,Illinois,Marion,CONUS Central 2,CONUS,v2025-11,4/3/1985 0:00,4/1/1985 0:00,alfisols,udalfs,hapludalfs,aquic hapludalfs,fine-loamy,38.5441666,-89.0519409,3965,5021,US_NCSS_changed_pedons_2009_to_2010.csv
1979IL145002,375464,36625,36010,"1979IL145002",1979,site_obsdate,2009,2010,2009-2010,31,15,"Moderate development age, 6-15 years",3,Rangeland or Pasture to Developed,Illinois,Perry,CONUS Central 2,CONUS,v2025-11,6/1/1979 0:00,6/1/1979 0:00,alfisols,udalfs,natrudalfs,aquic natrudalfs,fine,37.9658766,-89.2195551,3965,5033,US_NCSS_changed_pedons_2009_to_2010.csv
1967IL163002,844970,36112,35497,"1967IL163002",1967,site_obsdate,2009,2010,2009-2010,43,15,"Moderate development age, 6-15 years",1,Agriculture to Developed,Illinois,St. Clair,CONUS Central 2,CONUS,v2025-11,11/1/1967 0:00,11/1/1967 0:00,mollisols,aquolls,endoaquolls,cumulic endoaquolls,fine-silty,38.5018404,-89.8102884,3965,5042,US_NCSS_changed_pedons_2009_to_2010.csv
1982IN073004,313989,38954,38339,"1982IN073004",1982,site_obsdate,2009,2010,2009-2010,28,15,"Moderate development age, 6-15 years",2,Forest to Developed,Indiana,Jasper,CONUS Central 2,CONUS,v2025-11,7/15/1982 0:00,7/15/1982 0:00,mollisols,udolls,argiudolls,typic argiudolls,sandy over loamy,40.9843639,-87.1499028,3966,5099,US_NCSS_changed_pedons_2009_to_2010.csv
S1972IN099008,1106801,37851,37236,"S1972IN099008",1972,site_obsdate,2009,2010,2009-2010,38,15,"Moderate development age, 6-15 years",1,Agriculture to Developed,Indiana,Marshall,CONUS Central 2,CONUS,v2025-11,10/19/1972 0:00,10/19/1972 0:00,entisols,psamments,udipsamments,oxyaquic udipsamments,,41.1787944,-86.4542306,3966,5112,US_NCSS_changed_pedons_2009_to_2010.csv
S1983IA105008,947430,70812,68840,"S1983IA105008",1983,site_obsdate,2009,2010,2009-2010,27,15,"Moderate development age, 6-15 years",1,Agriculture to Developed,Iowa,Jones,CONUS Central 2,CONUS,v2025-11,8/10/1983 0:00,8/10/1983 0:00,mollisols,udolls,hapludolls,entic hapludolls,sandy,42.2570802,-91.2067023,3963,4870,US_NCSS_changed_pedons_2009_to_2010.csv
S2000KS103005,118014,27986,27937,"S2000KS103005",2000,site_obsdate,2009,2010,2009-2010,10,15,"Moderate development age, 6-15 years",1,Agriculture to Developed,Kansas,Leavenworth,CONUS Central 2,CONUS,v2025-11,,10/31/2000 0:00,alfisols,udolls,hapludalfs,mollic hapludalfs,,39.3748932,-94.9449768,3967,5206,US_NCSS_changed_pedons_2009_to_2010.csv
97KS161048,11620,52407,51681,"97KS161048",1997,site_obsdate,2009,2010,2009-2010,13,15,"Moderate development age, 6-15 years",2,Forest to Developed,Kansas,Riley,CONUS Central 1,CONUS,v2025-11,,7/1/1997 0:00,Mollisols,Ustolls,Argiustolls,Udic Argiustolls,,39.218029,-96.6269989,3967,5235,US_NCSS_changed_pedons_2009_to_2010.csv
02LA093001Cancienne CmA TP,188139,28941,28868,"LA093-Cancienne TP",2002,site_obsdate,2009,2010,2009-2010,8,15,"Moderate development age, 6-15 years",1,Agriculture to Developed,Louisiana,St. John the Baptist,CONUS Central 2,CONUS,v2025-11,2/8/2000 0:00,5/28/2002 0:00,inceptisols,aquepts,epiaquepts,fluvaquentic epiaquepts,fine-silty,30.0601111,-90.6076472,3969,5426,US_NCSS_changed_pedons_2009_to_2010.csv
S1960MN141002,102850,1650,1650,"S1960MN141002",1960,site_obsdate,2009,2010,2009-2010,50,15,"Moderate development age, 6-15 years",1,Agriculture to Developed,Minnesota,Sherburne,CONUS Central 2,CONUS,v2025-11,9/4/1960 0:00,9/4/1960 0:00,entisols,psamments,udipsamments,lamellic udipsamments,,45.5311012,-93.9121857,3975,5684,US_NCSS_changed_pedons_2009_to_2010.csv
1973MN145035 (1675),499082,56755,55954,"1973MN145035 (1675)",1973,site_obsdate,2009,2010,2009-2010,37,15,"Moderate development age, 6-15 years",1,Agriculture to Developed,Minnesota,Stearns,CONUS Central 2,CONUS,v2025-11,6/1/1973 0:00,6/1/1973 0:00,mollisols,udolls,hapludolls,entic hapludolls,sandy,45.4706383,-94.1259155,3975,5686,US_NCSS_changed_pedons_2009_to_2010.csv
S1978MN1692740,583036,55975,55174,"S1978MN1692740",1978,site_obsdate,2009,2010,2009-2010,32,15,"Moderate development age, 6-15 years",3,Rangeland or Pasture to Developed,Minnesota,Winona,CONUS Central 2,CONUS,v2025-11,6/27/1978 0:00,6/27/1978 0:00,mollisols,aquolls,epiaquolls,typic epiaquolls,fine,43.9367294,-91.9790421,3975,5698,US_NCSS_changed_pedons_2009_to_2010.csv
1981MS107012,1171934,8956,8956,"S1981MS107012",1981,site_obsdate,2009,2010,2009-2010,29,15,"Moderate development age, 6-15 years",2,Forest to Developed,Mississippi,Panola,CONUS Central 2,CONUS,v2025-11,10/3/1981 0:00,10/1/1981 0:00,entisols,fluvents,udifluvents,typic udifluvents,coarse-silty,34.2705556,-89.8277778,3978,5873,US_NCSS_changed_pedons_2009_to_2010.csv
2008MO035056,665773,45815,45101,"2008MO035056",2008,site_obsdate,2009,2010,2009-2010,2,15,"Moderate development age, 6-15 years",1,Agriculture to Developed,Missouri,Carter,CONUS Central 2,CONUS,v2025-11,6/4/2008 0:00,6/4/2008 0:00,alfisols,udalfs,paleudalfs,typic paleudalfs,,36.94900131,-91.16049957,3976,5718,US_NCSS_changed_pedons_2009_to_2010.csv
1999MO051004,610472,54523,53722,"1999MO051004",1999,site_obsdate,2009,2010,2009-2010,11,15,"Moderate development age, 6-15 years",1,Agriculture to Developed,Missouri,Franklin,CONUS Central 2,CONUS,v2025-11,11/9/2011 0:00,6/29/1999 0:00,,,,,,38.4562611,-91.0013083,3976,5726,US_NCSS_changed_pedons_2009_to_2010.csv
1989MO087032m,134999,46768,46054,"1989MO087032m",1989,site_obsdate,2009,2010,2009-2010,21,15,"Moderate development age, 6-15 years",1,Agriculture to Developed,Missouri,Holt,CONUS Central 1,CONUS,v2025-11,2/2/1989 0:00,2/2/1989 0:00,entisols,aquents,fluvaquents,vertic fluvaquents,very-fine,39.8705559,-95.0691681,3976,5744,US_NCSS_changed_pedons_2009_to_2010.csv
1997MO097017,94669,47995,47281,"1997MO097017",1997,site_obsdate,2009,2010,2009-2010,13,15,"Moderate development age, 6-15 years",1,Agriculture to Developed,Missouri,Jasper,CONUS Central 2,CONUS,v2025-11,6/11/1997 0:00,6/11/1997 0:00,ultisols,udults,hapludults,typic hapludults,fine,37.1226528,-94.4594278,3976,5749,US_NCSS_changed_pedons_2009_to_2010.csv
S2002MO101001,119509,28842,28769,"S2002MO101001",2002,site_obsdate,2009,2010,2009-2010,8,15,"Moderate development age, 6-15 years",1,Agriculture to Developed,Missouri,Johnson,CONUS Central 2,CONUS,v2025-11,3/28/2002 0:00,3/28/2002 0:00,mollisols,udolls,argiudolls,typic argiudolls,,38.8679161,-94.035553,3976,5751,US_NCSS_changed_pedons_2009_to_2010.csv
1988MO105002,665575,41932,41218,"1988MO105002",1988,site_obsdate,2009,2010,2009-2010,22,15,"Moderate development age, 6-15 years",3,Rangeland or Pasture to Developed,Missouri,Laclede,CONUS Central 2,CONUS,v2025-11,8/2/1988 0:00,8/2/1988 0:00,alfisols,udalfs,fragiudalfs,typic fragiudalfs,,37.5338972,-92.77819824,3976,5753,US_NCSS_changed_pedons_2009_to_2010.csv
1991MO1052738,39166,50057,49343,"1991MO1052738",1991,site_obsdate,2009,2010,2009-2010,19,15,"Moderate development age, 6-15 years",2,Forest to Developed,Missouri,Laclede,CONUS Central 2,CONUS,v2025-11,9/6/1991 0:00,9/6/1991 0:00,alfisols,udalfs,fragiudalfs,typic fragiudalfs,fine-silty,37.6491667,-92.6319444,3976,5753,US_NCSS_changed_pedons_2009_to_2010.csv
1992MO105345,39844,42974,42260,"1992MO105345",1992,site_obsdate,2009,2010,2009-2010,18,15,"Moderate development age, 6-15 years",2,Forest to Developed,Missouri,Laclede,CONUS Central 2,CONUS,v2025-11,10/23/1992 0:00,10/23/1992 0:00,alfisols,udalfs,hapludalfs,typic hapludalfs,clayey-skeletal,37.6352778,-92.41249847,3976,5753,US_NCSS_changed_pedons_2009_to_2010.csv
2007MO135016,697430,41910,41196,"2007MO135016",2007,site_obsdate,2009,2010,2009-2010,3,15,"Moderate development age, 6-15 years",1,Agriculture to Developed,Missouri,Moniteau,CONUS Central 2,CONUS,v2025-11,12/12/2007 0:00,12/12/2007 0:00,alfisols,udalfs,hapludalfs,fragic oxyaquic hapludalfs,,38.6338611,-92.5130556,3976,5768,US_NCSS_changed_pedons_2009_to_2010.csv
2006MO179006,684500,41051,40337,"2006MO179006",2006,site_obsdate,2009,2010,2009-2010,4,15,"Moderate development age, 6-15 years",1,Agriculture to Developed,Missouri,Reynolds,CONUS Central 2,CONUS,v2025-11,10/17/2006 0:00,10/17/2006 0:00,inceptisols,udepts,dystrudepts,humic dystrudepts,,37.5593611,-90.8702583,3976,5790,US_NCSS_changed_pedons_2009_to_2010.csv
2007MO179021,684529,41657,40943,"2007MO179021",2007,site_obsdate,2009,2010,2009-2010,3,15,"Moderate development age, 6-15 years",1,Agriculture to Developed,Missouri,Reynolds,CONUS Central 2,CONUS,v2025-11,2/27/2007 0:00,2/27/2007 0:00,alfisols,udalfs,paleudalfs,typic paleudalfs,,37.5608028,-90.8561917,3976,5790,US_NCSS_changed_pedons_2009_to_2010.csv
2007MO179023,705015,41659,40945,"2007MO179023",2007,site_obsdate,2009,2010,2009-2010,3,15,"Moderate development age, 6-15 years",1,Agriculture to Developed,Missouri,Reynolds,CONUS Central 2,CONUS,v2025-11,2/27/2007 0:00,2/27/2007 0:00,alfisols,udalfs,paleudalfs,typic paleudalfs,,37.5606333,-90.8549056,3976,5790,US_NCSS_changed_pedons_2009_to_2010.csv
2007MO179025,705017,41661,40947,"2007MO179025",2007,site_obsdate,2009,2010,2009-2010,3,15,"Moderate development age, 6-15 years",1,Agriculture to Developed,Missouri,Reynolds,CONUS Central 2,CONUS,v2025-11,2/28/2007 0:00,2/28/2007 0:00,alfisols,udalfs,hapludalfs,ultic hapludalfs,,37.5608306,-90.8537694,3976,5790,US_NCSS_changed_pedons_2009_to_2010.csv
2007MO179026,705018,41736,41022,"2007MO179026",2007,site_obsdate,2009,2010,2009-2010,3,15,"Moderate development age, 6-15 years",1,Agriculture to Developed,Missouri,Reynolds,CONUS Central 2,CONUS,v2025-11,2/28/2007 0:00,2/28/2007 0:00,alfisols,hemists,hapludalfs,ultic hapludalfs,loamy-skeletal,37.5603306,-90.8525722,3976,5790,US_NCSS_changed_pedons_2009_to_2010.csv
2008MO193005,664970,41488,40774,"2008MO193005",2008,site_obsdate,2009,2010,2009-2010,2,15,"Moderate development age, 6-15 years",1,Agriculture to Developed,Missouri,Ste. Genevieve,CONUS Central 2,CONUS,v2025-11,5/13/2008 0:00,5/13/2008 0:00,alfisols,udalfs,paleudalfs,typic paleudalfs,,37.9593889,-90.0456944,3976,12002,US_NCSS_changed_pedons_2009_to_2010.csv
2003MO207003,144717,42738,42024,"2003MO207003",2003,site_obsdate,2009,2010,2009-2010,7,15,"Moderate development age, 6-15 years",1,Agriculture to Developed,Missouri,Stoddard,CONUS Central 2,CONUS,v2025-11,3/24/2003 0:00,3/24/2003 0:00,inceptisols,aquepts,endoaquepts,typic endoaquepts,,37.0738297,-89.9229507,3976,5803,US_NCSS_changed_pedons_2009_to_2010.csv
1995MO223028,95667,47696,46982,"1995MO223028",1995,site_obsdate,2009,2010,2009-2010,15,15,"Moderate development age, 6-15 years",2,Forest to Developed,Missouri,Wayne,CONUS Central 2,CONUS,v2025-11,8/22/1995 0:00,8/22/1995 0:00,ultisols,udults,hapludults,aquic hapludults,fine-silty,37.0305099,-90.2855148,3976,5811,US_NCSS_changed_pedons_2009_to_2010.csv
1950NE019003,788090,2154,2154,"1950NE019003",1950,site_obsdate,2009,2010,2009-2010,60,15,"Moderate development age, 6-15 years",3,Rangeland or Pasture to Developed,Nebraska,Buffalo,CONUS Central 1,CONUS,v2025-11,7/15/1950 0:00,7/13/1950 0:00,mollisols,ustolls,natrustolls,typic natrustolls,fine,40.7427788,-98.7900009,3982,6121,US_NCSS_changed_pedons_2009_to_2010.csv
85NE163204,123856,13719,13719,"S1985NE163204",1985,site_obsdate,2009,2010,2009-2010,25,15,"Moderate development age, 6-15 years",3,Rangeland or Pasture to Developed,Nebraska,Sherman,CONUS Central 1,CONUS,v2025-11,11/3/1985 0:00,11/1/1985 0:00,inceptisols,aquepts,humaquepts,typic humaquepts,fine-silty,41.0761108,-98.9736099,3982,6193,US_NCSS_changed_pedons_2009_to_2010.csv
S1958NJ023002,1100489,328,328,"S1958NJ023002",1958,site_obsdate,2009,2010,2009-2010,52,15,"Moderate development age, 6-15 years",1,Agriculture to Developed,New Jersey,Middlesex,CONUS East 2,CONUS,v2025-11,8/30/1958 0:00,8/30/1958 0:00,ultisols,udults,hapludults,aquic hapludults,fine-loamy,40.3297234,-74.5827789,3984,6226,US_NCSS_changed_pedons_2009_to_2010.csv
S1957ND017002,47407,69428,67503,"S1957ND017002",1957,site_obsdate,2009,2010,2009-2010,53,15,"Moderate development age, 6-15 years",3,Rangeland or Pasture to Developed,North Dakota,Cass,CONUS Central 1,CONUS,v2025-11,9/19/1957 0:00,9/19/1957 0:00,mollisols,udolls,hapludolls,oxyaquic hapludolls,,47.1955556,-97.3591667,3981,6067,US_NCSS_changed_pedons_2009_to_2010.csv
S1955OH039009,1114798,66653,64728,"S1955OH039009",1955,site_obsdate,2009,2010,2009-2010,55,15,"Moderate development age, 6-15 years",3,Rangeland or Pasture to Developed,Ohio,Defiance,CONUS East 1,CONUS,v2025-11,,10/25/1955 0:00,inceptisols,aquepts,epiaquepts,mollic epiaquepts,fine,41.3056488,-84.7280807,3989,6367,US_NCSS_changed_pedons_2009_to_2010.csv
1954-OH125-050,748959,66488,64563,"1954-OH125-050",1954,site_obsdate,2009,2010,2009-2010,56,15,"Moderate development age, 6-15 years",3,Rangeland or Pasture to Developed,Ohio,Paulding,CONUS East 1,CONUS,v2025-11,5/14/1954 0:00,5/14/1954 0:00,alfisols,aqualfs,epiaqualfs,aeric epiaqualfs,fine-loamy,41.1804428,-84.4336929,3989,6410,US_NCSS_changed_pedons_2009_to_2010.csv
1955-OH125-057,748981,66701,64776,"1955-OH125-057",1955,site_obsdate,2009,2010,2009-2010,55,15,"Moderate development age, 6-15 years",1,Agriculture to Developed,Ohio,Paulding,CONUS East 1,CONUS,v2025-11,4/29/1955 0:00,4/29/1955 0:00,alfisols,aqualfs,epiaqualfs,aeric epiaqualfs,fine-loamy,41.0846939,-84.4002762,3989,6410,US_NCSS_changed_pedons_2009_to_2010.csv
1962-OH137-008,750553,68082,66157,"1962-OH137-008",1962,site_obsdate,2009,2010,2009-2010,48,15,"Moderate development age, 6-15 years",1,Agriculture to Developed,Ohio,Putnam,CONUS East 1,CONUS,v2025-11,,8/1/1962 0:00,alfisols,aqualfs,epiaqualfs,mollic epiaqualfs,fine,41.1519279,-84.0356827,3989,6416,US_NCSS_changed_pedons_2009_to_2010.csv
S1956OH161S02,770340,66883,64958,"S1956OH161S02",1956,site_obsdate,2009,2010,2009-2010,54,15,"Moderate development age, 6-15 years",1,Agriculture to Developed,Ohio,Van Wert,CONUS East 1,CONUS,v2025-11,8/26/1956 0:00,8/26/1956 0:00,alfisols,aqualfs,epiaqualfs,aeric epiaqualfs,fine,40.8147736,-84.7939987,3989,6428,US_NCSS_changed_pedons_2009_to_2010.csv
S1991OK109003,912555,18326,18326,"S1991OK109003",1991,site_obsdate,2009,2010,2009-2010,19,15,"Moderate development age, 6-15 years",3,Rangeland or Pasture to Developed,Oklahoma,Oklahoma,CONUS Central 1,CONUS,v2025-11,7/1/1991 0:00,7/1/1991 0:00,mollisols,ustolls,argiustolls,udic argiustolls,fine-loamy,35.7247238,-97.4563904,3990,6490,US_NCSS_changed_pedons_2009_to_2010.csv
1965PA003002,409558,53662,52861,"16",1965,site_obsdate,2009,2010,2009-2010,45,15,"Moderate development age, 6-15 years",2,Forest to Developed,Pennsylvania,Allegheny,CONUS East 1,CONUS,v2025-11,6/28/1965 0:00,6/28/1965 0:00,ultisols,udults,hapludults,typic hapludults,loamy-skeletal,40.6327778,-80.0377778,3992,6550,US_NCSS_changed_pedons_2009_to_2010.csv
S1961PR023002,105452,531,531,"S1961PR023002",1961,site_obsdate,2009,2010,2009-2010,49,15,"Moderate development age, 6-15 years",3,Rangeland or Pasture to Developed,Puerto Rico,Cabo Rojo,Puerto Rico and U.S. Virgin Islands,PRUSVI,v2024-10,3/20/1961 0:00,3/20/1961 0:00,mollisols,ustolls,argiustolls,aridic argiustolls,clayey,18.0344448,-67.1780548,3994,6627,US_NCSS_changed_pedons_2009_to_2010.csv
S1959TN071001,105874,4756,4756,"S1959TN071001",1959,site_obsdate,2009,2010,2009-2010,51,15,"Moderate development age, 6-15 years",1,Agriculture to Developed,Tennessee,Hardin,CONUS Central 2,CONUS,v2025-11,10/19/1959 0:00,10/19/1959 0:00,,,,,,35.2536125,-88.2241669,3999,6862,US_NCSS_changed_pedons_2009_to_2010.csv
S87TX041002,1250205,75153,135749,"S87TX041002",1987,site_obsdate,2009,2010,2009-2010,23,15,"Moderate development age, 6-15 years",1,Agriculture to Developed,Texas,Brazos,CONUS Central 1,CONUS,v2025-11,10/19/1987 0:00,10/21/1987 0:00,alfisols,ustalfs,paleustalfs,oxyaquic vertic paleustalfs,,30.7158278,-96.4083222,4000,6942,US_NCSS_changed_pedons_2009_to_2010.csv
S1963TX049090,105965,4319,4319,"S1963TX049090",1963,site_obsdate,2009,2010,2009-2010,47,15,"Moderate development age, 6-15 years",3,Rangeland or Pasture to Developed,Texas,Brown,CONUS Central 1,CONUS,v2025-11,7/3/1963 0:00,7/3/1963 0:00,mollisols,ustolls,argiustolls,vertic argiustolls,fine,31.9447231,-98.8683319,4000,6946,US_NCSS_changed_pedons_2009_to_2010.csv
74TX347001,955727,4397,4397,"74TX347001",1974,site_obsdate,2009,2010,2009-2010,36,15,"Moderate development age, 6-15 years",2,Forest to Developed,Texas,Nacogdoches,CONUS Central 2,CONUS,v2025-11,,6/1/1974 0:00,alfisols,udalfs,paleudalfs,typic paleudalfs,fine-loamy,31.5033333,-94.7586111,4000,7095,US_NCSS_changed_pedons_2009_to_2010.csv
S2000VA107019,869014,25750,25750,"S2000VA107019",2000,site_obsdate,2009,2010,2009-2010,10,15,"Moderate development age, 6-15 years",1,Agriculture to Developed,Virginia,Loudoun,CONUS East 1,CONUS,v2025-11,,6/1/2000 0:00,alfisols,udalfs,hapludalfs,aquultic hapludalfs,fine,38.99183273,-77.506139,4003,7237,US_NCSS_changed_pedons_2009_to_2010.csv
S1996WA007001,106618,22855,22855,"S1996WA007001",1996,site_obsdate,2009,2010,2009-2010,14,15,"Moderate development age, 6-15 years",2,Forest to Developed,Washington,Chelan,CONUS West 1,CONUS,v2025-11,8/5/1996 0:00,8/5/1996 0:00,andisols,xerands,vitrixerands,typic vitrixerands,,47.8661118,-120.1902771,4006,7371,US_NCSS_changed_pedons_2009_to_2010.csv
S02WV037003,534016,55555,54754,"S02-WV037-003",2002,site_obsdate,2009,2010,2009-2010,8,15,"Moderate development age, 6-15 years",1,Agriculture to Developed,West Virginia,Jefferson,CONUS East 1,CONUS,v2025-11,1/22/2002 0:00,1/22/2002 0:00,,,,,,39.3116667,-77.7883333,4008,7497,US_NCSS_changed_pedons_2009_to_2010.csv
S1967AZ013015,107808,5442,5442,"S1967AZ013015",1967,site_obsdate,2010,2011,2010-2011,44,14,"Moderate development age, 6-15 years",3,Rangeland or Pasture to Developed,Arizona,Maricopa,CONUS West 2,CONUS,v2025-11,6/1/1967 0:00,6/1/1967 0:00,entisols,psamments,torripsamments,typic torripsamments,,33.2052765,-111.6350021,3950,4441,US_NCSS_changed_pedons_2010_to_2011.csv
79CA045125,120374,8102,8102,"S1979CA045125",1979,site_obsdate,2010,2011,2010-2011,32,14,"Moderate development age, 6-15 years",2,Forest to Developed,California,Mendocino,CONUS West 1,CONUS,v2025-11,10/3/1979 0:00,10/1/1979 0:00,ultisols,xerults,palexerults,typic palexerults,fine,39.1608315,-123.1797256,3951,4471,US_NCSS_changed_pedons_2010_to_2011.csv
58-CA-52-013,533429,52614,51888,"S1958-CA-52-013",2009,site_obsdate,2010,2011,2010-2011,2,14,"Moderate development age, 6-15 years",3,Rangeland or Pasture to Developed,California,Tehama,CONUS West 1,CONUS,v2025-11,2/11/2009 0:00,2/11/2009 0:00,alfisols,xeralfs,haploxeralfs,mollic haploxeralfs,,40.1953125,-122.2398758,3951,4500,US_NCSS_changed_pedons_2010_to_2011.csv
87CA107006,124485,14407,14407,"S1987CA107006",1987,site_obsdate,2010,2011,2010-2011,24,14,"Moderate development age, 6-15 years",3,Rangeland or Pasture to Developed,California,Tulare,CONUS West 1,CONUS,v2025-11,4/3/1987 0:00,4/1/1987 0:00,mollisols,xerolls,haploxerolls,entic haploxerolls,coarse-loamy,36.4118996,-119.1190033,3951,4502,US_NCSS_changed_pedons_2010_to_2011.csv
90HI001003,126879,17418,17418,"S1990HI001003",1990,site_obsdate,2010,2011,2010-2011,21,14,"Moderate development age, 6-15 years",3,Rangeland or Pasture to Developed,Hawaii,Hawaii,Hawaii,HI,v2024-10,7/3/1990 0:00,7/1/1990 0:00,entisols,arents,ustarents,haplic ustarents,sandy-skeletal,19.4283333,-155.8772278,3962,4813,US_NCSS_changed_pedons_2010_to_2011.csv
S1963HI003002,101049,5307,5307,"S1963HI003002",1963,site_obsdate,2010,2011,2010-2011,48,14,"Moderate development age, 6-15 years",3,Rangeland or Pasture to Developed,Hawaii,Honolulu,Hawaii,HI,v2024-10,5/23/1963 0:00,5/23/1963 0:00,mollisols,ustolls,haplustolls,aridic haplustolls,fine,21.3276939,-158.0252838,3962,4814,US_NCSS_changed_pedons_2010_to_2011.csv
S1993IL027010,101625,20832,20832,"S1993IL027010",1993,site_obsdate,2010,2011,2010-2011,18,14,"Moderate development age, 6-15 years",1,Agriculture to Developed,Illinois,Clinton,CONUS Central 2,CONUS,v2025-11,9/18/1993 0:00,9/16/1993 0:00,alfisols,aqualfs,epiaqualfs,typic epiaqualfs,fine,38.4855537,-89.4972229,3965,4974,US_NCSS_changed_pedons_2010_to_2011.csv
S1993IL055103,101652,20568,20568,"S1993IL055103",1993,site_obsdate,2010,2011,2010-2011,18,14,"Moderate development age, 6-15 years",1,Agriculture to Developed,Illinois,Franklin,CONUS Central 2,CONUS,v2025-11,6/16/1993 0:00,6/16/1993 0:00,mollisols,albolls,argialbolls,typic argialbolls,fine,38.0491676,-88.7858353,3965,4988,US_NCSS_changed_pedons_2010_to_2011.csv
1978IL095033,375652,36490,35875,"1978IL095033",1978,site_obsdate,2010,2011,2010-2011,33,14,"Moderate development age, 6-15 years",4,Other to Developed,Illinois,Knox,CONUS Central 2,CONUS,v2025-11,10/1/1978 0:00,10/1/1978 0:00,entisols,arents,udarents,alfic udarents,fine-loamy,40.9837597,-90.1606309,3965,5008,US_NCSS_changed_pedons_2010_to_2011.csv
1987IL105012,253423,37730,37115,"1987IL105012",1987,site_obsdate,2010,2011,2010-2011,24,14,"Moderate development age, 6-15 years",1,Agriculture to Developed,Illinois,Livingston,CONUS Central 2,CONUS,v2025-11,1/5/1987 0:00,1/1/1987 0:00,mollisols,udolls,argiudolls,aquic argiudolls,fine,40.9483556,-88.4344875,3965,5013,US_NCSS_changed_pedons_2010_to_2011.csv
1984IL125007,375348,37219,36604,"1984IL125007",1984,site_obsdate,2010,2011,2010-2011,27,14,"Moderate development age, 6-15 years",3,Rangeland or Pasture to Developed,Illinois,Mason,CONUS Central 2,CONUS,v2025-11,12/1/1984 0:00,12/1/1984 0:00,alfisols,udalfs,hapludalfs,lamellic hapludalfs,sandy,40.3213333,-90.0417472,3965,5023,US_NCSS_changed_pedons_2010_to_2011.csv
91IA133001,958501,18864,18864,"91IA133001",1992,site_obsdate,2010,2011,2010-2011,19,14,"Moderate development age, 6-15 years",3,Rangeland or Pasture to Developed,Iowa,Monona,CONUS Central 1,CONUS,v2025-11,12/3/1992 0:00,6/1/1992 0:00,entisols,fluvents,udifluvents,mollic udifluvents,sandy,42.2147222,-96.31749725,3963,4884,US_NCSS_changed_pedons_2010_to_2011.csv
S1992IA133002,101267,19951,19951,"S1992IA133002",1989,site_obsdate,2010,2011,2010-2011,22,14,"Moderate development age, 6-15 years",3,Rangeland or Pasture to Developed,Iowa,Monona,CONUS Central 1,CONUS,v2025-11,,8/17/1989 0:00,entisols,aquents,fluvaquents,mollic fluvaquents,fine-silty over clayey,42.2000008,-96.2908325,3963,4884,US_NCSS_changed_pedons_2010_to_2011.csv
S1996IA193018,101330,22886,22886,"S1996IA193018",1996,site_obsdate,2010,2011,2010-2011,15,14,"Moderate development age, 6-15 years",1,Agriculture to Developed,Iowa,Woodbury,CONUS Central 1,CONUS,v2025-11,,8/20/1996 0:00,entisols,aquents,fluvaquents,vertic fluvaquents,very-fine,42.23655701,-96.2708893,3963,4914,US_NCSS_changed_pedons_2010_to_2011.csv
S2005KS079502,182871,33647,33465,"S2005KS079502",2005,site_obsdate,2010,2011,2010-2011,6,14,"Moderate development age, 6-15 years",2,Forest to Developed,Kansas,Harvey,CONUS Central 1,CONUS,v2025-11,8/30/2005 0:00,8/30/2005 0:00,mollisols,aquolls,argiaquolls,vertic argiaquolls,,38.0444984,-97.5919189,3967,5194,US_NCSS_changed_pedons_2010_to_2011.csv
67KY-035-007,507110,55024,54223,"67KY-035-007",1967,site_obsdate,2010,2011,2010-2011,44,14,"Moderate development age, 6-15 years",3,Rangeland or Pasture to Developed,Kentucky,Calloway,CONUS Central 2,CONUS,v2025-11,5/8/1967 0:00,5/8/1967 0:00,alfisols,udalfs,fraglossudalfs,oxyaquic fraglossudalfs,fine-silty,36.6167488,-88.3425369,3968,5277,US_NCSS_changed_pedons_2010_to_2011.csv
97KY-227-003,520966,55441,54640,"97KY-227-003",1997,site_obsdate,2010,2011,2010-2011,14,14,"Moderate development age, 6-15 years",1,Agriculture to Developed,Kentucky,Warren,CONUS Central 2,CONUS,v2025-11,4/9/1997 0:00,4/9/1997 0:00,alfisols,udalfs,paleudalfs,typic paleudalfs,fine,36.952301,-86.3883133,3968,5373,US_NCSS_changed_pedons_2010_to_2011.csv
S1986MD031003,821692,13567,13567,"S1986MD031003",1986,site_obsdate,2010,2011,2010-2011,25,14,"Moderate development age, 6-15 years",1,Agriculture to Developed,Maryland,Montgomery,CONUS East 1,CONUS,v2025-11,,7/1/1986 0:00,ultisols,udults,hapludults,typic hapludults,fine-loamy,39.1723528,-77.1041556,3971,5472,US_NCSS_changed_pedons_2010_to_2011.csv
S1993MI069006,102657,20756,20756,"S1993MI069006",1993,site_obsdate,2010,2011,2010-2011,18,14,"Moderate development age, 6-15 years",2,Forest to Developed,Michigan,Iosco,CONUS East 1,CONUS,v2025-11,11/11/1993 0:00,11/11/1993 0:00,entisols,psamments,quartzipsamments,typic quartzipsamments,,44.3233611,-83.3839722,3974,5565,US_NCSS_changed_pedons_2010_to_2011.csv
S1979MN099024,583215,56042,55241,"S1979MN099024",1979,site_obsdate,2010,2011,2010-2011,32,14,"Moderate development age, 6-15 years",3,Rangeland or Pasture to Developed,Minnesota,Mower,CONUS Central 2,CONUS,v2025-11,10/17/1979 0:00,10/17/1979 0:00,alfisols,udalfs,hapludalfs,aquic hapludalfs,fine-loamy,43.8192902,-92.9802628,3975,5663,US_NCSS_changed_pedons_2010_to_2011.csv
S1972MN1631564,676445,56712,55911,"S1972MN1631564",2010,site_obsdate,2010,2011,2010-2011,1,14,"Moderate development age, 6-15 years",2,Forest to Developed,Minnesota,Washington,CONUS Central 2,CONUS,v2025-11,12/17/2010 0:00,12/17/2010 0:00,mollisols,aquolls,endoaquolls,typic endoaquolls,sandy over loamy,45.27989197,-93.0017853,3975,5695,US_NCSS_changed_pedons_2010_to_2011.csv
80MS083001,120268,7922,7922,"S1980MS083001",1980,site_obsdate,2010,2011,2010-2011,31,14,"Moderate development age, 6-15 years",2,Forest to Developed,Mississippi,Leflore,CONUS Central 2,CONUS,v2025-11,6/1/1980 0:00,6/1/1980 0:00,vertisols,uderts,chromuderts,aquentic chromuderts,very-fine,33.6261101,-90.1586075,3978,5861,US_NCSS_changed_pedons_2010_to_2011.csv
1990MO053027,642322,44961,44247,"1990MO053027",1990,site_obsdate,2010,2011,2010-2011,21,14,"Moderate development age, 6-15 years",3,Rangeland or Pasture to Developed,Missouri,Cooper,CONUS Central 2,CONUS,v2025-11,7/26/1990 0:00,7/26/1990 0:00,entisols,fluvents,udifluvents,mollic udifluvents,coarse-silty,38.93799973,-92.5594722,3976,5727,US_NCSS_changed_pedons_2010_to_2011.csv
1990MO057013,127321,18054,18054,"1990MO057013S",1990,site_obsdate,2010,2011,2010-2011,21,14,"Moderate development age, 6-15 years",3,Rangeland or Pasture to Developed,Missouri,Dade,CONUS Central 2,CONUS,v2025-11,9/1/1990 0:00,9/1/1990 0:00,alfisols,udalfs,fragiudalfs,typic fragiudalfs,,37.2838898,-93.6258316,3976,5729,US_NCSS_changed_pedons_2010_to_2011.csv
2006MO139075,697207,45930,45216,"2006MO139075",2006,site_obsdate,2010,2011,2010-2011,5,14,"Moderate development age, 6-15 years",3,Rangeland or Pasture to Developed,Missouri,Montgomery,CONUS Central 2,CONUS,v2025-11,4/26/2006 0:00,4/26/2006 0:00,alfisols,udalfs,hapludalfs,aquertic chromic hapludalfs,,38.9591944,-91.58000183,3976,5770,US_NCSS_changed_pedons_2010_to_2011.csv
1989MO143006,201058,46472,45758,"1989MO143006",1989,site_obsdate,2010,2011,2010-2011,22,14,"Moderate development age, 6-15 years",3,Rangeland or Pasture to Developed,Missouri,New Madrid,CONUS Central 2,CONUS,v2025-11,8/1/1989 0:00,8/1/1989 0:00,entisols,fluvents,udifluvents,oxyaquic udifluvents,coarse-loamy,36.7878876,-89.653389,3976,5772,US_NCSS_changed_pedons_2010_to_2011.csv
2007MO179022,684530,41658,40944,"2007MO179022",2007,site_obsdate,2010,2011,2010-2011,4,14,"Moderate development age, 6-15 years",1,Agriculture to Developed,Missouri,Reynolds,CONUS Central 2,CONUS,v2025-11,2/27/2007 0:00,2/27/2007 0:00,alfisols,udalfs,paleudalfs,oxyaquic paleudalfs,,37.56079865,-90.8555472,3976,5790,US_NCSS_changed_pedons_2010_to_2011.csv
2007MO183054,697574,45860,45146,"2007MO183054",2007,site_obsdate,2010,2011,2010-2011,4,14,"Moderate development age, 6-15 years",3,Rangeland or Pasture to Developed,Missouri,St. Charles,CONUS Central 2,CONUS,v2025-11,11/14/2007 0:00,11/14/2007 0:00,alfisols,udalfs,hapludalfs,typic hapludalfs,,38.6375278,-90.7816944,3976,5792,US_NCSS_changed_pedons_2010_to_2011.csv
2004MO219055,696962,46008,45294,"2004MO219055",2004,site_obsdate,2010,2011,2010-2011,7,14,"Moderate development age, 6-15 years",3,Rangeland or Pasture to Developed,Missouri,Warren,CONUS Central 2,CONUS,v2025-11,,5/18/2004 0:00,,,,,,38.8413972,-91.2287472,3976,5809,US_NCSS_changed_pedons_2010_to_2011.csv
75NE121092,829995,2116,2116,"75NE121092",1975,site_obsdate,2010,2011,2010-2011,36,14,"Moderate development age, 6-15 years",3,Rangeland or Pasture to Developed,Nebraska,Merrick,CONUS Central 1,CONUS,v2025-11,6/1/1975 0:00,8/11/1975 0:00,entisols,aquents,fluvaquents,aeric fluvaquents,sandy,41.2011147,-97.8095169,3982,6172,US_NCSS_changed_pedons_2010_to_2011.csv
93NE127001,103931,20998,20998,"S1993NE127001",1993,site_obsdate,2010,2011,2010-2011,18,14,"Moderate development age, 6-15 years",1,Agriculture to Developed,Nebraska,Nemaha,CONUS Central 1,CONUS,v2025-11,9/30/1993 0:00,9/30/1993 0:00,mollisols,udolls,argiudolls,pachic argiudolls,fine,40.3047218,-95.8880539,3982,6175,US_NCSS_changed_pedons_2010_to_2011.csv
S1975NV031008,109590,3239,3239,"S1975NV031008",1975,site_obsdate,2010,2011,2010-2011,36,14,"Moderate development age, 6-15 years",2,Forest to Developed,Nevada,Washoe,CONUS West 1,CONUS,v2025-11,10/8/1975 0:00,10/8/1975 0:00,mollisols,xerolls,argixerolls,ultic argixerolls,loamy-skeletal,39.3526726,-119.8360062,3987,6283,US_NCSS_changed_pedons_2010_to_2011.csv
90NC153005,126677,17151,17151,"S1990NC153005",1990,site_obsdate,2010,2011,2010-2011,21,14,"Moderate development age, 6-15 years",3,Rangeland or Pasture to Developed,North Carolina,Richmond,CONUS East 1,CONUS,v2025-11,7/3/1990 0:00,7/1/1990 0:00,ultisols,udults,hapludults,typic hapludults,clayey,35.1136093,-79.8288879,3980,6035,US_NCSS_changed_pedons_2010_to_2011.csv
1956-OH063-003,749832,66836,64911,"1956-OH063-003",1956,site_obsdate,2010,2011,2010-2011,55,14,"Moderate development age, 6-15 years",1,Agriculture to Developed,Ohio,Hancock,CONUS East 1,CONUS,v2025-11,5/24/1956 0:00,5/24/1956 0:00,,,,,,41.03722,-83.6963806,3989,6379,US_NCSS_changed_pedons_2010_to_2011.csv
1964OH159018,842834,68205,66280,"S1964OH159018",1964,site_obsdate,2010,2011,2010-2011,47,14,"Moderate development age, 6-15 years",3,Rangeland or Pasture to Developed,Ohio,Union,CONUS East 1,CONUS,v2025-11,,7/23/1964 0:00,Alfisols,Aqualfs,Epiaqualfs,Aeric Epiaqualfs,fine,40.16889954,-83.31700134,3989,6427,US_NCSS_changed_pedons_2010_to_2011.csv
S1959OK033001,912502,4494,4494,"S1959OK033001",1959,site_obsdate,2010,2011,2010-2011,52,14,"Moderate development age, 6-15 years",3,Rangeland or Pasture to Developed,Oklahoma,Cotton,CONUS Central 1,CONUS,v2025-11,6/1/1959 0:00,6/1/1959 0:00,mollisols,albolls,argialbolls,vertic argialbolls,fine,34.2603951,-98.1744995,3990,6452,US_NCSS_changed_pedons_2010_to_2011.csv
S1967OR035008,105115,5439,5439,"S1967OR035008",1967,site_obsdate,2010,2011,2010-2011,44,14,"Moderate development age, 6-15 years",3,Rangeland or Pasture to Developed,Oregon,Klamath,CONUS West 1,CONUS,v2025-11,9/14/1967 0:00,9/14/1967 0:00,inceptisols,ochrepts,durochrepts,typic durochrepts,sandy,42.0825005,-121.6930542,3991,6530,US_NCSS_changed_pedons_2010_to_2011.csv
1973PA019040,800335,53625,52824,"126",1973,site_obsdate,2010,2011,2010-2011,38,14,"Moderate development age, 6-15 years",2,Forest to Developed,Pennsylvania,Butler,CONUS East 1,CONUS,v2025-11,7/7/1973 0:00,7/7/1973 0:00,alfisols,udalfs,hapludalfs,typic hapludalfs,fine,40.6827778,-80.0780556,3992,6558,US_NCSS_changed_pedons_2010_to_2011.csv
88PR151001,124865,14865,14865,"S1988PR151001",1988,site_obsdate,2010,2011,2010-2011,23,14,"Moderate development age, 6-15 years",3,Rangeland or Pasture to Developed,Puerto Rico,Yabucoa,Puerto Rico and U.S. Virgin Islands,PRUSVI,v2024-10,2/1/1988 0:00,2/1/1988 0:00,alfisols,udalfs,hapludalfs,vertic hapludalfs,fine,18.0452785,-65.875,3994,6692,US_NCSS_changed_pedons_2010_to_2011.csv
S2001SD033002,130164,28512,28451,"S2001SD033002",2001,site_obsdate,2010,2011,2010-2011,10,14,"Moderate development age, 6-15 years",3,Rangeland or Pasture to Developed,South Dakota,Custer,CONUS Central 1,CONUS,v2025-11,7/24/2001 0:00,7/24/2001 0:00,mollisols,udolls,hapludolls,typic hapludolls,,43.7630539,-103.7305527,3998,6776,US_NCSS_changed_pedons_2010_to_2011.csv
95SD105002,958942,21923,21923,"95SD105002",1995,site_obsdate,2010,2011,2010-2011,16,14,"Moderate development age, 6-15 years",3,Rangeland or Pasture to Developed,South Dakota,Perkins,CONUS Central 1,CONUS,v2025-11,,6/1/1995 0:00,mollisols,borolls,argiborolls,typic argiborolls,fine-loamy,45.77999878,-102.6524963,3998,6812,US_NCSS_changed_pedons_2010_to_2011.csv
S78TX027006,202197,54708,53907,"S78TX027006",1978,site_obsdate,2010,2011,2010-2011,33,14,"Moderate development age, 6-15 years",1,Agriculture to Developed,Texas,Bell,CONUS Central 1,CONUS,v2025-11,10/11/1978 0:00,10/11/1978 0:00,mollisols,ustolls,haplustolls,udorthentic haplustolls,fine-silty,31.0450001,-97.3644409,4000,6935,US_NCSS_changed_pedons_2010_to_2011.csv
S1980TX061001,110741,8124,8124,"S1980TX061001",1980,site_obsdate,2010,2011,2010-2011,31,14,"Moderate development age, 6-15 years",1,Agriculture to Developed,Texas,Cameron,CONUS Central 1,CONUS,v2025-11,6/3/1980 0:00,6/1/1980 0:00,mollisols,ustolls,haplustolls,pachic haplustolls,fine-loamy,26.1833324,-97.8000031,4000,6952,US_NCSS_changed_pedons_2010_to_2011.csv
79TX489001,887704,7703,7703,"S1979TX489001",1979,site_obsdate,2010,2011,2010-2011,32,14,"Moderate development age, 6-15 years",3,Rangeland or Pasture to Developed,Texas,Willacy,CONUS Central 1,CONUS,v2025-11,7/1/1979 0:00,7/1/1979 0:00,alfisols,aqualfs,natraqualfs,typic natraqualfs,coarse-loamy,26.5499167,-97.4241667,4000,7166,US_NCSS_changed_pedons_2010_to_2011.csv
S1967UT035006,106365,5398,5398,"S1967UT035006",1967,site_obsdate,2010,2011,2010-2011,44,14,"Moderate development age, 6-15 years",3,Rangeland or Pasture to Developed,Utah,Salt Lake,CONUS West 2,CONUS,v2025-11,8/25/1967 0:00,8/25/1967 0:00,,,,,,40.5755539,-112.0311127,4002,7202,US_NCSS_changed_pedons_2010_to_2011.csv
S1961WA001005,106596,942,942,"S1961WA001005",1961,site_obsdate,2010,2011,2010-2011,50,14,"Moderate development age, 6-15 years",3,Rangeland or Pasture to Developed,Washington,Adams,CONUS West 1,CONUS,v2025-11,5/17/1961 0:00,5/17/1961 0:00,,,,,,47.1788902,-118.3655548,4006,7368,US_NCSS_changed_pedons_2010_to_2011.csv
84WA015009,122271,11670,11670,"S1984WA015009",1984,site_obsdate,2010,2011,2010-2011,27,14,"Moderate development age, 6-15 years",1,Agriculture to Developed,Washington,Cowlitz,CONUS West 1,CONUS,v2025-11,9/3/1984 0:00,9/1/1984 0:00,alfisols,xeralfs,palexeralfs,aquic palexeralfs,fine-silty,46.0999985,-122.836113,4006,7375,US_NCSS_changed_pedons_2010_to_2011.csv
S1957WA063009,1181320,996,996,"S1957WA063009",1957,site_obsdate,2010,2011,2010-2011,54,14,"Moderate development age, 6-15 years",2,Forest to Developed,Washington,Spokane,CONUS West 1,CONUS,v2025-11,9/13/1957 0:00,9/13/1957 0:00,entisols,orthents,xerorthents,vitrandic xerorthents,sandy-skeletal,47.7311096,-117.5002747,4006,7399,US_NCSS_changed_pedons_2010_to_2011.csv
S1990WI019037,897174,17910,17910,"S1990WI019037",1990,site_obsdate,2010,2011,2010-2011,21,14,"Moderate development age, 6-15 years",2,Forest to Developed,Wisconsin,Clark,CONUS Central 2,CONUS,v2025-11,9/1/1990 0:00,9/1/1990 0:00,spodosols,orthods,haplorthods,entic haplorthods,sandy,44.4227791,-90.7330551,4007,7416,US_NCSS_changed_pedons_2010_to_2011.csv
S1990WI053005,1330509,17904,17904,"S1990WI053005",1990,site_obsdate,2010,2011,2010-2011,21,14,"Moderate development age, 6-15 years",1,Agriculture to Developed,Wisconsin,Jackson,CONUS Central 2,CONUS,v2025-11,6/1/1990 0:00,6/1/1990 0:00,entisols,fluvents,udifluvents,mollic udifluvents,coarse-loamy,44.1905556,-90.8977814,4007,7433,US_NCSS_changed_pedons_2010_to_2011.csv
S1989WI111002,897120,16887,16887,"S1989WI111002",1989,site_obsdate,2010,2011,2010-2011,22,14,"Moderate development age, 6-15 years",3,Rangeland or Pasture to Developed,Wisconsin,Sauk,CONUS Central 2,CONUS,v2025-11,9/1/1989 0:00,9/1/1989 0:00,alfisols,udalfs,paleudalfs,mollic paleudalfs,fine-silty over clayey,43.5813904,-90.2963867,4007,7463,US_NCSS_changed_pedons_2010_to_2011.csv
01AL089002-pgm,308384,39824,39205,"01AL089002-pgm",2001,site_obsdate,2011,2012,2011-2012,11,13,"Moderate development age, 6-15 years",1,Agriculture to Developed,Alabama,Madison,CONUS Central 2,CONUS,v2025-11,8/28/2001 0:00,8/28/2001 0:00,inceptisols,udepts,dystrudepts,oxyaquic dystrudepts,fine-loamy,34.67324829,-86.6875278,3947,4331,US_NCSS_changed_pedons_2011_to_2012.csv
01AL089007-pgm,308389,39829,39210,"01AL089007-pgm",2001,site_obsdate,2011,2012,2011-2012,11,13,"Moderate development age, 6-15 years",1,Agriculture to Developed,Alabama,Madison,CONUS Central 2,CONUS,v2025-11,8/29/2001 0:00,8/29/2001 0:00,ultisols,udults,fragiudults,glossic fragiudults,fine-loamy,34.67324829,-86.6875278,3947,4331,US_NCSS_changed_pedons_2011_to_2012.csv
S2003AL089004,423020,33085,32943,"S2003AL089004",2003,site_obsdate,2011,2012,2011-2012,9,13,"Moderate development age, 6-15 years",1,Agriculture to Developed,Alabama,Madison,CONUS Central 2,CONUS,v2025-11,7/25/2003 0:00,7/25/2003 0:00,ultisols,udults,fragiudults,glossic fragiudults,,34.9372139,-86.7128601,3947,4331,US_NCSS_changed_pedons_2011_to_2012.csv
84CA031007,122368,11880,11880,"S1984CA031007",1984,site_obsdate,2011,2012,2011-2012,28,13,"Moderate development age, 6-15 years",3,Rangeland or Pasture to Developed,California,Kings,CONUS West 1,CONUS,v2025-11,11/1/1984 0:00,11/1/1984 0:00,mollisols,xerolls,haploxerolls,fluvaquentic haploxerolls,,36.2333336,-119.7916641,3951,4464,US_NCSS_changed_pedons_2011_to_2012.csv
S1966CA093007,100221,2912,2912,"S1966CA093007",1966,site_obsdate,2011,2012,2011-2012,46,13,"Moderate development age, 6-15 years",3,Rangeland or Pasture to Developed,California,Siskiyou,CONUS West 1,CONUS,v2025-11,5/26/1966 0:00,5/26/1966 0:00,vertisols,xererts,durixererts,chromic durixererts,fine,41.8025017,-122.4463882,3951,4495,US_NCSS_changed_pedons_2011_to_2012.csv
1976-FL001-S01_071,516063,50807,50081,"S1976-FL001-S01_071",2011,site_obsdate,2011,2012,2011-2012,1,13,"Moderate development age, 6-15 years",1,Agriculture to Developed,Florida,Alachua,CONUS East 1,CONUS,v2025-11,,4/15/2011 0:00,Ultisols,Aquults,Paleaquults,Arenic Paleaquults,,29.7265663,-82.4175644,3957,4582,US_NCSS_changed_pedons_2011_to_2012.csv
1989-FL013-S07_027,517222,51655,50929,"S1989-FL013-S07_027",2011,site_obsdate,2011,2012,2011-2012,1,13,"Moderate development age, 6-15 years",2,Forest to Developed,Florida,Calhoun,CONUS Central 2,CONUS,v2025-11,,4/15/2011 0:00,Ultisols,Udults,Paleudults,Plinthic Paleudults,,30.375,-85.1083298,3957,4588,US_NCSS_changed_pedons_2011_to_2012.csv
1984-FL089-S45_002,517888,51367,50641,"S1984-FL089-S45_002",2011,site_obsdate,2011,2012,2011-2012,1,13,"Moderate development age, 6-15 years",3,Rangeland or Pasture to Developed,Florida,Nassau,CONUS East 1,CONUS,v2025-11,,4/15/2011 0:00,Entisols,Psamments,Quartzipsamments,Typic Quartzipsamments,,30.5697918,-81.4446716,3957,4626,US_NCSS_changed_pedons_2011_to_2012.csv
S1982FL107007,1079960,51260,50534,"S1982-FL107-S54_007",2011,site_obsdate,2011,2012,2011-2012,1,13,"Moderate development age, 6-15 years",2,Forest to Developed,Florida,Putnam,CONUS East 1,CONUS,v2025-11,,4/15/2011 0:00,entisols,psamments,quartzipsamments,typic quartzipsamments,,29.70582199,-81.8047256,3957,4635,US_NCSS_changed_pedons_2011_to_2012.csv
S1980GA237001,915327,8005,8005,"S1980GA237001",1980,site_obsdate,2011,2012,2011-2012,32,13,"Moderate development age, 6-15 years",1,Agriculture to Developed,Georgia,Putnam,CONUS East 1,CONUS,v2025-11,5/3/1980 0:00,5/1/1980 0:00,ultisols,udults,kandiudults,rhodic kandiudults,fine,33.2572937,-83.330436,3960,4769,US_NCSS_changed_pedons_2011_to_2012.csv
79ID003002,1378469,7529,7529,"S1979ID003002",1979,site_obsdate,2011,2012,2011-2012,33,13,"Moderate development age, 6-15 years",3,Rangeland or Pasture to Developed,Idaho,Adams,CONUS West 1,CONUS,v2025-11,9/3/1979 0:00,9/1/1979 0:00,mollisols,cryolls,argicryolls,typic argicryolls,fine-silty,44.99565125,-116.2300083,3964,4918,US_NCSS_changed_pedons_2011_to_2012.csv
S1981ID021001,NaN,75804,136400,"S1981ID021001",1980,site_obsdate,2011,2012,2011-2012,32,13,"Moderate development age, 6-15 years",3,Rangeland or Pasture to Developed,Idaho,Boundary,CONUS West 1,CONUS,v2025-11,7/17/1980 0:00,7/17/1980 0:00,alfisols,udalfs,glossudalfs,oxyaquic glossudalfs,,48.83100128,-116.3339996,3964,4927,US_NCSS_changed_pedons_2011_to_2012.csv
87ID047003A,124574,14516,14516,"S1987ID047003A",1987,site_obsdate,2011,2012,2011-2012,25,13,"Moderate development age, 6-15 years",1,Agriculture to Developed,Idaho,Gooding,CONUS West 2,CONUS,v2025-11,9/3/1987 0:00,9/1/1987 0:00,aridisols,orthids,durorthids,xerollic durorthids,coarse-loamy,42.6925011,-114.7044449,3964,4940,US_NCSS_changed_pedons_2011_to_2012.csv
80IL-049-001,963393,36693,36078,"80IL-049-001",1980,site_obsdate,2011,2012,2011-2012,32,13,"Moderate development age, 6-15 years",2,Forest to Developed,Illinois,Effingham,CONUS Central 2,CONUS,v2025-11,,4/1/1980 0:00,alfisols,udalfs,hapludalfs,ultic hapludalfs,fine-silty,39.1188324,-88.5939638,3965,4985,US_NCSS_changed_pedons_2011_to_2012.csv
1978IL073054,375397,36468,35853,"1978IL073054",1978,site_obsdate,2011,2012,2011-2012,34,13,"Moderate development age, 6-15 years",3,Rangeland or Pasture to Developed,Illinois,Henry,CONUS Central 2,CONUS,v2025-11,6/1/1978 0:00,6/1/1978 0:00,mollisols,aquolls,endoaquolls,vertic endoaquolls,very-fine,41.5433547,-89.9744811,3965,4997,US_NCSS_changed_pedons_2011_to_2012.csv
59IL-075-001,241552,35958,35343,"1959IL075001",1959,site_obsdate,2011,2012,2011-2012,53,13,"Moderate development age, 6-15 years",3,Rangeland or Pasture to Developed,Illinois,Iroquois,CONUS Central 2,CONUS,v2025-11,9/17/1959 0:00,9/1/1959 0:00,mollisols,aquolls,endoaquolls,typic endoaquolls,fine,40.7572604,-87.9586077,3965,4998,US_NCSS_changed_pedons_2011_to_2012.csv
1980IL109006,856900,36663,36048,"1980IL109006",1980,site_obsdate,2011,2012,2011-2012,32,13,"Moderate development age, 6-15 years",3,Rangeland or Pasture to Developed,Illinois,McDonough,CONUS Central 2,CONUS,v2025-11,8/1/1980 0:00,8/1/1980 0:00,mollisols,udolls,argiudolls,aquic argiudolls,fine,40.5008996,-90.6947921,3965,5015,US_NCSS_changed_pedons_2011_to_2012.csv
82IL131150,121330,10281,10281,"S1982IL131150",1982,site_obsdate,2011,2012,2011-2012,30,13,"Moderate development age, 6-15 years",2,Forest to Developed,Illinois,Mercer,CONUS Central 2,CONUS,v2025-11,3/3/1982 0:00,3/1/1982 0:00,alfisols,aqualfs,ochraqualfs,aeric ochraqualfs,fine-silty,41.2625008,-90.8227768,3965,5026,US_NCSS_changed_pedons_2011_to_2012.csv
1987IL193017,375104,37555,36940,"1987IL193017",1987,site_obsdate,2011,2012,2011-2012,25,13,"Moderate development age, 6-15 years",2,Forest to Developed,Illinois,White,CONUS Central 2,CONUS,v2025-11,7/1/1987 0:00,7/1/1987 0:00,alfisols,udalfs,fragiudalfs,oxyaquic fragiudalfs,fine-silty,37.9806806,-88.1679056,3965,5057,US_NCSS_changed_pedons_2011_to_2012.csv
S1979IN001001,907490,38731,38116,"1979IN001001",1979,site_obsdate,2011,2012,2011-2012,33,13,"Moderate development age, 6-15 years",1,Agriculture to Developed,Indiana,Adams,CONUS East 1,CONUS,v2025-11,9/20/1979 0:00,9/20/1979 0:00,mollisols,aquolls,argiaquolls,typic argiaquolls,fine,40.6645278,-84.9395139,3966,5063,US_NCSS_changed_pedons_2011_to_2012.csv
S1955IN003019,101870,5006,5006,"S1955IN003019",1955,site_obsdate,2011,2012,2011-2012,57,13,"Moderate development age, 6-15 years",1,Agriculture to Developed,Indiana,Allen,CONUS Central 2,CONUS,v2025-11,10/1/1955 0:00,10/1/1955 0:00,alfisols,aqualfs,epiaqualfs,mollic epiaqualfs,fine,41.1661301,-85.0249329,3966,5064,US_NCSS_changed_pedons_2011_to_2012.csv
S1972IN099008,1106801,37851,37236,"S1972IN099008",1972,site_obsdate,2011,2012,2011-2012,40,13,"Moderate development age, 6-15 years",1,Agriculture to Developed,Indiana,Marshall,CONUS Central 2,CONUS,v2025-11,10/19/1972 0:00,10/19/1972 0:00,entisols,psamments,udipsamments,oxyaquic udipsamments,,41.1787944,-86.4542306,3966,5112,US_NCSS_changed_pedons_2011_to_2012.csv
S1976IN149002,1106708,38154,37539,"S1976IN149002",1976,site_obsdate,2011,2012,2011-2012,36,13,"Moderate development age, 6-15 years",1,Agriculture to Developed,Indiana,Starke,CONUS Central 2,CONUS,v2025-11,10/20/1976 0:00,10/20/1976 0:00,entisols,psamments,udipsamments,lamellic udipsamments,mesic,41.1959639,-86.7460417,3966,5137,US_NCSS_changed_pedons_2011_to_2012.csv
S06IA019005,296449,33692,33510,"S2006IA019005",2006,site_obsdate,2011,2012,2011-2012,6,13,"Moderate development age, 6-15 years",1,Agriculture to Developed,Iowa,Buchanan,CONUS Central 2,CONUS,v2025-11,11/2/2006 0:00,11/2/2006 0:00,mollisols,udolls,hapludolls,entic hapludolls,sandy,42.3660088,-91.9361877,3963,4827,US_NCSS_changed_pedons_2011_to_2012.csv
S2000KS103004,977600,27985,27936,"S2000KS103004",2000,site_obsdate,2011,2012,2011-2012,12,13,"Moderate development age, 6-15 years",1,Agriculture to Developed,Kansas,Leavenworth,CONUS Central 2,CONUS,v2025-11,10/31/2000 0:00,10/31/2000 0:00,alfisols,udalfs,hapludalfs,mollic hapludalfs,,39.3747826,-94.9438629,3967,5206,US_NCSS_changed_pedons_2011_to_2012.csv
86MD019013,123927,13796,13796,"S1986MD019013",1986,site_obsdate,2011,2012,2011-2012,26,13,"Moderate development age, 6-15 years",3,Rangeland or Pasture to Developed,Maryland,Dorchester,CONUS East 1,CONUS,v2025-11,9/3/1986 0:00,9/1/1986 0:00,ultisols,udults,hapludults,psammentic hapludults,sandy,38.5744438,-75.7983322,3971,5466,US_NCSS_changed_pedons_2011_to_2012.csv
S1970MN0691196,583758,56489,55688,"S1970MN0691196",2010,site_obsdate,2011,2012,2011-2012,2,13,"Moderate development age, 6-15 years",3,Rangeland or Pasture to Developed,Minnesota,Kittson,CONUS Central 1,CONUS,v2025-11,11/15/2010 0:00,11/15/2010 0:00,inceptisols,aquepts,humaquepts,histic humaquepts,sandy over clayey,48.7529716,-96.5081406,3975,5648,US_NCSS_changed_pedons_2011_to_2012.csv
S1978MN133012 (2909),583137,55915,55114,"S1978MN133012 (2909)",1978,site_obsdate,2011,2012,2011-2012,34,13,"Moderate development age, 6-15 years",1,Agriculture to Developed,Minnesota,Rock,CONUS Central 1,CONUS,v2025-11,10/23/1978 0:00,10/23/1978 0:00,mollisols,udolls,hapludolls,cumulic hapludolls,fine-silty,43.5439873,-96.1831512,3975,5680,US_NCSS_changed_pedons_2011_to_2012.csv
S1978MN137043 (2573),582937,55940,55139,"S1978MN137043 (2573)",1978,site_obsdate,2011,2012,2011-2012,34,13,"Moderate development age, 6-15 years",2,Forest to Developed,Minnesota,St. Louis,CONUS Central 2,CONUS,v2025-11,5/26/1978 0:00,5/26/1978 0:00,alfisols,udalfs,glossudalfs,oxyaquic glossudalfs,fine-loamy,46.9258385,-92.5963821,3975,5682,US_NCSS_changed_pedons_2011_to_2012.csv
S1956MS035002,102982,4572,4572,"S1956MS035002",1956,site_obsdate,2011,2012,2011-2012,56,13,"Moderate development age, 6-15 years",3,Rangeland or Pasture to Developed,Mississippi,Forrest,CONUS Central 2,CONUS,v2025-11,1/1/1956 0:00,1/1/1956 0:00,,,,,,31.3507595,-89.1928406,3978,5837,US_NCSS_changed_pedons_2011_to_2012.csv
2007MO023005,249492,42279,41565,"2007MO023005",2007,site_obsdate,2011,2012,2011-2012,5,13,"Moderate development age, 6-15 years",3,Rangeland or Pasture to Developed,Missouri,Butler,CONUS Central 2,CONUS,v2025-11,6/25/2007 0:00,6/25/2007 0:00,alfisols,udalfs,hapludalfs,psammentic hapludalfs,,36.5766678,-90.5569458,3976,5712,US_NCSS_changed_pedons_2011_to_2012.csv
2008MO035058,665772,45813,45099,"2008MO035058",2008,site_obsdate,2011,2012,2011-2012,4,13,"Moderate development age, 6-15 years",1,Agriculture to Developed,Missouri,Carter,CONUS Central 2,CONUS,v2025-11,6/4/2008 0:00,6/4/2008 0:00,ultisols,udults,paleudults,typic paleudults,,36.9463889,-91.15550232,3976,5718,US_NCSS_changed_pedons_2011_to_2012.csv
1995MO097008,94235,48143,47429,"1995MO097008",1995,site_obsdate,2011,2012,2011-2012,17,13,"Moderate development age, 6-15 years",3,Rangeland or Pasture to Developed,Missouri,Jasper,CONUS Central 2,CONUS,v2025-11,3/20/1995 0:00,3/20/1995 0:00,mollisols,udolls,argiudolls,oxyaquic argiudolls,fine-silty,37.2785833,-94.3597667,3976,5749,US_NCSS_changed_pedons_2011_to_2012.csv
2007MO113056,697386,41353,40639,"2007MO113056",2007,site_obsdate,2011,2012,2011-2012,5,13,"Moderate development age, 6-15 years",3,Rangeland or Pasture to Developed,Missouri,Lincoln,CONUS Central 2,CONUS,v2025-11,10/23/2007 0:00,10/23/2007 0:00,alfisols,udalfs,hapludalfs,oxyaquic hapludalfs,,39.1599444,-90.8163889,3976,5757,US_NCSS_changed_pedons_2011_to_2012.csv
1986MO195009m,42933,49987,49273,"1986MO195009m",1987,site_obsdate,2011,2012,2011-2012,25,13,"Moderate development age, 6-15 years",3,Rangeland or Pasture to Developed,Missouri,Saline,CONUS Central 2,CONUS,v2025-11,4/10/1987 0:00,4/10/1987 0:00,entisols,aquents,fluvaquents,aeric fluvaquents,fine-silty,39.1394463,-93.43416595,3976,5797,US_NCSS_changed_pedons_2011_to_2012.csv
S1969MT027007,103141,3504,3504,"S1969MT027007",1969,site_obsdate,2011,2012,2011-2012,43,13,"Moderate development age, 6-15 years",3,Rangeland or Pasture to Developed,Montana,Fergus,CONUS West 2,CONUS,v2025-11,1/1/1969 0:00,1/1/1969 0:00,aridisols,argids,natrargids,borollic natrargids,fine,47.3415833,-110.0855484,3979,5915,US_NCSS_changed_pedons_2011_to_2012.csv
1950NE019003,788090,2154,2154,"1950NE019003",1950,site_obsdate,2011,2012,2011-2012,62,13,"Moderate development age, 6-15 years",3,Rangeland or Pasture to Developed,Nebraska,Buffalo,CONUS Central 1,CONUS,v2025-11,7/15/1950 0:00,7/13/1950 0:00,mollisols,ustolls,natrustolls,typic natrustolls,fine,40.7427788,-98.7900009,3982,6121,US_NCSS_changed_pedons_2011_to_2012.csv
S1974NE121026,110341,2011,2011,"S1974NE121026",1974,site_obsdate,2011,2012,2011-2012,38,13,"Moderate development age, 6-15 years",3,Rangeland or Pasture to Developed,Nebraska,Merrick,CONUS Central 1,CONUS,v2025-11,6/1/1974 0:00,6/1/1974 0:00,mollisols,ustolls,haplustolls,fluvaquentic haplustolls,coarse-loamy,41.2016716,-97.9053574,3982,6172,US_NCSS_changed_pedons_2011_to_2012.csv
1969NV001001,253221,5631,5631,"1969NV001001",1969,site_obsdate,2011,2012,2011-2012,43,13,"Moderate development age, 6-15 years",3,Rangeland or Pasture to Developed,Nevada,Churchill,CONUS West 1,CONUS,v2025-11,9/16/1969 0:00,9/16/1969 0:00,entisols,psamments,torripsamments,typic torripsamments,,39.5053889,-118.9869444,3987,6269,US_NCSS_changed_pedons_2011_to_2012.csv
S1960NV003001,104535,176,176,"S1960NV003001",1960,site_obsdate,2011,2012,2011-2012,52,13,"Moderate development age, 6-15 years",3,Rangeland or Pasture to Developed,Nevada,Clark,CONUS West 2,CONUS,v2025-11,1/23/1960 0:00,1/23/1960 0:00,aridisols,orthids,salorthids,typic salorthids,fine-silty,36.6674995,-114.5830536,3987,6270,US_NCSS_changed_pedons_2011_to_2012.csv
S1980NV003001,110460,7812,7812,"S1980NV003001",1980,site_obsdate,2011,2012,2011-2012,32,13,"Moderate development age, 6-15 years",3,Rangeland or Pasture to Developed,Nevada,Clark,CONUS West 1,CONUS,v2025-11,6/3/1980 0:00,4/1/1980 0:00,aridisols,calcids,petrocalcids,typic petrocalcids,loamy,36.0347176,-115.2033386,3987,6270,US_NCSS_changed_pedons_2011_to_2012.csv
S1957NJ023004,1100478,327,327,"S1957NJ023004",1957,site_obsdate,2011,2012,2011-2012,55,13,"Moderate development age, 6-15 years",3,Rangeland or Pasture to Developed,New Jersey,Middlesex,CONUS East 2,CONUS,v2025-11,3/28/1957 0:00,3/28/1957 0:00,ultisols,udults,hapludults,aquic hapludults,fine-loamy,40.33222198,-74.5811081,3984,6226,US_NCSS_changed_pedons_2011_to_2012.csv
2018NM013216,1306426,728,728,"2018NM013216",1960,site_obsdate,2011,2012,2011-2012,52,13,"Moderate development age, 6-15 years",3,Rangeland or Pasture to Developed,New Mexico,Doña Ana,CONUS West 2,CONUS,v2025-11,10/18/2018 0:00,4/18/1960 0:00,mollisols,ustolls,haplustolls,pachic haplustolls,loamy-skeletal,32.3052139,-106.5886556,3986,6243,US_NCSS_changed_pedons_2011_to_2012.csv
86NC077003,123906,13775,13775,"S1986NC077003",1986,site_obsdate,2011,2012,2011-2012,26,13,"Moderate development age, 6-15 years",2,Forest to Developed,North Carolina,Granville,CONUS East 1,CONUS,v2025-11,8/3/1986 0:00,8/1/1986 0:00,mollisols,aquolls,argiaquolls,typic argiaquolls,fine-loamy,36.1166649,-78.7527771,3980,5997,US_NCSS_changed_pedons_2011_to_2012.csv
S1965NC163002,110262,3859,3859,"S1965NC163002",1965,site_obsdate,2011,2012,2011-2012,47,13,"Moderate development age, 6-15 years",3,Rangeland or Pasture to Developed,North Carolina,Sampson,CONUS East 1,CONUS,v2025-11,6/1/1965 0:00,6/1/1965 0:00,ultisols,udults,hapludults,typic hapludults,fine-loamy,35.23306274,-78.36500549,3980,6040,US_NCSS_changed_pedons_2011_to_2012.csv
88ND053046,46866,16242,16242,"88ND053046",1988,site_obsdate,2011,2012,2011-2012,24,13,"Moderate development age, 6-15 years",3,Rangeland or Pasture to Developed,North Dakota,McKenzie,CONUS Central 1,CONUS,v2025-11,,8/11/1988 0:00,mollisols,borolls,argiborolls,typic argiborolls,,47.8927778,-103.6694444,3981,6085,US_NCSS_changed_pedons_2011_to_2012.csv
56OK017001,128198,4462,4462,"S1956OK017001",1956,site_obsdate,2011,2012,2011-2012,56,13,"Moderate development age, 6-15 years",3,Rangeland or Pasture to Developed,Oklahoma,Canadian,CONUS Central 1,CONUS,v2025-11,6/1/1956 0:00,6/1/1956 0:00,alfisols,ustalfs,haplustalfs,udic haplustalfs,fine-silty,35.4636116,-97.707222,3990,6444,US_NCSS_changed_pedons_2011_to_2012.csv
S1953OK117036,927039,4476,4476,"S1953OK117036",1953,site_obsdate,2011,2012,2011-2012,59,13,"Moderate development age, 6-15 years",3,Rangeland or Pasture to Developed,Oklahoma,Pawnee,CONUS Central 1,CONUS,v2025-11,11/1/1953 0:00,11/1/1953 0:00,mollisols,ustolls,paleustolls,udertic paleustolls,fine,36.4055557,-97.0008316,3990,6494,US_NCSS_changed_pedons_2011_to_2012.csv
S1957OR055001,105213,854,854,"S1957OR055001",1957,site_obsdate,2011,2012,2011-2012,55,13,"Moderate development age, 6-15 years",3,Rangeland or Pasture to Developed,Oregon,Sherman,CONUS West 1,CONUS,v2025-11,5/8/1957 0:00,5/8/1957 0:00,mollisols,xerolls,haploxerolls,typic haploxerolls,fine-silty,45.2724991,-120.7038879,3991,6540,US_NCSS_changed_pedons_2011_to_2012.csv
S2004PA029006,155771,32343,32224,"S2004PA029006",2004,site_obsdate,2011,2012,2011-2012,8,13,"Moderate development age, 6-15 years",3,Rangeland or Pasture to Developed,Pennsylvania,Chester,CONUS East 1,CONUS,v2025-11,10/19/2004 0:00,10/19/2004 0:00,ultisols,udults,hapludults,typic hapludults,,39.808918,-75.9264984,3992,6563,US_NCSS_changed_pedons_2011_to_2012.csv
S1961PR019004,105448,220,220,"S1961PR019004",1961,site_obsdate,2011,2012,2011-2012,51,13,"Moderate development age, 6-15 years",3,Rangeland or Pasture to Developed,Puerto Rico,Barranquitas,Puerto Rico and U.S. Virgin Islands,PRUSVI,v2024-10,12/10/1961 0:00,12/10/1961 0:00,ultisols,humults,haplohumults,typic haplohumults,very-fine,18.2388897,-66.2822189,3994,6625,US_NCSS_changed_pedons_2011_to_2012.csv
88PR097001,124873,14873,14873,"S1988PR097001",1988,site_obsdate,2011,2012,2011-2012,24,13,"Moderate development age, 6-15 years",3,Rangeland or Pasture to Developed,Puerto Rico,Mayagüez,Puerto Rico and U.S. Virgin Islands,PRUSVI,v2024-10,2/1/1988 0:00,2/1/1988 0:00,ultisols,humults,haplohumults,typic haplohumults,very-fine,18.2222214,-67.1505585,3994,6665,US_NCSS_changed_pedons_2011_to_2012.csv
S1958PR105003,105492,516,516,"S1958PR105003",1958,site_obsdate,2011,2012,2011-2012,54,13,"Moderate development age, 6-15 years",3,Rangeland or Pasture to Developed,Puerto Rico,Naranjito,Puerto Rico and U.S. Virgin Islands,PRUSVI,v2024-10,11/7/1958 0:00,11/7/1958 0:00,mollisols,udolls,hapludolls,typic hapludolls,fine,18.2749996,-66.2413864,3994,6669,US_NCSS_changed_pedons_2011_to_2012.csv
82SD013006,110664,9863,9863,"S1982SD013006",1982,site_obsdate,2011,2012,2011-2012,30,13,"Moderate development age, 6-15 years",3,Rangeland or Pasture to Developed,South Dakota,Brown,CONUS Central 1,CONUS,v2025-11,6/3/1982 0:00,6/1/1982 0:00,mollisols,borolls,haploborolls,udic haploborolls,coarse-silty,45.7677765,-98.0208359,3998,6766,US_NCSS_changed_pedons_2011_to_2012.csv
S1951SD059006,105634,2318,2318,"S1951SD059006",1951,site_obsdate,2011,2012,2011-2012,61,13,"Moderate development age, 6-15 years",3,Rangeland or Pasture to Developed,South Dakota,Hand,CONUS Central 1,CONUS,v2025-11,8/21/1951 0:00,8/21/1951 0:00,,,,,,44.5780334,-98.8673553,3998,6789,US_NCSS_changed_pedons_2011_to_2012.csv
S83TX041001,792495,72878,133611,"S83TX041001",1983,site_obsdate,2011,2012,2011-2012,29,13,"Moderate development age, 6-15 years",3,Rangeland or Pasture to Developed,Texas,Brazos,CONUS Central 1,CONUS,v2025-11,,6/17/1983 0:00,Alfisols,Aqualfs,Albaqualfs,Vertic Albaqualfs,,30.60494995,-96.3498667,4000,6942,US_NCSS_changed_pedons_2011_to_2012.csv
S1975TX113003,110747,4411,4411,"S1975TX113003",1975,site_obsdate,2011,2012,2011-2012,37,13,"Moderate development age, 6-15 years",1,Agriculture to Developed,Texas,Dallas,CONUS Central 1,CONUS,v2025-11,6/1/1975 0:00,6/1/1975 0:00,alfisols,ustalfs,paleustalfs,udic paleustalfs,fine-loamy,32.6121025,-96.671669,4000,6978,US_NCSS_changed_pedons_2011_to_2012.csv
79TX143001,119935,7281,7281,"S1979TX143001",1979,site_obsdate,2011,2012,2011-2012,33,13,"Moderate development age, 6-15 years",3,Rangeland or Pasture to Developed,Texas,Erath,CONUS Central 1,CONUS,v2025-11,6/3/1979 0:00,6/1/1979 0:00,alfisols,ustalfs,rhodustalfs,lithic rhodustalfs,clayey,32.4222221,-98.3499985,4000,6993,US_NCSS_changed_pedons_2011_to_2012.csv
93UT041001,271705,20524,20524,"S1993UT041001",1993,site_obsdate,2011,2012,2011-2012,19,13,"Moderate development age, 6-15 years",3,Rangeland or Pasture to Developed,Utah,Sevier,CONUS West 2,CONUS,v2025-11,,8/16/1993 0:00,aridisols,orthids,camborthids,vertic camborthids,,38.7388878,-112.0986099,4002,7205,US_NCSS_changed_pedons_2011_to_2012.csv
S1992WA037019,106725,19009,19009,"S1992WA037019",1992,site_obsdate,2011,2012,2011-2012,20,13,"Moderate development age, 6-15 years",3,Rangeland or Pasture to Developed,Washington,Kittitas,CONUS West 1,CONUS,v2025-11,12/4/1992 0:00,12/2/1992 0:00,mollisols,aquolls,argiaquolls,typic argiaquolls,fine,46.9830551,-120.4449997,4006,7386,US_NCSS_changed_pedons_2011_to_2012.csv
S02WV051002,533946,55561,54760,"S02-WV051-002",2002,site_obsdate,2011,2012,2011-2012,10,13,"Moderate development age, 6-15 years",3,Rangeland or Pasture to Developed,West Virginia,Marshall,CONUS East 1,CONUS,v2025-11,4/23/2002 0:00,4/23/2002 0:00,,,,,,39.7558889,-80.85700226,4008,7504,US_NCSS_changed_pedons_2011_to_2012.csv
S1983WI093025,1051092,71898,132583,"S1983WI093025",1983,samp_classdate,2011,2012,2011-2012,29,13,"Moderate development age, 6-15 years",3,Rangeland or Pasture to Developed,Wisconsin,Pierce,CONUS Central 2,CONUS,v2025-11,7/14/1983 0:00,,alfisols,udalfs,hapludalfs,typic hapludalfs,fine-silty,44.6019322,-92.3882034,4007,7454,US_NCSS_changed_pedons_2011_to_2012.csv
01AL089001-pgm,308383,39823,39204,"01AL089001-pgm",2001,site_obsdate,2012,2013,2012-2013,12,12,"Moderate development age, 6-15 years",1,Agriculture to Developed,Alabama,Madison,CONUS Central 2,CONUS,v2025-11,8/28/2001 0:00,8/28/2001 0:00,inceptisols,udepts,eutrudepts,oxyaquic eutrudepts,fine,34.6992778,-86.67299652,3947,4331,US_NCSS_changed_pedons_2012_to_2013.csv
80AZ025003,120221,7795,7795,"S1980AZ025003",1980,site_obsdate,2012,2013,2012-2013,33,12,"Moderate development age, 6-15 years",3,Rangeland or Pasture to Developed,Arizona,Yavapai,CONUS West 2,CONUS,v2025-11,3/1/1980 0:00,3/1/1980 0:00,entisols,fluvents,torrifluvents,ustic torrifluvents,,34.7305565,-111.9958344,3950,4447,US_NCSS_changed_pedons_2012_to_2013.csv
1978AR065001,119929,7251,7251,"1978AR065001S",1978,site_obsdate,2012,2013,2012-2013,35,12,"Moderate development age, 6-15 years",3,Rangeland or Pasture to Developed,Arkansas,Izard,CONUS Central 2,CONUS,v2025-11,6/3/1978 0:00,6/1/1978 0:00,entisols,fluvents,udifluvents,typic udifluvents,sandy,36.1144447,-91.9661102,3948,4386,US_NCSS_changed_pedons_2012_to_2013.csv
94AR095003,107669,21682,21682,"S1994AR095003",1994,site_obsdate,2012,2013,2012-2013,19,12,"Moderate development age, 6-15 years",1,Agriculture to Developed,Arkansas,Monroe,CONUS Central 2,CONUS,v2025-11,10/5/1994 0:00,10/5/1994 0:00,,,,,,34.7356758,-91.1120682,3948,4401,US_NCSS_changed_pedons_2012_to_2013.csv
S1964CA073001,1212203,188,188,"S1964CA073001",1964,site_obsdate,2012,2013,2012-2013,49,12,"Moderate development age, 6-15 years",3,Rangeland or Pasture to Developed,California,San Diego,CONUS West 1,CONUS,v2025-11,2/17/1964 0:00,2/17/1964 0:00,inceptisols,xerepts,haploxerepts,typic haploxerepts,coarse-loamy,33.3491669,-117.2399979,3951,4485,US_NCSS_changed_pedons_2012_to_2013.csv
S1961CA097006,100243,2909,2909,"S1961CA097006",1961,site_obsdate,2012,2013,2012-2013,52,12,"Moderate development age, 6-15 years",3,Rangeland or Pasture to Developed,California,Sonoma,CONUS West 1,CONUS,v2025-11,6/22/1961 0:00,6/22/1961 0:00,ultisols,ustults,haplustults,typic haplustults,fine-loamy,38.3786125,-122.8327789,3951,4497,US_NCSS_changed_pedons_2012_to_2013.csv
S1960CO099009,100455,3691,3691,"S1960CO099009",1960,site_obsdate,2012,2013,2012-2013,53,12,"Moderate development age, 6-15 years",3,Rangeland or Pasture to Developed,Colorado,Prowers,CONUS Central 1,CONUS,v2025-11,3/7/2008 0:00,11/1/1960 0:00,aridisols,argids,haplargids,ustic haplargids,fine-silty,38.1152763,-102.2297211,3952,4556,US_NCSS_changed_pedons_2012_to_2013.csv
1975-FL001-S01_062,516054,50706,49980,"S1975-FL001-S01_062",2011,site_obsdate,2012,2013,2012-2013,2,12,"Moderate development age, 6-15 years",2,Forest to Developed,Florida,Alachua,CONUS East 1,CONUS,v2025-11,,4/15/2011 0:00,Spodosols,Aquods,Alaquods,Ultic Alaquods,,29.7115784,-82.3436584,3957,4582,US_NCSS_changed_pedons_2012_to_2013.csv
S1975FL053024,1281822,50732,50006,"S1975FL053024",2011,site_obsdate,2012,2013,2012-2013,2,12,"Moderate development age, 6-15 years",3,Rangeland or Pasture to Developed,Florida,Hernando,CONUS East 1,CONUS,v2025-11,,4/15/2011 0:00,alfisols,udalfs,hapludalfs,aquic hapludalfs,fine-loamy,28.5011444,-82.6471405,3957,4608,US_NCSS_changed_pedons_2012_to_2013.csv
83GA003013,121538,10613,10613,"S1983GA003013",1983,site_obsdate,2012,2013,2012-2013,30,12,"Moderate development age, 6-15 years",2,Forest to Developed,Georgia,Atkinson,CONUS East 1,CONUS,v2025-11,7/3/1983 0:00,7/1/1983 0:00,ultisols,aquults,paleaquults,arenic paleaquults,loamy,31.3416672,-82.8708344,3960,4654,US_NCSS_changed_pedons_2012_to_2013.csv
S2012GA235001,871708,71923,132608,"S2012GA235001",2012,samp_classdate,2012,2013,2012-2013,1,12,"Moderate development age, 6-15 years",3,Rangeland or Pasture to Developed,Georgia,Pulaski,CONUS East 1,CONUS,v2025-11,3/27/2012 0:00,,ultisols,udults,kandiudults,plinthic kandiudults,fine-loamy,32.2019611,-83.5789417,3960,4768,US_NCSS_changed_pedons_2012_to_2013.csv
1978IL073081,375422,36469,35854,"1978IL073081",1978,site_obsdate,2012,2013,2012-2013,35,12,"Moderate development age, 6-15 years",3,Rangeland or Pasture to Developed,Illinois,Henry,CONUS Central 2,CONUS,v2025-11,10/1/1978 0:00,10/1/1978 0:00,mollisols,aquolls,endoaquolls,cumulic vertic endoaquolls,very-fine,41.5806738,-89.9759424,3965,4997,US_NCSS_changed_pedons_2012_to_2013.csv
1977IL095032,375524,36402,35787,"1977IL095032",1977,site_obsdate,2012,2013,2012-2013,36,12,"Moderate development age, 6-15 years",3,Rangeland or Pasture to Developed,Illinois,Knox,CONUS Central 2,CONUS,v2025-11,7/1/1977 0:00,7/1/1977 0:00,alfisols,udalfs,hapludalfs,typic hapludalfs,fine-silty,40.9840956,-90.4119976,3965,5008,US_NCSS_changed_pedons_2012_to_2013.csv
80IL115040,121226,10096,10096,"S1980IL115040",1980,site_obsdate,2012,2013,2012-2013,33,12,"Moderate development age, 6-15 years",3,Rangeland or Pasture to Developed,Illinois,Macon,CONUS Central 2,CONUS,v2025-11,12/3/1980 0:00,12/1/1980 0:00,mollisols,aquolls,haplaquolls,cumulic haplaquolls,fine,39.9444427,-89.0625,3965,5018,US_NCSS_changed_pedons_2012_to_2013.csv
S2002IN027001,139132,29924,29822,"S2002IN027001",2002,site_obsdate,2012,2013,2012-2013,11,12,"Moderate development age, 6-15 years",1,Agriculture to Developed,Indiana,Daviess,CONUS Central 2,CONUS,v2025-11,,12/10/2002 0:00,,,,,,38.7733345,-87.0705566,3966,5076,US_NCSS_changed_pedons_2012_to_2013.csv
1976IN031022,313422,38297,37682,"1976IN031022",1976,site_obsdate,2012,2013,2012-2013,37,12,"Moderate development age, 6-15 years",3,Rangeland or Pasture to Developed,Indiana,Decatur,CONUS Central 2,CONUS,v2025-11,9/2/1976 0:00,9/2/1976 0:00,alfisols,udalfs,paleudalfs,typic paleudalfs,fine-silty,39.16889954,-85.5504444,3966,5078,US_NCSS_changed_pedons_2012_to_2013.csv
2016IN117002,1108219,38129,37514,"1977IN117004",1977,site_obsdate,2012,2013,2012-2013,36,12,"Moderate development age, 6-15 years",3,Rangeland or Pasture to Developed,Indiana,Orange,CONUS Central 2,CONUS,v2025-11,3/15/1977 0:00,3/15/1977 0:00,alfisols,aqualfs,fragiaqualfs,aeric fragiaqualfs,fine-silty,38.4724889,-86.6684639,3966,5121,US_NCSS_changed_pedons_2012_to_2013.csv
S02IN127001,158451,30518,30402,"S02IN127001",2002,site_obsdate,2012,2013,2012-2013,11,12,"Moderate development age, 6-15 years",3,Rangeland or Pasture to Developed,Indiana,Porter,CONUS Central 2,CONUS,v2025-11,9/30/2002 0:00,9/30/2002 0:00,mollisols,aquolls,endoaquolls,fluvaquentic endoaquolls,fine-silty,41.5014139,-87.1247778,3966,5126,US_NCSS_changed_pedons_2012_to_2013.csv
1971IN181004,312802,37788,37173,"1971IN181004",1971,site_obsdate,2012,2013,2012-2013,42,12,"Moderate development age, 6-15 years",1,Agriculture to Developed,Indiana,White,CONUS Central 2,CONUS,v2025-11,9/8/1971 0:00,9/8/1971 0:00,,,,,,40.7376333,-86.7734306,3966,5153,US_NCSS_changed_pedons_2012_to_2013.csv
84KS033001,102128,11456,11456,"S1984KS033001",1984,site_obsdate,2012,2013,2012-2013,29,12,"Moderate development age, 6-15 years",3,Rangeland or Pasture to Developed,Kansas,Comanche,CONUS Central 1,CONUS,v2025-11,6/6/1984 0:00,6/6/1984 0:00,,,,,,37.0902786,-99.4402771,3967,5171,US_NCSS_changed_pedons_2012_to_2013.csv
91KY067002,127283,17929,17929,"S1991KY067002",1991,site_obsdate,2012,2013,2012-2013,22,12,"Moderate development age, 6-15 years",1,Agriculture to Developed,Kentucky,Fayette,CONUS East 1,CONUS,v2025-11,3/1/1991 0:00,3/1/1991 0:00,alfisols,udalfs,paleudalfs,typic paleudalfs,,37.97694397,-84.5369415,3968,5293,US_NCSS_changed_pedons_2012_to_2013.csv
90LA011015,126796,17318,17318,"S1990LA011015",1990,site_obsdate,2012,2013,2012-2013,23,12,"Moderate development age, 6-15 years",1,Agriculture to Developed,Louisiana,Beauregard,CONUS Central 2,CONUS,v2025-11,8/3/1990 0:00,8/1/1990 0:00,ultisols,udults,paleudults,plinthaquic paleudults,fine-silty,30.5575008,-93.2641678,3969,5385,US_NCSS_changed_pedons_2012_to_2013.csv
S2001MD017011,248414,28489,28428,"S2001MD017011",2001,site_obsdate,2012,2013,2012-2013,12,12,"Moderate development age, 6-15 years",2,Forest to Developed,Maryland,Charles,CONUS East 1,CONUS,v2025-11,7/25/2001 0:00,7/25/2001 0:00,ultisols,udults,fragiudults,aquic fragiudults,fine-silty,38.6222583,-76.976925,3971,5465,US_NCSS_changed_pedons_2012_to_2013.csv
Q07MN035025,283448,34903,34689,"Q07MN035025",2007,site_obsdate,2012,2013,2012-2013,6,12,"Moderate development age, 6-15 years",2,Forest to Developed,Minnesota,Crow Wing,CONUS Central 2,CONUS,v2025-11,10/24/2007 0:00,10/24/2007 0:00,entisols,psamments,udipsamments,oxyaquic udipsamments,,46.3851395,-94.2840805,3975,5631,US_NCSS_changed_pedons_2012_to_2013.csv
S1973MN1451698,676522,56767,55966,"S1973MN1451698",2011,site_obsdate,2012,2013,2012-2013,2,12,"Moderate development age, 6-15 years",3,Rangeland or Pasture to Developed,Minnesota,Stearns,CONUS Central 2,CONUS,v2025-11,1/6/2011 0:00,1/6/2011 0:00,alfisols,udalfs,hapludalfs,lamellic hapludalfs,coarse-loamy,45.5221901,-94.178688,3975,5686,US_NCSS_changed_pedons_2012_to_2013.csv
S1978MN1692740,583036,55975,55174,"S1978MN1692740",1978,site_obsdate,2012,2013,2012-2013,35,12,"Moderate development age, 6-15 years",3,Rangeland or Pasture to Developed,Minnesota,Winona,CONUS Central 2,CONUS,v2025-11,6/27/1978 0:00,6/27/1978 0:00,mollisols,aquolls,epiaquolls,typic epiaquolls,fine,43.9367294,-91.9790421,3975,5698,US_NCSS_changed_pedons_2012_to_2013.csv
99MS143001,109155,24682,24682,"S1999MS143001",1999,site_obsdate,2012,2013,2012-2013,14,12,"Moderate development age, 6-15 years",1,Agriculture to Developed,Mississippi,Tunica,CONUS Central 2,CONUS,v2025-11,8/9/1999 0:00,8/9/1999 0:00,,,,,,34.6845016,-90.4113083,3978,5891,US_NCSS_changed_pedons_2012_to_2013.csv
1987MO005007m,43005,49970,49256,"1987MO005007m",1987,site_obsdate,2012,2013,2012-2013,26,12,"Moderate development age, 6-15 years",2,Forest to Developed,Missouri,Atchison,CONUS Central 1,CONUS,v2025-11,3/1/1987 0:00,3/1/1987 0:00,mollisols,udolls,argiudolls,aquic argiudolls,fine,40.5694427,-95.4883347,3976,5703,US_NCSS_changed_pedons_2012_to_2013.csv
2007MO071016,643051,41275,40561,"2007MO071016",2007,site_obsdate,2012,2013,2012-2013,6,12,"Moderate development age, 6-15 years",1,Agriculture to Developed,Missouri,Franklin,CONUS Central 2,CONUS,v2025-11,4/2/2007 0:00,4/2/2007 0:00,entisols,psamments,udipsamments,typic udipsamments,,38.6801389,-91.3233333,3976,5736,US_NCSS_changed_pedons_2012_to_2013.csv
2008MO193006,664966,41484,40770,"2008MO193006",2008,site_obsdate,2012,2013,2012-2013,5,12,"Moderate development age, 6-15 years",1,Agriculture to Developed,Missouri,Ste. Genevieve,CONUS Central 2,CONUS,v2025-11,5/13/2008 0:00,5/13/2008 0:00,alfisols,udalfs,hapludalfs,typic hapludalfs,,37.92599869,-90.0566111,3976,12002,US_NCSS_changed_pedons_2012_to_2013.csv
1991MO215012,698875,44458,43744,"1991MO215012",1991,site_obsdate,2012,2013,2012-2013,22,12,"Moderate development age, 6-15 years",3,Rangeland or Pasture to Developed,Missouri,Texas,CONUS Central 2,CONUS,v2025-11,9/12/1991 0:00,9/12/1991 0:00,ultisols,udults,paleudults,typic paleudults,loamy-skeletal over clayey,37.1877861,-91.7079472,3976,5807,US_NCSS_changed_pedons_2012_to_2013.csv
91MT089019,127519,18286,18286,"S1991MT089019",1991,site_obsdate,2012,2013,2012-2013,22,12,"Moderate development age, 6-15 years",3,Rangeland or Pasture to Developed,Montana,Sanders,CONUS West 1,CONUS,v2025-11,,6/1/1991 0:00,andisols,xerands,haploxerands,typic haploxerands,,47.9805565,-115.7399979,3979,5946,US_NCSS_changed_pedons_2012_to_2013.csv
98NE109001,108806,23818,23818,"S1998NE109001",1998,site_obsdate,2012,2013,2012-2013,15,12,"Moderate development age, 6-15 years",3,Rangeland or Pasture to Developed,Nebraska,Lancaster,CONUS Central 1,CONUS,v2025-11,5/5/1998 0:00,5/5/1998 0:00,mollisols,udolls,argiudolls,typic argiudolls,,40.7613907,-96.7997208,3982,6166,US_NCSS_changed_pedons_2012_to_2013.csv
98NE109002,108885,23819,23819,"S1998NE109002",1998,site_obsdate,2012,2013,2012-2013,15,12,"Moderate development age, 6-15 years",3,Rangeland or Pasture to Developed,Nebraska,Lancaster,CONUS Central 1,CONUS,v2025-11,5/5/1998 0:00,5/5/1998 0:00,,,,,,40.7613907,-96.7997208,3982,6166,US_NCSS_changed_pedons_2012_to_2013.csv
98NE109003,108803,23820,23820,"S1998NE109003",1998,site_obsdate,2012,2013,2012-2013,15,12,"Moderate development age, 6-15 years",3,Rangeland or Pasture to Developed,Nebraska,Lancaster,CONUS Central 1,CONUS,v2025-11,5/5/1998 0:00,5/5/1998 0:00,,,,,,40.7613907,-96.7997208,3982,6166,US_NCSS_changed_pedons_2012_to_2013.csv
2018NM013254,1306465,5276,5276,"2018NM013254",1966,site_obsdate,2012,2013,2012-2013,47,12,"Moderate development age, 6-15 years",3,Rangeland or Pasture to Developed,New Mexico,Doña Ana,CONUS West 2,CONUS,v2025-11,11/5/2018 0:00,4/15/1966 0:00,aridisols,argids,calciargids,typic calciargids,coarse-loamy,32.2819333,-106.7397306,3986,6243,US_NCSS_changed_pedons_2012_to_2013.csv
91NM015004,127701,18471,18471,"S1991NM015004",1991,site_obsdate,2012,2013,2012-2013,22,12,"Moderate development age, 6-15 years",4,Other to Developed,New Mexico,Eddy,CONUS Central 1,CONUS,v2025-11,6/1/1991 0:00,6/1/1991 0:00,vertisols,torrerts,haplotorrerts,typic haplotorrerts,coarse-silty over sandy or sandy-skeletal,32.8130569,-104.1372223,3986,6244,US_NCSS_changed_pedons_2012_to_2013.csv
S2004NY003004,164750,31394,31275,"S2004NY003004",2004,site_obsdate,2012,2013,2012-2013,9,12,"Moderate development age, 6-15 years",3,Rangeland or Pasture to Developed,New York,Allegany,CONUS East 1,CONUS,v2025-11,9/2/2004 0:00,9/2/2004 0:00,inceptisols,udepts,eutrudepts,aquic eutrudepts,,42.4137764,-77.7388611,3988,6287,US_NCSS_changed_pedons_2012_to_2013.csv
88NY099003,125684,15909,15909,"S1988NY099003",1988,site_obsdate,2012,2013,2012-2013,25,12,"Moderate development age, 6-15 years",3,Rangeland or Pasture to Developed,New York,Seneca,CONUS East 1,CONUS,v2025-11,7/1/1988 0:00,7/1/1988 0:00,aridisols,aquepts,haplaquepts,aeric haplaquepts,fine-loamy,42.58611298,-76.7922211,3988,6335,US_NCSS_changed_pedons_2012_to_2013.csv
S2004NC105001,435307,32320,32201,"S2004NC105001",2004,site_obsdate,2012,2013,2012-2013,9,12,"Moderate development age, 6-15 years",3,Rangeland or Pasture to Developed,North Carolina,Lee,CONUS East 1,CONUS,v2025-11,4/7/2004 0:00,4/7/2004 0:00,ultisols,udults,hapludults,aquic hapludults,,35.5950546,-79.0711136,3980,6011,US_NCSS_changed_pedons_2012_to_2013.csv
1961-OH069-003,750460,67666,65741,"1961-OH069-003",1961,site_obsdate,2012,2013,2012-2013,52,12,"Moderate development age, 6-15 years",1,Agriculture to Developed,Ohio,Henry,CONUS East 1,CONUS,v2025-11,9/11/1961 0:00,9/11/1961 0:00,alfisols,aqualfs,epiaqualfs,mollic epiaqualfs,fine-loamy,41.4860344,-84.0640259,3989,6382,US_NCSS_changed_pedons_2012_to_2013.csv
S1956OH161S02,770340,66883,64958,"S1956OH161S02",1956,site_obsdate,2012,2013,2012-2013,57,12,"Moderate development age, 6-15 years",1,Agriculture to Developed,Ohio,Van Wert,CONUS East 1,CONUS,v2025-11,8/26/1956 0:00,8/26/1956 0:00,alfisols,aqualfs,epiaqualfs,aeric epiaqualfs,fine,40.8147736,-84.7939987,3989,6428,US_NCSS_changed_pedons_2012_to_2013.csv
S1953OK117035,633213,4490,4490,"S1953OK117035",1953,site_obsdate,2012,2013,2012-2013,60,12,"Moderate development age, 6-15 years",3,Rangeland or Pasture to Developed,Oklahoma,Pawnee,CONUS Central 1,CONUS,v2025-11,11/1/1953 0:00,11/1/1953 0:00,mollisols,ustolls,argiustolls,udic argiustolls,fine-silty,36.5325012,-96.7458344,3990,6494,US_NCSS_changed_pedons_2012_to_2013.csv
1977PA071019,422218,54013,53212,"1977PA071019",1977,site_obsdate,2012,2013,2012-2013,36,12,"Moderate development age, 6-15 years",3,Rangeland or Pasture to Developed,Pennsylvania,Lancaster,CONUS East 1,CONUS,v2025-11,6/14/1977 0:00,6/14/1977 0:00,Alfisols,Ustalfs,Paleudalfs,Typic Paleudalfs,fine,40.1033333,-76.2605556,3992,6584,US_NCSS_changed_pedons_2012_to_2013.csv
1977PA071022,422221,54016,53215,"479",1977,site_obsdate,2012,2013,2012-2013,36,12,"Moderate development age, 6-15 years",3,Rangeland or Pasture to Developed,Pennsylvania,Lancaster,CONUS East 1,CONUS,v2025-11,6/14/1977 0:00,6/14/1977 0:00,inceptisols,ochrepts,dystrochrepts,typic dystrochrepts,coarse-loamy,40.1033333,-76.2605556,3992,6584,US_NCSS_changed_pedons_2012_to_2013.csv
S1961PR047002,105457,190,190,"S1961PR047002",1961,site_obsdate,2012,2013,2012-2013,52,12,"Moderate development age, 6-15 years",3,Rangeland or Pasture to Developed,Puerto Rico,Barranquitas,Puerto Rico and U.S. Virgin Islands,PRUSVI,v2024-10,3/12/1961 0:00,3/12/1961 0:00,inceptisols,udepts,eutrudepts,dystric eutrudepts,fine,18.2416668,-66.2838898,3994,6639,US_NCSS_changed_pedons_2012_to_2013.csv
87PR007009,124102,13973,13973,"S1987PR007009",1987,site_obsdate,2012,2013,2012-2013,26,12,"Moderate development age, 6-15 years",3,Rangeland or Pasture to Developed,Puerto Rico,San Germán,Puerto Rico and U.S. Virgin Islands,PRUSVI,v2024-10,4/1/1987 0:00,4/1/1987 0:00,oxisols,udox,eutrudox,rhodic eutrudox,fine,18.0927773,-67.0619431,3994,6619,US_NCSS_changed_pedons_2012_to_2013.csv
80SC089017,120303,7977,7977,"S1980SC089017",1980,site_obsdate,2012,2013,2012-2013,33,12,"Moderate development age, 6-15 years",1,Agriculture to Developed,South Carolina,Williamsburg,CONUS East 1,CONUS,v2025-11,10/1/1980 0:00,10/1/1980 0:00,ultisols,udults,paleudults,aquic paleudults,clayey,33.4562531,-79.5786591,3997,6759,US_NCSS_changed_pedons_2012_to_2013.csv
S1963TX049090,105965,4319,4319,"S1963TX049090",1963,site_obsdate,2012,2013,2012-2013,50,12,"Moderate development age, 6-15 years",3,Rangeland or Pasture to Developed,Texas,Brown,CONUS Central 1,CONUS,v2025-11,7/3/1963 0:00,7/3/1963 0:00,mollisols,ustolls,argiustolls,vertic argiustolls,fine,31.9447231,-98.8683319,4000,6946,US_NCSS_changed_pedons_2012_to_2013.csv
S1978-TX389-002-copy,1145938,7233,7233,"S1978-TX389-002-copy",1978,site_obsdate,2012,2013,2012-2013,35,12,"Moderate development age, 6-15 years",3,Rangeland or Pasture to Developed,Texas,Reeves,CONUS Central 1,CONUS,v2025-11,1/1/1978 0:00,1/1/1978 0:00,aridisols,gypsids,argigypsids,ustic argigypsids,fine-gypseous,31.3240167,-103.5046722,4000,7116,US_NCSS_changed_pedons_2012_to_2013.csv
92VI010004,106554,19085,19085,"S1992VI010004",1992,site_obsdate,2012,2013,2012-2013,21,12,"Moderate development age, 6-15 years",4,Other to Developed,United States Virgin Islands,St. Croix,Puerto Rico and U.S. Virgin Islands,PRUSVI,v2024-10,3/4/1992 0:00,3/2/1992 0:00,mollisols,ustolls,paleustolls,petrocalcic paleustolls,fine,17.6980553,-64.8066635,4004,7350,US_NCSS_changed_pedons_2012_to_2013.csv
S1967UT035005,106364,5397,5397,"S1967UT035005",1967,site_obsdate,2012,2013,2012-2013,46,12,"Moderate development age, 6-15 years",3,Rangeland or Pasture to Developed,Utah,Salt Lake,CONUS West 2,CONUS,v2025-11,8/25/1967 0:00,8/25/1967 0:00,,,,,,40.5819435,-112.0316696,4002,7202,US_NCSS_changed_pedons_2012_to_2013.csv
V1992-VA001-026,363619,57353,56552,"VPI-Bojac-5",2009,site_obsdate,2012,2013,2012-2013,4,12,"Moderate development age, 6-15 years",1,Agriculture to Developed,Virginia,Accomack,CONUS East 1,CONUS,v2025-11,9/22/2009 0:00,9/22/2009 0:00,ultisols,udults,hapludults,typic hapludults,,37.6123238,-75.7677841,4003,7214,US_NCSS_changed_pedons_2012_to_2013.csv
S04VA059021-1,257123,32811,32669,"S2004-VA059-21-1",2007,site_obsdate,2012,2013,2012-2013,6,12,"Moderate development age, 6-15 years",3,Rangeland or Pasture to Developed,Virginia,Fairfax,CONUS East 1,CONUS,v2025-11,9/28/2007 0:00,9/28/2007 0:00,entisols,orthents,udorthents,typic udorthents,,38.8230896,-77.4121857,4003,7242,US_NCSS_changed_pedons_2012_to_2013.csv
S2005WV037005,205781,33060,32918,"S2005WV037005",2005,site_obsdate,2012,2013,2012-2013,8,12,"Moderate development age, 6-15 years",2,Forest to Developed,West Virginia,Jefferson,CONUS East 1,CONUS,v2025-11,4/28/2005 0:00,4/28/2005 0:00,ultisols,udults,paleudults,typic paleudults,fine-loamy,39.2352778,-77.8213889,4008,7497,US_NCSS_changed_pedons_2012_to_2013.csv
82AL001001,107616,9351,9351,"S1982AL001001",1982,site_obsdate,2013,2014,2013-2014,32,11,"Moderate development age, 6-15 years",3,Rangeland or Pasture to Developed,Alabama,Autauga,CONUS Central 2,CONUS,v2025-11,8/3/1982 0:00,8/1/1982 0:00,ultisols,udults,paleudults,rhodic paleudults,fine-loamy,32.4147224,-86.4897232,3947,4287,US_NCSS_changed_pedons_2013_to_2014.csv
S1956AZ017025,107821,670,670,"S1956AZ017025",1956,site_obsdate,2013,2014,2013-2014,58,11,"Moderate development age, 6-15 years",3,Rangeland or Pasture to Developed,Arizona,Navajo,CONUS West 2,CONUS,v2025-11,5/14/1956 0:00,5/14/1956 0:00,aridisols,argids,haplargids,ustollic haplargids,fine-loamy,34.4625015,-110.1005554,3950,4443,US_NCSS_changed_pedons_2013_to_2014.csv
1973AR04506,813711,58924,58121,"1973AR04506",2012,site_obsdate,2013,2014,2013-2014,2,11,"Moderate development age, 6-15 years",2,Forest to Developed,Arkansas,Faulkner,CONUS Central 2,CONUS,v2025-11,,11/27/2012 0:00,,,,,,35.01580048,-92.41110229,3948,4376,US_NCSS_changed_pedons_2013_to_2014.csv
S2004AR053007,164696,32572,32447,"S2004AR053-07",2004,site_obsdate,2013,2014,2013-2014,10,11,"Moderate development age, 6-15 years",2,Forest to Developed,Arkansas,Grant,CONUS Central 2,CONUS,v2025-11,8/25/2004 0:00,8/25/2004 0:00,ultisols,udults,paleudults,fragiaquic paleudults,coarse-loamy,34.2543068,-92.3541641,3948,4380,US_NCSS_changed_pedons_2013_to_2014.csv
84CA031002,122363,11875,11875,"S1984CA031002",1984,site_obsdate,2013,2014,2013-2014,30,11,"Moderate development age, 6-15 years",1,Agriculture to Developed,California,Kings,CONUS West 1,CONUS,v2025-11,11/3/1984 0:00,11/1/1984 0:00,mollisols,aquolls,natraquolls,typic natraquolls,fine-loamy,36.2916679,-119.8249969,3951,4464,US_NCSS_changed_pedons_2013_to_2014.csv
S1969CA061012,108092,5565,5565,"S1969CA061012",1969,site_obsdate,2013,2014,2013-2014,45,11,"Moderate development age, 6-15 years",3,Rangeland or Pasture to Developed,California,Placer,CONUS West 1,CONUS,v2025-11,5/7/1969 0:00,5/7/1969 0:00,inceptisols,ochrepts,durochrepts,entic durochrepts,coarse-loamy,38.8236122,-121.3044434,3951,4479,US_NCSS_changed_pedons_2013_to_2014.csv
S1969CA061018,108094,5569,5569,"S1969CA061018",1969,site_obsdate,2013,2014,2013-2014,45,11,"Moderate development age, 6-15 years",3,Rangeland or Pasture to Developed,California,Placer,CONUS West 1,CONUS,v2025-11,5/8/1969 0:00,5/8/1969 0:00,alfisols,xeralfs,palexeralfs,typic palexeralfs,fine-loamy,38.8730545,-121.3202744,3951,4479,US_NCSS_changed_pedons_2013_to_2014.csv
S09CT009001,360630,40442,39811,"S2009CT009001",2009,site_obsdate,2013,2014,2013-2014,5,11,"Moderate development age, 6-15 years",3,Rangeland or Pasture to Developed,Connecticut,New Haven,CONUS East 2,CONUS,v2025-11,9/9/2009 0:00,9/9/2009 0:00,inceptisols,udepts,dystrudepts,typic dystrudepts,coarse-loamy,41.4082794,-72.90433502,3953,4574,US_NCSS_changed_pedons_2013_to_2014.csv
1989-FL013-S07_027,517222,51655,50929,"S1989-FL013-S07_027",2011,site_obsdate,2013,2014,2013-2014,3,11,"Moderate development age, 6-15 years",2,Forest to Developed,Florida,Calhoun,CONUS Central 2,CONUS,v2025-11,,4/15/2011 0:00,Ultisols,Udults,Paleudults,Plinthic Paleudults,,30.375,-85.1083298,3957,4588,US_NCSS_changed_pedons_2013_to_2014.csv
1981-FL065-S33_021,517700,51190,50464,"S1981-FL065-S33_021",2011,site_obsdate,2013,2014,2013-2014,3,11,"Moderate development age, 6-15 years",3,Rangeland or Pasture to Developed,Florida,Jefferson,CONUS East 1,CONUS,v2025-11,,4/15/2011 0:00,Ultisols,Udults,Paleudults,Grossarenic Paleudults,,30.3512554,-83.9545364,3957,4614,US_NCSS_changed_pedons_2013_to_2014.csv
1984-FL079-S40_014,517835,51361,50635,"S1984-FL079-S40_014",2011,site_obsdate,2013,2014,2013-2014,3,11,"Moderate development age, 6-15 years",1,Agriculture to Developed,Florida,Madison,CONUS East 1,CONUS,v2025-11,,4/15/2011 0:00,Ultisols,Udults,Kandiudults,Typic Kandiudults,,30.6171646,-83.4513855,3957,4621,US_NCSS_changed_pedons_2013_to_2014.csv
S1978FL105008,952567,51004,50278,"S1978FL105008",2011,site_obsdate,2013,2014,2013-2014,3,11,"Moderate development age, 6-15 years",3,Rangeland or Pasture to Developed,Florida,Polk,CONUS East 1,CONUS,v2025-11,,4/15/2011 0:00,ultisols,udults,paleudults,arenic paleudults,loamy,28.07925797,-81.9764023,3957,4634,US_NCSS_changed_pedons_2013_to_2014.csv
S1956GA277006,100961,4891,4891,"S1956GA277006",1956,site_obsdate,2013,2014,2013-2014,58,11,"Moderate development age, 6-15 years",2,Forest to Developed,Georgia,Tift,CONUS East 1,CONUS,v2025-11,2/1/1956 0:00,2/1/1956 0:00,,,,,,31.4732533,-83.4801712,3960,4789,US_NCSS_changed_pedons_2013_to_2014.csv
81IL017030,121150,9951,9951,"S1981IL017030",1981,site_obsdate,2013,2014,2013-2014,33,11,"Moderate development age, 6-15 years",1,Agriculture to Developed,Illinois,Cass,CONUS Central 2,CONUS,v2025-11,6/1/1981 0:00,6/1/1981 0:00,entisols,orthents,udorthents,typic udorthents,coarse-silty,39.9524994,-90.0908356,3965,4969,US_NCSS_changed_pedons_2013_to_2014.csv
1980IL133028,350952,36724,36109,"1980IL133028",1980,site_obsdate,2013,2014,2013-2014,34,11,"Moderate development age, 6-15 years",1,Agriculture to Developed,Illinois,Monroe,CONUS Central 2,CONUS,v2025-11,8/1/1980 0:00,8/1/1980 0:00,alfisols,udalfs,hapludalfs,ultic hapludalfs,fine-silty,38.4677711,-90.2140652,3965,5027,US_NCSS_changed_pedons_2013_to_2014.csv
1986IL149018,314773,37463,36848,"1986IL149018",1986,site_obsdate,2013,2014,2013-2014,28,11,"Moderate development age, 6-15 years",3,Rangeland or Pasture to Developed,Illinois,Pike,CONUS Central 2,CONUS,v2025-11,1/1/1986 0:00,1/1/1986 0:00,alfisols,aqualfs,endoaqualfs,typic endoaqualfs,fine-silty,39.7173333,-91.0673583,3965,5035,US_NCSS_changed_pedons_2013_to_2014.csv
83IL183064,267019,11110,11110,"83IL183064",1983,site_obsdate,2013,2014,2013-2014,31,11,"Moderate development age, 6-15 years",3,Rangeland or Pasture to Developed,Illinois,Vermilion,CONUS Central 2,CONUS,v2025-11,6/1/1983 0:00,6/1/1983 0:00,entisols,orthents,udorthents,typic udorthents,fine-loamy,40.1383644,-87.6994629,3965,5052,US_NCSS_changed_pedons_2013_to_2014.csv
S1981IN011010,109976,8844,8844,"S1981IN011010",1981,site_obsdate,2013,2014,2013-2014,33,11,"Moderate development age, 6-15 years",1,Agriculture to Developed,Indiana,Boone,CONUS Central 2,CONUS,v2025-11,6/1/1981 0:00,6/1/1981 0:00,alfisols,udalfs,hapludalfs,typic hapludalfs,fine-loamy,40.1414185,-86.5816498,3966,5068,US_NCSS_changed_pedons_2013_to_2014.csv
1972IN087004,312947,37887,37272,"1972IN087004",1973,site_obsdate,2013,2014,2013-2014,41,11,"Moderate development age, 6-15 years",1,Agriculture to Developed,Indiana,LaGrange,CONUS Central 2,CONUS,v2025-11,1/23/1973 0:00,1/23/1973 0:00,,,,,,41.7056417,-85.2927639,3966,5106,US_NCSS_changed_pedons_2013_to_2014.csv
S1972IN099008,1106801,37851,37236,"S1972IN099008",1972,site_obsdate,2013,2014,2013-2014,42,11,"Moderate development age, 6-15 years",1,Agriculture to Developed,Indiana,Marshall,CONUS Central 2,CONUS,v2025-11,10/19/1972 0:00,10/19/1972 0:00,entisols,psamments,udipsamments,oxyaquic udipsamments,,41.1787944,-86.4542306,3966,5112,US_NCSS_changed_pedons_2013_to_2014.csv
83IA085004,121913,11182,11182,"S1983IA085004",1983,site_obsdate,2013,2014,2013-2014,31,11,"Moderate development age, 6-15 years",1,Agriculture to Developed,Iowa,Harrison,CONUS Central 1,CONUS,v2025-11,10/3/1983 0:00,10/1/1983 0:00,mollisols,udolls,hapludolls,typic hapludolls,fine-silty,41.7208328,-95.8772202,3963,4860,US_NCSS_changed_pedons_2013_to_2014.csv
S1992IA133002,101267,19951,19951,"S1992IA133002",1989,site_obsdate,2013,2014,2013-2014,25,11,"Moderate development age, 6-15 years",3,Rangeland or Pasture to Developed,Iowa,Monona,CONUS Central 1,CONUS,v2025-11,,8/17/1989 0:00,entisols,aquents,fluvaquents,mollic fluvaquents,fine-silty over clayey,42.2000008,-96.2908325,3963,4884,US_NCSS_changed_pedons_2013_to_2014.csv
87IA159001,125046,15086,15086,"S1987IA159001",1987,site_obsdate,2013,2014,2013-2014,27,11,"Moderate development age, 6-15 years",1,Agriculture to Developed,Iowa,Ringgold,CONUS Central 2,CONUS,v2025-11,1/3/1987 0:00,1/1/1987 0:00,mollisols,udolls,argiudolls,aquic argiudolls,fine,40.8416672,-94.0749969,3963,4897,US_NCSS_changed_pedons_2013_to_2014.csv
87IA159002,125047,15087,15087,"S1987IA159002",1987,site_obsdate,2013,2014,2013-2014,27,11,"Moderate development age, 6-15 years",1,Agriculture to Developed,Iowa,Ringgold,CONUS Central 2,CONUS,v2025-11,1/1/1987 0:00,1/1/1987 0:00,alfisols,udalfs,hapludalfs,aquentic hapludalfs,fine,40.8416672,-94.0749969,3963,4897,US_NCSS_changed_pedons_2013_to_2014.csv
87IA159003,577362,15088,15088,"S1987IA159003",1987,site_obsdate,2013,2014,2013-2014,27,11,"Moderate development age, 6-15 years",1,Agriculture to Developed,Iowa,Ringgold,CONUS Central 2,CONUS,v2025-11,1/1/1987 0:00,1/1/1987 0:00,alfisols,udalfs,hapludalfs,aqualfic hapludalfs,fine,40.8416672,-94.0749969,3963,4897,US_NCSS_changed_pedons_2013_to_2014.csv
87IA159004,125049,15089,15089,"S1987IA159004",1987,site_obsdate,2013,2014,2013-2014,27,11,"Moderate development age, 6-15 years",1,Agriculture to Developed,Iowa,Ringgold,CONUS Central 2,CONUS,v2025-11,1/1/1987 0:00,1/1/1987 0:00,alfisols,udalfs,hapludalfs,aquentic hapludalfs,fine,40.8416672,-94.0749969,3963,4897,US_NCSS_changed_pedons_2013_to_2014.csv
87IA159006,125051,15091,15091,"S1987IA159006",1987,site_obsdate,2013,2014,2013-2014,27,11,"Moderate development age, 6-15 years",1,Agriculture to Developed,Iowa,Ringgold,CONUS Central 2,CONUS,v2025-11,1/3/1987 0:00,1/1/1987 0:00,alfisols,aqualfs,ochraqualfs,typic ochraqualfs,fine,40.8416672,-94.0749969,3963,4897,US_NCSS_changed_pedons_2013_to_2014.csv
87IA1590081,124159,14044,14044,"S1987IA1590081",1987,site_obsdate,2013,2014,2013-2014,27,11,"Moderate development age, 6-15 years",1,Agriculture to Developed,Iowa,Ringgold,CONUS Central 2,CONUS,v2025-11,11/3/1987 0:00,11/1/1987 0:00,mollisols,udolls,argiudolls,aquic argiudolls,fine,40.8416672,-94.0749969,3963,4897,US_NCSS_changed_pedons_2013_to_2014.csv
87IA1590082,124160,14045,14045,"S1987IA1590082",1987,site_obsdate,2013,2014,2013-2014,27,11,"Moderate development age, 6-15 years",1,Agriculture to Developed,Iowa,Ringgold,CONUS Central 2,CONUS,v2025-11,11/3/1987 0:00,11/1/1987 0:00,mollisols,udolls,argiudolls,aquic argiudolls,fine,40.8416672,-94.0749969,3963,4897,US_NCSS_changed_pedons_2013_to_2014.csv
S2005KS079502,182871,33647,33465,"S2005KS079502",2005,site_obsdate,2013,2014,2013-2014,9,11,"Moderate development age, 6-15 years",2,Forest to Developed,Kansas,Harvey,CONUS Central 1,CONUS,v2025-11,8/30/2005 0:00,8/30/2005 0:00,mollisols,aquolls,argiaquolls,vertic argiaquolls,,38.0444984,-97.5919189,3967,5194,US_NCSS_changed_pedons_2013_to_2014.csv
78KY207010,955981,6710,6710,"78KY207010",1978,site_obsdate,2013,2014,2013-2014,36,11,"Moderate development age, 6-15 years",3,Rangeland or Pasture to Developed,Kentucky,Russell,CONUS Central 2,CONUS,v2025-11,,6/1/1978 0:00,ultisols,udults,paleudults,typic paleudults,fine-loamy,37.0136111,-85.07499695,3968,5363,US_NCSS_changed_pedons_2013_to_2014.csv
S1986MD031008,796736,13572,13572,"S1986MD031008",1986,site_obsdate,2013,2014,2013-2014,28,11,"Moderate development age, 6-15 years",1,Agriculture to Developed,Maryland,Montgomery,CONUS East 1,CONUS,v2025-11,,7/1/1986 0:00,ultisols,udults,hapludults,typic hapludults,fine-loamy,39.1502806,-77.1476444,3971,5472,US_NCSS_changed_pedons_2013_to_2014.csv
S1978MA009020,1111475,70561,68588,"S1978MA009020",1978,site_obsdate,2013,2014,2013-2014,36,11,"Moderate development age, 6-15 years",2,Forest to Developed,Massachusetts,Essex,CONUS East 2,CONUS,v2025-11,10/3/1978 0:00,10/3/1978 0:00,inceptisols,udepts,dystrudepts,aquic dystrudepts,coarse-loamy,42.6333222,-70.8191583,3970,5448,US_NCSS_changed_pedons_2013_to_2014.csv
2007MI139T06201,257285,34345,34131,"2007MI139T06201",2007,site_obsdate,2013,2014,2013-2014,7,11,"Moderate development age, 6-15 years",1,Agriculture to Developed,Michigan,Ottawa,CONUS Central 2,CONUS,v2025-11,9/26/2007 0:00,9/26/2007 0:00,mollisols,aquolls,endoaquolls,typic endoaquolls,,42.9636667,-86.1219722,3974,5600,US_NCSS_changed_pedons_2013_to_2014.csv
S1975MN091002(2396),582854,55671,54870,"S1975MN091002(2396)",1975,site_obsdate,2013,2014,2013-2014,39,11,"Moderate development age, 6-15 years",3,Rangeland or Pasture to Developed,Minnesota,Martin,CONUS Central 2,CONUS,v2025-11,7/7/1975 0:00,7/7/1975 0:00,mollisols,aquolls,endoaquolls,cumulic endoaquolls,fine-loamy,43.64266205,-94.441803,3975,5659,US_NCSS_changed_pedons_2013_to_2014.csv
S1977MN1132480,582890,55760,54959,"S1977MN1132480",1977,site_obsdate,2013,2014,2013-2014,37,11,"Moderate development age, 6-15 years",3,Rangeland or Pasture to Developed,Minnesota,Pennington,CONUS Central 1,CONUS,v2025-11,11/2/1977 0:00,11/2/1977 0:00,mollisols,udolls,calciudolls,aquic calciudolls,sandy over clayey,47.9777184,-96.3314209,3975,5670,US_NCSS_changed_pedons_2013_to_2014.csv
S1974MN1451838,676589,56845,56044,"S1974MN1451838",2011,site_obsdate,2013,2014,2013-2014,3,11,"Moderate development age, 6-15 years",1,Agriculture to Developed,Minnesota,Stearns,CONUS Central 2,CONUS,v2025-11,1/13/2011 0:00,1/13/2011 0:00,alfisols,udalfs,hapludalfs,mollic hapludalfs,fine-loamy,45.6435738,-94.5746918,3975,5686,US_NCSS_changed_pedons_2013_to_2014.csv
S1978MN1692745,583039,55974,55173,"S1978MN1692745",1978,site_obsdate,2013,2014,2013-2014,36,11,"Moderate development age, 6-15 years",3,Rangeland or Pasture to Developed,Minnesota,Winona,CONUS Central 2,CONUS,v2025-11,6/27/1978 0:00,6/27/1978 0:00,mollisols,udolls,argiudolls,aquic argiudolls,fine,43.9363823,-91.9791718,3975,5698,US_NCSS_changed_pedons_2013_to_2014.csv
2007MO023005,249492,42279,41565,"2007MO023005",2007,site_obsdate,2013,2014,2013-2014,7,11,"Moderate development age, 6-15 years",3,Rangeland or Pasture to Developed,Missouri,Butler,CONUS Central 2,CONUS,v2025-11,6/25/2007 0:00,6/25/2007 0:00,alfisols,udalfs,hapludalfs,psammentic hapludalfs,,36.5766678,-90.5569458,3976,5712,US_NCSS_changed_pedons_2013_to_2014.csv
1992MO151004,474608,44356,43642,"1992MO151004",2011,site_obsdate,2013,2014,2013-2014,3,11,"Moderate development age, 6-15 years",1,Agriculture to Developed,Missouri,Osage,CONUS Central 2,CONUS,v2025-11,1/25/2011 0:00,1/25/2011 0:00,inceptisols,udepts,eutrudepts,dystric fluventic eutrudepts,coarse-loamy,38.49349976,-91.96399689,3976,5776,US_NCSS_changed_pedons_2013_to_2014.csv
1995MO151023,90847,48672,47958,"1995MO151023",1995,site_obsdate,2013,2014,2013-2014,19,11,"Moderate development age, 6-15 years",1,Agriculture to Developed,Missouri,Osage,CONUS Central 2,CONUS,v2025-11,,8/7/1995 0:00,Mollisols,Aquolls,Argiaquolls,Typic Argiaquolls,,38.5519929,-92.0140451,3976,5776,US_NCSS_changed_pedons_2013_to_2014.csv
2006MO179013,684507,45917,45203,"2006MO179013",2006,site_obsdate,2013,2014,2013-2014,8,11,"Moderate development age, 6-15 years",3,Rangeland or Pasture to Developed,Missouri,Reynolds,CONUS Central 2,CONUS,v2025-11,12/14/2006 0:00,12/14/2006 0:00,inceptisols,udepts,dystrudepts,fluventic dystrudepts,coarse-loamy,37.5486944,-90.8470306,3976,5790,US_NCSS_changed_pedons_2013_to_2014.csv
1989MO183017,126334,16749,16749,"S1989MO183017",1989,site_obsdate,2013,2014,2013-2014,25,11,"Moderate development age, 6-15 years",3,Rangeland or Pasture to Developed,Missouri,St. Charles,CONUS Central 2,CONUS,v2025-11,12/1/1989 0:00,12/1/1989 0:00,mollisols,aquolls,endoaquolls,fluvaquentic endoaquolls,clayey over loamy,38.8644447,-90.1658325,3976,5792,US_NCSS_changed_pedons_2013_to_2014.csv
S1957NE057004,103845,2184,2184,"S1957NE057004",1957,site_obsdate,2013,2014,2013-2014,57,11,"Moderate development age, 6-15 years",3,Rangeland or Pasture to Developed,Nebraska,Dundy,CONUS Central 1,CONUS,v2025-11,7/7/1957 0:00,7/7/1957 0:00,entisols,fluvents,ustifluvents,typic ustifluvents,fine-silty,40.0172234,-101.9552765,3982,6140,US_NCSS_changed_pedons_2013_to_2014.csv
85NE163204,123856,13719,13719,"S1985NE163204",1985,site_obsdate,2013,2014,2013-2014,29,11,"Moderate development age, 6-15 years",3,Rangeland or Pasture to Developed,Nebraska,Sherman,CONUS Central 1,CONUS,v2025-11,11/3/1985 0:00,11/1/1985 0:00,inceptisols,aquepts,humaquepts,typic humaquepts,fine-silty,41.0761108,-98.9736099,3982,6193,US_NCSS_changed_pedons_2013_to_2014.csv
2018NM013216,1306426,728,728,"2018NM013216",1960,site_obsdate,2013,2014,2013-2014,54,11,"Moderate development age, 6-15 years",3,Rangeland or Pasture to Developed,New Mexico,Doña Ana,CONUS West 2,CONUS,v2025-11,10/18/2018 0:00,4/18/1960 0:00,mollisols,ustolls,haplustolls,pachic haplustolls,loamy-skeletal,32.3052139,-106.5886556,3986,6243,US_NCSS_changed_pedons_2013_to_2014.csv
86NY025006,124022,13892,13892,"S1986NY025006",1986,site_obsdate,2013,2014,2013-2014,28,11,"Moderate development age, 6-15 years",3,Rangeland or Pasture to Developed,New York,Delaware,CONUS East 1,CONUS,v2025-11,9/3/1986 0:00,9/1/1986 0:00,inceptisols,aquepts,fragiaquepts,aeric fragiaquepts,coarse-loamy,42.3869438,-75.0924988,3988,6298,US_NCSS_changed_pedons_2013_to_2014.csv
S1984NY071004,858014,11527,11527,"S1984NY071004",1984,site_obsdate,2013,2014,2013-2014,30,11,"Moderate development age, 6-15 years",3,Rangeland or Pasture to Developed,New York,Orange,CONUS East 2,CONUS,v2025-11,2/1/1993 0:00,6/1/1984 0:00,entisols,aquents,fluvaquents,thapto-histic fluvaquents,fine-loamy,41.3370387,-74.4559906,3988,6321,US_NCSS_changed_pedons_2013_to_2014.csv
S1984NY071006,858013,11529,11529,"S1984NY071006",1984,site_obsdate,2013,2014,2013-2014,30,11,"Moderate development age, 6-15 years",3,Rangeland or Pasture to Developed,New York,Orange,CONUS East 2,CONUS,v2025-11,2/1/1993 0:00,6/1/1984 0:00,histosols,saprists,haplosaprists,limnic haplosaprists,,41.3370387,-74.4559906,3988,6321,US_NCSS_changed_pedons_2013_to_2014.csv
1956-OH063-003,749832,66836,64911,"1956-OH063-003",1956,site_obsdate,2013,2014,2013-2014,58,11,"Moderate development age, 6-15 years",1,Agriculture to Developed,Ohio,Hancock,CONUS East 1,CONUS,v2025-11,5/24/1956 0:00,5/24/1956 0:00,,,,,,41.03722,-83.6963806,3989,6379,US_NCSS_changed_pedons_2013_to_2014.csv
1960-OH063-022,749852,67505,65580,"1960-OH063-022",1960,site_obsdate,2013,2014,2013-2014,54,11,"Moderate development age, 6-15 years",1,Agriculture to Developed,Ohio,Hancock,CONUS East 1,CONUS,v2025-11,7/20/1960 0:00,7/20/1960 0:00,alfisols,aqualfs,epiaqualfs,aeric epiaqualfs,fine,41.1533928,-83.7050323,3989,6379,US_NCSS_changed_pedons_2013_to_2014.csv
79-OK027-14-33,800202,71589,132274,"79-OK027-14-33",2008,site_obsdate,2013,2014,2013-2014,6,11,"Moderate development age, 6-15 years",3,Rangeland or Pasture to Developed,Oklahoma,Cleveland,CONUS Central 1,CONUS,v2025-11,,3/12/2008 0:00,mollisols,ustolls,paleustolls,udertic paleustolls,fine,35.3013611,-97.5170556,3990,6449,US_NCSS_changed_pedons_2013_to_2014.csv
1968PA017011,421844,53599,52798,"102",1968,site_obsdate,2013,2014,2013-2014,46,11,"Moderate development age, 6-15 years",2,Forest to Developed,Pennsylvania,Bucks,CONUS East 2,CONUS,v2025-11,6/20/1968 0:00,6/20/1968 0:00,alfisols,aqualfs,fragiaqualfs,typic fragiaqualfs,fine-silty,40.2577778,-74.9133333,3992,6557,US_NCSS_changed_pedons_2013_to_2014.csv
1963PA027009,421913,53674,52873,"1963PA027009",1963,site_obsdate,2013,2014,2013-2014,51,11,"Moderate development age, 6-15 years",3,Rangeland or Pasture to Developed,Pennsylvania,Centre,CONUS East 1,CONUS,v2025-11,10/29/1963 0:00,10/29/1963 0:00,mollisols,aquolls,haplaquolls,fluventic haplaquolls,fine,40.7805556,-77.7602778,3992,6562,US_NCSS_changed_pedons_2013_to_2014.csv
1962PA129013,422593,54430,53629,"851",1962,site_obsdate,2013,2014,2013-2014,52,11,"Moderate development age, 6-15 years",3,Rangeland or Pasture to Developed,Pennsylvania,Westmoreland,CONUS East 1,CONUS,v2025-11,6/12/1962 0:00,6/12/1962 0:00,Alfisols,Ustalfs,Hapludalfs,Oxyaquic Hapludalfs,fine,40.2319444,-79.4955556,3992,6613,US_NCSS_changed_pedons_2013_to_2014.csv
S1989SC017702,575593,73044,133777,"S1989SC017702",2011,site_obsdate,2013,2014,2013-2014,3,11,"Moderate development age, 6-15 years",3,Rangeland or Pasture to Developed,South Carolina,Calhoun,CONUS East 1,CONUS,v2025-11,8/14/2011 0:00,8/16/2011 0:00,ultisols,udults,kandiudults,aquic kandiudults,fine-loamy,33.8001369,-81.0437052,3997,6723,US_NCSS_changed_pedons_2013_to_2014.csv
1991TN103004,872343,18792,18792,"S1991TN103004",1991,site_obsdate,2013,2014,2013-2014,23,11,"Moderate development age, 6-15 years",3,Rangeland or Pasture to Developed,Tennessee,Lincoln,CONUS Central 2,CONUS,v2025-11,9/28/1991 0:00,9/26/1991 0:00,ultisols,udults,hapludults,humic hapludults,fine-loamy,35.1238899,-86.7147217,3999,6878,US_NCSS_changed_pedons_2013_to_2014.csv
92TX201001,773091,20074,20074,"S1992TX201001",1992,site_obsdate,2013,2014,2013-2014,22,11,"Moderate development age, 6-15 years",3,Rangeland or Pasture to Developed,Texas,Harris,CONUS Central 1,CONUS,v2025-11,,9/16/1992 0:00,alfisols,aqualfs,endoaqualfs,typic vermaqualfs,fine-loamy,29.9291668,-95.6999969,4000,7022,US_NCSS_changed_pedons_2013_to_2014.csv
92TX201002,106086,20075,20075,"S1992TX201002",1992,site_obsdate,2013,2014,2013-2014,22,11,"Moderate development age, 6-15 years",3,Rangeland or Pasture to Developed,Texas,Harris,CONUS Central 1,CONUS,v2025-11,9/17/1992 0:00,9/17/1992 0:00,alfisols,udalfs,hapludalfs,aquic hapludalfs,,29.9291668,-95.6999969,4000,7022,US_NCSS_changed_pedons_2013_to_2014.csv
92TX201003,106087,20076,20076,"S1992TX201003",1992,site_obsdate,2013,2014,2013-2014,22,11,"Moderate development age, 6-15 years",3,Rangeland or Pasture to Developed,Texas,Harris,CONUS Central 1,CONUS,v2025-11,9/17/1992 0:00,9/17/1992 0:00,alfisols,udalfs,paleudalfs,typic paleudalfs,,29.9291668,-95.6999969,4000,7022,US_NCSS_changed_pedons_2013_to_2014.csv
S1961TX461002,106225,4248,4248,"S1961TX461002",1961,site_obsdate,2013,2014,2013-2014,53,11,"Moderate development age, 6-15 years",3,Rangeland or Pasture to Developed,Texas,Upton,CONUS Central 1,CONUS,v2025-11,10/23/1961 0:00,10/23/1961 0:00,aridisols,orthids,calciorthids,ustollic calciorthids,fine-silty,31.4644451,-102.0588913,4000,7152,US_NCSS_changed_pedons_2013_to_2014.csv
S1967UT035006,106365,5398,5398,"S1967UT035006",1967,site_obsdate,2013,2014,2013-2014,47,11,"Moderate development age, 6-15 years",3,Rangeland or Pasture to Developed,Utah,Salt Lake,CONUS West 2,CONUS,v2025-11,8/25/1967 0:00,8/25/1967 0:00,,,,,,40.5755539,-112.0311127,4002,7202,US_NCSS_changed_pedons_2013_to_2014.csv
S99WV003002,108331,25223,25223,"S1999WV003002",1999,site_obsdate,2013,2014,2013-2014,15,11,"Moderate development age, 6-15 years",1,Agriculture to Developed,West Virginia,Berkeley,CONUS East 1,CONUS,v2025-11,6/3/1999 0:00,6/3/1999 0:00,alfisols,udalfs,paleudalfs,vertic paleudalfs,,39.3005562,-78.0616684,4008,7480,US_NCSS_changed_pedons_2013_to_2014.csv
S1991WI033003,106988,19156,19156,"S1991WI033003",1991,site_obsdate,2013,2014,2013-2014,23,11,"Moderate development age, 6-15 years",3,Rangeland or Pasture to Developed,Wisconsin,Dunn,CONUS Central 2,CONUS,v2025-11,10/11/1991 0:00,10/9/1991 0:00,mollisols,udolls,argiudolls,typic argiudolls,fine-loamy over sandy or sandy-skeletal,44.8955574,-91.8802795,4007,7423,US_NCSS_changed_pedons_2013_to_2014.csv
S1957WI063004,107049,1565,1565,"S1957WI063004",1957,site_obsdate,2013,2014,2013-2014,57,11,"Moderate development age, 6-15 years",3,Rangeland or Pasture to Developed,Wisconsin,La Crosse,CONUS Central 2,CONUS,v2025-11,10/31/1957 0:00,10/31/1957 0:00,entisols,psamments,udipsamments,typic udipsamments,,44.0158348,-91.2936096,4007,7438,US_NCSS_changed_pedons_2013_to_2014.csv
S1983WI093034,1017171,71885,132570,"S1983WI093034",1983,samp_classdate,2013,2014,2013-2014,31,11,"Moderate development age, 6-15 years",1,Agriculture to Developed,Wisconsin,Pierce,CONUS Central 2,CONUS,v2025-11,5/4/1983 0:00,,alfisols,udalfs,hapludalfs,typic hapludalfs,,44.6372488,-92.4696052,4007,7454,US_NCSS_changed_pedons_2013_to_2014.csv
S1960WI109002,107141,1558,1558,"S1960WI109002",1960,site_obsdate,2013,2014,2013-2014,54,11,"Moderate development age, 6-15 years",2,Forest to Developed,Wisconsin,St. Croix,CONUS Central 2,CONUS,v2025-11,7/29/1960 0:00,7/29/1960 0:00,alfisols,udalfs,hapludalfs,typic hapludalfs,coarse-loamy,44.9441681,-92.6200027,4007,7462,US_NCSS_changed_pedons_2013_to_2014.csv
77WI135016,955972,6677,6677,"77WI135016",1978,site_obsdate,2013,2014,2013-2014,36,11,"Moderate development age, 6-15 years",3,Rangeland or Pasture to Developed,Wisconsin,Waupaca,CONUS Central 2,CONUS,v2025-11,,6/1/1978 0:00,,,,,,44.2530555,-88.8200589,4007,7475,US_NCSS_changed_pedons_2013_to_2014.csv
81AL131001,120514,8473,8473,"S1981AL131001",1981,site_obsdate,2014,2015,2014-2015,34,10,"Moderate development age, 6-15 years",3,Rangeland or Pasture to Developed,Alabama,Wilcox,CONUS Central 2,CONUS,v2025-11,3/3/1981 0:00,3/1/1981 0:00,ultisols,udults,paleudults,plinthic paleudults,fine-loamy,32.0238876,-87.316391,3947,4352,US_NCSS_changed_pedons_2014_to_2015.csv
S1956AZ017029,107825,662,662,"S1956AZ017029",1956,site_obsdate,2014,2015,2014-2015,59,10,"Moderate development age, 6-15 years",3,Rangeland or Pasture to Developed,Arizona,Navajo,CONUS West 2,CONUS,v2025-11,5/17/1956 0:00,5/17/1956 0:00,alfisols,ustalfs,paleustalfs,typic paleustalfs,fine,34.25166702,-110.043335,3950,4443,US_NCSS_changed_pedons_2014_to_2015.csv
84AZ021005,121964,11239,11239,"S1984AZ021005",1984,site_obsdate,2014,2015,2014-2015,31,10,"Moderate development age, 6-15 years",3,Rangeland or Pasture to Developed,Arizona,Pinal,CONUS West 2,CONUS,v2025-11,3/3/1984 0:00,3/1/1984 0:00,aridisols,orthids,camborthids,typic camborthids,coarse-loamy,32.8638878,-111.6866684,3950,4445,US_NCSS_changed_pedons_2014_to_2015.csv
1965AR04731,813769,58355,57554,"1965AR04731",2012,site_obsdate,2014,2015,2014-2015,3,10,"Moderate development age, 6-15 years",3,Rangeland or Pasture to Developed,Arkansas,Franklin,CONUS Central 2,CONUS,v2025-11,,11/27/2012 0:00,,,,,,35.49499893,-93.86810303,3948,4377,US_NCSS_changed_pedons_2014_to_2015.csv
1959AR063005,814076,57891,57090,"1959AR063005",2012,site_obsdate,2014,2015,2014-2015,3,10,"Moderate development age, 6-15 years",1,Agriculture to Developed,Arkansas,Independence,CONUS Central 2,CONUS,v2025-11,,11/27/2012 0:00,,,,,,35.8266983,-91.77459717,3948,4385,US_NCSS_changed_pedons_2014_to_2015.csv
1959AR063006,814077,57892,57091,"1959AR063006",2012,site_obsdate,2014,2015,2014-2015,3,10,"Moderate development age, 6-15 years",1,Agriculture to Developed,Arkansas,Independence,CONUS Central 2,CONUS,v2025-11,10/13/2017 0:00,11/27/2012 0:00,mollisols,aquolls,endoaquolls,fluvaquentic endoaquolls,,35.8266983,-91.77459717,3948,4385,US_NCSS_changed_pedons_2014_to_2015.csv
1959AR063007,814078,57893,57092,"1959AR063007",2012,site_obsdate,2014,2015,2014-2015,3,10,"Moderate development age, 6-15 years",1,Agriculture to Developed,Arkansas,Independence,CONUS Central 2,CONUS,v2025-11,,11/27/2012 0:00,,,,,,35.8266983,-91.77459717,3948,4385,US_NCSS_changed_pedons_2014_to_2015.csv
1959AR063009,814080,57895,57094,"1959AR063009",2012,site_obsdate,2014,2015,2014-2015,3,10,"Moderate development age, 6-15 years",1,Agriculture to Developed,Arkansas,Independence,CONUS Central 2,CONUS,v2025-11,10/13/2017 0:00,11/27/2012 0:00,ultisols,udults,fragiudults,glossic fragiudults,,35.8266983,-91.77459717,3948,4385,US_NCSS_changed_pedons_2014_to_2015.csv
1959AR06301,814073,57888,57087,"1959AR06301",2012,site_obsdate,2014,2015,2014-2015,3,10,"Moderate development age, 6-15 years",1,Agriculture to Developed,Arkansas,Independence,CONUS Central 2,CONUS,v2025-11,,11/27/2012 0:00,,,,,,35.8266983,-91.77459717,3948,4385,US_NCSS_changed_pedons_2014_to_2015.csv
1959AR063011,814082,57897,57096,"1959AR063011",2012,site_obsdate,2014,2015,2014-2015,3,10,"Moderate development age, 6-15 years",1,Agriculture to Developed,Arkansas,Independence,CONUS Central 2,CONUS,v2025-11,,11/27/2012 0:00,ultisols,udults,paleudults,typic paleudults,fine,35.8266983,-91.77459717,3948,4385,US_NCSS_changed_pedons_2014_to_2015.csv
1959AR063012,814083,57898,57097,"1959AR063012",2012,site_obsdate,2014,2015,2014-2015,3,10,"Moderate development age, 6-15 years",1,Agriculture to Developed,Arkansas,Independence,CONUS Central 2,CONUS,v2025-11,11/27/2017 0:00,11/27/2012 0:00,ultisols,udults,fragiudults,typic fragiudults,,35.8266983,-91.77459717,3948,4385,US_NCSS_changed_pedons_2014_to_2015.csv
1959AR063013,814084,57899,57098,"1959AR063013",2012,site_obsdate,2014,2015,2014-2015,3,10,"Moderate development age, 6-15 years",1,Agriculture to Developed,Arkansas,Independence,CONUS Central 2,CONUS,v2025-11,9/18/2017 0:00,11/27/2012 0:00,ultisols,udults,paleudults,typic paleudults,fine-silty,35.8266983,-91.77459717,3948,4385,US_NCSS_changed_pedons_2014_to_2015.csv
1959AR063019,814088,57903,57102,"1959AR063019",2012,site_obsdate,2014,2015,2014-2015,3,10,"Moderate development age, 6-15 years",1,Agriculture to Developed,Arkansas,Independence,CONUS Central 2,CONUS,v2025-11,,11/27/2012 0:00,,,,,,35.8266983,-91.77459717,3948,4385,US_NCSS_changed_pedons_2014_to_2015.csv
1959AR063021,814089,57904,57103,"1959AR063021",2012,site_obsdate,2014,2015,2014-2015,3,10,"Moderate development age, 6-15 years",1,Agriculture to Developed,Arkansas,Independence,CONUS Central 2,CONUS,v2025-11,,11/27/2012 0:00,,,,,,35.8266983,-91.77459717,3948,4385,US_NCSS_changed_pedons_2014_to_2015.csv
1959AR063023,814091,57906,57105,"1959AR063023",2012,site_obsdate,2014,2015,2014-2015,3,10,"Moderate development age, 6-15 years",1,Agriculture to Developed,Arkansas,Independence,CONUS Central 2,CONUS,v2025-11,,11/27/2012 0:00,,,,,,35.8266983,-91.77459717,3948,4385,US_NCSS_changed_pedons_2014_to_2015.csv
1959AR06303,814074,57889,57088,"1959AR06303",2012,site_obsdate,2014,2015,2014-2015,3,10,"Moderate development age, 6-15 years",1,Agriculture to Developed,Arkansas,Independence,CONUS Central 2,CONUS,v2025-11,,11/27/2012 0:00,,,,,,35.8266983,-91.77459717,3948,4385,US_NCSS_changed_pedons_2014_to_2015.csv
1959AR06304,814075,57890,57089,"1959AR06304",2012,site_obsdate,2014,2015,2014-2015,3,10,"Moderate development age, 6-15 years",1,Agriculture to Developed,Arkansas,Independence,CONUS Central 2,CONUS,v2025-11,,11/27/2012 0:00,,,,,,35.8266983,-91.77459717,3948,4385,US_NCSS_changed_pedons_2014_to_2015.csv
1959AR06308,814079,57894,57093,"1959AR06308",2012,site_obsdate,2014,2015,2014-2015,3,10,"Moderate development age, 6-15 years",1,Agriculture to Developed,Arkansas,Independence,CONUS Central 2,CONUS,v2025-11,,11/27/2012 0:00,,,,,,35.8266983,-91.77459717,3948,4385,US_NCSS_changed_pedons_2014_to_2015.csv
1959AR06310,814081,57896,57095,"1959AR06310",2012,site_obsdate,2014,2015,2014-2015,3,10,"Moderate development age, 6-15 years",1,Agriculture to Developed,Arkansas,Independence,CONUS Central 2,CONUS,v2025-11,,11/27/2012 0:00,,,,,,35.8266983,-91.77459717,3948,4385,US_NCSS_changed_pedons_2014_to_2015.csv
1959AR06314,814085,57900,57099,"1959AR06314",2012,site_obsdate,2014,2015,2014-2015,3,10,"Moderate development age, 6-15 years",1,Agriculture to Developed,Arkansas,Independence,CONUS Central 2,CONUS,v2025-11,,11/27/2012 0:00,,,,,,35.8266983,-91.77459717,3948,4385,US_NCSS_changed_pedons_2014_to_2015.csv
1959AR06316,814086,57901,57100,"1959AR06316",2012,site_obsdate,2014,2015,2014-2015,3,10,"Moderate development age, 6-15 years",1,Agriculture to Developed,Arkansas,Independence,CONUS Central 2,CONUS,v2025-11,,11/27/2012 0:00,,,,,,35.8266983,-91.77459717,3948,4385,US_NCSS_changed_pedons_2014_to_2015.csv
1959AR06317,814087,57902,57101,"1959AR06317",2012,site_obsdate,2014,2015,2014-2015,3,10,"Moderate development age, 6-15 years",1,Agriculture to Developed,Arkansas,Independence,CONUS Central 2,CONUS,v2025-11,,11/27/2012 0:00,,,,,,35.8266983,-91.77459717,3948,4385,US_NCSS_changed_pedons_2014_to_2015.csv
1959AR06322,814090,57905,57104,"1959AR06322",2012,site_obsdate,2014,2015,2014-2015,3,10,"Moderate development age, 6-15 years",1,Agriculture to Developed,Arkansas,Independence,CONUS Central 2,CONUS,v2025-11,,11/27/2012 0:00,,,,,,35.8266983,-91.77459717,3948,4385,US_NCSS_changed_pedons_2014_to_2015.csv
1959AR06325,814092,57907,57106,"1959AR06325",2012,site_obsdate,2014,2015,2014-2015,3,10,"Moderate development age, 6-15 years",1,Agriculture to Developed,Arkansas,Independence,CONUS Central 2,CONUS,v2025-11,,11/27/2012 0:00,,,,,,35.8266983,-91.77459717,3948,4385,US_NCSS_changed_pedons_2014_to_2015.csv
1959AR06326,814093,57908,57107,"1959AR06326",2012,site_obsdate,2014,2015,2014-2015,3,10,"Moderate development age, 6-15 years",1,Agriculture to Developed,Arkansas,Independence,CONUS Central 2,CONUS,v2025-11,,11/27/2012 0:00,,,,,,35.8266983,-91.77459717,3948,4385,US_NCSS_changed_pedons_2014_to_2015.csv
1960AR06301,814097,57979,57178,"1960AR06301",2012,site_obsdate,2014,2015,2014-2015,3,10,"Moderate development age, 6-15 years",1,Agriculture to Developed,Arkansas,Independence,CONUS Central 2,CONUS,v2025-11,,11/27/2012 0:00,,,,,,35.8266983,-91.77459717,3948,4385,US_NCSS_changed_pedons_2014_to_2015.csv
1960AR06302,814094,57980,57179,"1960AR06302",2012,site_obsdate,2014,2015,2014-2015,3,10,"Moderate development age, 6-15 years",1,Agriculture to Developed,Arkansas,Independence,CONUS Central 2,CONUS,v2025-11,,11/27/2012 0:00,,,,,,35.8266983,-91.77459717,3948,4385,US_NCSS_changed_pedons_2014_to_2015.csv
1960AR063024,814099,57984,57183,"1960AR063024",2012,site_obsdate,2014,2015,2014-2015,3,10,"Moderate development age, 6-15 years",1,Agriculture to Developed,Arkansas,Independence,CONUS Central 2,CONUS,v2025-11,,11/27/2012 0:00,,,,,,35.8266983,-91.77459717,3948,4385,US_NCSS_changed_pedons_2014_to_2015.csv
1960AR063028,878537,57986,57185,"1960AR063028",2012,site_obsdate,2014,2015,2014-2015,3,10,"Moderate development age, 6-15 years",1,Agriculture to Developed,Arkansas,Independence,CONUS Central 2,CONUS,v2025-11,,11/27/2012 0:00,ultisols,udults,paleudults,typic paleudults,loamy-skeletal,35.8266983,-91.77459717,3948,4385,US_NCSS_changed_pedons_2014_to_2015.csv
1960AR063030,814103,57988,57187,"1960AR063030",2012,site_obsdate,2014,2015,2014-2015,3,10,"Moderate development age, 6-15 years",1,Agriculture to Developed,Arkansas,Independence,CONUS Central 2,CONUS,v2025-11,10/13/2017 0:00,11/27/2012 0:00,ultisols,udults,hapludults,typic hapludults,,35.8266983,-91.77459717,3948,4385,US_NCSS_changed_pedons_2014_to_2015.csv
1960AR063032,814105,57990,57189,"1960AR063032",2012,site_obsdate,2014,2015,2014-2015,3,10,"Moderate development age, 6-15 years",1,Agriculture to Developed,Arkansas,Independence,CONUS Central 2,CONUS,v2025-11,,11/27/2012 0:00,,,,,,35.8266983,-91.77459717,3948,4385,US_NCSS_changed_pedons_2014_to_2015.csv
1960AR063033,814106,57991,57190,"1960AR063033",2012,site_obsdate,2014,2015,2014-2015,3,10,"Moderate development age, 6-15 years",1,Agriculture to Developed,Arkansas,Independence,CONUS Central 2,CONUS,v2025-11,,11/27/2012 0:00,,,,,,35.8266983,-91.77459717,3948,4385,US_NCSS_changed_pedons_2014_to_2015.csv
1960AR06304,814095,57981,57180,"1960AR06304",2012,site_obsdate,2014,2015,2014-2015,3,10,"Moderate development age, 6-15 years",1,Agriculture to Developed,Arkansas,Independence,CONUS Central 2,CONUS,v2025-11,,11/27/2012 0:00,,,,,,35.8266983,-91.77459717,3948,4385,US_NCSS_changed_pedons_2014_to_2015.csv
1960AR06315,814096,57982,57181,"1960AR06317",2012,site_obsdate,2014,2015,2014-2015,3,10,"Moderate development age, 6-15 years",1,Agriculture to Developed,Arkansas,Independence,CONUS Central 2,CONUS,v2025-11,,11/27/2012 0:00,,,,,,35.8266983,-91.77459717,3948,4385,US_NCSS_changed_pedons_2014_to_2015.csv
1960AR06320,814098,57983,57182,"1960AR06320",2012,site_obsdate,2014,2015,2014-2015,3,10,"Moderate development age, 6-15 years",1,Agriculture to Developed,Arkansas,Independence,CONUS Central 2,CONUS,v2025-11,,11/27/2012 0:00,,,,,,35.8266983,-91.77459717,3948,4385,US_NCSS_changed_pedons_2014_to_2015.csv
1960AR06329,814102,57987,57186,"1960AR06329",2012,site_obsdate,2014,2015,2014-2015,3,10,"Moderate development age, 6-15 years",1,Agriculture to Developed,Arkansas,Independence,CONUS Central 2,CONUS,v2025-11,,11/27/2012 0:00,,,,,,35.8266983,-91.77459717,3948,4385,US_NCSS_changed_pedons_2014_to_2015.csv
1960AR06334,814107,57992,57191,"1960AR06334",2012,site_obsdate,2014,2015,2014-2015,3,10,"Moderate development age, 6-15 years",1,Agriculture to Developed,Arkansas,Independence,CONUS Central 2,CONUS,v2025-11,,11/27/2012 0:00,,,,,,35.8266983,-91.77459717,3948,4385,US_NCSS_changed_pedons_2014_to_2015.csv
1960AR06335,814108,57993,57192,"1960AR06335",2012,site_obsdate,2014,2015,2014-2015,3,10,"Moderate development age, 6-15 years",1,Agriculture to Developed,Arkansas,Independence,CONUS Central 2,CONUS,v2025-11,,11/27/2012 0:00,,,,,,35.8266983,-91.77459717,3948,4385,US_NCSS_changed_pedons_2014_to_2015.csv
1960AR06336,814109,57994,57193,"1960AR06336",2012,site_obsdate,2014,2015,2014-2015,3,10,"Moderate development age, 6-15 years",1,Agriculture to Developed,Arkansas,Independence,CONUS Central 2,CONUS,v2025-11,,11/27/2012 0:00,,,,,,35.8266983,-91.77459717,3948,4385,US_NCSS_changed_pedons_2014_to_2015.csv
1961AR063001,814110,58021,57220,"1961AR063001",2012,site_obsdate,2014,2015,2014-2015,3,10,"Moderate development age, 6-15 years",1,Agriculture to Developed,Arkansas,Independence,CONUS Central 2,CONUS,v2025-11,,11/27/2012 0:00,,,,,,35.8266983,-91.77459717,3948,4385,US_NCSS_changed_pedons_2014_to_2015.csv
1961AR063002,814111,58022,57221,"1961AR063002",2012,site_obsdate,2014,2015,2014-2015,3,10,"Moderate development age, 6-15 years",1,Agriculture to Developed,Arkansas,Independence,CONUS Central 2,CONUS,v2025-11,9/18/2017 0:00,11/27/2012 0:00,inceptisols,udepts,dystrudepts,lithic dystrudepts,,35.8266983,-91.77459717,3948,4385,US_NCSS_changed_pedons_2014_to_2015.csv
1961AR063003,814112,58023,57222,"1961AR063003",2012,site_obsdate,2014,2015,2014-2015,3,10,"Moderate development age, 6-15 years",1,Agriculture to Developed,Arkansas,Independence,CONUS Central 2,CONUS,v2025-11,,11/27/2012 0:00,,,,,,35.8266983,-91.77459717,3948,4385,US_NCSS_changed_pedons_2014_to_2015.csv
1961AR063005,814114,58025,57224,"1961AR063005",2012,site_obsdate,2014,2015,2014-2015,3,10,"Moderate development age, 6-15 years",1,Agriculture to Developed,Arkansas,Independence,CONUS Central 2,CONUS,v2025-11,,11/27/2012 0:00,,,,,,35.8266983,-91.77459717,3948,4385,US_NCSS_changed_pedons_2014_to_2015.csv
1961AR063006,814115,58026,57225,"1961AR063006",2012,site_obsdate,2014,2015,2014-2015,3,10,"Moderate development age, 6-15 years",1,Agriculture to Developed,Arkansas,Independence,CONUS Central 2,CONUS,v2025-11,,11/27/2012 0:00,,,,,,35.8266983,-91.77459717,3948,4385,US_NCSS_changed_pedons_2014_to_2015.csv
1961AR063010,878536,58029,57228,"1961AR063010",2012,site_obsdate,2014,2015,2014-2015,3,10,"Moderate development age, 6-15 years",1,Agriculture to Developed,Arkansas,Independence,CONUS Central 2,CONUS,v2025-11,,11/27/2012 0:00,ultisols,udults,paleudults,typic paleudults,loamy-skeletal,35.8266983,-91.77459717,3948,4385,US_NCSS_changed_pedons_2014_to_2015.csv
1961AR06304,814113,58024,57223,"1961AR06304",2012,site_obsdate,2014,2015,2014-2015,3,10,"Moderate development age, 6-15 years",1,Agriculture to Developed,Arkansas,Independence,CONUS Central 2,CONUS,v2025-11,,11/27/2012 0:00,,,,,,35.8266983,-91.77459717,3948,4385,US_NCSS_changed_pedons_2014_to_2015.csv
1961AR06308,814116,58027,57226,"1961AR06308",2012,site_obsdate,2014,2015,2014-2015,3,10,"Moderate development age, 6-15 years",1,Agriculture to Developed,Arkansas,Independence,CONUS Central 2,CONUS,v2025-11,,11/27/2012 0:00,,,,,,35.8266983,-91.77459717,3948,4385,US_NCSS_changed_pedons_2014_to_2015.csv
1961AR06309,814117,58028,57227,"1961AR06309",2012,site_obsdate,2014,2015,2014-2015,3,10,"Moderate development age, 6-15 years",1,Agriculture to Developed,Arkansas,Independence,CONUS Central 2,CONUS,v2025-11,,11/27/2012 0:00,,,,,,35.8266983,-91.77459717,3948,4385,US_NCSS_changed_pedons_2014_to_2015.csv
1961AR06311,814119,58030,57229,"1961AR06311",2012,site_obsdate,2014,2015,2014-2015,3,10,"Moderate development age, 6-15 years",1,Agriculture to Developed,Arkansas,Independence,CONUS Central 2,CONUS,v2025-11,,11/27/2012 0:00,,,,,,35.8266983,-91.77459717,3948,4385,US_NCSS_changed_pedons_2014_to_2015.csv
84CA031007,122368,11880,11880,"S1984CA031007",1984,site_obsdate,2014,2015,2014-2015,31,10,"Moderate development age, 6-15 years",3,Rangeland or Pasture to Developed,California,Kings,CONUS West 1,CONUS,v2025-11,11/1/1984 0:00,11/1/1984 0:00,mollisols,xerolls,haploxerolls,fluvaquentic haploxerolls,,36.2333336,-119.7916641,3951,4464,US_NCSS_changed_pedons_2014_to_2015.csv
S1968CA057030,108075,5525,5525,"S1968CA057030",1968,site_obsdate,2014,2015,2014-2015,47,10,"Moderate development age, 6-15 years",3,Rangeland or Pasture to Developed,California,Nevada,CONUS West 1,CONUS,v2025-11,9/4/1968 0:00,9/4/1968 0:00,mollisols,xerolls,argixerolls,typic argixerolls,fine-loamy,39.2288895,-121.2013855,3951,4477,US_NCSS_changed_pedons_2014_to_2015.csv
S2012CO029012,802305,69905,67977,"S2012CO02904",2012,site_obsdate,2014,2015,2014-2015,3,10,"Moderate development age, 6-15 years",3,Rangeland or Pasture to Developed,Colorado,Delta,CONUS West 2,CONUS,v2025-11,8/23/2012 0:00,8/21/2012 0:00,aridisols,gypsids,argigypsids,lithic argigypsids,,38.698462,-108.1250207,3952,4521,US_NCSS_changed_pedons_2014_to_2015.csv
S1981FL105012,874401,51207,50481,"S1981FL105012",2011,site_obsdate,2014,2015,2014-2015,4,10,"Moderate development age, 6-15 years",3,Rangeland or Pasture to Developed,Florida,Polk,CONUS East 1,CONUS,v2025-11,,4/15/2011 0:00,spodosols,aquods,alaquods,alfic alaquods,sandy over loamy,28.0453167,-81.8496628,3957,4634,US_NCSS_changed_pedons_2014_to_2015.csv
1982FL119001,798115,51265,50539,"1982FL119001",2013,site_obsdate,2014,2015,2014-2015,2,10,"Moderate development age, 6-15 years",1,Agriculture to Developed,Florida,Sumter,CONUS East 1,CONUS,v2025-11,,6/5/2013 0:00,Entisols,Psamments,Quartzipsamments,Lamellic Quartzipsamments,,28.8446465,-81.9622116,3957,4641,US_NCSS_changed_pedons_2014_to_2015.csv
1970-FL131-S66_005,518297,50556,49830,"S1970-FL131-S66_005",2011,site_obsdate,2014,2015,2014-2015,4,10,"Moderate development age, 6-15 years",2,Forest to Developed,Florida,Walton,CONUS Central 2,CONUS,v2025-11,,4/15/2011 0:00,Entisols,Psamments,Quartzipsamments,Typic Quartzipsamments,,30.98653603,-86.281517,3957,4647,US_NCSS_changed_pedons_2014_to_2015.csv
SHI001003,193890,33530,33380,"S2006HI001003",2005,site_obsdate,2014,2015,2014-2015,10,10,"Moderate development age, 6-15 years",3,Rangeland or Pasture to Developed,Hawaii,Hawaii,Hawaii,HI,v2024-10,8/18/2005 0:00,8/18/2005 0:00,andisols,udands,hydrudands,lithic hydrudands,hydrous,19.5712776,-155.0369415,3962,4813,US_NCSS_changed_pedons_2014_to_2015.csv
89HI009002,127131,17707,17707,"S1989HI009002",1989,site_obsdate,2014,2015,2014-2015,26,10,"Moderate development age, 6-15 years",3,Rangeland or Pasture to Developed,Hawaii,Maui,Hawaii,HI,v2024-10,12/1/1989 0:00,12/1/1989 0:00,mollisols,ustolls,haplustolls,fluventic haplustolls,fine,20.9405556,-156.5194397,3962,4817,US_NCSS_changed_pedons_2014_to_2015.csv
1984IL041005,375389,37714,37099,"1984IL041005",1985,site_obsdate,2014,2015,2014-2015,30,10,"Moderate development age, 6-15 years",1,Agriculture to Developed,Illinois,Douglas,CONUS Central 2,CONUS,v2025-11,1/1/1985 0:00,1/1/1985 0:00,mollisols,aquolls,endoaquolls,typic endoaquolls,fine-loamy,39.7055694,-88.0291361,3965,4981,US_NCSS_changed_pedons_2014_to_2015.csv
1985IL125049,375212,37349,36734,"1985IL125049",1985,site_obsdate,2014,2015,2014-2015,30,10,"Moderate development age, 6-15 years",1,Agriculture to Developed,Illinois,Mason,CONUS Central 2,CONUS,v2025-11,8/1/1985 0:00,8/1/1985 0:00,alfisols,udalfs,hapludalfs,typic hapludalfs,coarse-loamy,40.34799957,-90.0246278,3965,5023,US_NCSS_changed_pedons_2014_to_2015.csv
1985IL149029,375099,37369,36754,"1985IL149029",1985,site_obsdate,2014,2015,2014-2015,30,10,"Moderate development age, 6-15 years",1,Agriculture to Developed,Illinois,Pike,CONUS Central 2,CONUS,v2025-11,6/1/1985 0:00,6/1/1985 0:00,alfisols,aqualfs,endoaqualfs,udollic endoaqualfs,fine-silty,39.5788002,-90.90570068,3965,5035,US_NCSS_changed_pedons_2014_to_2015.csv
1977IL157005,355053,36357,35742,"1977IL157005",1977,site_obsdate,2014,2015,2014-2015,38,10,"Moderate development age, 6-15 years",4,Other to Developed,Illinois,Randolph,CONUS Central 2,CONUS,v2025-11,7/1/1977 0:00,7/1/1977 0:00,entisols,arents,udarents,haplic udarents,fine-loamy,38.215403,-89.7921542,3965,5039,US_NCSS_changed_pedons_2014_to_2015.csv
1984IL183142,1008298,37261,36646,"1984IL183142",1984,site_obsdate,2014,2015,2014-2015,31,10,"Moderate development age, 6-15 years",3,Rangeland or Pasture to Developed,Illinois,Vermilion,CONUS Central 2,CONUS,v2025-11,12/1/1984 0:00,12/1/1984 0:00,alfisols,aqualfs,endoaqualfs,aeric endoaqualfs,fine,40.1399111,-87.5733417,3965,5052,US_NCSS_changed_pedons_2014_to_2015.csv
1970IN005001,309073,37747,37132,"1970IN005001",1970,site_obsdate,2014,2015,2014-2015,45,10,"Moderate development age, 6-15 years",1,Agriculture to Developed,Indiana,Bartholomew,CONUS Central 2,CONUS,v2025-11,12/1/1970 0:00,12/1/1970 0:00,,,,,,39.1342917,-85.9816806,3966,5065,US_NCSS_changed_pedons_2014_to_2015.csv
1980IN007015,863457,38990,38375,"1980IN007015",1980,site_obsdate,2014,2015,2014-2015,35,10,"Moderate development age, 6-15 years",1,Agriculture to Developed,Indiana,Benton,CONUS Central 2,CONUS,v2025-11,9/15/1980 0:00,9/15/1980 0:00,mollisols,udolls,argiudolls,aquic argiudolls,fine,40.6936194,-87.2865833,3966,5066,US_NCSS_changed_pedons_2014_to_2015.csv
RC2006IN023SH010008,426558,72089,132829,"RC2006IN023SH010008",2006,samp_classdate,2014,2015,2014-2015,9,10,"Moderate development age, 6-15 years",1,Agriculture to Developed,Indiana,Clinton,CONUS Central 2,CONUS,v2025-11,8/9/2006 0:00,,mollisols,aquolls,argiaquolls,typic argiaquolls,fine-silty,40.3619041,-86.3325729,3966,NaN,US_NCSS_changed_pedons_2014_to_2015.csv
S1991IN035004,101884,18554,18554,"S1991IN035004",1990,site_obsdate,2014,2015,2014-2015,25,10,"Moderate development age, 6-15 years",3,Rangeland or Pasture to Developed,Indiana,Delaware,CONUS Central 2,CONUS,v2025-11,10/10/1990 0:00,10/10/1990 0:00,mollisols,aquolls,endoaquolls,typic endoaquolls,fine-loamy,40.1375008,-85.4238892,3966,5080,US_NCSS_changed_pedons_2014_to_2015.csv
1981IN047006,314206,39135,38520,"1981IN047006",1980,site_obsdate,2014,2015,2014-2015,35,10,"Moderate development age, 6-15 years",2,Forest to Developed,Indiana,Franklin,CONUS Central 2,CONUS,v2025-11,8/12/1980 0:00,8/12/1980 0:00,alfisols,udalfs,hapludalfs,typic hapludalfs,fine,39.4215472,-85.1667722,3966,5086,US_NCSS_changed_pedons_2014_to_2015.csv
1977IN083010,313357,38138,37523,"1977IN083010",1977,site_obsdate,2014,2015,2014-2015,38,10,"Moderate development age, 6-15 years",3,Rangeland or Pasture to Developed,Indiana,Knox,CONUS Central 2,CONUS,v2025-11,8/31/1977 0:00,8/31/1977 0:00,alfisols,udalfs,hapludalfs,psammentic hapludalfs,mesic,38.7982278,-87.4495889,3966,5104,US_NCSS_changed_pedons_2014_to_2015.csv
2015IN117002,1108179,38386,37771,"1979IN117003",1979,site_obsdate,2014,2015,2014-2015,36,10,"Moderate development age, 6-15 years",3,Rangeland or Pasture to Developed,Indiana,Orange,CONUS Central 2,CONUS,v2025-11,5/24/1979 0:00,5/24/1979 0:00,alfisols,udalfs,hapludalfs,typic hapludalfs,fine,38.5844083,-86.5371389,3966,5121,US_NCSS_changed_pedons_2014_to_2015.csv
1975IN129006,313285,38066,37451,"1975IN129006",1975,site_obsdate,2014,2015,2014-2015,40,10,"Moderate development age, 6-15 years",3,Rangeland or Pasture to Developed,Indiana,Posey,CONUS Central 2,CONUS,v2025-11,7/9/1975 0:00,7/9/1975 0:00,,,,,,37.9288639,-88.0137944,3966,5127,US_NCSS_changed_pedons_2014_to_2015.csv
1971IN181004,312802,37788,37173,"1971IN181004",1971,site_obsdate,2014,2015,2014-2015,44,10,"Moderate development age, 6-15 years",1,Agriculture to Developed,Indiana,White,CONUS Central 2,CONUS,v2025-11,9/8/1971 0:00,9/8/1971 0:00,,,,,,40.7376333,-86.7734306,3966,5153,US_NCSS_changed_pedons_2014_to_2015.csv
S1983IA097004,934184,70791,68819,"S1983IA097004",1983,site_obsdate,2014,2015,2014-2015,32,10,"Moderate development age, 6-15 years",3,Rangeland or Pasture to Developed,Iowa,Jackson,CONUS Central 2,CONUS,v2025-11,8/3/1983 0:00,8/3/1983 0:00,mollisols,udolls,hapludolls,cumulic hapludolls,fine-silty,42.0738763,-90.3948259,3963,4866,US_NCSS_changed_pedons_2014_to_2015.csv
85IA1670036,123396,13108,13108,"S1985IA1670036",1985,site_obsdate,2014,2015,2014-2015,30,10,"Moderate development age, 6-15 years",3,Rangeland or Pasture to Developed,Iowa,Sioux,CONUS Central 1,CONUS,v2025-11,11/3/1985 0:00,11/1/1985 0:00,mollisols,udolls,hapludolls,typic hapludolls,fine-silty,43.0424995,-96.4313889,3963,4901,US_NCSS_changed_pedons_2014_to_2015.csv
1996LA107004,850053,22676,22676,"S1996LA107004",1996,site_obsdate,2014,2015,2014-2015,19,10,"Moderate development age, 6-15 years",3,Rangeland or Pasture to Developed,Louisiana,Tensas,CONUS Central 2,CONUS,v2025-11,4/9/1996 0:00,4/9/1996 0:00,inceptisols,aquepts,endoaquepts,fluvaquentic endoaquepts,fine-silty,31.9319439,-91.2241669,3969,5433,US_NCSS_changed_pedons_2014_to_2015.csv
00MD041024,804467,26128,26128,"S2000MD041024",2000,site_obsdate,2014,2015,2014-2015,15,10,"Moderate development age, 6-15 years",1,Agriculture to Developed,Maryland,Talbot,CONUS East 1,CONUS,v2025-11,9/27/2000 0:00,9/27/2000 0:00,ultisols,udults,hapludults,typic haplaquox,fine-loamy,38.6809349,-76.0571213,3971,5477,US_NCSS_changed_pedons_2014_to_2015.csv
S2000MD041023,804506,26127,26127,"S2000MD041023",2000,site_obsdate,2014,2015,2014-2015,15,10,"Moderate development age, 6-15 years",1,Agriculture to Developed,Maryland,Talbot,CONUS East 1,CONUS,v2025-11,9/23/2000 0:00,9/23/2000 0:00,alfisols,udalfs,hapludalfs,ultic hapludalfs,fine-silty,38.7057991,-76.0294571,3971,5477,US_NCSS_changed_pedons_2014_to_2015.csv
S1992MI077001,1111245,19762,19762,"S1992MI077001",1992,site_obsdate,2014,2015,2014-2015,23,10,"Moderate development age, 6-15 years",3,Rangeland or Pasture to Developed,Michigan,Kalamazoo,CONUS Central 2,CONUS,v2025-11,11/24/1992 0:00,11/24/1992 0:00,alfisols,udalfs,hapludalfs,typic hapludalfs,fine-loamy over sandy or sandy-skeletal,42.4058418,-85.3679962,3974,5569,US_NCSS_changed_pedons_2014_to_2015.csv
S1972MN0131610,676476,56649,55848,"S1972MN0131610",2011,site_obsdate,2014,2015,2014-2015,4,10,"Moderate development age, 6-15 years",3,Rangeland or Pasture to Developed,Minnesota,Blue Earth,CONUS Central 2,CONUS,v2025-11,1/3/2011 0:00,1/3/2011 0:00,mollisols,udolls,hapludolls,pachic hapludolls,fine,43.8729706,-94.01016998,3975,5620,US_NCSS_changed_pedons_2014_to_2015.csv
S1977MN1272517,582919,55767,54966,"S1977MN1272517",1977,site_obsdate,2014,2015,2014-2015,38,10,"Moderate development age, 6-15 years",3,Rangeland or Pasture to Developed,Minnesota,Redwood,CONUS Central 1,CONUS,v2025-11,11/3/1977 0:00,11/3/1977 0:00,mollisols,aquolls,endoaquolls,cumulic vertic endoaquolls,fine,44.4839706,-95.1686172,3975,5677,US_NCSS_changed_pedons_2014_to_2015.csv
S1944MO031001,102883,4174,4174,"S1944MO031001",1944,site_obsdate,2014,2015,2014-2015,71,10,"Moderate development age, 6-15 years",1,Agriculture to Developed,Missouri,Cape Girardeau,CONUS Central 2,CONUS,v2025-11,10/13/1944 0:00,10/13/1944 0:00,alfisols,udalfs,hapludalfs,fragic oxyaquic hapludalfs,fine-silty,37.2814598,-89.59757996,3976,5716,US_NCSS_changed_pedons_2014_to_2015.csv
1998MO051133,91952,43433,42719,"1998MO051133",1998,site_obsdate,2014,2015,2014-2015,17,10,"Moderate development age, 6-15 years",2,Forest to Developed,Missouri,Cole,CONUS Central 2,CONUS,v2025-11,,6/25/1998 0:00,mollisols,udolls,argiudolls,aquic argiudolls,,38.4534602,-92.33298492,3976,5726,US_NCSS_changed_pedons_2014_to_2015.csv
1996MO067087,85959,49824,49110,"1996MO067087",1996,site_obsdate,2014,2015,2014-2015,19,10,"Moderate development age, 6-15 years",2,Forest to Developed,Missouri,Douglas,CONUS Central 2,CONUS,v2025-11,7/16/1996 0:00,7/16/1996 0:00,alfisols,udalfs,hapludalfs,ultic hapludalfs,coarse-loamy,36.8420979,-92.7732161,3976,5734,US_NCSS_changed_pedons_2014_to_2015.csv
1989MO087032m,134999,46768,46054,"1989MO087032m",1989,site_obsdate,2014,2015,2014-2015,26,10,"Moderate development age, 6-15 years",1,Agriculture to Developed,Missouri,Holt,CONUS Central 1,CONUS,v2025-11,2/2/1989 0:00,2/2/1989 0:00,entisols,aquents,fluvaquents,vertic fluvaquents,very-fine,39.8705559,-95.0691681,3976,5744,US_NCSS_changed_pedons_2014_to_2015.csv
2007MO113067,697397,41363,40649,"2007MO113067",2007,site_obsdate,2014,2015,2014-2015,8,10,"Moderate development age, 6-15 years",1,Agriculture to Developed,Missouri,Lincoln,CONUS Central 2,CONUS,v2025-11,10/30/2007 0:00,10/30/2007 0:00,alfisols,udalfs,hapludalfs,oxyaquic hapludalfs,,39.0209444,-90.7547222,3976,5757,US_NCSS_changed_pedons_2014_to_2015.csv
1997MO125004,91486,44018,43304,"1997MO125004",1997,site_obsdate,2014,2015,2014-2015,18,10,"Moderate development age, 6-15 years",1,Agriculture to Developed,Missouri,Maries,CONUS Central 2,CONUS,v2025-11,3/18/1997 0:00,3/18/1997 0:00,alfisols,udalfs,fragiudalfs,oxyaquic fragiudalfs,,38.0281676,-92.1514794,3976,5763,US_NCSS_changed_pedons_2014_to_2015.csv
2005MO139058,697066,45995,45281,"2005MO139058",2005,site_obsdate,2014,2015,2014-2015,10,10,"Moderate development age, 6-15 years",1,Agriculture to Developed,Missouri,Montgomery,CONUS Central 2,CONUS,v2025-11,4/25/2005 0:00,4/25/2005 0:00,alfisols,udalfs,hapludalfs,aquertic hapludalfs,,38.9633333,-91.3847222,3976,5770,US_NCSS_changed_pedons_2014_to_2015.csv
2006MO139068,697266,45937,45223,"2006MO139068",2006,site_obsdate,2014,2015,2014-2015,9,10,"Moderate development age, 6-15 years",3,Rangeland or Pasture to Developed,Missouri,Montgomery,CONUS Central 2,CONUS,v2025-11,2/23/2006 0:00,2/23/2006 0:00,alfisols,udalfs,hapludalfs,aquertic chromic hapludalfs,,38.8735556,-91.5354167,3976,5770,US_NCSS_changed_pedons_2014_to_2015.csv
2003MO207003,144717,42738,42024,"2003MO207003",2003,site_obsdate,2014,2015,2014-2015,12,10,"Moderate development age, 6-15 years",1,Agriculture to Developed,Missouri,Stoddard,CONUS Central 2,CONUS,v2025-11,3/24/2003 0:00,3/24/2003 0:00,inceptisols,aquepts,endoaquepts,typic endoaquepts,,37.0738297,-89.9229507,3976,5803,US_NCSS_changed_pedons_2014_to_2015.csv
2004MO219055,696962,46008,45294,"2004MO219055",2004,site_obsdate,2014,2015,2014-2015,11,10,"Moderate development age, 6-15 years",3,Rangeland or Pasture to Developed,Missouri,Warren,CONUS Central 2,CONUS,v2025-11,,5/18/2004 0:00,,,,,,38.8413972,-91.2287472,3976,5809,US_NCSS_changed_pedons_2014_to_2015.csv
1999MO221207,87982,43529,42815,"1999MO221207",1999,site_obsdate,2014,2015,2014-2015,16,10,"Moderate development age, 6-15 years",3,Rangeland or Pasture to Developed,Missouri,Washington,CONUS Central 2,CONUS,v2025-11,4/26/1999 0:00,4/26/1999 0:00,alfisols,udalfs,paleudalfs,aquic paleudalfs,,38.1461806,-90.8305972,3976,5810,US_NCSS_changed_pedons_2014_to_2015.csv
88MT031012,125464,15647,15647,"S1988MT031012",1988,site_obsdate,2014,2015,2014-2015,27,10,"Moderate development age, 6-15 years",3,Rangeland or Pasture to Developed,Montana,Gallatin,CONUS West 2,CONUS,v2025-11,9/1/1988 0:00,9/1/1988 0:00,mollisols,borolls,calciborolls,typic calciborolls,fine-silty,45.6544456,-111.3613892,3979,5917,US_NCSS_changed_pedons_2014_to_2015.csv
91MT093003,127593,18363,18363,"S1991MT093003",1991,site_obsdate,2014,2015,2014-2015,24,10,"Moderate development age, 6-15 years",3,Rangeland or Pasture to Developed,Montana,Silver Bow,CONUS West 2,CONUS,v2025-11,7/1/1991 0:00,7/1/1991 0:00,mollisols,borolls,argiborolls,aridic argiborolls,,45.9986115,-112.6658325,3979,5948,US_NCSS_changed_pedons_2014_to_2015.csv
54NE025001,875305,2255,2255,"54NE025001",1954,site_obsdate,2014,2015,2014-2015,61,10,"Moderate development age, 6-15 years",3,Rangeland or Pasture to Developed,Nebraska,Cass,CONUS Central 1,CONUS,v2025-11,4/4/1954 0:00,4/4/1954 0:00,mollisols,udolls,argiudolls,pachic argiudolls,fine,40.83362198,-96.2169647,3982,6124,US_NCSS_changed_pedons_2014_to_2015.csv
S1974NE121026,110341,2011,2011,"S1974NE121026",1974,site_obsdate,2014,2015,2014-2015,41,10,"Moderate development age, 6-15 years",3,Rangeland or Pasture to Developed,Nebraska,Merrick,CONUS Central 1,CONUS,v2025-11,6/1/1974 0:00,6/1/1974 0:00,mollisols,ustolls,haplustolls,fluvaquentic haplustolls,coarse-loamy,41.2016716,-97.9053574,3982,6172,US_NCSS_changed_pedons_2014_to_2015.csv
93NE127001,103931,20998,20998,"S1993NE127001",1993,site_obsdate,2014,2015,2014-2015,22,10,"Moderate development age, 6-15 years",1,Agriculture to Developed,Nebraska,Nemaha,CONUS Central 1,CONUS,v2025-11,9/30/1993 0:00,9/30/1993 0:00,mollisols,udolls,argiudolls,pachic argiudolls,fine,40.3047218,-95.8880539,3982,6175,US_NCSS_changed_pedons_2014_to_2015.csv
54NE185001,253966,2207,2207,"54NE185001",1954,site_obsdate,2014,2015,2014-2015,61,10,"Moderate development age, 6-15 years",3,Rangeland or Pasture to Developed,Nebraska,York,CONUS Central 1,CONUS,v2025-11,4/4/1954 0:00,4/4/1954 0:00,mollisols,ustolls,argiustolls,udic argiustolls,fine,40.8719444,-97.5397222,3982,6204,US_NCSS_changed_pedons_2014_to_2015.csv
S1975NV031007,110556,3238,3238,"S1975NV031007",1975,site_obsdate,2014,2015,2014-2015,40,10,"Moderate development age, 6-15 years",3,Rangeland or Pasture to Developed,Nevada,Washoe,CONUS West 1,CONUS,v2025-11,10/8/1975 0:00,10/8/1975 0:00,mollisols,xerolls,argixerolls,aridic argixerolls,loamy-skeletal,39.3451729,-119.8121109,3987,6283,US_NCSS_changed_pedons_2014_to_2015.csv
S1965NC101003,103463,5106,5106,"S1965NC101003",1965,site_obsdate,2014,2015,2014-2015,50,10,"Moderate development age, 6-15 years",1,Agriculture to Developed,North Carolina,Johnston,CONUS East 1,CONUS,v2025-11,10/21/1965 0:00,10/21/1965 0:00,,,,,,35.3647232,-78.5469437,3980,6009,US_NCSS_changed_pedons_2014_to_2015.csv
58ND089002,47448,108,108,"58ND089002",1958,site_obsdate,2014,2015,2014-2015,57,10,"Moderate development age, 6-15 years",3,Rangeland or Pasture to Developed,North Dakota,Stark,CONUS Central 1,CONUS,v2025-11,,7/15/1958 0:00,,,,,,46.8911111,-102.6391667,3981,6103,US_NCSS_changed_pedons_2014_to_2015.csv
S2002ND089002,153361,31279,31160,"S2002ND089002",2002,site_obsdate,2014,2015,2014-2015,13,10,"Moderate development age, 6-15 years",1,Agriculture to Developed,North Dakota,Stark,CONUS Central 1,CONUS,v2025-11,10/21/2002 0:00,10/21/2002 0:00,mollisols,ustolls,argiustolls,oxyaquic argiustolls,,46.9333344,-102.7938919,3981,6103,US_NCSS_changed_pedons_2014_to_2015.csv
S1953ND103004,47344,49,49,"S1953ND103004",1953,site_obsdate,2014,2015,2014-2015,62,10,"Moderate development age, 6-15 years",1,Agriculture to Developed,North Dakota,Wells,CONUS Central 1,CONUS,v2025-11,9/17/1953 0:00,9/17/1953 0:00,alfisols,xeralfs,haploxeralfs,mollic haploxeralfs,fine-loamy,47.6883316,-100.0500031,3981,6110,US_NCSS_changed_pedons_2014_to_2015.csv
1962-OH039-020,750609,67871,65946,"1962-OH039-020",1962,site_obsdate,2014,2015,2014-2015,53,10,"Moderate development age, 6-15 years",1,Agriculture to Developed,Ohio,Defiance,CONUS East 1,CONUS,v2025-11,,7/1/1962 0:00,alfisols,aqualfs,epiaqualfs,mollic epiaqualfs,fine,41.3123093,-84.324913,3989,6367,US_NCSS_changed_pedons_2014_to_2015.csv
1970-OH107-016,751133,68562,66637,"1970OH107016",1970,site_obsdate,2014,2015,2014-2015,45,10,"Moderate development age, 6-15 years",3,Rangeland or Pasture to Developed,Ohio,Mercer,CONUS East 1,CONUS,v2025-11,9/17/1970 0:00,9/17/1970 0:00,entisols,aquents,fluvaquents,aeric fluvaquents,fine,40.66600037,-84.46600342,3989,6401,US_NCSS_changed_pedons_2014_to_2015.csv
1982OH143020,842836,69095,67170,"S1982OH143020",1982,site_obsdate,2014,2015,2014-2015,33,10,"Moderate development age, 6-15 years",3,Rangeland or Pasture to Developed,Ohio,Sandusky,CONUS East 1,CONUS,v2025-11,8/31/1982 0:00,8/31/1982 0:00,alfisols,aqualfs,epiaqualfs,aeric epiaqualfs,fine,41.2555444,-82.8418028,3989,6419,US_NCSS_changed_pedons_2014_to_2015.csv
S1995OK109017,50012,20123,20123,"S1995OK109017",1992,site_obsdate,2014,2015,2014-2015,23,10,"Moderate development age, 6-15 years",3,Rangeland or Pasture to Developed,Oklahoma,Oklahoma,CONUS Central 1,CONUS,v2025-11,12/15/1995 0:00,11/30/1992 0:00,alfisols,ustalfs,natrustalfs,mollic natrustalfs,fine,35.7059904,-97.4897832,3990,6490,US_NCSS_changed_pedons_2014_to_2015.csv
S1974OK119007,800254,71508,132193,"S1974OK119007",2008,site_obsdate,2014,2015,2014-2015,7,10,"Moderate development age, 6-15 years",3,Rangeland or Pasture to Developed,Oklahoma,Payne,CONUS Central 1,CONUS,v2025-11,,3/27/2008 0:00,mollisols,ustolls,paleustolls,udic paleustolls,fine-silty,36.1189194,-97.1016833,3990,6495,US_NCSS_changed_pedons_2014_to_2015.csv
1959PA037016,422039,53814,53013,"297",1959,site_obsdate,2014,2015,2014-2015,56,10,"Moderate development age, 6-15 years",2,Forest to Developed,Pennsylvania,Columbia,CONUS East 1,CONUS,v2025-11,8/28/1959 0:00,8/28/1959 0:00,inceptisols,ochrepts,dystrochrepts,typic dystrochrepts,loamy-skeletal,41.0183333,-76.3966667,3992,6567,US_NCSS_changed_pedons_2014_to_2015.csv
S1959PA045001,1162028,53850,53049,"329",1959,site_obsdate,2014,2015,2014-2015,56,10,"Moderate development age, 6-15 years",2,Forest to Developed,Pennsylvania,Delaware,CONUS East 1,CONUS,v2025-11,4/23/1959 0:00,4/23/1959 0:00,ultisols,udults,hapludults,typic hapludults,fine-loamy,39.8472222,-75.52249908,3992,6571,US_NCSS_changed_pedons_2014_to_2015.csv
1974PA081022,422277,54079,53278,"1974PA081022",1974,site_obsdate,2014,2015,2014-2015,41,10,"Moderate development age, 6-15 years",3,Rangeland or Pasture to Developed,Pennsylvania,Lycoming,CONUS East 1,CONUS,v2025-11,6/18/1974 0:00,6/18/1974 0:00,Alfisols,Ustalfs,Hapludalfs,Ultic Hapludalfs,coarse-silty,41.1952778,-77.2677778,3992,6589,US_NCSS_changed_pedons_2014_to_2015.csv
D99PR023017,220530,8427,8427,"D99PR023017",1981,site_obsdate,2014,2015,2014-2015,34,10,"Moderate development age, 6-15 years",3,Rangeland or Pasture to Developed,Puerto Rico,Cabo Rojo,Puerto Rico and U.S. Virgin Islands,PRUSVI,v2024-10,1/20/1981 0:00,1/20/1981 0:00,aridisols,argids,paleargids,arenic paleargids,,17.9727778,-67.1833333,3994,6619,US_NCSS_changed_pedons_2014_to_2015.csv
S1963PR151006,105533,541,541,"S1963PR151006",1963,site_obsdate,2014,2015,2014-2015,52,10,"Moderate development age, 6-15 years",3,Rangeland or Pasture to Developed,Puerto Rico,Yabucoa,Puerto Rico and U.S. Virgin Islands,PRUSVI,v2024-10,9/18/1963 0:00,9/18/1963 0:00,alfisols,aqualfs,albaqualfs,typic albaqualfs,fine-loamy,18.0969448,-65.8530579,3994,6692,US_NCSS_changed_pedons_2014_to_2015.csv
S1976SD081009,105671,2476,2476,"S1976SD081009",1976,site_obsdate,2014,2015,2014-2015,39,10,"Moderate development age, 6-15 years",3,Rangeland or Pasture to Developed,South Dakota,Lawrence,CONUS Central 1,CONUS,v2025-11,6/1/1976 0:00,6/1/1976 0:00,alfisols,boralfs,eutroboralfs,typic eutroboralfs,loamy-skeletal,44.1736107,-103.7383347,3998,6800,US_NCSS_changed_pedons_2014_to_2015.csv
S1991-TX301-036-copy,1319638,18130,18130,"S1991-TX301-036-copy",1991,site_obsdate,2014,2015,2014-2015,24,10,"Moderate development age, 6-15 years",3,Rangeland or Pasture to Developed,Texas,Loving,CONUS Central 1,CONUS,v2025-11,5/3/1991 0:00,5/1/1991 0:00,aridisols,calcids,petrocalcids,typic petrocalcids,loamy-skeletal,31.9119453,-103.6811142,4000,7072,US_NCSS_changed_pedons_2014_to_2015.csv
92TX369001,106190,19807,19807,"S1992TX369001",1992,site_obsdate,2014,2015,2014-2015,23,10,"Moderate development age, 6-15 years",3,Rangeland or Pasture to Developed,Texas,Parmer,CONUS Central 1,CONUS,v2025-11,9/22/1992 0:00,9/22/1992 0:00,mollisols,ustolls,paleustolls,aridic paleustolls,,34.7061119,-102.9669418,4000,7106,US_NCSS_changed_pedons_2014_to_2015.csv
S1978-TX389-002-copy,1145938,7233,7233,"S1978-TX389-002-copy",1978,site_obsdate,2014,2015,2014-2015,37,10,"Moderate development age, 6-15 years",3,Rangeland or Pasture to Developed,Texas,Reeves,CONUS Central 1,CONUS,v2025-11,1/1/1978 0:00,1/1/1978 0:00,aridisols,gypsids,argigypsids,ustic argigypsids,fine-gypseous,31.3240167,-103.5046722,4000,7116,US_NCSS_changed_pedons_2014_to_2015.csv
79TX489001,887704,7703,7703,"S1979TX489001",1979,site_obsdate,2014,2015,2014-2015,36,10,"Moderate development age, 6-15 years",3,Rangeland or Pasture to Developed,Texas,Willacy,CONUS Central 1,CONUS,v2025-11,7/1/1979 0:00,7/1/1979 0:00,alfisols,aqualfs,natraqualfs,typic natraqualfs,coarse-loamy,26.5499167,-97.4241667,4000,7166,US_NCSS_changed_pedons_2014_to_2015.csv
S1952VA107002,868557,3983,3983,"S1952VA107002",1952,site_obsdate,2014,2015,2014-2015,63,10,"Moderate development age, 6-15 years",2,Forest to Developed,Virginia,Loudoun,CONUS East 1,CONUS,v2025-11,6/1/1952 0:00,6/1/1952 0:00,ultisols,udults,hapludults,typic hapludults,fine-loamy,39.1515312,-77.7161942,4003,7266,US_NCSS_changed_pedons_2014_to_2015.csv
S2005WV037005,205781,33060,32918,"S2005WV037005",2005,site_obsdate,2014,2015,2014-2015,10,10,"Moderate development age, 6-15 years",2,Forest to Developed,West Virginia,Jefferson,CONUS East 1,CONUS,v2025-11,4/28/2005 0:00,4/28/2005 0:00,ultisols,udults,paleudults,typic paleudults,fine-loamy,39.2352778,-77.8213889,4008,7497,US_NCSS_changed_pedons_2014_to_2015.csv
79WV067011,407472,7341,7341,"S1979WV067011",1979,site_obsdate,2014,2015,2014-2015,36,10,"Moderate development age, 6-15 years",2,Forest to Developed,West Virginia,Nicholas,CONUS East 1,CONUS,v2025-11,6/1/1979 0:00,6/1/1979 0:00,ultisols,udults,hapludults,typic hapludults,fine,38.2819443,-80.7344437,4008,7512,US_NCSS_changed_pedons_2014_to_2015.csv
S1983WI093025,1051092,71898,132583,"S1983WI093025",1983,samp_classdate,2014,2015,2014-2015,32,10,"Moderate development age, 6-15 years",3,Rangeland or Pasture to Developed,Wisconsin,Pierce,CONUS Central 2,CONUS,v2025-11,7/14/1983 0:00,,alfisols,udalfs,hapludalfs,typic hapludalfs,fine-silty,44.6019322,-92.3882034,4007,7454,US_NCSS_changed_pedons_2014_to_2015.csv
75AL065001-pgm,305221,39772,39153,"75AL065001-pgm",1975,site_obsdate,2015,2016,2015-2016,41,9,"Moderate development age, 6-15 years",3,Rangeland or Pasture to Developed,Alabama,Hale,CONUS Central 2,CONUS,v2025-11,5/6/1975 0:00,5/6/1975 0:00,ultisols,udults,paleudults,rhodic paleudults,fine-loamy,32.91222763,-87.64028168,3947,4319,US_NCSS_changed_pedons_2015_to_2016.csv
S1971AZ013006,107816,5833,5833,"S1971AZ013006",1971,site_obsdate,2015,2016,2015-2016,45,9,"Moderate development age, 6-15 years",3,Rangeland or Pasture to Developed,Arizona,Maricopa,CONUS West 2,CONUS,v2025-11,4/13/1971 0:00,4/13/1971 0:00,aridisols,argids,natrargids,typic natrargids,fine-loamy,33.3380547,-112.9024963,3950,4441,US_NCSS_changed_pedons_2015_to_2016.csv
S09CA009003,308078,39981,39362,"S2008CA630DWB003",2008,site_obsdate,2015,2016,2015-2016,8,9,"Moderate development age, 6-15 years",2,Forest to Developed,California,Calaveras,CONUS West 1,CONUS,v2025-11,4/16/2008 0:00,4/16/2008 0:00,ultisols,humults,haplohumults,xeric haplohumults,fine-loamy,38.2019463,-120.5422211,3951,4453,US_NCSS_changed_pedons_2015_to_2016.csv
S2013CA037001,853525,70411,68438,"S2013CA037001",2013,site_obsdate,2015,2016,2015-2016,3,9,"Moderate development age, 6-15 years",3,Rangeland or Pasture to Developed,California,Los Angeles,CONUS West 1,CONUS,v2025-11,4/6/2010 0:00,4/2/2013 0:00,vertisols,xererts,haploxererts,aridic haploxererts,fine,34.0305556,-117.9247222,3951,4467,US_NCSS_changed_pedons_2015_to_2016.csv
S1957CA065002,100082,2788,2788,"S1957CA065002",1957,site_obsdate,2015,2016,2015-2016,59,9,"Moderate development age, 6-15 years",3,Rangeland or Pasture to Developed,California,Riverside,CONUS West 1,CONUS,v2025-11,6/3/1957 0:00,6/3/1957 0:00,entisols,fluvents,xerofluvents,typic xerofluvents,coarse-loamy,33.7344437,-116.9508362,3951,4481,US_NCSS_changed_pedons_2015_to_2016.csv
S1964CA073002,100161,2687,2687,"S1964CA073002",1964,site_obsdate,2015,2016,2015-2016,52,9,"Moderate development age, 6-15 years",3,Rangeland or Pasture to Developed,California,San Diego,CONUS West 1,CONUS,v2025-11,2/17/1964 0:00,2/17/1964 0:00,alfisols,xeralfs,haploxeralfs,typic haploxeralfs,fine-loamy,33.3486099,-117.2369461,3951,4485,US_NCSS_changed_pedons_2015_to_2016.csv
S1981CT003001,594602,9065,9065,"S1981CT003001",1981,site_obsdate,2015,2016,2015-2016,35,9,"Moderate development age, 6-15 years",1,Agriculture to Developed,Connecticut,Hartford,CONUS East 2,CONUS,v2025-11,8/31/1981 0:00,8/31/1981 0:00,inceptisols,udepts,eutrudepts,aquic dystric eutrudepts,fine-silty,42.0095404,-72.6348123,3953,4571,US_NCSS_changed_pedons_2015_to_2016.csv
S09CT009001,360630,40442,39811,"S2009CT009001",2009,site_obsdate,2015,2016,2015-2016,7,9,"Moderate development age, 6-15 years",3,Rangeland or Pasture to Developed,Connecticut,New Haven,CONUS East 2,CONUS,v2025-11,9/9/2009 0:00,9/9/2009 0:00,inceptisols,udepts,dystrudepts,typic dystrudepts,coarse-loamy,41.4082794,-72.90433502,3953,4574,US_NCSS_changed_pedons_2015_to_2016.csv
1978-FL071-S36_019,517749,50975,50249,"S1978-FL071-S36_019",2011,site_obsdate,2015,2016,2015-2016,5,9,"Moderate development age, 6-15 years",2,Forest to Developed,Florida,Lee,CONUS East 1,CONUS,v2025-11,,4/15/2011 0:00,Alfisols,Udalfs,Hapludalfs,Psammentic Hapludalfs,,26.4740086,-81.8352814,3957,4617,US_NCSS_changed_pedons_2015_to_2016.csv
1974-FL113-S57_033,518180,50688,49962,"S1974-FL113-S57_033",2011,site_obsdate,2015,2016,2015-2016,5,9,"Moderate development age, 6-15 years",1,Agriculture to Developed,Florida,Santa Rosa,CONUS Central 2,CONUS,v2025-11,,4/15/2011 0:00,Ultisols,Udults,Kandiudults,Plinthic Kandiudults,,30.7947636,-87.2045517,3957,4638,US_NCSS_changed_pedons_2015_to_2016.csv
90ID023002,1257189,73565,134298,"90-ALF-002",1990,site_obsdate,2015,2016,2015-2016,26,9,"Moderate development age, 6-15 years",3,Rangeland or Pasture to Developed,Idaho,Butte,CONUS West 2,CONUS,v2025-11,,11/15/1990 0:00,,,,,,43.49869919,-113.0474014,3964,4928,US_NCSS_changed_pedons_2015_to_2016.csv
92ID023001,1260925,73566,134299,"92-ALF-004",1992,site_obsdate,2015,2016,2015-2016,24,9,"Moderate development age, 6-15 years",3,Rangeland or Pasture to Developed,Idaho,Butte,CONUS West 2,CONUS,v2025-11,,6/19/1992 0:00,,,,,,43.49869919,-113.0474014,3964,4928,US_NCSS_changed_pedons_2015_to_2016.csv
99ID035001,108781,24153,24153,"S1999ID035001",1999,site_obsdate,2015,2016,2015-2016,17,9,"Moderate development age, 6-15 years",2,Forest to Developed,Idaho,Clearwater,CONUS West 1,CONUS,v2025-11,11/17/1999 0:00,11/17/1999 0:00,andisols,vitrands,udivitrands,alfic udivitrands,,46.6813889,-116.1911087,3964,4934,US_NCSS_changed_pedons_2015_to_2016.csv
S1956ID045018,101495,1016,1016,"S1956ID045018",1956,site_obsdate,2015,2016,2015-2016,60,9,"Moderate development age, 6-15 years",1,Agriculture to Developed,Idaho,Gem,CONUS West 1,CONUS,v2025-11,7/26/1956 0:00,7/26/1956 0:00,,,,,,43.8620949,-116.5512543,3964,4939,US_NCSS_changed_pedons_2015_to_2016.csv
1984IL029107,375232,37178,36563,"1984IL029107",1984,site_obsdate,2015,2016,2015-2016,32,9,"Moderate development age, 6-15 years",3,Rangeland or Pasture to Developed,Illinois,Coles,CONUS Central 2,CONUS,v2025-11,2/1/1984 0:00,2/1/1984 0:00,alfisols,udalfs,hapludalfs,typic hapludalfs,fine-loamy,39.3815778,-88.4340306,3965,4975,US_NCSS_changed_pedons_2015_to_2016.csv
1980IL049030,350984,36703,36088,"1980IL049030",1980,site_obsdate,2015,2016,2015-2016,36,9,"Moderate development age, 6-15 years",3,Rangeland or Pasture to Developed,Illinois,Effingham,CONUS Central 2,CONUS,v2025-11,8/1/1980 0:00,8/1/1980 0:00,alfisols,aqualfs,epiaqualfs,aeric epiaqualfs,fine-silty,39.1461237,-88.75322723,3965,4985,US_NCSS_changed_pedons_2015_to_2016.csv
80IL-049-001,963393,36693,36078,"80IL-049-001",1980,site_obsdate,2015,2016,2015-2016,36,9,"Moderate development age, 6-15 years",2,Forest to Developed,Illinois,Effingham,CONUS Central 2,CONUS,v2025-11,,4/1/1980 0:00,alfisols,udalfs,hapludalfs,ultic hapludalfs,fine-silty,39.1188324,-88.5939638,3965,4985,US_NCSS_changed_pedons_2015_to_2016.csv
70IL-059-002,963360,36171,35556,"70IL-059-002",1970,site_obsdate,2015,2016,2015-2016,46,9,"Moderate development age, 6-15 years",1,Agriculture to Developed,Illinois,Gallatin,CONUS Central 2,CONUS,v2025-11,,8/1/1970 0:00,alfisols,udalfs,fragiudalfs,oxyaquic fragiudalfs,fine-silty,37.9011336,-88.263683,3965,4990,US_NCSS_changed_pedons_2015_to_2016.csv
1988IL067006,859252,37590,36975,"1988IL067006",1988,site_obsdate,2015,2016,2015-2016,28,9,"Moderate development age, 6-15 years",1,Agriculture to Developed,Illinois,Hancock,CONUS Central 2,CONUS,v2025-11,7/1/1988 0:00,7/1/1988 0:00,mollisols,aquolls,endoaquolls,typic endoaquolls,fine-silty,40.5807083,-91.2676333,3965,4994,US_NCSS_changed_pedons_2015_to_2016.csv
1977IL073003,355060,36345,35730,"1977IL073003",1976,site_obsdate,2015,2016,2015-2016,40,9,"Moderate development age, 6-15 years",3,Rangeland or Pasture to Developed,Illinois,Henry,CONUS Central 2,CONUS,v2025-11,11/1/1976 0:00,11/1/1976 0:00,alfisols,udalfs,hapludalfs,typic hapludalfs,fine-silty,41.2880154,-89.88619995,3965,4997,US_NCSS_changed_pedons_2015_to_2016.csv
1945IL157003,314953,35914,35299,"1945IL157003",1945,site_obsdate,2015,2016,2015-2016,71,9,"Moderate development age, 6-15 years",3,Rangeland or Pasture to Developed,Illinois,Randolph,CONUS Central 2,CONUS,v2025-11,9/1/1945 0:00,9/1/1945 0:00,alfisols,udalfs,fragiudalfs,oxyaquic fragiudalfs,fine-silty,38.0217448,-89.887057,3965,5039,US_NCSS_changed_pedons_2015_to_2016.csv
1977IN021044,313390,38217,37602,"1977IN021044",1977,site_obsdate,2015,2016,2015-2016,39,9,"Moderate development age, 6-15 years",3,Rangeland or Pasture to Developed,Indiana,Clay,CONUS Central 2,CONUS,v2025-11,9/6/1977 0:00,9/6/1977 0:00,alfisols,udalfs,hapludalfs,ultic hapludalfs,fine-loamy,39.5575528,-87.0509111,3966,5073,US_NCSS_changed_pedons_2015_to_2016.csv
1980IN049011,313708,38873,38258,"1980IN049011",1980,site_obsdate,2015,2016,2015-2016,36,9,"Moderate development age, 6-15 years",1,Agriculture to Developed,Indiana,Fulton,CONUS Central 2,CONUS,v2025-11,8/28/1980 0:00,8/28/1980 0:00,alfisols,udalfs,hapludalfs,typic hapludalfs,fine-loamy,41.04172516,-86.0566111,3966,5087,US_NCSS_changed_pedons_2015_to_2016.csv
1974IN091003,313031,37926,37311,"1974IN091003",1974,site_obsdate,2015,2016,2015-2016,42,9,"Moderate development age, 6-15 years",3,Rangeland or Pasture to Developed,Indiana,LaPorte,CONUS Central 2,CONUS,v2025-11,10/4/1974 0:00,10/4/1974 0:00,,,,,,41.6440722,-86.9251944,3966,5108,US_NCSS_changed_pedons_2015_to_2016.csv
1978IN107001,313508,38480,37865,"1978IN107001",1977,site_obsdate,2015,2016,2015-2016,39,9,"Moderate development age, 6-15 years",3,Rangeland or Pasture to Developed,Indiana,Montgomery,CONUS Central 2,CONUS,v2025-11,11/4/1977 0:00,11/4/1977 0:00,mollisols,aquolls,haplaquolls,typic haplaquolls,fine-silty,40.1858417,-86.8348389,3966,5116,US_NCSS_changed_pedons_2015_to_2016.csv
1975IN129004,313334,38115,37500,"1975IN129004",1975,site_obsdate,2015,2016,2015-2016,41,9,"Moderate development age, 6-15 years",1,Agriculture to Developed,Indiana,Posey,CONUS Central 2,CONUS,v2025-11,7/9/1975 0:00,7/9/1975 0:00,,,,,,37.9071111,-88.0037694,3966,5127,US_NCSS_changed_pedons_2015_to_2016.csv
1984IN157024,314371,39355,38740,"1984IN157024",1984,site_obsdate,2015,2016,2015-2016,32,9,"Moderate development age, 6-15 years",3,Rangeland or Pasture to Developed,Indiana,Tippecanoe,CONUS Central 2,CONUS,v2025-11,9/6/1984 0:00,9/6/1984 0:00,alfisols,udalfs,hapludalfs,typic hapludalfs,fine-loamy,40.35200119,-86.7232972,3966,5141,US_NCSS_changed_pedons_2015_to_2016.csv
S2005IN159001,205386,33947,33750,"S2005IN159001",2005,site_obsdate,2015,2016,2015-2016,11,9,"Moderate development age, 6-15 years",1,Agriculture to Developed,Indiana,Tipton,CONUS Central 2,CONUS,v2025-11,10/28/2005 0:00,10/28/2005 0:00,alfisols,udalfs,hapludalfs,aquic hapludalfs,,40.3788605,-85.9560547,3966,5142,US_NCSS_changed_pedons_2015_to_2016.csv
S1973IA043011,934174,70723,68751,"S1973IA043011",1973,site_obsdate,2015,2016,2015-2016,43,9,"Moderate development age, 6-15 years",3,Rangeland or Pasture to Developed,Iowa,Clayton,CONUS Central 2,CONUS,v2025-11,7/11/1973 0:00,7/11/1973 0:00,mollisols,aquolls,endoaquolls,cumulic endoaquolls,fine-silty,43.0759334,-91.4723439,3963,4839,US_NCSS_changed_pedons_2015_to_2016.csv
1983IA065005,869492,11173,11173,"S1983IA065005",1983,site_obsdate,2015,2016,2015-2016,33,9,"Moderate development age, 6-15 years",3,Rangeland or Pasture to Developed,Iowa,Fayette,CONUS Central 2,CONUS,v2025-11,12/1/1983 0:00,12/1/1983 0:00,inceptisols,udepts,eutrudepts,dystric eutrudepts,fine-loamy,42.9863889,-91.9288889,3963,4850,US_NCSS_changed_pedons_2015_to_2016.csv
S1962IA065027,1071565,71202,69226,"S1962IA065027",2014,site_obsdate,2015,2016,2015-2016,2,9,"Moderate development age, 6-15 years",1,Agriculture to Developed,Iowa,Fayette,CONUS Central 2,CONUS,v2025-11,8/4/2014 0:00,8/4/2014 0:00,,,,,,42.9222601,-91.9433735,3963,4850,US_NCSS_changed_pedons_2015_to_2016.csv
1956IA089009,1284295,1358,1358,"S1956IA089009",1956,site_obsdate,2015,2016,2015-2016,60,9,"Moderate development age, 6-15 years",3,Rangeland or Pasture to Developed,Iowa,Howard,CONUS Central 2,CONUS,v2025-11,10/16/1956 0:00,10/16/1956 0:00,mollisols,udolls,argiudolls,typic argiudolls,fine-loamy,43.3491669,-92.3497238,3963,4862,US_NCSS_changed_pedons_2015_to_2016.csv
05KS027001,174704,52038,51312,"05KS027001",2005,site_obsdate,2015,2016,2015-2016,11,9,"Moderate development age, 6-15 years",3,Rangeland or Pasture to Developed,Kansas,Clay,CONUS Central 1,CONUS,v2025-11,8/10/2005 0:00,8/10/2005 0:00,mollisols,ustolls,argiustolls,typic argiustolls,fine,39.4535675,-96.9763641,3967,5168,US_NCSS_changed_pedons_2015_to_2016.csv
76KS077001,192746,1782,1782,"76KS077001",1976,site_obsdate,2015,2016,2015-2016,40,9,"Moderate development age, 6-15 years",3,Rangeland or Pasture to Developed,Kansas,Harper,CONUS Central 1,CONUS,v2025-11,6/1/1976 0:00,6/1/1976 0:00,mollisols,ustolls,argiustolls,udic argiustolls,fine-loamy,37.3352778,-98.18499756,3967,5193,US_NCSS_changed_pedons_2015_to_2016.csv
75LA041012,955535,1333,1333,"75LA041012",1975,site_obsdate,2015,2016,2015-2016,41,9,"Moderate development age, 6-15 years",2,Forest to Developed,Louisiana,Franklin,CONUS Central 2,CONUS,v2025-11,,6/1/1975 0:00,alfisols,aqualfs,natraqualfs,albic glossic natraqualfs,fine-silty,32.3191667,-91.6097222,3969,5400,US_NCSS_changed_pedons_2015_to_2016.csv
S1968LA057001,102386,3896,3896,"S1968LA057001",1968,site_obsdate,2015,2016,2015-2016,48,9,"Moderate development age, 6-15 years",1,Agriculture to Developed,Louisiana,Lafourche,CONUS Central 2,CONUS,v2025-11,4/18/1968 0:00,4/18/1968 0:00,entisols,aquents,fluvaquents,typic fluvaquents,very-fine,29.68805504,-90.6286087,3969,5408,US_NCSS_changed_pedons_2015_to_2016.csv
S1986MD031004,821695,13568,13568,"S1986MD031004",1986,site_obsdate,2015,2016,2015-2016,30,9,"Moderate development age, 6-15 years",3,Rangeland or Pasture to Developed,Maryland,Montgomery,CONUS East 1,CONUS,v2025-11,,7/1/1986 0:00,ultisols,udults,hapludults,ochreptic hapludults,,39.1734806,-77.051325,3971,5472,US_NCSS_changed_pedons_2015_to_2016.csv
S1969MI115005,1114793,1879,1879,"S1969MI115005",1969,site_obsdate,2015,2016,2015-2016,47,9,"Moderate development age, 6-15 years",3,Rangeland or Pasture to Developed,Michigan,Monroe,CONUS East 1,CONUS,v2025-11,9/25/1969 0:00,10/10/1969 0:00,mollisols,aquolls,epiaquolls,fluvaquentic epiaquolls,fine,41.8886417,-83.3819611,3974,5588,US_NCSS_changed_pedons_2015_to_2016.csv
1958MI139002,323257,30904,30787,"1958MI139002",1958,site_obsdate,2015,2016,2015-2016,58,9,"Moderate development age, 6-15 years",3,Rangeland or Pasture to Developed,Michigan,Ottawa,CONUS Central 2,CONUS,v2025-11,9/23/1958 0:00,9/23/1958 0:00,,,,,,43.0636111,-86.1530278,3974,5600,US_NCSS_changed_pedons_2015_to_2016.csv
88MI145001,124801,14799,14799,"S1988MI145001",1988,site_obsdate,2015,2016,2015-2016,28,9,"Moderate development age, 6-15 years",3,Rangeland or Pasture to Developed,Michigan,Saginaw,CONUS East 1,CONUS,v2025-11,10/3/1988 0:00,10/1/1988 0:00,alfisols,udalfs,hapludalfs,typic hapludalfs,fine-silty,43.3314611,-83.7250694,3974,5603,US_NCSS_changed_pedons_2015_to_2016.csv
S1972MN0131603,676470,56643,55842,"S1972MN0131603",2010,site_obsdate,2015,2016,2015-2016,6,9,"Moderate development age, 6-15 years",3,Rangeland or Pasture to Developed,Minnesota,Blue Earth,CONUS Central 2,CONUS,v2025-11,12/23/2010 0:00,12/23/2010 0:00,mollisols,udolls,hapludolls,pachic hapludolls,sandy,44.057991,-94.1929398,3975,5620,US_NCSS_changed_pedons_2015_to_2016.csv
S1975MN0332111,678136,56897,56096,"S1975MN0332111",2011,site_obsdate,2015,2016,2015-2016,5,9,"Moderate development age, 6-15 years",1,Agriculture to Developed,Minnesota,Cottonwood,CONUS Central 1,CONUS,v2025-11,1/28/2011 0:00,1/28/2011 0:00,mollisols,udolls,hapludolls,pachic hapludolls,fine-loamy,43.9502348,-95.4407716,3975,5630,US_NCSS_changed_pedons_2015_to_2016.csv
S1992MN0854656,683919,57169,56368,"S1992MN0854656",2011,site_obsdate,2015,2016,2015-2016,5,9,"Moderate development age, 6-15 years",3,Rangeland or Pasture to Developed,Minnesota,McLeod,CONUS Central 2,CONUS,v2025-11,2/15/2011 0:00,2/15/2011 0:00,mollisols,udolls,argiudolls,typic argiudolls,fine-loamy,44.9710388,-94.4091339,3975,5656,US_NCSS_changed_pedons_2015_to_2016.csv
S1990MN093004(4417),583561,56371,55570,"S1990MN093004(4417)",1990,site_obsdate,2015,2016,2015-2016,26,9,"Moderate development age, 6-15 years",3,Rangeland or Pasture to Developed,Minnesota,Meeker,CONUS Central 2,CONUS,v2025-11,11/29/1990 0:00,11/29/1990 0:00,mollisols,aquolls,epiaquolls,vertic epiaquolls,fine,44.9246597,-94.655899,3975,5660,US_NCSS_changed_pedons_2015_to_2016.csv
S1979MN099024,583215,56042,55241,"S1979MN099024",1979,site_obsdate,2015,2016,2015-2016,37,9,"Moderate development age, 6-15 years",3,Rangeland or Pasture to Developed,Minnesota,Mower,CONUS Central 2,CONUS,v2025-11,10/17/1979 0:00,10/17/1979 0:00,alfisols,udalfs,hapludalfs,aquic hapludalfs,fine-loamy,43.8192902,-92.9802628,3975,5663,US_NCSS_changed_pedons_2015_to_2016.csv
1987MO005012m,42999,49972,49258,"1987MO005012m",1987,site_obsdate,2015,2016,2015-2016,29,9,"Moderate development age, 6-15 years",3,Rangeland or Pasture to Developed,Missouri,Atchison,CONUS Central 1,CONUS,v2025-11,3/1/1987 0:00,3/1/1987 0:00,entisols,fluvents,udifluvents,mollic udifluvents,coarse-silty,40.5436096,-95.7444458,3976,5703,US_NCSS_changed_pedons_2015_to_2016.csv
2007MO023005,249492,42279,41565,"2007MO023005",2007,site_obsdate,2015,2016,2015-2016,9,9,"Moderate development age, 6-15 years",3,Rangeland or Pasture to Developed,Missouri,Butler,CONUS Central 2,CONUS,v2025-11,6/25/2007 0:00,6/25/2007 0:00,alfisols,udalfs,hapludalfs,psammentic hapludalfs,,36.5766678,-90.5569458,3976,5712,US_NCSS_changed_pedons_2015_to_2016.csv
1988MO041030,695802,45459,44745,"1988MO041030",1988,site_obsdate,2015,2016,2015-2016,28,9,"Moderate development age, 6-15 years",1,Agriculture to Developed,Missouri,Chariton,CONUS Central 2,CONUS,v2025-11,4/1/1988 0:00,4/1/1988 0:00,,,,,,39.6754556,-93.178225,3976,5721,US_NCSS_changed_pedons_2015_to_2016.csv
1989MO041009,695933,45243,44529,"1989MO041009",1989,site_obsdate,2015,2016,2015-2016,27,9,"Moderate development age, 6-15 years",1,Agriculture to Developed,Missouri,Chariton,CONUS Central 2,CONUS,v2025-11,8/3/1989 0:00,8/3/1989 0:00,,,,,,39.4325611,-92.8988861,3976,5721,US_NCSS_changed_pedons_2015_to_2016.csv
1983MO115003,121434,10455,10455,"S1983MO115003",1983,site_obsdate,2015,2016,2015-2016,33,9,"Moderate development age, 6-15 years",3,Rangeland or Pasture to Developed,Missouri,Linn,CONUS Central 2,CONUS,v2025-11,5/3/1983 0:00,5/1/1983 0:00,alfisols,aqualfs,ochraqualfs,vertic ochraqualfs,fine,39.8922234,-93.2680588,3976,5758,US_NCSS_changed_pedons_2015_to_2016.csv
2006MO127007,697178,41642,40928,"2006MO127007",2006,site_obsdate,2015,2016,2015-2016,10,9,"Moderate development age, 6-15 years",3,Rangeland or Pasture to Developed,Missouri,Marion,CONUS Central 2,CONUS,v2025-11,6/12/2006 0:00,6/12/2006 0:00,mollisols,aquolls,argiaquolls,vertic argiaquolls,,39.8321944,-91.5078333,3976,5764,US_NCSS_changed_pedons_2015_to_2016.csv
2006MO139063,664041,45942,45228,"2006MO139063",2006,site_obsdate,2015,2016,2015-2016,10,9,"Moderate development age, 6-15 years",3,Rangeland or Pasture to Developed,Missouri,Montgomery,CONUS Central 2,CONUS,v2025-11,2/22/2006 0:00,2/22/2006 0:00,alfisols,aqualfs,epiaqualfs,aeric vertic epiaqualfs,,39.0008056,-91.5277778,3976,5770,US_NCSS_changed_pedons_2015_to_2016.csv
2007MO139065,697498,41172,40458,"2007MO139065",2007,site_obsdate,2015,2016,2015-2016,9,9,"Moderate development age, 6-15 years",3,Rangeland or Pasture to Developed,Missouri,Montgomery,CONUS Central 2,CONUS,v2025-11,7/31/2007 0:00,7/31/2007 0:00,alfisols,udalfs,hapludalfs,aquertic chromic hapludalfs,,38.8676944,-91.5154722,3976,5770,US_NCSS_changed_pedons_2015_to_2016.csv
1992MO151019,474620,44344,43630,"1992MO151019",2011,site_obsdate,2015,2016,2015-2016,5,9,"Moderate development age, 6-15 years",1,Agriculture to Developed,Missouri,Osage,CONUS Central 2,CONUS,v2025-11,1/25/2011 0:00,1/25/2011 0:00,alfisols,udalfs,hapludalfs,aquic hapludalfs,,38.49200058,-91.91840363,3976,5776,US_NCSS_changed_pedons_2015_to_2016.csv
1992MO151052,474644,44320,43606,"1992MO151052",2011,site_obsdate,2015,2016,2015-2016,5,9,"Moderate development age, 6-15 years",1,Agriculture to Developed,Missouri,Osage,CONUS Central 2,CONUS,v2025-11,1/25/2011 0:00,1/25/2011 0:00,alfisols,udalfs,hapludalfs,aquic hapludalfs,,38.49219894,-91.91860199,3976,5776,US_NCSS_changed_pedons_2015_to_2016.csv
1995MO151009,90833,42981,42267,"1995MO151009",1995,site_obsdate,2015,2016,2015-2016,21,9,"Moderate development age, 6-15 years",1,Agriculture to Developed,Missouri,Osage,CONUS Central 2,CONUS,v2025-11,8/1/1995 0:00,8/1/1995 0:00,alfisols,udalfs,hapludalfs,aquic hapludalfs,,38.4922717,-91.9187642,3976,5776,US_NCSS_changed_pedons_2015_to_2016.csv
2008MO157005,664654,41428,40714,"2008MO157005",2008,site_obsdate,2015,2016,2015-2016,8,9,"Moderate development age, 6-15 years",3,Rangeland or Pasture to Developed,Missouri,Perry,CONUS Central 2,CONUS,v2025-11,5/21/2008 0:00,5/21/2008 0:00,alfisols,udalfs,paleudalfs,oxyaquic paleudalfs,,37.7166111,-89.81099701,3976,5779,US_NCSS_changed_pedons_2015_to_2016.csv
2008MO193005,664970,41488,40774,"2008MO193005",2008,site_obsdate,2015,2016,2015-2016,8,9,"Moderate development age, 6-15 years",3,Rangeland or Pasture to Developed,Missouri,Ste. Genevieve,CONUS Central 2,CONUS,v2025-11,5/13/2008 0:00,5/13/2008 0:00,alfisols,udalfs,paleudalfs,typic paleudalfs,,37.9593889,-90.0456944,3976,12002,US_NCSS_changed_pedons_2015_to_2016.csv
2004MO219050,696947,46060,45346,"2004MO219050",2004,site_obsdate,2015,2016,2015-2016,12,9,"Moderate development age, 6-15 years",3,Rangeland or Pasture to Developed,Missouri,Warren,CONUS Central 2,CONUS,v2025-11,1/14/2004 0:00,1/14/2004 0:00,alfisols,udalfs,hapludalfs,albaquic hapludalfs,,38.8228389,-90.9979861,3976,5809,US_NCSS_changed_pedons_2015_to_2016.csv
79NE037134,120506,8464,8464,"S1979NE037134",1979,site_obsdate,2015,2016,2015-2016,37,9,"Moderate development age, 6-15 years",3,Rangeland or Pasture to Developed,Nebraska,Colfax,CONUS Central 1,CONUS,v2025-11,6/3/1979 0:00,6/1/1979 0:00,mollisols,ustolls,haplustolls,cumulic haplustolls,fine-silty,41.4850006,-97.0397186,3982,6130,US_NCSS_changed_pedons_2015_to_2016.csv
S1979NE053001,169229,7642,7642,"S1979NE053001",1979,site_obsdate,2015,2016,2015-2016,37,9,"Moderate development age, 6-15 years",3,Rangeland or Pasture to Developed,Nebraska,Dodge,CONUS Central 1,CONUS,v2025-11,6/1/1979 0:00,6/1/1979 0:00,mollisols,ustolls,haplustolls,fluvaquentic haplustolls,coarse-silty over sandy or sandy-skeletal,41.4602776,-96.8188858,3982,6138,US_NCSS_changed_pedons_2015_to_2016.csv
79NE059011,120156,7667,7667,"S1979NE059011",1979,site_obsdate,2015,2016,2015-2016,37,9,"Moderate development age, 6-15 years",3,Rangeland or Pasture to Developed,Nebraska,Fillmore,CONUS Central 1,CONUS,v2025-11,6/3/1979 0:00,6/1/1979 0:00,mollisols,ustolls,argiustolls,pachic argiustolls,fine,40.4666672,-97.413887,3982,6141,US_NCSS_changed_pedons_2015_to_2016.csv
S1969NE089001,103882,2075,2075,"S1969NE089001",1969,site_obsdate,2015,2016,2015-2016,47,9,"Moderate development age, 6-15 years",3,Rangeland or Pasture to Developed,Nebraska,Holt,CONUS Central 1,CONUS,v2025-11,9/24/1969 0:00,9/24/1969 0:00,mollisols,ustolls,argiustolls,typic argiustolls,fine-loamy over sandy or sandy-skeletal,42.5138779,-98.638443,3982,6156,US_NCSS_changed_pedons_2015_to_2016.csv
1980NE127010,196353,8020,8020,"1980NE127010",1980,site_obsdate,2015,2016,2015-2016,36,9,"Moderate development age, 6-15 years",3,Rangeland or Pasture to Developed,Nebraska,Nemaha,CONUS Central 1,CONUS,v2025-11,4/14/2006 0:00,7/1/1980 0:00,mollisols,udolls,argiudolls,aquertic argiudolls,fine,40.3676389,-96.04750061,3982,6175,US_NCSS_changed_pedons_2015_to_2016.csv
S1959NJ009001,1046841,310,310,"S1959NJ009001",1959,site_obsdate,2015,2016,2015-2016,57,9,"Moderate development age, 6-15 years",1,Agriculture to Developed,New Jersey,Cape May,CONUS East 2,CONUS,v2025-11,8/21/1959 0:00,8/21/1959 0:00,alfisols,udalfs,hapludalfs,typic hapludalfs,coarse-loamy,38.9626139,-74.94345093,3984,6219,US_NCSS_changed_pedons_2015_to_2016.csv
S2000NJ013004,873262,26492,26493,"NJ013-Peckmantown-004",2000,site_obsdate,2015,2016,2015-2016,16,9,"Moderate development age, 6-15 years",2,Forest to Developed,New Jersey,Essex,CONUS East 2,CONUS,v2025-11,12/7/2000 0:00,12/7/2000 0:00,alfisols,udalfs,fragiudalfs,typic fragiudalfs,coarse-silty,40.8546371,-74.240242,3984,6221,US_NCSS_changed_pedons_2015_to_2016.csv
2018NM013237,1306448,734,734,"2018NM013237",1958,site_obsdate,2015,2016,2015-2016,58,9,"Moderate development age, 6-15 years",3,Rangeland or Pasture to Developed,New Mexico,Doña Ana,CONUS West 2,CONUS,v2025-11,5/8/2019 0:00,11/17/1958 0:00,entisols,psamments,torripsamments,typic torripsamments,,32.2592694,-106.7043861,3986,6243,US_NCSS_changed_pedons_2015_to_2016.csv
88NY035006,126085,16431,16431,"S1988NY035006",1988,site_obsdate,2015,2016,2015-2016,28,9,"Moderate development age, 6-15 years",3,Rangeland or Pasture to Developed,New York,Fulton,CONUS East 2,CONUS,v2025-11,3/3/1988 0:00,3/1/1988 0:00,alfisols,aqualfs,ochraqualfs,aeric ochraqualfs,very-fine,43.0086098,-74.4230576,3988,6303,US_NCSS_changed_pedons_2015_to_2016.csv
S1982NY061015,524599,10005,10005,"S1982NY061015",1982,site_obsdate,2015,2016,2015-2016,34,9,"Moderate development age, 6-15 years",3,Rangeland or Pasture to Developed,New York,New York,CONUS East 2,CONUS,v2025-11,11/1/1982 0:00,11/1/1982 0:00,inceptisols,udepts,dystrudepts,typic dystrudepts,coarse-loamy,40.7938881,-73.95401001,3988,6316,US_NCSS_changed_pedons_2015_to_2016.csv
98NC061003,108949,23837,23837,"S1998NC061003",1998,site_obsdate,2015,2016,2015-2016,18,9,"Moderate development age, 6-15 years",3,Rangeland or Pasture to Developed,North Carolina,Duplin,CONUS East 1,CONUS,v2025-11,6/11/1998 0:00,6/11/1998 0:00,,,,,,34.9069443,-77.7494431,3980,5989,US_NCSS_changed_pedons_2015_to_2016.csv
S2004NC105001,435307,32320,32201,"S2004NC105001",2004,site_obsdate,2015,2016,2015-2016,12,9,"Moderate development age, 6-15 years",3,Rangeland or Pasture to Developed,North Carolina,Lee,CONUS East 1,CONUS,v2025-11,4/7/2004 0:00,4/7/2004 0:00,ultisols,udults,hapludults,aquic hapludults,,35.5950546,-79.0711136,3980,6011,US_NCSS_changed_pedons_2015_to_2016.csv
1953-OH039-S01,746667,66210,64285,"1953-OH039-S01",1953,site_obsdate,2015,2016,2015-2016,63,9,"Moderate development age, 6-15 years",3,Rangeland or Pasture to Developed,Ohio,Defiance,CONUS East 1,CONUS,v2025-11,,8/28/1953 0:00,,,,aquic arenic hapludalfs,loamy,41.2364044,-84.3145294,3989,6367,US_NCSS_changed_pedons_2015_to_2016.csv
1956-OH173-093,749932,66913,64988,"1956-OH173-093",2001,site_obsdate,2015,2016,2015-2016,15,9,"Moderate development age, 6-15 years",3,Rangeland or Pasture to Developed,Ohio,Wood,CONUS East 1,CONUS,v2025-11,,3/22/2001 0:00,alfisols,aqualfs,epiaqualfs,mollic epiaqualfs,fine,41.4646759,-83.4232712,3989,6434,US_NCSS_changed_pedons_2015_to_2016.csv
79-OK027-14-32,800201,71588,132273,"79-OK027-14-32",2014,site_obsdate,2015,2016,2015-2016,2,9,"Moderate development age, 6-15 years",1,Agriculture to Developed,Oklahoma,Cleveland,CONUS Central 1,CONUS,v2025-11,,9/18/2014 0:00,mollisols,ustolls,paleustolls,udertic paleustolls,fine,35.3011806,-97.5155722,3990,6449,US_NCSS_changed_pedons_2015_to_2016.csv
S1957OR055001,105213,854,854,"S1957OR055001",1957,site_obsdate,2015,2016,2015-2016,59,9,"Moderate development age, 6-15 years",3,Rangeland or Pasture to Developed,Oregon,Sherman,CONUS West 1,CONUS,v2025-11,5/8/1957 0:00,5/8/1957 0:00,mollisols,xerolls,haploxerolls,typic haploxerolls,fine-silty,45.2724991,-120.7038879,3991,6540,US_NCSS_changed_pedons_2015_to_2016.csv
1961PA001017,409552,53596,52795,"10",1961,site_obsdate,2015,2016,2015-2016,55,9,"Moderate development age, 6-15 years",3,Rangeland or Pasture to Developed,Pennsylvania,Adams,CONUS East 1,CONUS,v2025-11,6/6/1961 0:00,6/6/1961 0:00,Alfisols,Ustalfs,Hapludalfs,Aquic Hapludalfs,fine-loamy,39.9363889,-77.0752778,3992,6549,US_NCSS_changed_pedons_2015_to_2016.csv
1969PA009010,421796,54084,53283,"1969PA009010",1969,site_obsdate,2015,2016,2015-2016,47,9,"Moderate development age, 6-15 years",1,Agriculture to Developed,Pennsylvania,Bedford,CONUS East 1,CONUS,v2025-11,7/29/1969 0:00,7/29/1969 0:00,inceptisols,ochrepts,dystrochrepts,fluventic dystrochrepts,fine-silty,40.0138889,-78.5916667,3992,6553,US_NCSS_changed_pedons_2015_to_2016.csv
90PA057006,127141,17737,17737,"S1990PA057006",1990,site_obsdate,2015,2016,2015-2016,26,9,"Moderate development age, 6-15 years",1,Agriculture to Developed,Pennsylvania,Fulton,CONUS East 1,CONUS,v2025-11,11/1/1990 0:00,11/1/1990 0:00,inceptisols,ochrepts,dystrochrepts,fluventic dystrochrepts,,39.91833496,-78.2486115,3992,6577,US_NCSS_changed_pedons_2015_to_2016.csv
1977PA071019,422218,54013,53212,"1977PA071019",1977,site_obsdate,2015,2016,2015-2016,39,9,"Moderate development age, 6-15 years",3,Rangeland or Pasture to Developed,Pennsylvania,Lancaster,CONUS East 1,CONUS,v2025-11,6/14/1977 0:00,6/14/1977 0:00,Alfisols,Ustalfs,Paleudalfs,Typic Paleudalfs,fine,40.1033333,-76.2605556,3992,6584,US_NCSS_changed_pedons_2015_to_2016.csv
1977PA071022,422221,54016,53215,"479",1977,site_obsdate,2015,2016,2015-2016,39,9,"Moderate development age, 6-15 years",3,Rangeland or Pasture to Developed,Pennsylvania,Lancaster,CONUS East 1,CONUS,v2025-11,6/14/1977 0:00,6/14/1977 0:00,inceptisols,ochrepts,dystrochrepts,typic dystrochrepts,coarse-loamy,40.1033333,-76.2605556,3992,6584,US_NCSS_changed_pedons_2015_to_2016.csv
1974PA081017,422272,54074,53273,"1974PA081017",1974,site_obsdate,2015,2016,2015-2016,42,9,"Moderate development age, 6-15 years",1,Agriculture to Developed,Pennsylvania,Lycoming,CONUS East 1,CONUS,v2025-11,6/18/1974 0:00,6/18/1974 0:00,Alfisols,Ustalfs,Hapludalfs,Ultic Hapludalfs,fine-loamy,41.1797222,-76.8386111,3992,6589,US_NCSS_changed_pedons_2015_to_2016.csv
1962PA129013,422593,54430,53629,"851",1962,site_obsdate,2015,2016,2015-2016,54,9,"Moderate development age, 6-15 years",3,Rangeland or Pasture to Developed,Pennsylvania,Westmoreland,CONUS East 1,CONUS,v2025-11,6/12/1962 0:00,6/12/1962 0:00,Alfisols,Ustalfs,Hapludalfs,Oxyaquic Hapludalfs,fine,40.2319444,-79.4955556,3992,6613,US_NCSS_changed_pedons_2015_to_2016.csv
88PR001001,124871,14871,14871,"S1988PR001001",1988,site_obsdate,2015,2016,2015-2016,28,9,"Moderate development age, 6-15 years",2,Forest to Developed,Puerto Rico,Adjuntas,Puerto Rico and U.S. Virgin Islands,PRUSVI,v2024-10,2/1/1988 0:00,2/1/1988 0:00,oxisols,udox,hapludox,typic hapludox,very-fine,18.1791668,-66.8177795,3994,6616,US_NCSS_changed_pedons_2015_to_2016.csv
S04PR-071-001R,962647,32624,32485,"S04PR071001R",2014,site_obsdate,2015,2016,2015-2016,2,9,"Moderate development age, 6-15 years",3,Rangeland or Pasture to Developed,Puerto Rico,Isabela,Puerto Rico and U.S. Virgin Islands,PRUSVI,v2024-10,8/12/2004 0:00,1/15/2014 0:00,ultisols,udults,paleudults,aquic paleudults,,18.4964444,-67.0595278,3994,6665,US_NCSS_changed_pedons_2015_to_2016.csv
82SD013006,110664,9863,9863,"S1982SD013006",1982,site_obsdate,2015,2016,2015-2016,34,9,"Moderate development age, 6-15 years",3,Rangeland or Pasture to Developed,South Dakota,Brown,CONUS Central 1,CONUS,v2025-11,6/3/1982 0:00,6/1/1982 0:00,mollisols,borolls,haploborolls,udic haploborolls,coarse-silty,45.7677765,-98.0208359,3998,6766,US_NCSS_changed_pedons_2015_to_2016.csv
S1970SD019009,105586,2378,2378,"S1970SD019009",1970,site_obsdate,2015,2016,2015-2016,46,9,"Moderate development age, 6-15 years",1,Agriculture to Developed,South Dakota,Butte,CONUS Central 1,CONUS,v2025-11,6/26/1970 0:00,6/26/1970 0:00,mollisols,ustolls,argiustolls,aridic argiustolls,fine,44.6613464,-103.8897476,3998,6769,US_NCSS_changed_pedons_2015_to_2016.csv
94SD117002,105774,21138,21138,"S1994SD117002",1994,site_obsdate,2015,2016,2015-2016,22,9,"Moderate development age, 6-15 years",3,Rangeland or Pasture to Developed,South Dakota,Stanley,CONUS Central 1,CONUS,v2025-11,5/9/1994 0:00,5/9/1994 0:00,vertisols,usterts,haplusterts,typic haplusterts,very-fine,44.2075005,-100.7300034,3998,6818,US_NCSS_changed_pedons_2015_to_2016.csv
S1963TX049090,105965,4319,4319,"S1963TX049090",1963,site_obsdate,2015,2016,2015-2016,53,9,"Moderate development age, 6-15 years",3,Rangeland or Pasture to Developed,Texas,Brown,CONUS Central 1,CONUS,v2025-11,7/3/1963 0:00,7/3/1963 0:00,mollisols,ustolls,argiustolls,vertic argiustolls,fine,31.9447231,-98.8683319,4000,6946,US_NCSS_changed_pedons_2015_to_2016.csv
S87TX261004,114856,54779,53978,"S87TX261004",1987,site_obsdate,2015,2016,2015-2016,29,9,"Moderate development age, 6-15 years",3,Rangeland or Pasture to Developed,Texas,Kenedy,CONUS Central 1,CONUS,v2025-11,9/23/1987 0:00,9/23/1987 0:00,Entisols,Psamments,Ustipsamments,Typic Ustipsamments,loamy,27.0010548,-97.9080811,4000,7052,US_NCSS_changed_pedons_2015_to_2016.csv
57TX347090,128165,4205,4205,"S1957TX347090",1957,site_obsdate,2015,2016,2015-2016,59,9,"Moderate development age, 6-15 years",1,Agriculture to Developed,Texas,Nacogdoches,CONUS Central 2,CONUS,v2025-11,6/1/1957 0:00,6/1/1957 0:00,alfisols,udalfs,paleudalfs,typic paleudalfs,fine-loamy,31.6436119,-94.4027786,4000,7095,US_NCSS_changed_pedons_2015_to_2016.csv
91VI010004,126956,17500,17500,"S1991VI010004",1991,site_obsdate,2015,2016,2015-2016,25,9,"Moderate development age, 6-15 years",3,Rangeland or Pasture to Developed,United States Virgin Islands,St. Croix,Puerto Rico and U.S. Virgin Islands,PRUSVI,v2024-10,8/3/1991 0:00,8/1/1991 0:00,vertisols,usterts,haplusterts,sodic haplusterts,fine,17.7022228,-64.8352814,4004,7350,US_NCSS_changed_pedons_2015_to_2016.csv
S1967UT035006,106365,5398,5398,"S1967UT035006",1967,site_obsdate,2015,2016,2015-2016,49,9,"Moderate development age, 6-15 years",3,Rangeland or Pasture to Developed,Utah,Salt Lake,CONUS West 2,CONUS,v2025-11,8/25/1967 0:00,8/25/1967 0:00,,,,,,40.5755539,-112.0311127,4002,7202,US_NCSS_changed_pedons_2015_to_2016.csv
V1992-VA001-013,363596,57283,56482,"VPI-Assat-2",2009,site_obsdate,2015,2016,2015-2016,7,9,"Moderate development age, 6-15 years",3,Rangeland or Pasture to Developed,Virginia,Accomack,CONUS East 1,CONUS,v2025-11,9/22/2009 0:00,9/22/2009 0:00,entisols,psamments,udipsamments,typic udipsamments,,37.9199639,-75.3766111,4003,7214,US_NCSS_changed_pedons_2015_to_2016.csv
V1984-VA081-290,363525,57685,56884,"VPI-Uchee-5",2009,site_obsdate,2015,2016,2015-2016,7,9,"Moderate development age, 6-15 years",3,Rangeland or Pasture to Developed,Virginia,Greensville,CONUS East 1,CONUS,v2025-11,9/24/2009 0:00,9/24/2009 0:00,ultisols,udults,kanhapludults,arenic kanhapludults,,36.6399994,-77.6204605,4003,7253,US_NCSS_changed_pedons_2015_to_2016.csv
78VA145008,119780,6965,6965,"S1978VA145008",1978,site_obsdate,2015,2016,2015-2016,38,9,"Moderate development age, 6-15 years",2,Forest to Developed,Virginia,Powhatan,CONUS East 1,CONUS,v2025-11,8/1/1978 0:00,8/1/1978 0:00,ultisols,udults,hapludults,typic hapludults,,37.5445023,-78.008049,4003,7283,US_NCSS_changed_pedons_2015_to_2016.csv
S1999WA063001,9635,25471,25471,"S1999WA063001",1999,site_obsdate,2015,2016,2015-2016,17,9,"Moderate development age, 6-15 years",3,Rangeland or Pasture to Developed,Washington,Spokane,CONUS West 1,CONUS,v2025-11,7/22/1999 0:00,7/22/1999 0:00,mollisols,xerolls,haploxerolls,calcic haploxerolls,sandy,47.6559219,-117.6261368,4006,7399,US_NCSS_changed_pedons_2015_to_2016.csv
S1991WI033003,106988,19156,19156,"S1991WI033003",1991,site_obsdate,2015,2016,2015-2016,25,9,"Moderate development age, 6-15 years",3,Rangeland or Pasture to Developed,Wisconsin,Dunn,CONUS Central 2,CONUS,v2025-11,10/11/1991 0:00,10/9/1991 0:00,mollisols,udolls,argiudolls,typic argiudolls,fine-loamy over sandy or sandy-skeletal,44.8955574,-91.8802795,4007,7423,US_NCSS_changed_pedons_2015_to_2016.csv
S1989WI111002,897120,16887,16887,"S1989WI111002",1989,site_obsdate,2015,2016,2015-2016,27,9,"Moderate development age, 6-15 years",3,Rangeland or Pasture to Developed,Wisconsin,Sauk,CONUS Central 2,CONUS,v2025-11,9/1/1989 0:00,9/1/1989 0:00,alfisols,udalfs,paleudalfs,mollic paleudalfs,fine-silty over clayey,43.5813904,-90.2963867,4007,7463,US_NCSS_changed_pedons_2015_to_2016.csv
S03AL089001,201415,33082,32940,"S2003AL089001",2003,site_obsdate,2016,2017,2016-2017,14,8,"Moderate development age, 6-15 years",1,Agriculture to Developed,Alabama,Madison,CONUS Central 2,CONUS,v2025-11,7/25/2003 0:00,7/25/2003 0:00,ultisols,udults,fragiudults,glossaquic fragiudults,,34.7741394,-86.7387466,3947,4331,US_NCSS_changed_pedons_2016_to_2017.csv
1978AR065001,119929,7251,7251,"1978AR065001S",1978,site_obsdate,2016,2017,2016-2017,39,8,"Moderate development age, 6-15 years",3,Rangeland or Pasture to Developed,Arkansas,Izard,CONUS Central 2,CONUS,v2025-11,6/3/1978 0:00,6/1/1978 0:00,entisols,fluvents,udifluvents,typic udifluvents,sandy,36.1144447,-91.9661102,3948,4386,US_NCSS_changed_pedons_2016_to_2017.csv
1998AR11910,814763,59339,58535,"1998AR11910",2012,site_obsdate,2016,2017,2016-2017,5,8,"Moderate development age, 6-15 years",3,Rangeland or Pasture to Developed,Arkansas,Pulaski,CONUS Central 2,CONUS,v2025-11,,11/27/2012 0:00,,,,,,34.91609955,-92.30860138,3948,4413,US_NCSS_changed_pedons_2016_to_2017.csv
1969AR13104,814818,58707,57905,"1969AR13104",2012,site_obsdate,2016,2017,2016-2017,5,8,"Moderate development age, 6-15 years",2,Forest to Developed,Arkansas,Sebastian,CONUS Central 2,CONUS,v2025-11,,11/27/2012 0:00,,,,,,35.33309937,-94.29309845,3948,4419,US_NCSS_changed_pedons_2016_to_2017.csv
S1968CA057030,108075,5525,5525,"S1968CA057030",1968,site_obsdate,2016,2017,2016-2017,49,8,"Moderate development age, 6-15 years",3,Rangeland or Pasture to Developed,California,Nevada,CONUS West 1,CONUS,v2025-11,9/4/1968 0:00,9/4/1968 0:00,mollisols,xerolls,argixerolls,typic argixerolls,fine-loamy,39.2288895,-121.2013855,3951,4477,US_NCSS_changed_pedons_2016_to_2017.csv
S10CO177001,963774,40289,39658,"S10CO177-Persayo",2014,site_obsdate,2016,2017,2016-2017,3,8,"Moderate development age, 6-15 years",3,Rangeland or Pasture to Developed,Colorado,Mesa,CONUS West 2,CONUS,v2025-11,3/17/2010 0:00,1/15/2014 0:00,entisols,orthents,torriorthents,typic torriorthents,,39.1170222,-108.5485917,3952,4545,US_NCSS_changed_pedons_2016_to_2017.csv
1989-FL003-S02_017,517112,51641,50915,"S1989-FL003-S02_017",2011,site_obsdate,2016,2017,2016-2017,6,8,"Moderate development age, 6-15 years",3,Rangeland or Pasture to Developed,Florida,Baker,CONUS East 1,CONUS,v2025-11,,4/15/2011 0:00,Spodosols,Aquods,Alaquods,Ultic Alaquods,,30.3483257,-82.2566223,3957,4583,US_NCSS_changed_pedons_2016_to_2017.csv
1980-FL023-S12_015,517302,51114,50388,"S1980-FL023-S12_015",2011,site_obsdate,2016,2017,2016-2017,6,8,"Moderate development age, 6-15 years",3,Rangeland or Pasture to Developed,Florida,Columbia,CONUS East 1,CONUS,v2025-11,,4/15/2011 0:00,Ultisols,Udults,Paleudults,Arenic Paleudults,,29.9786148,-82.5799179,3957,4593,US_NCSS_changed_pedons_2016_to_2017.csv
YYYY-FL033-S17_009,518346,51762,51036,"YYYY-FL033-S17_009",2011,site_obsdate,2016,2017,2016-2017,6,8,"Moderate development age, 6-15 years",2,Forest to Developed,Florida,Escambia,CONUS Central 2,CONUS,v2025-11,,4/15/2011 0:00,Ultisols,Udults,Paleudults,Plinthic Paleudults,,30.9283161,-87.46329498,3957,4598,US_NCSS_changed_pedons_2016_to_2017.csv
1974-FL063-S32_013,517654,50662,49936,"S1974-FL063-S32_013",2011,site_obsdate,2016,2017,2016-2017,6,8,"Moderate development age, 6-15 years",1,Agriculture to Developed,Florida,Jackson,CONUS Central 2,CONUS,v2025-11,,4/15/2011 0:00,Alfisols,Udalfs,Paleudalfs,Grossarenic Paleudalfs,,30.9946671,-85.1500702,3957,4613,US_NCSS_changed_pedons_2016_to_2017.csv
1981-FL065-S33_021,517700,51190,50464,"S1981-FL065-S33_021",2011,site_obsdate,2016,2017,2016-2017,6,8,"Moderate development age, 6-15 years",3,Rangeland or Pasture to Developed,Florida,Jefferson,CONUS East 1,CONUS,v2025-11,,4/15/2011 0:00,Ultisols,Udults,Paleudults,Grossarenic Paleudults,,30.3512554,-83.9545364,3957,4614,US_NCSS_changed_pedons_2016_to_2017.csv
1977-FL073-S37_016,517773,50888,50162,"S1977-FL073-S37_016",2011,site_obsdate,2016,2017,2016-2017,6,8,"Moderate development age, 6-15 years",1,Agriculture to Developed,Florida,Leon,CONUS East 1,CONUS,v2025-11,,4/15/2011 0:00,Entisols,Psamments,Quartzipsamments,Typic Quartzipsamments,,30.3693008,-84.1846161,3957,4618,US_NCSS_changed_pedons_2016_to_2017.csv
89FL105009,958144,15966,15966,"89FL105009",1989,site_obsdate,2016,2017,2016-2017,28,8,"Moderate development age, 6-15 years",1,Agriculture to Developed,Florida,Polk,CONUS East 1,CONUS,v2025-11,,6/1/1989 0:00,spodosols,aquods,haplaquods,arenic haplaquods,,27.9166667,-81.8333333,3957,4634,US_NCSS_changed_pedons_2016_to_2017.csv
1974-FL127-S64_013,518257,50698,49972,"S1974-FL127-S64_013",2011,site_obsdate,2016,2017,2016-2017,6,8,"Moderate development age, 6-15 years",2,Forest to Developed,Florida,Volusia,CONUS East 1,CONUS,v2025-11,,4/15/2011 0:00,Entisols,Psamments,Quartzipsamments,Spodic Quartzipsamments,,29.1105385,-81.264679,3957,4645,US_NCSS_changed_pedons_2016_to_2017.csv
84GA199002,121952,11227,11227,"S1984GA199002",1984,site_obsdate,2016,2017,2016-2017,33,8,"Moderate development age, 6-15 years",3,Rangeland or Pasture to Developed,Georgia,Meriwether,CONUS East 1,CONUS,v2025-11,4/1/1984 0:00,4/1/1984 0:00,ultisols,udults,fragiudults,typic fragiudults,,32.8847237,-84.7097244,3960,4751,US_NCSS_changed_pedons_2016_to_2017.csv
S2012GA211001,871709,71921,132606,"S2012GA211001",2012,samp_classdate,2016,2017,2016-2017,5,8,"Moderate development age, 6-15 years",1,Agriculture to Developed,Georgia,Morgan,CONUS East 1,CONUS,v2025-11,1/26/2012 0:00,,ultisols,udults,kanhapludults,typic kanhapludults,fine,33.5653139,-83.4949944,3960,4756,US_NCSS_changed_pedons_2016_to_2017.csv
88GA219001,124994,15006,15006,"S1988GA219001",1988,site_obsdate,2016,2017,2016-2017,29,8,"Moderate development age, 6-15 years",3,Rangeland or Pasture to Developed,Georgia,Oconee,CONUS East 1,CONUS,v2025-11,4/1/1988 0:00,4/1/1988 0:00,ultisols,udults,kanhapludults,typic kanhapludults,,33.8686104,-83.4519424,3960,4760,US_NCSS_changed_pedons_2016_to_2017.csv
88GA219001A,124995,15007,15007,"S1988GA219001A",1988,site_obsdate,2016,2017,2016-2017,29,8,"Moderate development age, 6-15 years",3,Rangeland or Pasture to Developed,Georgia,Oconee,CONUS East 1,CONUS,v2025-11,4/1/1988 0:00,4/1/1988 0:00,ultisols,udults,kanhapludults,typic kanhapludults,,33.8686104,-83.4519424,3960,4760,US_NCSS_changed_pedons_2016_to_2017.csv
88GA219001B,124996,15008,15008,"S1988GA219001B",1988,site_obsdate,2016,2017,2016-2017,29,8,"Moderate development age, 6-15 years",3,Rangeland or Pasture to Developed,Georgia,Oconee,CONUS East 1,CONUS,v2025-11,4/1/1988 0:00,4/1/1988 0:00,ultisols,udults,kanhapludults,typic kanhapludults,,33.8686104,-83.4519424,3960,4760,US_NCSS_changed_pedons_2016_to_2017.csv
88GA219001C,124997,15009,15009,"S1988GA219001C",1988,site_obsdate,2016,2017,2016-2017,29,8,"Moderate development age, 6-15 years",3,Rangeland or Pasture to Developed,Georgia,Oconee,CONUS East 1,CONUS,v2025-11,4/1/1988 0:00,4/1/1988 0:00,ultisols,udults,kanhapludults,typic kanhapludults,,33.8686104,-83.4519424,3960,4760,US_NCSS_changed_pedons_2016_to_2017.csv
88GA219001D,124998,15010,15010,"S1988GA219001D",1988,site_obsdate,2016,2017,2016-2017,29,8,"Moderate development age, 6-15 years",3,Rangeland or Pasture to Developed,Georgia,Oconee,CONUS East 1,CONUS,v2025-11,4/1/1988 0:00,4/1/1988 0:00,ultisols,udults,kanhapludults,typic kanhapludults,,33.8686104,-83.4519424,3960,4760,US_NCSS_changed_pedons_2016_to_2017.csv
88GA219001E,124999,15011,15011,"S1988GA219001E",1988,site_obsdate,2016,2017,2016-2017,29,8,"Moderate development age, 6-15 years",3,Rangeland or Pasture to Developed,Georgia,Oconee,CONUS East 1,CONUS,v2025-11,4/1/1988 0:00,4/1/1988 0:00,ultisols,udults,kanhapludults,typic kanhapludults,,33.8686104,-83.4519424,3960,4760,US_NCSS_changed_pedons_2016_to_2017.csv
90HI001003,126879,17418,17418,"S1990HI001003",1990,site_obsdate,2016,2017,2016-2017,27,8,"Moderate development age, 6-15 years",3,Rangeland or Pasture to Developed,Hawaii,Hawaii,Hawaii,HI,v2024-10,7/3/1990 0:00,7/1/1990 0:00,entisols,arents,ustarents,haplic ustarents,sandy-skeletal,19.4283333,-155.8772278,3962,4813,US_NCSS_changed_pedons_2016_to_2017.csv
59ID057002,1203122,73102,133835,"59-ALF-002",1959,site_obsdate,2016,2017,2016-2017,58,8,"Moderate development age, 6-15 years",3,Rangeland or Pasture to Developed,Idaho,Latah,CONUS West 1,CONUS,v2025-11,,10/2/1959 0:00,,,,,,46.73860168,-117.0192032,3964,4945,US_NCSS_changed_pedons_2016_to_2017.csv
1984IL029110,375215,37181,36566,"1984IL029110",1984,site_obsdate,2016,2017,2016-2017,33,8,"Moderate development age, 6-15 years",3,Rangeland or Pasture to Developed,Illinois,Coles,CONUS Central 2,CONUS,v2025-11,4/1/1984 0:00,4/1/1984 0:00,entisols,arents,udarents,haplic udarents,fine-loamy,39.5219722,-88.107825,3965,4975,US_NCSS_changed_pedons_2016_to_2017.csv
1984IL041005,375389,37714,37099,"1984IL041005",1985,site_obsdate,2016,2017,2016-2017,32,8,"Moderate development age, 6-15 years",3,Rangeland or Pasture to Developed,Illinois,Douglas,CONUS Central 2,CONUS,v2025-11,1/1/1985 0:00,1/1/1985 0:00,mollisols,aquolls,endoaquolls,typic endoaquolls,fine-loamy,39.7055694,-88.0291361,3965,4981,US_NCSS_changed_pedons_2016_to_2017.csv
1990IL045001,1163612,17398,17398,"S1990IL045001",1990,site_obsdate,2016,2017,2016-2017,27,8,"Moderate development age, 6-15 years",3,Rangeland or Pasture to Developed,Illinois,Edgar,CONUS Central 2,CONUS,v2025-11,8/3/1990 0:00,8/1/1990 0:00,inceptisols,udepts,eutrudepts,typic eutrudepts,fine-loamy,39.5499992,-87.6833344,3965,4983,US_NCSS_changed_pedons_2016_to_2017.csv
1978IL073081,375422,36469,35854,"1978IL073081",1978,site_obsdate,2016,2017,2016-2017,39,8,"Moderate development age, 6-15 years",3,Rangeland or Pasture to Developed,Illinois,Henry,CONUS Central 2,CONUS,v2025-11,10/1/1978 0:00,10/1/1978 0:00,mollisols,aquolls,endoaquolls,cumulic vertic endoaquolls,very-fine,41.5806738,-89.9759424,3965,4997,US_NCSS_changed_pedons_2016_to_2017.csv
59IL-075-001,241552,35958,35343,"1959IL075001",1959,site_obsdate,2016,2017,2016-2017,58,8,"Moderate development age, 6-15 years",1,Agriculture to Developed,Illinois,Iroquois,CONUS Central 2,CONUS,v2025-11,9/17/1959 0:00,9/1/1959 0:00,mollisols,aquolls,endoaquolls,typic endoaquolls,fine,40.7572604,-87.9586077,3965,4998,US_NCSS_changed_pedons_2016_to_2017.csv
S1977IL095082,1116507,36416,35801,"S1977IL095082",1977,site_obsdate,2016,2017,2016-2017,40,8,"Moderate development age, 6-15 years",3,Rangeland or Pasture to Developed,Illinois,Knox,CONUS Central 2,CONUS,v2025-11,11/1/1977 0:00,11/1/1977 0:00,alfisols,aqualfs,endoaqualfs,udollic endoaqualfs,fine,40.9963829,-89.9874732,3965,5008,US_NCSS_changed_pedons_2016_to_2017.csv
1978IL103005,375410,36445,35830,"1978IL103005",1977,site_obsdate,2016,2017,2016-2017,40,8,"Moderate development age, 6-15 years",2,Forest to Developed,Illinois,Lee,CONUS Central 2,CONUS,v2025-11,9/1/1977 0:00,9/1/1977 0:00,alfisols,udalfs,hapludalfs,oxyaquic hapludalfs,fine-silty,41.8380192,-89.5247331,3965,5012,US_NCSS_changed_pedons_2016_to_2017.csv
1978IL119074,375707,36520,35905,"1978IL119074",1978,site_obsdate,2016,2017,2016-2017,39,8,"Moderate development age, 6-15 years",1,Agriculture to Developed,Illinois,Madison,CONUS Central 2,CONUS,v2025-11,9/1/1978 0:00,9/1/1978 0:00,alfisols,udalfs,fragiudalfs,oxyaquic fragiudalfs,fine-silty,38.9950915,-90.158503,3965,5020,US_NCSS_changed_pedons_2016_to_2017.csv
1987IL109068,859250,14585,14585,"1987IL109068",1987,site_obsdate,2016,2017,2016-2017,30,8,"Moderate development age, 6-15 years",3,Rangeland or Pasture to Developed,Illinois,McDonough,CONUS Central 2,CONUS,v2025-11,9/1/1987 0:00,9/1/1987 0:00,mollisols,aquolls,haplaquolls,typic haplaquolls,fine-silty,40.4916649,-90.6894455,3965,5015,US_NCSS_changed_pedons_2016_to_2017.csv
1986IL105023,314603,37724,37109,"1986IL105023",1986,site_obsdate,2016,2017,2016-2017,31,8,"Moderate development age, 6-15 years",1,Agriculture to Developed,Illinois,McLean,CONUS Central 2,CONUS,v2025-11,10/1/2007 0:00,4/1/1986 0:00,mollisols,udolls,argiudolls,aquic argiudolls,fine,40.37250137,-88.8241667,3965,5013,US_NCSS_changed_pedons_2016_to_2017.csv
S1979IN033001,1094893,38489,37874,"1979IN033001",1979,site_obsdate,2016,2017,2016-2017,38,8,"Moderate development age, 6-15 years",1,Agriculture to Developed,Indiana,DeKalb,CONUS Central 2,CONUS,v2025-11,5/7/1979 0:00,5/7/1979 0:00,mollisols,aquolls,argiaquolls,typic argiaquolls,fine,41.3241806,-85.035325,3966,5079,US_NCSS_changed_pedons_2016_to_2017.csv
1982IN073004,313989,38954,38339,"1982IN073004",1982,site_obsdate,2016,2017,2016-2017,35,8,"Moderate development age, 6-15 years",2,Forest to Developed,Indiana,Jasper,CONUS Central 2,CONUS,v2025-11,7/15/1982 0:00,7/15/1982 0:00,mollisols,udolls,argiudolls,typic argiudolls,sandy over loamy,40.9843639,-87.1499028,3966,5099,US_NCSS_changed_pedons_2016_to_2017.csv
1982IN073021,314086,39015,38400,"1982IN073021",1982,site_obsdate,2016,2017,2016-2017,35,8,"Moderate development age, 6-15 years",1,Agriculture to Developed,Indiana,Jasper,CONUS Central 2,CONUS,v2025-11,8/25/1982 0:00,8/25/1982 0:00,mollisols,udolls,hapludolls,eutic hapludolls,sandy,40.88164902,-87.2498944,3966,5099,US_NCSS_changed_pedons_2016_to_2017.csv
1979IN077021,313663,38720,38105,"1979IN077021",1979,site_obsdate,2016,2017,2016-2017,38,8,"Moderate development age, 6-15 years",3,Rangeland or Pasture to Developed,Indiana,Jefferson,CONUS Central 2,CONUS,v2025-11,9/17/1979 0:00,9/17/1979 0:00,alfisols,udalfs,hapludalfs,ultic hapludalfs,fine-loamy,38.8061944,-85.6729444,3966,5101,US_NCSS_changed_pedons_2016_to_2017.csv
1974IN087012,313434,38309,37694,"1974IN087012",1974,site_obsdate,2016,2017,2016-2017,43,8,"Moderate development age, 6-15 years",3,Rangeland or Pasture to Developed,Indiana,LaGrange,CONUS Central 2,CONUS,v2025-11,10/9/1974 0:00,10/9/1974 0:00,alfisols,udalfs,hapludalfs,typic hapludalfs,fine,41.6469944,-85.6000528,3966,5106,US_NCSS_changed_pedons_2016_to_2017.csv
1973IN097001,312933,37873,37258,"1973IN097001",1973,site_obsdate,2016,2017,2016-2017,44,8,"Moderate development age, 6-15 years",2,Forest to Developed,Indiana,Marion,CONUS Central 2,CONUS,v2025-11,11/6/1973 0:00,11/6/1973 0:00,,,,,,39.6636917,-86.1747444,3966,5111,US_NCSS_changed_pedons_2016_to_2017.csv
1979IN137006,313088,38707,38092,"1979IN137006",1978,site_obsdate,2016,2017,2016-2017,39,8,"Moderate development age, 6-15 years",3,Rangeland or Pasture to Developed,Indiana,Ripley,CONUS Central 2,CONUS,v2025-11,11/1/1978 0:00,11/1/1978 0:00,inceptisols,ochrepts,eutrochrepts,dystric fluventic eutrochrepts,fine-silty,38.9673917,-85.1458806,3966,5131,US_NCSS_changed_pedons_2016_to_2017.csv
84IN157023,122210,11591,11591,"S1984IN157023",1984,site_obsdate,2016,2017,2016-2017,33,8,"Moderate development age, 6-15 years",4,Other to Developed,Indiana,Tippecanoe,CONUS Central 2,CONUS,v2025-11,9/1/1984 0:00,9/1/1984 0:00,alfisols,udalfs,hapludalfs,oxyaquic hapludalfs,fine-loamy,40.4091682,-86.7983322,3966,5141,US_NCSS_changed_pedons_2016_to_2017.csv
S1987IA005001,836476,70879,68907,"S1987IA005001",1987,site_obsdate,2016,2017,2016-2017,30,8,"Moderate development age, 6-15 years",3,Rangeland or Pasture to Developed,Iowa,Allamakee,CONUS Central 2,CONUS,v2025-11,1/11/1987 0:00,1/11/1987 0:00,mollisols,udolls,hapludolls,entic hapludolls,sandy,43.4487918,-91.3166324,3963,4820,US_NCSS_changed_pedons_2016_to_2017.csv
S1979IA061011,836555,71108,69134,"S1979IA061011",1979,site_obsdate,2016,2017,2016-2017,38,8,"Moderate development age, 6-15 years",3,Rangeland or Pasture to Developed,Iowa,Dubuque,CONUS Central 2,CONUS,v2025-11,7/31/1979 0:00,7/31/1979 0:00,alfisols,udalfs,hapludalfs,mollic hapludalfs,fine-loamy,42.3959546,-91.0381379,3963,4848,US_NCSS_changed_pedons_2016_to_2017.csv
S2006IA065003,1239595,33682,33500,"S2006IA065003",2006,site_obsdate,2016,2017,2016-2017,11,8,"Moderate development age, 6-15 years",3,Rangeland or Pasture to Developed,Iowa,Fayette,CONUS Central 2,CONUS,v2025-11,10/31/2006 0:00,10/31/2006 0:00,alfisols,udalfs,hapludalfs,typic hapludalfs,fine-silty,42.90011597,-91.6911697,3963,4850,US_NCSS_changed_pedons_2016_to_2017.csv
83IA193004,121930,11199,11199,"S1983IA193004",1983,site_obsdate,2016,2017,2016-2017,34,8,"Moderate development age, 6-15 years",3,Rangeland or Pasture to Developed,Iowa,Woodbury,CONUS Central 1,CONUS,v2025-11,6/1/1983 0:00,6/1/1983 0:00,inceptisols,ochrepts,eutrochrepts,dystric eutrochrepts,fine-silty,42.4016685,-95.6891632,3963,4914,US_NCSS_changed_pedons_2016_to_2017.csv
97KS161035,11607,52404,51678,"97KS161035",1997,site_obsdate,2016,2017,2016-2017,20,8,"Moderate development age, 6-15 years",3,Rangeland or Pasture to Developed,Kansas,Riley,CONUS Central 1,CONUS,v2025-11,,3/31/1997 0:00,Mollisols,Ustolls,Argiustolls,Udertic Argiustolls,,39.2193069,-96.6421661,3967,5235,US_NCSS_changed_pedons_2016_to_2017.csv
75LA041017,955522,1320,1320,"75LA041017",1975,site_obsdate,2016,2017,2016-2017,42,8,"Moderate development age, 6-15 years",3,Rangeland or Pasture to Developed,Louisiana,Franklin,CONUS Central 2,CONUS,v2025-11,,6/1/1975 0:00,alfisols,udalfs,fragiudalfs,glossaquic fragiudalfs,fine-silty,32.1138889,-91.8438889,3969,5400,US_NCSS_changed_pedons_2016_to_2017.csv
S2001MI077001,158458,30320,30204,"S2001MI077001",2001,site_obsdate,2016,2017,2016-2017,16,8,"Moderate development age, 6-15 years",3,Rangeland or Pasture to Developed,Michigan,Kalamazoo,CONUS Central 2,CONUS,v2025-11,10/24/2001 0:00,10/24/2001 0:00,mollisols,udolls,argiudolls,typic argiudolls,fine-loamy,42.1281111,-85.68174744,3974,5569,US_NCSS_changed_pedons_2016_to_2017.csv
S1978MN091002(2576),582938,55898,55097,"S1978MN091002(2576)",1978,site_obsdate,2016,2017,2016-2017,39,8,"Moderate development age, 6-15 years",3,Rangeland or Pasture to Developed,Minnesota,Martin,CONUS Central 2,CONUS,v2025-11,5/2/1978 0:00,5/2/1978 0:00,mollisols,udolls,hapludolls,typic hapludolls,fine-loamy,43.7472687,-94.7515869,3975,5659,US_NCSS_changed_pedons_2016_to_2017.csv
S1991MN141001,716584,18818,18818,"S1991MN141001",1991,site_obsdate,2016,2017,2016-2017,26,8,"Moderate development age, 6-15 years",3,Rangeland or Pasture to Developed,Minnesota,Sherburne,CONUS Central 2,CONUS,v2025-11,8/15/1991 0:00,8/15/1991 0:00,mollisols,udolls,hapludolls,entic hapludolls,sandy,45.415212,-93.947981,3975,5684,US_NCSS_changed_pedons_2016_to_2017.csv
S1974MN1451840,676590,56846,56045,"S1974MN1451840",2011,site_obsdate,2016,2017,2016-2017,6,8,"Moderate development age, 6-15 years",3,Rangeland or Pasture to Developed,Minnesota,Stearns,CONUS Central 2,CONUS,v2025-11,1/13/2011 0:00,1/13/2011 0:00,alfisols,udalfs,hapludalfs,mollic hapludalfs,coarse-loamy,45.76037598,-94.4853897,3975,5686,US_NCSS_changed_pedons_2016_to_2017.csv
S1974MN1451841,676591,56847,56046,"S1974MN1451841",2011,site_obsdate,2016,2017,2016-2017,6,8,"Moderate development age, 6-15 years",3,Rangeland or Pasture to Developed,Minnesota,Stearns,CONUS Central 2,CONUS,v2025-11,1/13/2011 0:00,1/13/2011 0:00,mollisols,udolls,argiudolls,typic argiudolls,coarse-loamy,45.7602196,-94.4856186,3975,5686,US_NCSS_changed_pedons_2016_to_2017.csv
S1973MN1631721,676529,56771,55970,"S1973MN1631721",2011,site_obsdate,2016,2017,2016-2017,6,8,"Moderate development age, 6-15 years",1,Agriculture to Developed,Minnesota,Washington,CONUS Central 2,CONUS,v2025-11,1/6/2011 0:00,1/6/2011 0:00,alfisols,udalfs,hapludalfs,inceptic hapludalfs,coarse-loamy,45.254631,-92.8933334,3975,5695,US_NCSS_changed_pedons_2016_to_2017.csv
99MS151012,111242,25175,25175,"S1999MS151012",1999,site_obsdate,2016,2017,2016-2017,18,8,"Moderate development age, 6-15 years",3,Rangeland or Pasture to Developed,Mississippi,Washington,CONUS Central 2,CONUS,v2025-11,9/30/1999 0:00,9/30/1999 0:00,,,,,,33.3277206,-91.0160294,3978,5895,US_NCSS_changed_pedons_2016_to_2017.csv
2007MO027071,664120,45890,45176,"2007MO027071",2007,site_obsdate,2016,2017,2016-2017,10,8,"Moderate development age, 6-15 years",3,Rangeland or Pasture to Developed,Missouri,Callaway,CONUS Central 2,CONUS,v2025-11,3/29/2007 0:00,3/29/2007 0:00,alfisols,aqualfs,epiaqualfs,aeric vertic epiaqualfs,,38.8362778,-91.9979722,3976,5714,US_NCSS_changed_pedons_2016_to_2017.csv
1999MO055037,87963,49360,48646,"1999MO055037",1999,site_obsdate,2016,2017,2016-2017,18,8,"Moderate development age, 6-15 years",2,Forest to Developed,Missouri,Crawford,CONUS Central 2,CONUS,v2025-11,12/14/1999 0:00,12/14/1999 0:00,ultisols,udults,fragiudults,typic fragiudults,,38.0810172,-91.2682636,3976,5728,US_NCSS_changed_pedons_2016_to_2017.csv
2007MO071017,643052,41225,40511,"2007MO071017",2007,site_obsdate,2016,2017,2016-2017,10,8,"Moderate development age, 6-15 years",1,Agriculture to Developed,Missouri,Franklin,CONUS Central 2,CONUS,v2025-11,4/2/2007 0:00,4/2/2007 0:00,entisols,psamments,udipsamments,typic udipsamments,,38.6826944,-91.3338889,3976,5736,US_NCSS_changed_pedons_2016_to_2017.csv
S1978MO187001,200612,6866,6866,"S1978MO187001",1978,site_obsdate,2016,2017,2016-2017,39,8,"Moderate development age, 6-15 years",2,Forest to Developed,Missouri,St. Francois,CONUS Central 2,CONUS,v2025-11,6/1/1978 0:00,6/1/1978 0:00,alfisols,udalfs,fragiudalfs,typic fragiudalfs,fine-silty,37.7467308,-90.4678802,3976,5794,US_NCSS_changed_pedons_2016_to_2017.csv
2007MO189001,642348,41383,40669,"2007MO189001",2007,site_obsdate,2016,2017,2016-2017,10,8,"Moderate development age, 6-15 years",1,Agriculture to Developed,Missouri,St. Louis,CONUS Central 2,CONUS,v2025-11,3/7/2007 0:00,3/7/2007 0:00,mollisols,udolls,hapludolls,pachic hapludolls,coarse-silty,38.8077778,-90.1624167,3976,5795,US_NCSS_changed_pedons_2016_to_2017.csv
1993MO209209,93733,48266,47552,"1993MO209209",1993,site_obsdate,2016,2017,2016-2017,24,8,"Moderate development age, 6-15 years",3,Rangeland or Pasture to Developed,Missouri,Stone,CONUS Central 2,CONUS,v2025-11,3/29/1993 0:00,3/29/1993 0:00,alfisols,udalfs,hapludalfs,typic hapludalfs,clayey-skeletal,36.6934944,-93.315675,3976,5804,US_NCSS_changed_pedons_2016_to_2017.csv
2008MO219005,664165,41409,40695,"2008MO219005",2008,site_obsdate,2016,2017,2016-2017,9,8,"Moderate development age, 6-15 years",2,Forest to Developed,Missouri,Warren,CONUS Central 2,CONUS,v2025-11,5/1/2008 0:00,5/1/2008 0:00,alfisols,udalfs,hapludalfs,typic hapludalfs,,38.6431111,-91.1835022,3976,5809,US_NCSS_changed_pedons_2016_to_2017.csv
1999MO221234,88005,49331,48617,"1999MO221234",1999,site_obsdate,2016,2017,2016-2017,18,8,"Moderate development age, 6-15 years",1,Agriculture to Developed,Missouri,Washington,CONUS Central 2,CONUS,v2025-11,9/17/1999 0:00,9/17/1999 0:00,alfisols,udalfs,paleudalfs,typic paleudalfs,,38.1545939,-90.8094634,3976,5810,US_NCSS_changed_pedons_2016_to_2017.csv
1975NE041002,247880,7665,7665,"1975NE041002",1979,site_obsdate,2016,2017,2016-2017,38,8,"Moderate development age, 6-15 years",3,Rangeland or Pasture to Developed,Nebraska,Custer,CONUS Central 1,CONUS,v2025-11,11/17/1975 0:00,6/1/1979 0:00,entisols,orthents,ustorthents,typic ustorthents,coarse-loamy,41.5533333,-99.90249634,3982,6132,US_NCSS_changed_pedons_2016_to_2017.csv
S1953NE079002,103873,2280,2280,"S1953NE079002",1953,site_obsdate,2016,2017,2016-2017,64,8,"Moderate development age, 6-15 years",3,Rangeland or Pasture to Developed,Nebraska,Hall,CONUS Central 1,CONUS,v2025-11,7/7/1953 0:00,7/7/1953 0:00,mollisols,ustolls,haplustolls,aquic haplustolls,coarse-loamy over sandy or sandy-skeletal,40.8527794,-98.359169,3982,6151,US_NCSS_changed_pedons_2016_to_2017.csv
S1956NV003002,104514,175,175,"S1956NV003002",1956,site_obsdate,2016,2017,2016-2017,61,8,"Moderate development age, 6-15 years",3,Rangeland or Pasture to Developed,Nevada,Clark,CONUS West 1,CONUS,v2025-11,2/1/1956 0:00,2/1/1956 0:00,aridisols,orthids,paleorthids,typic paleorthids,loamy,36.0213852,-115.2083359,3987,6270,US_NCSS_changed_pedons_2016_to_2017.csv
92NJ041003,104271,19231,19231,"S1992NJ041003",1992,site_obsdate,2016,2017,2016-2017,25,8,"Moderate development age, 6-15 years",2,Forest to Developed,New Jersey,Warren,CONUS East 2,CONUS,v2025-11,4/1/1992 0:00,4/1/1992 0:00,alfisols,udalfs,hapludalfs,typic hapludalfs,,40.94083405,-74.8236084,3984,6235,US_NCSS_changed_pedons_2016_to_2017.csv
S1970-NM005-001-copy,1216704,690,690,"S1970-NM005-001-copy",1970,site_obsdate,2016,2017,2016-2017,47,8,"Moderate development age, 6-15 years",3,Rangeland or Pasture to Developed,New Mexico,Chaves,CONUS Central 1,CONUS,v2025-11,12/2/1967 0:00,6/1/1970 0:00,aridisols,gypsids,calcigypsids,ustic calcigypsids,coarse-loamy,33.2987222,-104.4129389,3986,6238,US_NCSS_changed_pedons_2016_to_2017.csv
S1982NY061003,524594,10000,10000,"S1982NY061003",1982,site_obsdate,2016,2017,2016-2017,35,8,"Moderate development age, 6-15 years",2,Forest to Developed,New York,New York,CONUS East 2,CONUS,v2025-11,11/1/1982 0:00,11/1/1982 0:00,entisols,orthents,udorthents,aquic udorthents,coarse-loamy,40.7997208,-73.9570694,3988,6316,US_NCSS_changed_pedons_2016_to_2017.csv
88NY099003,125684,15909,15909,"S1988NY099003",1988,site_obsdate,2016,2017,2016-2017,29,8,"Moderate development age, 6-15 years",3,Rangeland or Pasture to Developed,New York,Seneca,CONUS East 1,CONUS,v2025-11,7/1/1988 0:00,7/1/1988 0:00,aridisols,aquepts,haplaquepts,aeric haplaquepts,fine-loamy,42.58611298,-76.7922211,3988,6335,US_NCSS_changed_pedons_2016_to_2017.csv
S2000NC097009,423003,25651,25651,"S2000NC097009",2000,site_obsdate,2016,2017,2016-2017,17,8,"Moderate development age, 6-15 years",3,Rangeland or Pasture to Developed,North Carolina,Iredell,CONUS East 1,CONUS,v2025-11,5/1/2000 0:00,5/1/2000 0:00,ultisols,udults,kanhapludults,typic kanhapludults,,35.6430626,-80.8516388,3980,6007,US_NCSS_changed_pedons_2016_to_2017.csv
S1965NC101003,103463,5106,5106,"S1965NC101003",1965,site_obsdate,2016,2017,2016-2017,52,8,"Moderate development age, 6-15 years",1,Agriculture to Developed,North Carolina,Johnston,CONUS East 1,CONUS,v2025-11,10/21/1965 0:00,10/21/1965 0:00,,,,,,35.3647232,-78.5469437,3980,6009,US_NCSS_changed_pedons_2016_to_2017.csv
S1965NC163002,110262,3859,3859,"S1965NC163002",1965,site_obsdate,2016,2017,2016-2017,52,8,"Moderate development age, 6-15 years",3,Rangeland or Pasture to Developed,North Carolina,Sampson,CONUS East 1,CONUS,v2025-11,6/1/1965 0:00,6/1/1965 0:00,ultisols,udults,hapludults,typic hapludults,fine-loamy,35.23306274,-78.36500549,3980,6040,US_NCSS_changed_pedons_2016_to_2017.csv
77ND017072,47792,6553,6553,"77ND017072",1977,site_obsdate,2016,2017,2016-2017,40,8,"Moderate development age, 6-15 years",2,Forest to Developed,North Dakota,Bottineau,CONUS Central 1,CONUS,v2025-11,8/23/1977 0:00,8/23/1977 0:00,mollisols,aquolls,haplaquolls,histic haplaquolls,fine-silty,48.99469757,-100.4993973,3981,6063,US_NCSS_changed_pedons_2016_to_2017.csv
1964ND017001,338864,69373,67448,"S1964ND017001",1964,site_obsdate,2016,2017,2016-2017,53,8,"Moderate development age, 6-15 years",3,Rangeland or Pasture to Developed,North Dakota,Cass,CONUS Central 1,CONUS,v2025-11,10/7/1964 0:00,10/7/1964 0:00,vertisols,aquerts,epiaquerts,typic epiaquerts,fine,46.8988347,-96.8036969,3981,6067,US_NCSS_changed_pedons_2016_to_2017.csv
54ND041002,47358,90,90,"54ND041002",1954,site_obsdate,2016,2017,2016-2017,63,8,"Moderate development age, 6-15 years",3,Rangeland or Pasture to Developed,North Dakota,Hettinger,CONUS Central 1,CONUS,v2025-11,,7/20/1954 0:00,,,,,,46.4266667,-102.7383333,3981,6079,US_NCSS_changed_pedons_2016_to_2017.csv
58ND089002,47448,108,108,"58ND089002",1958,site_obsdate,2016,2017,2016-2017,59,8,"Moderate development age, 6-15 years",3,Rangeland or Pasture to Developed,North Dakota,Stark,CONUS Central 1,CONUS,v2025-11,,7/15/1958 0:00,,,,,,46.8911111,-102.6391667,3981,6103,US_NCSS_changed_pedons_2016_to_2017.csv
58ND089007,47452,84,84,"58ND089007",1958,site_obsdate,2016,2017,2016-2017,59,8,"Moderate development age, 6-15 years",3,Rangeland or Pasture to Developed,North Dakota,Stark,CONUS Central 1,CONUS,v2025-11,,7/7/1958 0:00,,,,,,46.9488889,-102.0972222,3981,6103,US_NCSS_changed_pedons_2016_to_2017.csv
1955-OH125-S32,749019,66709,64784,"1955-OH125-S32",1955,site_obsdate,2016,2017,2016-2017,62,8,"Moderate development age, 6-15 years",3,Rangeland or Pasture to Developed,Ohio,Paulding,CONUS East 1,CONUS,v2025-11,5/26/1955 0:00,5/26/1955 0:00,inceptisols,aquepts,epiaquepts,typic epiaquepts,very-fine,41.0629158,-84.4754181,3989,6410,US_NCSS_changed_pedons_2016_to_2017.csv
S1970OR005003,104910,5798,5798,"S1970OR005003",1970,site_obsdate,2016,2017,2016-2017,47,8,"Moderate development age, 6-15 years",1,Agriculture to Developed,Oregon,Clackamas,CONUS West 1,CONUS,v2025-11,9/8/1970 0:00,9/8/1970 0:00,inceptisols,ochrepts,xerochrepts,dystric xerochrepts,fine-silty,45.4136963,-122.4159012,3991,6515,US_NCSS_changed_pedons_2016_to_2017.csv
S10OR047004,713860,55488,54687,"10OR047004",2009,site_obsdate,2016,2017,2016-2017,8,8,"Moderate development age, 6-15 years",1,Agriculture to Developed,Oregon,Marion,CONUS West 1,CONUS,v2025-11,12/9/2010 0:00,10/5/2009 0:00,mollisols,albolls,argialbolls,argiaquic xeric argialbolls,,45.2161389,-122.9785556,3991,6536,US_NCSS_changed_pedons_2016_to_2017.csv
S2008OR047002,350336,39973,39354,"08-DRJ-02",2006,site_obsdate,2016,2017,2016-2017,11,8,"Moderate development age, 6-15 years",1,Agriculture to Developed,Oregon,Marion,CONUS West 1,CONUS,v2025-11,10/11/2006 0:00,10/11/2006 0:00,ultisols,humults,haplohumults,xeric haplohumults,fine,44.87094498,-123.0769196,3991,6536,US_NCSS_changed_pedons_2016_to_2017.csv
1962PA011001,421806,54195,53394,"1962PA011001",1962,site_obsdate,2016,2017,2016-2017,55,8,"Moderate development age, 6-15 years",1,Agriculture to Developed,Pennsylvania,Berks,CONUS East 1,CONUS,v2025-11,3/18/1962 0:00,3/18/1962 0:00,ultisols,udults,hapludults,typic hapludults,fine-loamy,40.4544444,-76.2691667,3992,6554,US_NCSS_changed_pedons_2016_to_2017.csv
S1956PA029006,1043300,344,344,"S1956PA029006",1956,site_obsdate,2016,2017,2016-2017,61,8,"Moderate development age, 6-15 years",1,Agriculture to Developed,Pennsylvania,Chester,CONUS East 1,CONUS,v2025-11,10/31/1956 0:00,10/31/1956 0:00,alfisols,udalfs,hapludalfs,typic hapludalfs,fine-loamy,40.2066765,-75.6207352,3992,6563,US_NCSS_changed_pedons_2016_to_2017.csv
1965PA055002,422096,53878,53077,"1965PA055002",1965,site_obsdate,2016,2017,2016-2017,52,8,"Moderate development age, 6-15 years",2,Forest to Developed,Pennsylvania,Franklin,CONUS East 1,CONUS,v2025-11,3/18/1965 0:00,3/18/1965 0:00,mollisols,aquolls,endoaquolls,fluvaquentic endoaquolls,fine,39.7661111,-77.7341667,3992,6576,US_NCSS_changed_pedons_2016_to_2017.csv
S2005PA063780,275166,34830,34616,"S2005PA063780",2005,site_obsdate,2016,2017,2016-2017,12,8,"Moderate development age, 6-15 years",2,Forest to Developed,Pennsylvania,Indiana,CONUS East 1,CONUS,v2025-11,,11/22/2005 0:00,ultisols,udults,fragiudults,aquic fragiudults,fine-loamy,40.4958878,-79.390419,3992,6580,US_NCSS_changed_pedons_2016_to_2017.csv
1958PA065010,422177,53968,53167,"435",1958,site_obsdate,2016,2017,2016-2017,59,8,"Moderate development age, 6-15 years",3,Rangeland or Pasture to Developed,Pennsylvania,Jefferson,CONUS East 1,CONUS,v2025-11,6/18/1958 0:00,6/18/1958 0:00,ultisols,udults,hapludults,aquic hapludults,fine-loamy,41.1780556,-79.0972222,3992,6581,US_NCSS_changed_pedons_2016_to_2017.csv
1965PA089012,422336,54144,53343,"594",1965,site_obsdate,2016,2017,2016-2017,52,8,"Moderate development age, 6-15 years",3,Rangeland or Pasture to Developed,Pennsylvania,Monroe,CONUS East 1,CONUS,v2025-11,6/8/1965 0:00,6/8/1965 0:00,ultisols,udults,fragiudults,typic fragiudults,fine-loamy,40.9522222,-75.50749969,3992,6593,US_NCSS_changed_pedons_2016_to_2017.csv
1960PA091003,868494,54161,53360,"609",1960,site_obsdate,2016,2017,2016-2017,57,8,"Moderate development age, 6-15 years",2,Forest to Developed,Pennsylvania,Montgomery,CONUS East 1,CONUS,v2025-11,6/1/1960 0:00,6/1/1960 0:00,Alfisols,Ustalfs,Fragiudalfs,Aquic Fragiudalfs,coarse-silty,40.1533333,-75.2505556,3992,6594,US_NCSS_changed_pedons_2016_to_2017.csv
1957PA133002,1118920,54442,53641,"862",1957,site_obsdate,2016,2017,2016-2017,60,8,"Moderate development age, 6-15 years",2,Forest to Developed,Pennsylvania,York,CONUS East 1,CONUS,v2025-11,10/7/1957 0:00,10/7/1957 0:00,alfisols,udalfs,fragiudalfs,aquic fragiudalfs,fine-silty,39.98749924,-76.8591667,3992,6615,US_NCSS_changed_pedons_2016_to_2017.csv
1957PA133003,867415,54443,53642,"863",1957,site_obsdate,2016,2017,2016-2017,60,8,"Moderate development age, 6-15 years",2,Forest to Developed,Pennsylvania,York,CONUS East 1,CONUS,v2025-11,10/8/1957 0:00,10/8/1957 0:00,alfisols,aqualfs,fragiaqualfs,typic fragiaqualfs,fine-silty,39.98749924,-76.8591667,3992,6615,US_NCSS_changed_pedons_2016_to_2017.csv
89PR013001,125662,15886,15886,"S1989PR013001",1989,site_obsdate,2016,2017,2016-2017,28,8,"Moderate development age, 6-15 years",2,Forest to Developed,Puerto Rico,Arecibo,Puerto Rico and U.S. Virgin Islands,PRUSVI,v2024-10,2/1/1989 0:00,2/1/1989 0:00,mollisols,udolls,argiudolls,abruptic argiudolls,fine,18.4925003,-66.6397247,3994,6622,US_NCSS_changed_pedons_2016_to_2017.csv
S1961PR047002,105457,190,190,"S1961PR047002",1961,site_obsdate,2016,2017,2016-2017,56,8,"Moderate development age, 6-15 years",2,Forest to Developed,Puerto Rico,Barranquitas,Puerto Rico and U.S. Virgin Islands,PRUSVI,v2024-10,3/12/1961 0:00,3/12/1961 0:00,inceptisols,udepts,eutrudepts,dystric eutrudepts,fine,18.2416668,-66.2838898,3994,6639,US_NCSS_changed_pedons_2016_to_2017.csv
S2009SC083018,341569,40010,39391,"S2009SC083018",2005,site_obsdate,2016,2017,2016-2017,12,8,"Moderate development age, 6-15 years",3,Rangeland or Pasture to Developed,South Carolina,Spartanburg,CONUS East 1,CONUS,v2025-11,4/27/2005 0:00,4/27/2005 0:00,ultisols,udults,kanhapludults,typic kanhapludults,fine,34.9266663,-82.0583344,3997,6756,US_NCSS_changed_pedons_2016_to_2017.csv
S2016SD117009,944335,73720,134441,"S2016SD117009",2016,samp_classdate,2016,2017,2016-2017,1,8,"Moderate development age, 6-15 years",3,Rangeland or Pasture to Developed,South Dakota,Haakon,CONUS Central 1,CONUS,v2025-11,11/9/2016 0:00,,mollisols,ustolls,argiustolls,vertic argiustolls,,44.718963,-101.1372299,3998,6818,US_NCSS_changed_pedons_2016_to_2017.csv
S1951SD059001,105629,2316,2316,"S1951SD059001",1951,site_obsdate,2016,2017,2016-2017,66,8,"Moderate development age, 6-15 years",3,Rangeland or Pasture to Developed,South Dakota,Hand,CONUS Central 1,CONUS,v2025-11,8/20/1951 0:00,8/20/1951 0:00,,,,,,44.60247803,-98.9281921,3998,6789,US_NCSS_changed_pedons_2016_to_2017.csv
S1961SD079001,105655,2423,2423,"S1961SD079001",1961,site_obsdate,2016,2017,2016-2017,56,8,"Moderate development age, 6-15 years",2,Forest to Developed,South Dakota,Lake,CONUS Central 1,CONUS,v2025-11,8/16/1961 0:00,8/16/1961 0:00,mollisols,ustolls,haplustolls,pachic haplustolls,fine-silty,44.1236115,-96.9972229,3998,6799,US_NCSS_changed_pedons_2016_to_2017.csv
S1950SD115005,105748,2411,2411,"S1950SD115005",1950,site_obsdate,2016,2017,2016-2017,67,8,"Moderate development age, 6-15 years",3,Rangeland or Pasture to Developed,South Dakota,Spink,CONUS Central 1,CONUS,v2025-11,8/22/1950 0:00,8/22/1950 0:00,,,,,,45.1863899,-98.4727783,3998,6817,US_NCSS_changed_pedons_2016_to_2017.csv
2006TN141265S,872464,34192,33995,"S2006TN141265",2006,site_obsdate,2016,2017,2016-2017,11,8,"Moderate development age, 6-15 years",2,Forest to Developed,Tennessee,Putnam,CONUS Central 2,CONUS,v2025-11,12/11/2008 0:00,11/1/2006 0:00,inceptisols,udepts,dystrudepts,typic dystrudepts,loamy-skeletal,36.1580124,-85.2773285,3999,6897,US_NCSS_changed_pedons_2016_to_2017.csv
S2002TX041002,202203,54713,53912,"S2002TX041002",1978,site_obsdate,2016,2017,2016-2017,39,8,"Moderate development age, 6-15 years",1,Agriculture to Developed,Texas,Burleson,CONUS Central 1,CONUS,v2025-11,10/1/1978 0:00,10/1/1978 0:00,alfisols,aqualfs,albaqualfs,chromic vertic albaqualfs,fine,30.6109715,-96.4981689,4000,6942,US_NCSS_changed_pedons_2016_to_2017.csv
S1963TX085090,105998,4293,4293,"S1963TX085090",1963,site_obsdate,2016,2017,2016-2017,54,8,"Moderate development age, 6-15 years",1,Agriculture to Developed,Texas,Collin,CONUS Central 1,CONUS,v2025-11,6/4/1963 0:00,6/4/1963 0:00,mollisols,ustolls,haplustolls,pachic haplustolls,,33.1124992,-96.808609,4000,6964,US_NCSS_changed_pedons_2016_to_2017.csv
79TX143002,119932,7278,7278,"S1979TX143002",1979,site_obsdate,2016,2017,2016-2017,38,8,"Moderate development age, 6-15 years",3,Rangeland or Pasture to Developed,Texas,Erath,CONUS Central 1,CONUS,v2025-11,6/3/1979 0:00,6/1/1979 0:00,alfisols,ustalfs,haplustalfs,typic haplustalfs,fine,32.4411125,-98.3605576,4000,6993,US_NCSS_changed_pedons_2016_to_2017.csv
S1967UT035005,106364,5397,5397,"S1967UT035005",1967,site_obsdate,2016,2017,2016-2017,50,8,"Moderate development age, 6-15 years",3,Rangeland or Pasture to Developed,Utah,Salt Lake,CONUS West 2,CONUS,v2025-11,8/25/1967 0:00,8/25/1967 0:00,,,,,,40.5819435,-112.0316696,4002,7202,US_NCSS_changed_pedons_2016_to_2017.csv
V1992-VA001-026,363619,57353,56552,"VPI-Bojac-5",2009,site_obsdate,2016,2017,2016-2017,8,8,"Moderate development age, 6-15 years",1,Agriculture to Developed,Virginia,Accomack,CONUS East 1,CONUS,v2025-11,9/22/2009 0:00,9/22/2009 0:00,ultisols,udults,hapludults,typic hapludults,,37.6123238,-75.7677841,4003,7214,US_NCSS_changed_pedons_2016_to_2017.csv
V1992-VA810-374,363672,57257,56456,"VPI-Acred-0",2009,site_obsdate,2016,2017,2016-2017,8,8,"Moderate development age, 6-15 years",1,Agriculture to Developed,Virginia,Virginia Beach,CONUS East 1,CONUS,v2025-11,9/27/2009 0:00,9/27/2009 0:00,alfisols,aqualfs,endoaqualfs,typic endoaqualfs,,36.7886925,-76.1205063,4003,7346,US_NCSS_changed_pedons_2016_to_2017.csv
S1982WA015014,106662,9369,9369,"S1982WA015014",1982,site_obsdate,2016,2017,2016-2017,35,8,"Moderate development age, 6-15 years",1,Agriculture to Developed,Washington,Cowlitz,CONUS West 1,CONUS,v2025-11,6/1/1982 0:00,6/1/1982 0:00,entisols,orthents,xerorthents,aquic xerorthents,sandy,46.3156357,-122.919548,4006,7375,US_NCSS_changed_pedons_2016_to_2017.csv
S1990WI005006,897201,17574,17574,"S1990WI005006",1990,site_obsdate,2016,2017,2016-2017,27,8,"Moderate development age, 6-15 years",3,Rangeland or Pasture to Developed,Wisconsin,Barron,CONUS Central 2,CONUS,v2025-11,10/3/1990 0:00,10/1/1990 0:00,alfisols,udalfs,glossudalfs,aquic glossudalfs,coarse-loamy,45.2472229,-92.0805588,4007,7409,US_NCSS_changed_pedons_2016_to_2017.csv
S1992WI063009,107052,20552,20552,"S1992WI063009",1992,site_obsdate,2016,2017,2016-2017,25,8,"Moderate development age, 6-15 years",2,Forest to Developed,Wisconsin,La Crosse,CONUS Central 2,CONUS,v2025-11,11/18/1992 0:00,11/16/1992 0:00,alfisols,udalfs,hapludalfs,mollic hapludalfs,fine-silty,43.9211121,-91.0194473,4007,7438,US_NCSS_changed_pedons_2016_to_2017.csv
S1956AK170002,109627,586,586,"S1956AK170002",1956,site_obsdate,2017,2018,2017-2018,62,7,"Moderate development age, 6-15 years",3,Rangeland or Pasture to Developed,Alaska,Matanuska-Susitna,Alaska Main,AK,v2024-10,6/1/1956 0:00,6/1/1956 0:00,,,,,,61.5833321,-149.1111145,3946,4275,US_NCSS_changed_pedons_2017_to_2018.csv
S1968AZ003007,107721,5548,5548,"S1968AZ003007",1968,site_obsdate,2017,2018,2017-2018,50,7,"Moderate development age, 6-15 years",3,Rangeland or Pasture to Developed,Arizona,Cochise,CONUS West 2,CONUS,v2025-11,10/17/1968 0:00,10/17/1968 0:00,mollisols,ustolls,haplustolls,lithic haplustolls,loamy-skeletal,31.4283333,-110.4388885,3950,4435,US_NCSS_changed_pedons_2017_to_2018.csv
83AR051003,122115,11478,11478,"S1983AR051003",1983,site_obsdate,2017,2018,2017-2018,35,7,"Moderate development age, 6-15 years",3,Rangeland or Pasture to Developed,Arkansas,Garland,CONUS Central 2,CONUS,v2025-11,10/1/1983 0:00,10/1/1983 0:00,ultisols,udults,hapludults,aquic hapludults,,34.4791679,-93.2708359,3948,4379,US_NCSS_changed_pedons_2017_to_2018.csv
1960AR09304,816531,57996,57195,"1960AR09304",2012,site_obsdate,2017,2018,2017-2018,6,7,"Moderate development age, 6-15 years",1,Agriculture to Developed,Arkansas,Mississippi,CONUS Central 2,CONUS,v2025-11,,11/27/2012 0:00,,,,,,35.47309875,-90.27559662,3948,4400,US_NCSS_changed_pedons_2017_to_2018.csv
08CA605036,282146,39548,38931,"08CA605036",2008,site_obsdate,2017,2018,2017-2018,10,7,"Moderate development age, 6-15 years",1,Agriculture to Developed,California,Humboldt,CONUS West 1,CONUS,v2025-11,4/16/2008 0:00,4/16/2008 0:00,mollisols,xerolls,haploxerolls,fluventic haploxerolls,fine-silty,41.07149887,-123.6850833,3951,4460,US_NCSS_changed_pedons_2017_to_2018.csv
S1964CA073003,100162,2761,2761,"S1964CA073003",1964,site_obsdate,2017,2018,2017-2018,54,7,"Moderate development age, 6-15 years",3,Rangeland or Pasture to Developed,California,San Diego,CONUS West 1,CONUS,v2025-11,2/18/1964 0:00,2/18/1964 0:00,alfisols,xeralfs,palexeralfs,natric palexeralfs,fine,33.3491669,-117.2377777,3951,4485,US_NCSS_changed_pedons_2017_to_2018.csv
1976-FL001-S01_077,516069,50813,50087,"S1976-FL001-S01_077",2011,site_obsdate,2017,2018,2017-2018,7,7,"Moderate development age, 6-15 years",1,Agriculture to Developed,Florida,Alachua,CONUS East 1,CONUS,v2025-11,,4/15/2011 0:00,Alfisols,Udalfs,Paleudalfs,Arenic Paleudalfs,,29.68795204,-82.4295578,3957,4582,US_NCSS_changed_pedons_2017_to_2018.csv
1979-FL001-S01_095,516087,51031,50305,"S1979-FL001-S01_095",2011,site_obsdate,2017,2018,2017-2018,7,7,"Moderate development age, 6-15 years",3,Rangeland or Pasture to Developed,Florida,Alachua,CONUS East 1,CONUS,v2025-11,,4/15/2011 0:00,Ultisols,Udults,Paleudults,Arenic Paleudults,,29.6349831,-82.3638611,3957,4582,US_NCSS_changed_pedons_2017_to_2018.csv
S1984-FL019-S10_011,903501,51338,50612,"S1984-FL019-S10_011",2011,site_obsdate,2017,2018,2017-2018,7,7,"Moderate development age, 6-15 years",3,Rangeland or Pasture to Developed,Florida,Clay,CONUS East 1,CONUS,v2025-11,,4/15/2011 0:00,alfisols,aqualfs,albaqualfs,arenic albaqualfs,loamy,30.1134586,-81.8131943,3957,4591,US_NCSS_changed_pedons_2017_to_2018.csv
S1953FL033010,100568,4845,4845,"S1953FL033010",1953,site_obsdate,2017,2018,2017-2018,65,7,"Moderate development age, 6-15 years",3,Rangeland or Pasture to Developed,Florida,Escambia,CONUS Central 2,CONUS,v2025-11,5/26/1953 0:00,5/26/1953 0:00,,,,,,30.6013355,-87.343338,3957,4598,US_NCSS_changed_pedons_2017_to_2018.csv
S1975FL053013,952565,50721,49995,"S1975FL053013",2011,site_obsdate,2017,2018,2017-2018,7,7,"Moderate development age, 6-15 years",2,Forest to Developed,Florida,Hernando,CONUS East 1,CONUS,v2025-11,,4/15/2011 0:00,ultisols,udults,paleudults,arenic paleudults,loamy,28.43686104,-82.3478546,3957,4608,US_NCSS_changed_pedons_2017_to_2018.csv
S1983FL105019,1079962,51310,50584,"S1983-FL105-S53_019",2011,site_obsdate,2017,2018,2017-2018,7,7,"Moderate development age, 6-15 years",1,Agriculture to Developed,Florida,Polk,CONUS East 1,CONUS,v2025-11,12/3/2014 0:00,4/15/2011 0:00,entisols,psamments,quartzipsamments,typic quartzipsamments,,28.0975647,-81.9878769,3957,4634,US_NCSS_changed_pedons_2017_to_2018.csv
S1953FL115009,100602,4787,4787,"S1953FL115009",1953,site_obsdate,2017,2018,2017-2018,65,7,"Moderate development age, 6-15 years",2,Forest to Developed,Florida,Sarasota,CONUS East 1,CONUS,v2025-11,4/1/1953 0:00,4/1/1953 0:00,,,,,,27.2661591,-82.4215317,3957,4639,US_NCSS_changed_pedons_2017_to_2018.csv
1970-FL131-S66_005,518297,50556,49830,"S1970-FL131-S66_005",2011,site_obsdate,2017,2018,2017-2018,7,7,"Moderate development age, 6-15 years",2,Forest to Developed,Florida,Walton,CONUS Central 2,CONUS,v2025-11,,4/15/2011 0:00,Entisols,Psamments,Quartzipsamments,Typic Quartzipsamments,,30.98653603,-86.281517,3957,4647,US_NCSS_changed_pedons_2017_to_2018.csv
89ID007003,125850,16151,16151,"S1989ID007003",1989,site_obsdate,2017,2018,2017-2018,29,7,"Moderate development age, 6-15 years",3,Rangeland or Pasture to Developed,Idaho,Bear Lake,CONUS West 2,CONUS,v2025-11,6/1/1989 0:00,6/1/1989 0:00,mollisols,borolls,cryoborolls,argic pachic cryoborolls,fine,42.0074997,-111.4316635,3964,4920,US_NCSS_changed_pedons_2017_to_2018.csv
81IL017007,121229,10099,10099,"S1981IL017007",1981,site_obsdate,2017,2018,2017-2018,37,7,"Moderate development age, 6-15 years",3,Rangeland or Pasture to Developed,Illinois,Cass,CONUS Central 2,CONUS,v2025-11,6/1/1981 0:00,6/1/1981 0:00,entisols,fluvents,udifluvents,typic udifluvents,coarse-silty,39.9855537,-90.3213882,3965,4969,US_NCSS_changed_pedons_2017_to_2018.csv
1977IL019033,863415,36330,35715,"1977IL019033",1977,site_obsdate,2017,2018,2017-2018,41,7,"Moderate development age, 6-15 years",1,Agriculture to Developed,Illinois,Champaign,CONUS Central 2,CONUS,v2025-11,1/1/1977 0:00,1/1/1977 0:00,mollisols,udolls,argiudolls,aquic argiudolls,fine,39.8794507,-88.2127268,3965,4970,US_NCSS_changed_pedons_2017_to_2018.csv
1968IL023002,354962,36118,35503,"1968IL023002",1968,site_obsdate,2017,2018,2017-2018,50,7,"Moderate development age, 6-15 years",1,Agriculture to Developed,Illinois,Clark,CONUS Central 2,CONUS,v2025-11,11/1/1968 0:00,11/1/1968 0:00,alfisols,aqualfs,albaqualfs,mollic albaqualfs,fine,39.2547975,-87.9958917,3965,4972,US_NCSS_changed_pedons_2017_to_2018.csv
1988IL067011,314749,37594,36979,"1988IL067011",1988,site_obsdate,2017,2018,2017-2018,30,7,"Moderate development age, 6-15 years",3,Rangeland or Pasture to Developed,Illinois,Hancock,CONUS Central 2,CONUS,v2025-11,7/1/1988 0:00,7/1/1988 0:00,mollisols,udolls,argiudolls,aquic argiudolls,fine-silty,40.5635583,-90.9702861,3965,4994,US_NCSS_changed_pedons_2017_to_2018.csv
1977IL073007,355162,36349,35734,"1977IL073007",1976,site_obsdate,2017,2018,2017-2018,42,7,"Moderate development age, 6-15 years",3,Rangeland or Pasture to Developed,Illinois,Henry,CONUS Central 2,CONUS,v2025-11,8/1/1976 0:00,8/1/1976 0:00,alfisols,udalfs,hapludalfs,typic hapludalfs,fine-silty over sandy or sandy-skeletal,41.493058,-89.8717582,3965,4997,US_NCSS_changed_pedons_2017_to_2018.csv
1978IL073054,375397,36468,35853,"1978IL073054",1978,site_obsdate,2017,2018,2017-2018,40,7,"Moderate development age, 6-15 years",3,Rangeland or Pasture to Developed,Illinois,Henry,CONUS Central 2,CONUS,v2025-11,6/1/1978 0:00,6/1/1978 0:00,mollisols,aquolls,endoaquolls,vertic endoaquolls,very-fine,41.5433547,-89.9744811,3965,4997,US_NCSS_changed_pedons_2017_to_2018.csv
82IL131150,121330,10281,10281,"S1982IL131150",1982,site_obsdate,2017,2018,2017-2018,36,7,"Moderate development age, 6-15 years",3,Rangeland or Pasture to Developed,Illinois,Mercer,CONUS Central 2,CONUS,v2025-11,3/3/1982 0:00,3/1/1982 0:00,alfisols,aqualfs,ochraqualfs,aeric ochraqualfs,fine-silty,41.2625008,-90.8227768,3965,5026,US_NCSS_changed_pedons_2017_to_2018.csv
1929IL133001,315040,35847,35232,"1929IL133001",1929,site_obsdate,2017,2018,2017-2018,89,7,"Moderate development age, 6-15 years",3,Rangeland or Pasture to Developed,Illinois,Monroe,CONUS Central 2,CONUS,v2025-11,10/1/1929 0:00,10/1/1929 0:00,alfisols,aqualfs,albaqualfs,typic albaqualfs,fine,38.245955,-90.1911753,3965,5027,US_NCSS_changed_pedons_2017_to_2018.csv
1929IL133002,314999,35848,35233,"1929IL133002",1929,site_obsdate,2017,2018,2017-2018,89,7,"Moderate development age, 6-15 years",3,Rangeland or Pasture to Developed,Illinois,Monroe,CONUS Central 2,CONUS,v2025-11,10/1/1929 0:00,10/1/1929 0:00,alfisols,udalfs,hapludalfs,aquic hapludalfs,fine-silty,38.2713296,-90.2365962,3965,5027,US_NCSS_changed_pedons_2017_to_2018.csv
1979IL133005,375582,36559,35944,"1979IL133005",1978,site_obsdate,2017,2018,2017-2018,40,7,"Moderate development age, 6-15 years",3,Rangeland or Pasture to Developed,Illinois,Monroe,CONUS Central 2,CONUS,v2025-11,11/1/1978 0:00,11/1/1978 0:00,alfisols,udalfs,hapludalfs,aquic hapludalfs,fine-silty,38.3988971,-90.2219653,3965,5027,US_NCSS_changed_pedons_2017_to_2018.csv
1981IL133010,350956,36833,36218,"1981IL133010",1981,site_obsdate,2017,2018,2017-2018,37,7,"Moderate development age, 6-15 years",3,Rangeland or Pasture to Developed,Illinois,Monroe,CONUS Central 2,CONUS,v2025-11,6/1/1981 0:00,6/1/1981 0:00,alfisols,udalfs,hapludalfs,aquic hapludalfs,fine-silty,38.2178082,-90.1373902,3965,5027,US_NCSS_changed_pedons_2017_to_2018.csv
S2008IL157002,298159,39539,38922,"S2008IL157002",2008,site_obsdate,2017,2018,2017-2018,10,7,"Moderate development age, 6-15 years",3,Rangeland or Pasture to Developed,Illinois,Randolph,CONUS Central 2,CONUS,v2025-11,5/19/2008 0:00,5/19/2008 0:00,entisols,arents,udarents,alfic udarents,,38.1933327,-89.7713852,3965,5039,US_NCSS_changed_pedons_2017_to_2018.csv
1968IN011003,309083,37757,37142,"1968IN011003",1968,site_obsdate,2017,2018,2017-2018,50,7,"Moderate development age, 6-15 years",1,Agriculture to Developed,Indiana,Boone,CONUS Central 2,CONUS,v2025-11,6/5/1968 0:00,6/5/1968 0:00,,,,,,40.04204941,-86.2415556,3966,5068,US_NCSS_changed_pedons_2017_to_2018.csv
S1972IN099008,1106801,37851,37236,"S1972IN099008",1972,site_obsdate,2017,2018,2017-2018,46,7,"Moderate development age, 6-15 years",1,Agriculture to Developed,Indiana,Marshall,CONUS Central 2,CONUS,v2025-11,10/19/1972 0:00,10/19/1972 0:00,entisols,psamments,udipsamments,oxyaquic udipsamments,,41.1787944,-86.4542306,3966,5112,US_NCSS_changed_pedons_2017_to_2018.csv
1984IN157024,314371,39355,38740,"1984IN157024",1984,site_obsdate,2017,2018,2017-2018,34,7,"Moderate development age, 6-15 years",3,Rangeland or Pasture to Developed,Indiana,Tippecanoe,CONUS Central 2,CONUS,v2025-11,9/6/1984 0:00,9/6/1984 0:00,alfisols,udalfs,hapludalfs,typic hapludalfs,fine-loamy,40.35200119,-86.7232972,3966,5141,US_NCSS_changed_pedons_2017_to_2018.csv
S02IN179002,153226,30617,30501,"S2002IN179002",2002,site_obsdate,2017,2018,2017-2018,16,7,"Moderate development age, 6-15 years",1,Agriculture to Developed,Indiana,Wells,CONUS Central 2,CONUS,v2025-11,8/7/2002 0:00,8/7/2002 0:00,alfisols,aqualfs,epiaqualfs,aeric epiaqualfs,fine,40.7695556,-85.1761917,3966,5152,US_NCSS_changed_pedons_2017_to_2018.csv
1995IA047005L,59915,22518,22518,"S1995IA047005",1995,site_obsdate,2017,2018,2017-2018,23,7,"Moderate development age, 6-15 years",3,Rangeland or Pasture to Developed,Iowa,Crawford,CONUS Central 1,CONUS,v2025-11,10/20/1995 0:00,10/20/1995 0:00,entisols,orthents,udorthents,typic udorthents,fine-silty,42.1826401,-95.6615677,3963,4841,US_NCSS_changed_pedons_2017_to_2018.csv
S1962IA065029,1071567,71204,69228,"S1962IA065029",2014,site_obsdate,2017,2018,2017-2018,4,7,"Moderate development age, 6-15 years",3,Rangeland or Pasture to Developed,Iowa,Fayette,CONUS Central 2,CONUS,v2025-11,8/4/2014 0:00,8/4/2014 0:00,alfisols,udalfs,hapludalfs,typic hapludalfs,,43.055156,-91.8032137,3963,4850,US_NCSS_changed_pedons_2017_to_2018.csv
S1962IA065043,1071579,71218,69242,"S1962IA065043",2014,site_obsdate,2017,2018,2017-2018,4,7,"Moderate development age, 6-15 years",1,Agriculture to Developed,Iowa,Fayette,CONUS Central 2,CONUS,v2025-11,8/5/2014 0:00,8/5/2014 0:00,,,,,,42.9499977,-91.9007608,3963,4850,US_NCSS_changed_pedons_2017_to_2018.csv
S1982IA105102,947414,70786,68814,"S1982IA105102",1982,site_obsdate,2017,2018,2017-2018,36,7,"Moderate development age, 6-15 years",3,Rangeland or Pasture to Developed,Iowa,Jones,CONUS Central 2,CONUS,v2025-11,8/11/1982 0:00,8/11/1982 0:00,mollisols,udolls,argiudolls,typic argiudolls,fine-silty,42.2528133,-91.1982969,3963,4870,US_NCSS_changed_pedons_2017_to_2018.csv
S2010LA081001,675573,53573,52772,"S2010LA0810001",2010,site_obsdate,2017,2018,2017-2018,8,7,"Moderate development age, 6-15 years",2,Forest to Developed,Louisiana,Red River,CONUS Central 2,CONUS,v2025-11,,9/20/2010 0:00,mollisols,udolls,argiudolls,aquic pachic argiudolls,,32.19675064,-93.5050556,3969,5420,US_NCSS_changed_pedons_2017_to_2018.csv
S2000LA095002,98416,26969,26965,"LA095-Carville-TP",2000,site_obsdate,2017,2018,2017-2018,18,7,"Moderate development age, 6-15 years",1,Agriculture to Developed,Louisiana,St. John the Baptist,CONUS Central 2,CONUS,v2025-11,12/11/2000 0:00,12/11/2000 0:00,inceptisols,aquepts,endoaquepts,fluvaquentic endoaquepts,coarse-silty,30.0767231,-90.4743729,3969,5427,US_NCSS_changed_pedons_2017_to_2018.csv
S2017MI093001,1184007,74077,134722,"S2017MI093001",2017,samp_classdate,2017,2018,2017-2018,1,7,"Moderate development age, 6-15 years",3,Rangeland or Pasture to Developed,Michigan,Livingston,CONUS East 1,CONUS,v2025-11,11/3/2017 0:00,,alfisols,udalfs,glossudalfs,aquic glossudalfs,,42.6397278,-84.0920194,3974,5577,US_NCSS_changed_pedons_2017_to_2018.csv
88MI145001,124801,14799,14799,"S1988MI145001",1988,site_obsdate,2017,2018,2017-2018,30,7,"Moderate development age, 6-15 years",3,Rangeland or Pasture to Developed,Michigan,Saginaw,CONUS East 1,CONUS,v2025-11,10/3/1988 0:00,10/1/1988 0:00,alfisols,udalfs,hapludalfs,typic hapludalfs,fine-silty,43.3314611,-83.7250694,3974,5603,US_NCSS_changed_pedons_2017_to_2018.csv
S2017MI155001,1184008,74079,134724,"S2017MI155001",2017,samp_classdate,2017,2018,2017-2018,1,7,"Moderate development age, 6-15 years",3,Rangeland or Pasture to Developed,Michigan,Shiawassee,CONUS East 1,CONUS,v2025-11,11/13/2017 0:00,,alfisols,udalfs,hapludalfs,aquic hapludalfs,,43.0408972,-84.3049556,3974,5608,US_NCSS_changed_pedons_2017_to_2018.csv
S1976MN0272241,678175,56992,56191,"S1976MN0272241",2011,site_obsdate,2017,2018,2017-2018,7,7,"Moderate development age, 6-15 years",1,Agriculture to Developed,Minnesota,Clay,CONUS Central 1,CONUS,v2025-11,2/3/2011 0:00,2/3/2011 0:00,mollisols,udolls,hapludolls,calcic hapludolls,sandy,46.9431496,-96.4418106,3975,5627,US_NCSS_changed_pedons_2017_to_2018.csv
S1976MN0372187,678157,56994,56193,"S1976MN0372187",2011,site_obsdate,2017,2018,2017-2018,7,7,"Moderate development age, 6-15 years",1,Agriculture to Developed,Minnesota,Dakota,CONUS Central 2,CONUS,v2025-11,2/1/2011 0:00,2/1/2011 0:00,alfisols,udalfs,hapludalfs,psammentic hapludalfs,,44.7209816,-93.1820221,3975,5632,US_NCSS_changed_pedons_2017_to_2018.csv
S1978MN0552879,583122,55826,55025,"S1978MN0552879",1978,site_obsdate,2017,2018,2017-2018,40,7,"Moderate development age, 6-15 years",3,Rangeland or Pasture to Developed,Minnesota,Houston,CONUS Central 2,CONUS,v2025-11,10/13/1978 0:00,10/13/1978 0:00,alfisols,udalfs,paleudalfs,typic paleudalfs,fine-loamy,43.7422981,-91.3075333,3975,5641,US_NCSS_changed_pedons_2017_to_2018.csv
S1992MN0854656,683919,57169,56368,"S1992MN0854656",2011,site_obsdate,2017,2018,2017-2018,7,7,"Moderate development age, 6-15 years",3,Rangeland or Pasture to Developed,Minnesota,McLeod,CONUS Central 2,CONUS,v2025-11,2/15/2011 0:00,2/15/2011 0:00,mollisols,udolls,argiudolls,typic argiudolls,fine-loamy,44.9710388,-94.4091339,3975,5656,US_NCSS_changed_pedons_2017_to_2018.csv
S1979MN099024,583215,56042,55241,"S1979MN099024",1979,site_obsdate,2017,2018,2017-2018,39,7,"Moderate development age, 6-15 years",3,Rangeland or Pasture to Developed,Minnesota,Mower,CONUS Central 2,CONUS,v2025-11,10/17/1979 0:00,10/17/1979 0:00,alfisols,udalfs,hapludalfs,aquic hapludalfs,fine-loamy,43.8192902,-92.9802628,3975,5663,US_NCSS_changed_pedons_2017_to_2018.csv
S1978MN133012 (2909),583137,55915,55114,"S1978MN133012 (2909)",1978,site_obsdate,2017,2018,2017-2018,40,7,"Moderate development age, 6-15 years",3,Rangeland or Pasture to Developed,Minnesota,Rock,CONUS Central 1,CONUS,v2025-11,10/23/1978 0:00,10/23/1978 0:00,mollisols,udolls,hapludolls,cumulic hapludolls,fine-silty,43.5439873,-96.1831512,3975,5680,US_NCSS_changed_pedons_2017_to_2018.csv
S1960MN141002,102850,1650,1650,"S1960MN141002",1960,site_obsdate,2017,2018,2017-2018,58,7,"Moderate development age, 6-15 years",2,Forest to Developed,Minnesota,Sherburne,CONUS Central 2,CONUS,v2025-11,9/4/1960 0:00,9/4/1960 0:00,entisols,psamments,udipsamments,lamellic udipsamments,,45.5311012,-93.9121857,3975,5684,US_NCSS_changed_pedons_2017_to_2018.csv
S1976MN145126 (2288),582805,55728,54927,"S1976MN145126 (2288)",1976,site_obsdate,2017,2018,2017-2018,42,7,"Moderate development age, 6-15 years",3,Rangeland or Pasture to Developed,Minnesota,Stearns,CONUS Central 2,CONUS,v2025-11,11/2/1976 0:00,11/2/1976 0:00,mollisols,udolls,hapludolls,oxyaquic hapludolls,coarse-loamy,45.6148186,-94.8942184,3975,5686,US_NCSS_changed_pedons_2017_to_2018.csv
91MS103001,127709,18479,18479,"S1991MS103001",1991,site_obsdate,2017,2018,2017-2018,27,7,"Moderate development age, 6-15 years",3,Rangeland or Pasture to Developed,Mississippi,Noxubee,CONUS Central 2,CONUS,v2025-11,8/1/1991 0:00,8/1/1991 0:00,vertisols,uderts,chromuderts,aquentic chromuderts,,33.0655556,-88.371109,3978,5871,US_NCSS_changed_pedons_2017_to_2018.csv
2007MO027058,697315,45903,45189,"2007MO027058",2006,site_obsdate,2017,2018,2017-2018,12,7,"Moderate development age, 6-15 years",1,Agriculture to Developed,Missouri,Callaway,CONUS Central 2,CONUS,v2025-11,11/7/2006 0:00,11/7/2006 0:00,alfisols,aqualfs,epiaqualfs,aeric vertic epiaqualfs,,38.9251667,-91.7240833,3976,5714,US_NCSS_changed_pedons_2017_to_2018.csv
2008MO027075,664633,45829,45115,"2008MO027075",2008,site_obsdate,2017,2018,2017-2018,10,7,"Moderate development age, 6-15 years",3,Rangeland or Pasture to Developed,Missouri,Callaway,CONUS Central 2,CONUS,v2025-11,3/26/2008 0:00,3/26/2008 0:00,alfisols,udalfs,hapludalfs,aquertic chromic hapludalfs,,38.8348889,-91.8616111,3976,5714,US_NCSS_changed_pedons_2017_to_2018.csv
2003MO047001m,137749,42731,42017,"2003MO047001m",2003,site_obsdate,2017,2018,2017-2018,15,7,"Moderate development age, 6-15 years",1,Agriculture to Developed,Missouri,Clay,CONUS Central 2,CONUS,v2025-11,7/24/2003 0:00,7/24/2003 0:00,alfisols,udalfs,hapludalfs,mollic hapludalfs,fine-silty,39.2002778,-94.4047222,3976,5724,US_NCSS_changed_pedons_2017_to_2018.csv
1989MO121011,697873,45153,44439,"1989MO121011",2006,site_obsdate,2017,2018,2017-2018,12,7,"Moderate development age, 6-15 years",3,Rangeland or Pasture to Developed,Missouri,Macon,CONUS Central 2,CONUS,v2025-11,11/8/2006 0:00,11/8/2006 0:00,,,,,,39.7221306,-92.461175,3976,5761,US_NCSS_changed_pedons_2017_to_2018.csv
2006MO139065,664042,45940,45226,"2006MO139065",2006,site_obsdate,2017,2018,2017-2018,12,7,"Moderate development age, 6-15 years",3,Rangeland or Pasture to Developed,Missouri,Montgomery,CONUS Central 2,CONUS,v2025-11,2/23/2006 0:00,2/23/2006 0:00,alfisols,aqualfs,epiaqualfs,aeric vertic epiaqualfs,,38.8747778,-91.5178056,3976,5770,US_NCSS_changed_pedons_2017_to_2018.csv
2006MO139075,697207,45930,45216,"2006MO139075",2006,site_obsdate,2017,2018,2017-2018,12,7,"Moderate development age, 6-15 years",3,Rangeland or Pasture to Developed,Missouri,Montgomery,CONUS Central 2,CONUS,v2025-11,4/26/2006 0:00,4/26/2006 0:00,alfisols,udalfs,hapludalfs,aquertic chromic hapludalfs,,38.9591944,-91.58000183,3976,5770,US_NCSS_changed_pedons_2017_to_2018.csv
1989MO143006,201058,46472,45758,"1989MO143006",1989,site_obsdate,2017,2018,2017-2018,29,7,"Moderate development age, 6-15 years",3,Rangeland or Pasture to Developed,Missouri,New Madrid,CONUS Central 2,CONUS,v2025-11,8/1/1989 0:00,8/1/1989 0:00,entisols,fluvents,udifluvents,oxyaquic udifluvents,coarse-loamy,36.7878876,-89.653389,3976,5772,US_NCSS_changed_pedons_2017_to_2018.csv
2008MO157001,664650,41421,40707,"2008MO157001",2008,site_obsdate,2017,2018,2017-2018,10,7,"Moderate development age, 6-15 years",1,Agriculture to Developed,Missouri,Perry,CONUS Central 2,CONUS,v2025-11,5/20/2008 0:00,5/20/2008 0:00,alfisols,udalfs,hapludalfs,oxyaquic hapludalfs,,37.6458056,-89.5393889,3976,5779,US_NCSS_changed_pedons_2017_to_2018.csv
1983MO195004,957125,10247,10247,"1983MO195004",1983,site_obsdate,2017,2018,2017-2018,35,7,"Moderate development age, 6-15 years",1,Agriculture to Developed,Missouri,Saline,CONUS Central 2,CONUS,v2025-11,3/3/1988 0:00,6/1/1983 0:00,mollisols,udolls,argiudolls,aquic argiudolls,fine-silty,39.1255556,-93.2155556,3976,5797,US_NCSS_changed_pedons_2017_to_2018.csv
1986MO195009m,42933,49987,49273,"1986MO195009m",1987,site_obsdate,2017,2018,2017-2018,31,7,"Moderate development age, 6-15 years",3,Rangeland or Pasture to Developed,Missouri,Saline,CONUS Central 2,CONUS,v2025-11,4/10/1987 0:00,4/10/1987 0:00,entisols,aquents,fluvaquents,aeric fluvaquents,fine-silty,39.1394463,-93.43416595,3976,5797,US_NCSS_changed_pedons_2017_to_2018.csv
2004MO219055,696962,46008,45294,"2004MO219055",2004,site_obsdate,2017,2018,2017-2018,14,7,"Moderate development age, 6-15 years",3,Rangeland or Pasture to Developed,Missouri,Warren,CONUS Central 2,CONUS,v2025-11,,5/18/2004 0:00,,,,,,38.8413972,-91.2287472,3976,5809,US_NCSS_changed_pedons_2017_to_2018.csv
1950NE019003,788090,2154,2154,"1950NE019003",1950,site_obsdate,2017,2018,2017-2018,68,7,"Moderate development age, 6-15 years",3,Rangeland or Pasture to Developed,Nebraska,Buffalo,CONUS Central 1,CONUS,v2025-11,7/15/1950 0:00,7/13/1950 0:00,mollisols,ustolls,natrustolls,typic natrustolls,fine,40.7427788,-98.7900009,3982,6121,US_NCSS_changed_pedons_2017_to_2018.csv
54NE025001,875305,2255,2255,"54NE025001",1954,site_obsdate,2017,2018,2017-2018,64,7,"Moderate development age, 6-15 years",1,Agriculture to Developed,Nebraska,Cass,CONUS Central 1,CONUS,v2025-11,4/4/1954 0:00,4/4/1954 0:00,mollisols,udolls,argiudolls,pachic argiudolls,fine,40.83362198,-96.2169647,3982,6124,US_NCSS_changed_pedons_2017_to_2018.csv
1994NE131001,875353,21111,21111,"1994NE131001",1994,site_obsdate,2017,2018,2017-2018,24,7,"Moderate development age, 6-15 years",1,Agriculture to Developed,Nebraska,Otoe,CONUS Central 1,CONUS,v2025-11,4/25/1994 0:00,4/25/1994 0:00,mollisols,udolls,hapludolls,cumulic hapludolls,fine-silty,40.6377792,-96.1611099,3982,6177,US_NCSS_changed_pedons_2017_to_2018.csv
S1954NE137001,103961,2209,2209,"S1954NE137001",1954,site_obsdate,2017,2018,2017-2018,64,7,"Moderate development age, 6-15 years",1,Agriculture to Developed,Nebraska,Phelps,CONUS Central 1,CONUS,v2025-11,4/4/1954 0:00,4/4/1954 0:00,mollisols,ustolls,argiustolls,typic argiustolls,fine-silty,40.4666748,-99.3784561,3982,6180,US_NCSS_changed_pedons_2017_to_2018.csv
S1962NE157004,110364,4967,4967,"S1962NE157004",1962,site_obsdate,2017,2018,2017-2018,56,7,"Moderate development age, 6-15 years",3,Rangeland or Pasture to Developed,Nebraska,Scotts Bluff,CONUS Central 1,CONUS,v2025-11,7/11/1962 0:00,7/11/1962 0:00,,,,,,41.7588654,-103.3649826,3982,6190,US_NCSS_changed_pedons_2017_to_2018.csv
93NE173002,104049,20658,20658,"S1993NE173002",1993,site_obsdate,2017,2018,2017-2018,25,7,"Moderate development age, 6-15 years",3,Rangeland or Pasture to Developed,Nebraska,Thurston,CONUS Central 1,CONUS,v2025-11,11/4/1993 0:00,11/4/1993 0:00,mollisols,ustolls,haplustolls,cumulic haplustolls,,42.2497215,-96.7986145,3982,6198,US_NCSS_changed_pedons_2017_to_2018.csv
S1980NV003001,110460,7812,7812,"S1980NV003001",1980,site_obsdate,2017,2018,2017-2018,38,7,"Moderate development age, 6-15 years",3,Rangeland or Pasture to Developed,Nevada,Clark,CONUS West 1,CONUS,v2025-11,6/3/1980 0:00,4/1/1980 0:00,aridisols,calcids,petrocalcids,typic petrocalcids,loamy,36.0347176,-115.2033386,3987,6270,US_NCSS_changed_pedons_2017_to_2018.csv
85NM045006,104467,12369,12369,"S1985NM045006",1985,site_obsdate,2017,2018,2017-2018,33,7,"Moderate development age, 6-15 years",3,Rangeland or Pasture to Developed,New Mexico,San Juan,CONUS West 2,CONUS,v2025-11,5/7/1985 0:00,5/5/1985 0:00,entisols,orthents,torriorthents,typic torriorthents,loamy,36.4294434,-108.765274,3986,6260,US_NCSS_changed_pedons_2017_to_2018.csv
04NC097031,158413,32426,32305,"S2004NC097031-Lloyd-RCP",2004,site_obsdate,2017,2018,2017-2018,14,7,"Moderate development age, 6-15 years",3,Rangeland or Pasture to Developed,North Carolina,Iredell,CONUS East 1,CONUS,v2025-11,8/2/2004 0:00,8/2/2004 0:00,ultisols,udults,kanhapludults,rhodic kanhapludults,,35.7857208,-80.9358368,3980,6007,US_NCSS_changed_pedons_2017_to_2018.csv
S2004NC105001,435307,32320,32201,"S2004NC105001",2004,site_obsdate,2017,2018,2017-2018,14,7,"Moderate development age, 6-15 years",3,Rangeland or Pasture to Developed,North Carolina,Lee,CONUS East 1,CONUS,v2025-11,4/7/2004 0:00,4/7/2004 0:00,ultisols,udults,hapludults,aquic hapludults,,35.5950546,-79.0711136,3980,6011,US_NCSS_changed_pedons_2017_to_2018.csv
96NC171007,103487,23247,23247,"S1996NC171007",1996,site_obsdate,2017,2018,2017-2018,22,7,"Moderate development age, 6-15 years",3,Rangeland or Pasture to Developed,North Carolina,Surry,CONUS East 1,CONUS,v2025-11,5/18/1996 0:00,5/16/1996 0:00,ultisols,udults,kanhapludults,typic kanhapludults,fine,36.4661102,-80.6547241,3980,6044,US_NCSS_changed_pedons_2017_to_2018.csv
88ND013061,46809,15762,15762,"88ND013061",1988,site_obsdate,2017,2018,2017-2018,30,7,"Moderate development age, 6-15 years",3,Rangeland or Pasture to Developed,North Dakota,Burke,CONUS Central 1,CONUS,v2025-11,8/3/1988 0:00,8/18/1988 0:00,mollisols,borolls,haploborolls,typic haploborolls,fine-silty,48.9491667,-102.7869444,3981,6065,US_NCSS_changed_pedons_2017_to_2018.csv
79ND015001,47824,7821,7821,"79ND015001",1979,site_obsdate,2017,2018,2017-2018,39,7,"Moderate development age, 6-15 years",1,Agriculture to Developed,North Dakota,Burleigh,CONUS Central 1,CONUS,v2025-11,10/3/1979 0:00,10/1/1979 0:00,mollisols,borolls,haploborolls,typic haploborolls,coarse-loamy,46.8533333,-100.6297222,3981,6066,US_NCSS_changed_pedons_2017_to_2018.csv
1957-OH003-S09,749831,66925,65000,"1957-OH003-S09",1957,site_obsdate,2017,2018,2017-2018,61,7,"Moderate development age, 6-15 years",1,Agriculture to Developed,Ohio,Allen,CONUS East 1,CONUS,v2025-11,7/10/1957 0:00,7/10/1957 0:00,inceptisols,aquepts,endoaquepts,aeric endoaquepts,fine-loamy,40.8768463,-84.018837,3989,6349,US_NCSS_changed_pedons_2017_to_2018.csv
1976OH013023,1152592,68860,66935,"1976OH013023",1976,site_obsdate,2017,2018,2017-2018,42,7,"Moderate development age, 6-15 years",3,Rangeland or Pasture to Developed,Ohio,Belmont,CONUS East 1,CONUS,v2025-11,,12/21/1976 0:00,entisols,orthents,udorthents,anthroportic udorthents,loamy-skeletal,40.1029917,-81.1093139,3989,6354,US_NCSS_changed_pedons_2017_to_2018.csv
S2009OH051001,355517,40390,39759,"S2009OH051001",2009,site_obsdate,2017,2018,2017-2018,9,7,"Moderate development age, 6-15 years",3,Rangeland or Pasture to Developed,Ohio,Fulton,CONUS East 1,CONUS,v2025-11,7/20/2009 0:00,7/20/2009 0:00,inceptisols,aquepts,epiaquepts,mollic epiaquepts,fine,41.71409988,-84.0515139,3989,6373,US_NCSS_changed_pedons_2017_to_2018.csv
1970-OH107-016,751133,68562,66637,"1970OH107016",1970,site_obsdate,2017,2018,2017-2018,48,7,"Moderate development age, 6-15 years",3,Rangeland or Pasture to Developed,Ohio,Mercer,CONUS East 1,CONUS,v2025-11,9/17/1970 0:00,9/17/1970 0:00,entisols,aquents,fluvaquents,aeric fluvaquents,fine,40.66600037,-84.46600342,3989,6401,US_NCSS_changed_pedons_2017_to_2018.csv
91OK109005,127558,18328,18328,"S1991OK109005",1991,site_obsdate,2017,2018,2017-2018,27,7,"Moderate development age, 6-15 years",3,Rangeland or Pasture to Developed,Oklahoma,Oklahoma,CONUS Central 1,CONUS,v2025-11,7/3/1991 0:00,7/1/1991 0:00,mollisols,ustolls,paleustolls,udertic paleustolls,fine,35.6947212,-97.6005554,3990,6490,US_NCSS_changed_pedons_2017_to_2018.csv
S1993OK109004,912574,20663,20663,"S1993OK109004",1993,site_obsdate,2017,2018,2017-2018,25,7,"Moderate development age, 6-15 years",3,Rangeland or Pasture to Developed,Oklahoma,Oklahoma,CONUS Central 1,CONUS,v2025-11,9/8/1993 0:00,9/8/1993 0:00,alfisols,ustalfs,natrustalfs,mollic natrustalfs,fine,35.3977776,-97.582222,3990,6490,US_NCSS_changed_pedons_2017_to_2018.csv
S1972OR011004,104921,5941,5941,"S1972OR011004",1972,site_obsdate,2017,2018,2017-2018,46,7,"Moderate development age, 6-15 years",2,Forest to Developed,Oregon,Coos,CONUS West 1,CONUS,v2025-11,5/17/1972 0:00,5/17/1972 0:00,andisols,udands,hapludands,alic hapludands,medial,43.46605301,-124.1614685,3991,6518,US_NCSS_changed_pedons_2017_to_2018.csv
S2008OR071001,350339,39977,39358,"08-DRJ-05",2006,site_obsdate,2017,2018,2017-2018,12,7,"Moderate development age, 6-15 years",1,Agriculture to Developed,Oregon,Yamhill,CONUS West 1,CONUS,v2025-11,12/8/2006 0:00,12/8/2006 0:00,mollisols,xerolls,argixerolls,pachic ultic argixerolls,fine-silty,45.2247772,-123.2312241,3991,6548,US_NCSS_changed_pedons_2017_to_2018.csv
S2004PA027009,165669,32596,32471,"PSU pasture",2004,site_obsdate,2017,2018,2017-2018,14,7,"Moderate development age, 6-15 years",1,Agriculture to Developed,Pennsylvania,Centre,CONUS East 1,CONUS,v2025-11,11/4/2004 0:00,11/4/2004 0:00,alfisols,udalfs,hapludalfs,ultic hapludalfs,,40.8177795,-77.8797226,3992,6562,US_NCSS_changed_pedons_2017_to_2018.csv
1958PA035009,422009,53781,52980,"1958PA035009",1958,site_obsdate,2017,2018,2017-2018,60,7,"Moderate development age, 6-15 years",3,Rangeland or Pasture to Developed,Pennsylvania,Clinton,CONUS East 1,CONUS,v2025-11,4/24/1958 0:00,4/24/1958 0:00,Alfisols,Ustalfs,Paleudalfs,Typic Paleudalfs,fine,41.0215194,-77.5409278,3992,6566,US_NCSS_changed_pedons_2017_to_2018.csv
S1961PR019004,105448,220,220,"S1961PR019004",1961,site_obsdate,2017,2018,2017-2018,57,7,"Moderate development age, 6-15 years",3,Rangeland or Pasture to Developed,Puerto Rico,Barranquitas,Puerto Rico and U.S. Virgin Islands,PRUSVI,v2024-10,12/10/1961 0:00,12/10/1961 0:00,ultisols,humults,haplohumults,typic haplohumults,very-fine,18.2388897,-66.2822189,3994,6625,US_NCSS_changed_pedons_2017_to_2018.csv
S1962TX257003,106104,4234,4234,"S1962TX257003",1962,site_obsdate,2017,2018,2017-2018,56,7,"Moderate development age, 6-15 years",3,Rangeland or Pasture to Developed,Texas,Kaufman,CONUS Central 1,CONUS,v2025-11,9/13/1962 0:00,9/13/1962 0:00,alfisols,ustalfs,paleustalfs,udertic paleustalfs,fine,32.7733345,-96.2766647,4000,7050,US_NCSS_changed_pedons_2017_to_2018.csv
S12TX3391033,773083,70179,68212,"S12TX3391033",2012,site_obsdate,2017,2018,2017-2018,6,7,"Moderate development age, 6-15 years",2,Forest to Developed,Texas,Montgomery,CONUS Central 1,CONUS,v2025-11,8/16/2012 0:00,8/16/2012 0:00,alfisols,aqualfs,glossaqualfs,typic glossudalfs,fine-loamy,30.1275556,-95.1630167,4000,7091,US_NCSS_changed_pedons_2017_to_2018.csv
82TX423004,900906,9452,9452,"S1982TX423004",1982,site_obsdate,2017,2018,2017-2018,36,7,"Moderate development age, 6-15 years",2,Forest to Developed,Texas,Smith,CONUS Central 1,CONUS,v2025-11,2/1/1982 0:00,2/1/1982 0:00,alfisols,udalfs,paleudalfs,arenic paleudalfs,loamy,32.41388702,-95.2805557,4000,7133,US_NCSS_changed_pedons_2017_to_2018.csv
91UT005003,106250,18736,18736,"S1991UT005003",1991,site_obsdate,2017,2018,2017-2018,27,7,"Moderate development age, 6-15 years",1,Agriculture to Developed,Utah,Cache,CONUS West 2,CONUS,v2025-11,9/14/1991 0:00,9/12/1991 0:00,inceptisols,ochrepts,xerochrepts,calcixerollic xerochrepts,fine-silty,41.7625008,-112.0316696,4002,7187,US_NCSS_changed_pedons_2017_to_2018.csv
S1968UT027062,106341,5774,5774,"S1968UT027062",1968,site_obsdate,2017,2018,2017-2018,50,7,"Moderate development age, 6-15 years",3,Rangeland or Pasture to Developed,Utah,Millard,CONUS West 2,CONUS,v2025-11,11/1/1968 0:00,11/1/1968 0:00,,,,,,39.4180565,-112.7205582,4002,7198,US_NCSS_changed_pedons_2017_to_2018.csv
S2009UT045002,360251,40645,39946,"S2009UT045002",2009,site_obsdate,2017,2018,2017-2018,9,7,"Moderate development age, 6-15 years",3,Rangeland or Pasture to Developed,Utah,Tooele,CONUS West 2,CONUS,v2025-11,7/1/2009 0:00,7/1/2009 0:00,aridisols,argids,natrargids,typic natrargids,,40.1660156,-113.0208969,4002,7207,US_NCSS_changed_pedons_2017_to_2018.csv
V1985-VA023-312,363578,57309,56508,"VPI-BO-2C",2009,site_obsdate,2017,2018,2017-2018,9,7,"Moderate development age, 6-15 years",3,Rangeland or Pasture to Developed,Virginia,Botetourt,CONUS East 1,CONUS,v2025-11,9/23/2009 0:00,9/23/2009 0:00,ultisols,udults,paleudults,typic paleudults,,37.4006917,-79.9082556,4003,7225,US_NCSS_changed_pedons_2017_to_2018.csv
V1985-VA023-313,363582,57310,56509,"VPI-BO-2E",2009,site_obsdate,2017,2018,2017-2018,9,7,"Moderate development age, 6-15 years",2,Forest to Developed,Virginia,Botetourt,CONUS East 1,CONUS,v2025-11,9/23/2009 0:00,9/23/2009 0:00,ultisols,udults,hapludults,typic hapludults,,37.4747972,-79.8492639,4003,7225,US_NCSS_changed_pedons_2017_to_2018.csv
V1984-VA081-255,363537,57524,56723,"VPI-Irede-3",2009,site_obsdate,2017,2018,2017-2018,9,7,"Moderate development age, 6-15 years",3,Rangeland or Pasture to Developed,Virginia,Greensville,CONUS East 1,CONUS,v2025-11,9/24/2009 0:00,9/24/2009 0:00,alfisols,udalfs,hapludalfs,oxyaquic vertic hapludalfs,,36.6119347,-77.5819473,4003,7253,US_NCSS_changed_pedons_2017_to_2018.csv
02AL069003-pgm,305234,39782,39163,"02AL069003-pgm",2001,site_obsdate,2018,2019,2018-2019,18,6,"Recent development, 0-5 years",3,Rangeland or Pasture to Developed,Alabama,Houston,CONUS Central 2,CONUS,v2025-11,11/26/2001 0:00,11/26/2001 0:00,ultisols,udults,kandiudults,plinthaquic kandiudults,fine-loamy,31.0544444,-85.1569444,3947,4321,US_NCSS_changed_pedons_2018_to_2019.csv
S1967AZ013015,107808,5442,5442,"S1967AZ013015",1967,site_obsdate,2018,2019,2018-2019,52,6,"Recent development, 0-5 years",3,Rangeland or Pasture to Developed,Arizona,Maricopa,CONUS West 2,CONUS,v2025-11,6/1/1967 0:00,6/1/1967 0:00,entisols,psamments,torripsamments,typic torripsamments,,33.2052765,-111.6350021,3950,4441,US_NCSS_changed_pedons_2018_to_2019.csv
64-CA-12-001,533212,52756,52030,"S1964-CA-12-001",2009,site_obsdate,2018,2019,2018-2019,10,6,"Recent development, 0-5 years",4,Other to Developed,California,Humboldt,CONUS West 1,CONUS,v2025-11,1/26/2009 0:00,1/26/2009 0:00,inceptisols,tropepts,humitropepts,typic humitropepts,,40.2628517,-124.1909866,3951,4460,US_NCSS_changed_pedons_2018_to_2019.csv
S1964CA073002,100161,2687,2687,"S1964CA073002",1964,site_obsdate,2018,2019,2018-2019,55,6,"Recent development, 0-5 years",3,Rangeland or Pasture to Developed,California,San Diego,CONUS West 1,CONUS,v2025-11,2/17/1964 0:00,2/17/1964 0:00,alfisols,xeralfs,haploxeralfs,typic haploxeralfs,fine-loamy,33.3486099,-117.2369461,3951,4485,US_NCSS_changed_pedons_2018_to_2019.csv
73-CA-55-013x,533831,53001,52275,"S1973-CA-55-013x",2009,site_obsdate,2018,2019,2018-2019,10,6,"Recent development, 0-5 years",3,Rangeland or Pasture to Developed,California,Tuolumne,CONUS West 1,CONUS,v2025-11,2/27/2009 0:00,2/27/2009 0:00,inceptisols,xerepts,haploxerepts,lithic haploxerepts,loamy,37.8754634,-120.4694986,3951,4503,US_NCSS_changed_pedons_2018_to_2019.csv
2005CT003002,594608,32837,32695,"S2005CT003002",2005,site_obsdate,2018,2019,2018-2019,14,6,"Recent development, 0-5 years",3,Rangeland or Pasture to Developed,Connecticut,Hartford,CONUS East 2,CONUS,v2025-11,8/10/2005 0:00,8/10/2005 0:00,entisols,psamments,udipsamments,aquic udipsamments,,41.7512207,-72.6092224,3953,4571,US_NCSS_changed_pedons_2018_to_2019.csv
57DE001001,804492,3961,3961,"S1957DE001001",1957,site_obsdate,2018,2019,2018-2019,62,6,"Recent development, 0-5 years",1,Agriculture to Developed,Delaware,Kent,CONUS East 1,CONUS,v2025-11,6/1/1957 0:00,6/1/1957 0:00,ultisols,udults,hapludults,inceptic hapludults,fine-loamy,39.2705002,-75.63222504,3956,4579,US_NCSS_changed_pedons_2018_to_2019.csv
1983-FL019-S10_002,517263,51277,50551,"S1983-FL019-S10_002",2011,site_obsdate,2018,2019,2018-2019,8,6,"Recent development, 0-5 years",3,Rangeland or Pasture to Developed,Florida,Clay,CONUS East 1,CONUS,v2025-11,,4/15/2011 0:00,Spodosols,Orthods,Alorthods,Grossarenic Alorthods,,29.9409161,-81.7458496,3957,4591,US_NCSS_changed_pedons_2018_to_2019.csv
1982-FL061-S31_007,517628,51237,50511,"S1982-FL061-S31_007",2011,site_obsdate,2018,2019,2018-2019,8,6,"Recent development, 0-5 years",3,Rangeland or Pasture to Developed,Florida,Indian River,CONUS East 1,CONUS,v2025-11,,4/15/2011 0:00,,,,Arenic Ultic Alorthods,,27.7708778,-80.5083542,3957,4612,US_NCSS_changed_pedons_2018_to_2019.csv
1975-FL063-S32_022,517662,50738,50012,"S1975-FL063-S32_022",2011,site_obsdate,2018,2019,2018-2019,8,6,"Recent development, 0-5 years",2,Forest to Developed,Florida,Jackson,CONUS Central 2,CONUS,v2025-11,,4/15/2011 0:00,,,,Arenic Plinthic Kandiudults,,30.6980057,-85.3169327,3957,4613,US_NCSS_changed_pedons_2018_to_2019.csv
1966-FL025-S13_002,517367,50483,49757,"S1966-FL025-S13_002",2011,site_obsdate,2018,2019,2018-2019,8,6,"Recent development, 0-5 years",1,Agriculture to Developed,Florida,Miami-Dade,CONUS East 1,CONUS,v2025-11,,4/15/2011 0:00,Entisols,Aquents,Fluvaquents,Typic Fluvaquents,,25.5368481,-80.3726807,3957,4594,US_NCSS_changed_pedons_2018_to_2019.csv
1977-FL105-S53_002,518047,50919,50193,"S1977-FL105-S53_002",2011,site_obsdate,2018,2019,2018-2019,8,6,"Recent development, 0-5 years",1,Agriculture to Developed,Florida,Polk,CONUS East 1,CONUS,v2025-11,,4/15/2011 0:00,Spodosols,Aquods,Alaquods,Ultic Alaquods,,28.1746426,-81.8910675,3957,4634,US_NCSS_changed_pedons_2018_to_2019.csv
S1953FL115014,100607,4794,4794,"S1953FL115014",1953,site_obsdate,2018,2019,2018-2019,66,6,"Recent development, 0-5 years",3,Rangeland or Pasture to Developed,Florida,Sarasota,CONUS East 1,CONUS,v2025-11,4/1/1953 0:00,4/1/1953 0:00,,,,,,27.3861561,-82.5440369,3957,4639,US_NCSS_changed_pedons_2018_to_2019.csv
1977-FL109-S55_001,518093,50923,50197,"S1977-FL109-S55_001",2011,site_obsdate,2018,2019,2018-2019,8,6,"Recent development, 0-5 years",2,Forest to Developed,Florida,St. Johns,CONUS East 1,CONUS,v2025-11,,4/15/2011 0:00,Entisols,Psamments,Quartzipsamments,Aquic Quartzipsamments,,29.8515282,-81.2712097,3957,4636,US_NCSS_changed_pedons_2018_to_2019.csv
1990-FL123-S62_016,518229,51729,51003,"S1990-FL123-S62_016",2011,site_obsdate,2018,2019,2018-2019,8,6,"Recent development, 0-5 years",2,Forest to Developed,Florida,Taylor,CONUS East 1,CONUS,v2025-11,,4/15/2011 0:00,Alfisols,Udalfs,Paleudalfs,Grossarenic Paleudalfs,,30.1458302,-83.5627823,3957,4643,US_NCSS_changed_pedons_2018_to_2019.csv
S1956GA277006,100961,4891,4891,"S1956GA277006",1956,site_obsdate,2018,2019,2018-2019,63,6,"Recent development, 0-5 years",2,Forest to Developed,Georgia,Tift,CONUS East 1,CONUS,v2025-11,2/1/1956 0:00,2/1/1956 0:00,,,,,,31.4732533,-83.4801712,3960,4789,US_NCSS_changed_pedons_2018_to_2019.csv
S05HI001007,252024,32501,32376,"Island Diary SCAN Site #2100",2005,site_obsdate,2018,2019,2018-2019,14,6,"Recent development, 0-5 years",3,Rangeland or Pasture to Developed,Hawaii,Hawaii,Hawaii,HI,v2024-10,,2/21/2005 0:00,,,,,,19.9980564,-155.2858582,3962,4813,US_NCSS_changed_pedons_2018_to_2019.csv
S1963HI009052,101079,5373,5373,"S1963HI009052",1963,site_obsdate,2018,2019,2018-2019,56,6,"Recent development, 0-5 years",3,Rangeland or Pasture to Developed,Hawaii,Maui,Hawaii,HI,v2024-10,5/13/1963 0:00,5/13/1963 0:00,,,,,,21.1557426,-157.0330811,3962,4817,US_NCSS_changed_pedons_2018_to_2019.csv
94ID035003,101453,21533,21533,"S1994ID035003",1992,site_obsdate,2018,2019,2018-2019,27,6,"Recent development, 0-5 years",3,Rangeland or Pasture to Developed,Idaho,Clearwater,CONUS West 1,CONUS,v2025-11,7/22/1992 0:00,7/20/1992 0:00,alfisols,xeralfs,fragixeralfs,vitrandic fragixeralfs,fine-silty,46.3272209,-115.9519424,3964,4934,US_NCSS_changed_pedons_2018_to_2019.csv
1984IL029107,375232,37178,36563,"1984IL029107",1984,site_obsdate,2018,2019,2018-2019,35,6,"Recent development, 0-5 years",3,Rangeland or Pasture to Developed,Illinois,Coles,CONUS Central 2,CONUS,v2025-11,2/1/1984 0:00,2/1/1984 0:00,alfisols,udalfs,hapludalfs,typic hapludalfs,fine-loamy,39.3815778,-88.4340306,3965,4975,US_NCSS_changed_pedons_2018_to_2019.csv
91IL035021,958392,17768,17768,"91IL035021",1991,site_obsdate,2018,2019,2018-2019,28,6,"Recent development, 0-5 years",2,Forest to Developed,Illinois,Cumberland,CONUS Central 2,CONUS,v2025-11,11/3/1991 0:00,6/1/1991 0:00,alfisols,aqualfs,albaqualfs,typic albaqualfs,fine,39.3383333,-88.3969444,3965,4978,US_NCSS_changed_pedons_2018_to_2019.csv
1979IL075013,375482,36597,35982,"1979IL075013",1979,site_obsdate,2018,2019,2018-2019,40,6,"Recent development, 0-5 years",1,Agriculture to Developed,Illinois,Iroquois,CONUS Central 2,CONUS,v2025-11,9/1/1979 0:00,9/1/1979 0:00,mollisols,udolls,argiudolls,oxyaquic argiudolls,fine,40.9852776,-88.0552833,3965,4998,US_NCSS_changed_pedons_2018_to_2019.csv
82IL143020,121236,10106,10106,"S1982IL143020",1982,site_obsdate,2018,2019,2018-2019,37,6,"Recent development, 0-5 years",2,Forest to Developed,Illinois,Peoria,CONUS Central 2,CONUS,v2025-11,8/3/1982 0:00,8/1/1982 0:00,alfisols,udalfs,hapludalfs,typic hapludalfs,fine,40.8011093,-89.5844421,3965,5032,US_NCSS_changed_pedons_2018_to_2019.csv
1985IL149029,375099,37369,36754,"1985IL149029",1985,site_obsdate,2018,2019,2018-2019,34,6,"Recent development, 0-5 years",1,Agriculture to Developed,Illinois,Pike,CONUS Central 2,CONUS,v2025-11,6/1/1985 0:00,6/1/1985 0:00,alfisols,aqualfs,endoaqualfs,udollic endoaqualfs,fine-silty,39.5788002,-90.90570068,3965,5035,US_NCSS_changed_pedons_2018_to_2019.csv
1945IL157003,314953,35914,35299,"1945IL157003",1945,site_obsdate,2018,2019,2018-2019,74,6,"Recent development, 0-5 years",3,Rangeland or Pasture to Developed,Illinois,Randolph,CONUS Central 2,CONUS,v2025-11,9/1/1945 0:00,9/1/1945 0:00,alfisols,udalfs,fragiudalfs,oxyaquic fragiudalfs,fine-silty,38.0217448,-89.887057,3965,5039,US_NCSS_changed_pedons_2018_to_2019.csv
S2008IL163001,298156,39541,38924,"S2008IL163001",2008,site_obsdate,2018,2019,2018-2019,11,6,"Recent development, 0-5 years",3,Rangeland or Pasture to Developed,Illinois,St. Clair,CONUS Central 2,CONUS,v2025-11,5/5/2008 0:00,5/5/2008 0:00,entisols,orthents,udarents,haplic udarents,fine-loamy,38.2386093,-89.7886124,3965,5042,US_NCSS_changed_pedons_2018_to_2019.csv
74IL-197-001,824105,36240,35625,"1974IL197001",1974,site_obsdate,2018,2019,2018-2019,45,6,"Recent development, 0-5 years",1,Agriculture to Developed,Illinois,Will,CONUS Central 2,CONUS,v2025-11,5/1/1974 0:00,5/1/1974 0:00,mollisols,aquolls,endoaquolls,typic endoaquolls,fine,41.4369289,-88.1443253,3965,5059,US_NCSS_changed_pedons_2018_to_2019.csv
1970IN005001,309073,37747,37132,"1970IN005001",1970,site_obsdate,2018,2019,2018-2019,49,6,"Recent development, 0-5 years",1,Agriculture to Developed,Indiana,Bartholomew,CONUS Central 2,CONUS,v2025-11,12/1/1970 0:00,12/1/1970 0:00,,,,,,39.1342917,-85.9816806,3966,5065,US_NCSS_changed_pedons_2018_to_2019.csv
1980IN009008,314147,39076,38461,"1980IN009008",1980,site_obsdate,2018,2019,2018-2019,39,6,"Recent development, 0-5 years",1,Agriculture to Developed,Indiana,Blackford,CONUS Central 2,CONUS,v2025-11,11/19/1980 0:00,11/19/1980 0:00,alfisols,aqualfs,ochraqualfs,aeric ochraqualfs,fine-loamy,40.391625,-85.2765972,3966,5067,US_NCSS_changed_pedons_2018_to_2019.csv
RC2006IN023SH032001,426553,72110,132850,"RC2006IN023SH032001",2006,samp_classdate,2018,2019,2018-2019,13,6,"Recent development, 0-5 years",1,Agriculture to Developed,Indiana,Clinton,CONUS Central 2,CONUS,v2025-11,8/10/2006 0:00,,mollisols,aquolls,argiaquolls,typic argiaquolls,fine-silty,40.2024422,-86.2475662,3966,NaN,US_NCSS_changed_pedons_2018_to_2019.csv
S1993IN039010,101920,20545,20545,"S1993IN039010",1993,site_obsdate,2018,2019,2018-2019,26,6,"Recent development, 0-5 years",1,Agriculture to Developed,Indiana,Elkhart,CONUS Central 2,CONUS,v2025-11,7/24/1993 0:00,7/22/1993 0:00,mollisols,udolls,argiudolls,pachic argiudolls,fine-loamy over sandy or sandy-skeletal,41.5383339,-85.7919464,3966,5082,US_NCSS_changed_pedons_2018_to_2019.csv
1975IN057003,313201,38036,37421,"1975IN057003",1975,site_obsdate,2018,2019,2018-2019,44,6,"Recent development, 0-5 years",1,Agriculture to Developed,Indiana,Hamilton,CONUS Central 2,CONUS,v2025-11,8/22/1975 0:00,8/22/1975 0:00,,,,,,40.0671528,-85.8766417,3966,5091,US_NCSS_changed_pedons_2018_to_2019.csv
1969IN065002,309087,37761,37146,"1969IN065002",1969,site_obsdate,2018,2019,2018-2019,50,6,"Recent development, 0-5 years",1,Agriculture to Developed,Indiana,Henry,CONUS Central 2,CONUS,v2025-11,7/10/1969 0:00,7/10/1969 0:00,,,,,,39.8761778,-85.3232639,3966,5095,US_NCSS_changed_pedons_2018_to_2019.csv
S1971IN079004,110004,5090,5090,"S1971IN079004",1971,site_obsdate,2018,2019,2018-2019,48,6,"Recent development, 0-5 years",1,Agriculture to Developed,Indiana,Jennings,CONUS Central 2,CONUS,v2025-11,10/6/1971 0:00,10/6/1971 0:00,alfisols,aqualfs,ochraqualfs,typic ochraqualfs,fine-loamy,38.9261093,-85.6083298,3966,5102,US_NCSS_changed_pedons_2018_to_2019.csv
1978IN107001,313508,38480,37865,"1978IN107001",1977,site_obsdate,2018,2019,2018-2019,42,6,"Recent development, 0-5 years",1,Agriculture to Developed,Indiana,Montgomery,CONUS Central 2,CONUS,v2025-11,11/4/1977 0:00,11/4/1977 0:00,mollisols,aquolls,haplaquolls,typic haplaquolls,fine-silty,40.1858417,-86.8348389,3966,5116,US_NCSS_changed_pedons_2018_to_2019.csv
1979IN125020,313774,38561,37946,"1979IN125020",1979,site_obsdate,2018,2019,2018-2019,40,6,"Recent development, 0-5 years",1,Agriculture to Developed,Indiana,Pike,CONUS Central 2,CONUS,v2025-11,6/14/1979 0:00,6/14/1979 0:00,mollisols,udolls,hapludolls,fluventic hapludolls,fine-silty,38.5209694,-87.421875,3966,5125,US_NCSS_changed_pedons_2018_to_2019.csv
1975IN181010,922518,38927,38312,"1975IN181010",1975,site_obsdate,2018,2019,2018-2019,44,6,"Recent development, 0-5 years",1,Agriculture to Developed,Indiana,White,CONUS Central 2,CONUS,v2025-11,3/26/1975 0:00,3/26/1975 0:00,alfisols,aqualfs,endoaqualfs,umbric endoaqualfs,fine-loamy,40.7997472,-86.8909306,3966,5153,US_NCSS_changed_pedons_2018_to_2019.csv
86IA005044,123885,13749,13749,"S1986IA005044",1986,site_obsdate,2018,2019,2018-2019,33,6,"Recent development, 0-5 years",3,Rangeland or Pasture to Developed,Iowa,Allamakee,CONUS Central 2,CONUS,v2025-11,10/1/1986 0:00,10/1/1986 0:00,mollisols,udolls,argiudolls,typic argiudolls,fine-loamy over clayey,43.4816666,-91.3683319,3963,4820,US_NCSS_changed_pedons_2018_to_2019.csv
S1986IA005044,1099266,71335,69356,"S1986IA005044",1986,site_obsdate,2018,2019,2018-2019,33,6,"Recent development, 0-5 years",3,Rangeland or Pasture to Developed,Iowa,Allamakee,CONUS Central 2,CONUS,v2025-11,10/1/1986 0:00,10/1/1986 0:00,alfisols,udalfs,paleudalfs,typic paleudalfs,,43.4816666,-91.3683319,3963,4820,US_NCSS_changed_pedons_2018_to_2019.csv
S1987IA005001,836476,70879,68907,"S1987IA005001",1987,site_obsdate,2018,2019,2018-2019,32,6,"Recent development, 0-5 years",3,Rangeland or Pasture to Developed,Iowa,Allamakee,CONUS Central 2,CONUS,v2025-11,1/11/1987 0:00,1/11/1987 0:00,mollisols,udolls,hapludolls,entic hapludolls,sandy,43.4487918,-91.3166324,3963,4820,US_NCSS_changed_pedons_2018_to_2019.csv
S1962IA065044,1071580,71219,69243,"S1962IA065044",2014,site_obsdate,2018,2019,2018-2019,5,6,"Recent development, 0-5 years",1,Agriculture to Developed,Iowa,Fayette,CONUS Central 2,CONUS,v2025-11,8/6/2014 0:00,8/6/2014 0:00,,,,,,42.9208793,-91.8528499,3963,4850,US_NCSS_changed_pedons_2018_to_2019.csv
S1982IA105008,947411,70776,68804,"S1982IA105008",1982,site_obsdate,2018,2019,2018-2019,37,6,"Recent development, 0-5 years",1,Agriculture to Developed,Iowa,Jones,CONUS Central 2,CONUS,v2025-11,6/25/1982 0:00,6/25/1982 0:00,mollisols,udolls,argiudolls,typic argiudolls,fine-loamy,42.2689129,-91.1701315,3963,4870,US_NCSS_changed_pedons_2018_to_2019.csv
S1982IA105012,947441,70780,68808,"S1982IA105012",1982,site_obsdate,2018,2019,2018-2019,37,6,"Recent development, 0-5 years",3,Rangeland or Pasture to Developed,Iowa,Jones,CONUS Central 2,CONUS,v2025-11,,6/25/1982 0:00,Mollisols,Aquolls,,,sandy-skeletal,42.2103903,-91.1901245,3963,4870,US_NCSS_changed_pedons_2018_to_2019.csv
1984IA1130013,869499,12057,12057,"S1984IA1130013",1984,site_obsdate,2018,2019,2018-2019,35,6,"Recent development, 0-5 years",1,Agriculture to Developed,Iowa,Linn,CONUS Central 2,CONUS,v2025-11,11/3/1984 0:00,11/1/1984 0:00,inceptisols,ochrepts,eutrochrepts,dystric eutrochrepts,fine-loamy,42.0283333,-91.5416667,3963,4874,US_NCSS_changed_pedons_2018_to_2019.csv
86IA1130043,124140,14025,14025,"S1986IA1130043",1986,site_obsdate,2018,2019,2018-2019,33,6,"Recent development, 0-5 years",1,Agriculture to Developed,Iowa,Linn,CONUS Central 2,CONUS,v2025-11,11/3/1986 0:00,11/1/1986 0:00,mollisols,udolls,argiudolls,typic argiudolls,fine-loamy,41.91388702,-91.6305542,3963,4874,US_NCSS_changed_pedons_2018_to_2019.csv
87IA1410053,124149,14034,14034,"S1987IA1410053",1987,site_obsdate,2018,2019,2018-2019,32,6,"Recent development, 0-5 years",3,Rangeland or Pasture to Developed,Iowa,O'Brien,CONUS Central 1,CONUS,v2025-11,11/1/1987 0:00,11/1/1987 0:00,inceptisols,ochrepts,eutrochrepts,typic eutrochrepts,fine-silty,42.9150009,-95.4455566,3963,4888,US_NCSS_changed_pedons_2018_to_2019.csv
84IA1630021,122513,12101,12101,"S1984IA163021",1984,site_obsdate,2018,2019,2018-2019,35,6,"Recent development, 0-5 years",1,Agriculture to Developed,Iowa,Scott,CONUS Central 2,CONUS,v2025-11,9/3/1984 0:00,9/1/1984 0:00,mollisols,udolls,argiudolls,typic argiudolls,fine-silty,41.6347237,-90.4708328,3963,4899,US_NCSS_changed_pedons_2018_to_2019.csv
93KS073001,19631,52272,51546,"93KS073001",1993,site_obsdate,2018,2019,2018-2019,26,6,"Recent development, 0-5 years",3,Rangeland or Pasture to Developed,Kansas,Greenwood,CONUS Central 1,CONUS,v2025-11,,9/15/1993 0:00,Mollisols,Ustolls,Haplustolls,Typic Haplustolls,,37.7080574,-96.0422211,3967,5191,US_NCSS_changed_pedons_2018_to_2019.csv
00KS103008,19309,25610,25610,"00KS103008",2000,site_obsdate,2018,2019,2018-2019,19,6,"Recent development, 0-5 years",1,Agriculture to Developed,Kansas,Leavenworth,CONUS Central 2,CONUS,v2025-11,4/4/2000 0:00,4/4/2000 0:00,mollisols,udolls,argiudolls,typic argiudolls,,39.2211111,-94.9208333,3967,5206,US_NCSS_changed_pedons_2018_to_2019.csv
96KS155418,102204,22961,22961,"S1996KS155418",1996,site_obsdate,2018,2019,2018-2019,23,6,"Recent development, 0-5 years",3,Rangeland or Pasture to Developed,Kansas,Reno,CONUS Central 1,CONUS,v2025-11,10/30/1996 0:00,10/30/1996 0:00,mollisols,ustolls,argiustolls,udic argiustolls,,37.8438873,-97.8668365,3967,5232,US_NCSS_changed_pedons_2018_to_2019.csv
S2001KS177011,132469,28828,28755,"S2001KS177011",2001,site_obsdate,2018,2019,2018-2019,18,6,"Recent development, 0-5 years",2,Forest to Developed,Kansas,Shawnee,CONUS Central 1,CONUS,v2025-11,11/27/2001 0:00,11/27/2001 0:00,mollisols,udolls,hapludolls,pachic hapludolls,,39.14441299,-95.9747391,3967,5243,US_NCSS_changed_pedons_2018_to_2019.csv
66KY-105-006,518494,55020,54219,"66KY-105-006",1966,site_obsdate,2018,2019,2018-2019,53,6,"Recent development, 0-5 years",3,Rangeland or Pasture to Developed,Kentucky,Hickman,CONUS Central 2,CONUS,v2025-11,11/9/1966 0:00,11/9/1966 0:00,alfisols,udalfs,fragiudalfs,oxyaquic fragiudalfs,fine-silty,36.7929139,-89.0908417,3968,5312,US_NCSS_changed_pedons_2018_to_2019.csv
S2000MD041023,804506,26127,26127,"S2000MD041023",2000,site_obsdate,2018,2019,2018-2019,19,6,"Recent development, 0-5 years",3,Rangeland or Pasture to Developed,Maryland,Talbot,CONUS East 1,CONUS,v2025-11,9/23/2000 0:00,9/23/2000 0:00,alfisols,udalfs,hapludalfs,ultic hapludalfs,fine-silty,38.7057991,-76.0294571,3971,5477,US_NCSS_changed_pedons_2018_to_2019.csv
S1977MA005006,873146,3980,3980,"S1977MA005006",1977,site_obsdate,2018,2019,2018-2019,42,6,"Recent development, 0-5 years",1,Agriculture to Developed,Massachusetts,Bristol,CONUS East 2,CONUS,v2025-11,5/26/1977 0:00,5/26/1977 0:00,inceptisols,udepts,dystrudepts,oxyaquic dystrudepts,coarse-loamy,41.5408134,-71.0283585,3970,5446,US_NCSS_changed_pedons_2018_to_2019.csv
S2008MI147002,309978,35266,35046,"S2008MI147002",2008,site_obsdate,2018,2019,2018-2019,11,6,"Recent development, 0-5 years",2,Forest to Developed,Michigan,St. Clair,CONUS East 1,CONUS,v2025-11,4/28/2008 0:00,9/19/2008 0:00,alfisols,udalfs,hapludalfs,aquic hapludalfs,fine,42.8474028,-82.4951944,3974,5604,US_NCSS_changed_pedons_2018_to_2019.csv
S1970MN0031224,583781,56433,55632,"S1970MN0031224",2010,site_obsdate,2018,2019,2018-2019,9,6,"Recent development, 0-5 years",3,Rangeland or Pasture to Developed,Minnesota,Anoka,CONUS Central 2,CONUS,v2025-11,11/16/2010 0:00,11/16/2010 0:00,alfisols,udalfs,hapludalfs,lamellic hapludalfs,coarse-loamy,45.3010712,-93.3061371,3975,5615,US_NCSS_changed_pedons_2018_to_2019.csv
S1975MN0332111,678136,56897,56096,"S1975MN0332111",2011,site_obsdate,2018,2019,2018-2019,8,6,"Recent development, 0-5 years",3,Rangeland or Pasture to Developed,Minnesota,Cottonwood,CONUS Central 1,CONUS,v2025-11,1/28/2011 0:00,1/28/2011 0:00,mollisols,udolls,hapludolls,pachic hapludolls,fine-loamy,43.9502348,-95.4407716,3975,5630,US_NCSS_changed_pedons_2018_to_2019.csv
S1970MN0491162,548660,55638,54837,"S1970MN0491162",1970,site_obsdate,2018,2019,2018-2019,49,6,"Recent development, 0-5 years",2,Forest to Developed,Minnesota,Goodhue,CONUS Central 2,CONUS,v2025-11,6/22/1970 0:00,6/22/1970 0:00,inceptisols,udepts,eutrudepts,typic eutrudepts,coarse-silty,44.5079994,-92.6452866,3975,5638,US_NCSS_changed_pedons_2018_to_2019.csv
S1973MN1451684,676513,56761,55960,"S1973MN1451684",2011,site_obsdate,2018,2019,2018-2019,8,6,"Recent development, 0-5 years",3,Rangeland or Pasture to Developed,Minnesota,Stearns,CONUS Central 2,CONUS,v2025-11,1/5/2011 0:00,1/5/2011 0:00,alfisols,udalfs,hapludalfs,inceptic hapludalfs,coarse-loamy,45.7032623,-94.2475967,3975,5686,US_NCSS_changed_pedons_2018_to_2019.csv
S1978MN1692745,583039,55974,55173,"S1978MN1692745",1978,site_obsdate,2018,2019,2018-2019,41,6,"Recent development, 0-5 years",3,Rangeland or Pasture to Developed,Minnesota,Winona,CONUS Central 2,CONUS,v2025-11,6/27/1978 0:00,6/27/1978 0:00,mollisols,udolls,argiudolls,aquic argiudolls,fine,43.9363823,-91.9791718,3975,5698,US_NCSS_changed_pedons_2018_to_2019.csv
2007MO027066,664719,45895,45181,"2007MO027066",2007,site_obsdate,2018,2019,2018-2019,12,6,"Recent development, 0-5 years",3,Rangeland or Pasture to Developed,Missouri,Callaway,CONUS Central 2,CONUS,v2025-11,3/21/2007 0:00,3/21/2007 0:00,alfisols,udalfs,hapludalfs,aquertic chromic hapludalfs,,38.8077507,-91.7199444,3976,5714,US_NCSS_changed_pedons_2018_to_2019.csv
1989MO087032m,134999,46768,46054,"1989MO087032m",1989,site_obsdate,2018,2019,2018-2019,30,6,"Recent development, 0-5 years",1,Agriculture to Developed,Missouri,Holt,CONUS Central 1,CONUS,v2025-11,2/2/1989 0:00,2/2/1989 0:00,entisols,aquents,fluvaquents,vertic fluvaquents,very-fine,39.8705559,-95.0691681,3976,5744,US_NCSS_changed_pedons_2018_to_2019.csv
2006MO127007,697178,41642,40928,"2006MO127007",2006,site_obsdate,2018,2019,2018-2019,13,6,"Recent development, 0-5 years",3,Rangeland or Pasture to Developed,Missouri,Marion,CONUS Central 2,CONUS,v2025-11,6/12/2006 0:00,6/12/2006 0:00,mollisols,aquolls,argiaquolls,vertic argiaquolls,,39.8321944,-91.5078333,3976,5764,US_NCSS_changed_pedons_2018_to_2019.csv
2006MO139061,664040,45944,45230,"2006MO139061",2006,site_obsdate,2018,2019,2018-2019,13,6,"Recent development, 0-5 years",3,Rangeland or Pasture to Developed,Missouri,Montgomery,CONUS Central 2,CONUS,v2025-11,2/16/2006 0:00,2/16/2006 0:00,alfisols,aqualfs,epiaqualfs,aeric vertic epiaqualfs,,38.7638611,-91.6240278,3976,5770,US_NCSS_changed_pedons_2018_to_2019.csv
2006MO139068,697266,45937,45223,"2006MO139068",2006,site_obsdate,2018,2019,2018-2019,13,6,"Recent development, 0-5 years",3,Rangeland or Pasture to Developed,Missouri,Montgomery,CONUS Central 2,CONUS,v2025-11,2/23/2006 0:00,2/23/2006 0:00,alfisols,udalfs,hapludalfs,aquertic chromic hapludalfs,,38.8735556,-91.5354167,3976,5770,US_NCSS_changed_pedons_2018_to_2019.csv
2008MO157005,664654,41428,40714,"2008MO157005",2008,site_obsdate,2018,2019,2018-2019,11,6,"Recent development, 0-5 years",3,Rangeland or Pasture to Developed,Missouri,Perry,CONUS Central 2,CONUS,v2025-11,5/21/2008 0:00,5/21/2008 0:00,alfisols,udalfs,paleudalfs,oxyaquic paleudalfs,,37.7166111,-89.81099701,3976,5779,US_NCSS_changed_pedons_2018_to_2019.csv
2007MO183013,642758,41127,40413,"2007MO183013",2007,site_obsdate,2018,2019,2018-2019,12,6,"Recent development, 0-5 years",1,Agriculture to Developed,Missouri,St. Charles,CONUS Central 2,CONUS,v2025-11,6/12/2007 0:00,6/12/2007 0:00,mollisols,udolls,hapludolls,fluvaquentic hapludolls,fine-silty,38.8992222,-90.2936389,3976,5792,US_NCSS_changed_pedons_2018_to_2019.csv
2003MO207003,144717,42738,42024,"2003MO207003",2003,site_obsdate,2018,2019,2018-2019,16,6,"Recent development, 0-5 years",3,Rangeland or Pasture to Developed,Missouri,Stoddard,CONUS Central 2,CONUS,v2025-11,3/24/2003 0:00,3/24/2003 0:00,inceptisols,aquepts,endoaquepts,typic endoaquepts,,37.0738297,-89.9229507,3976,5803,US_NCSS_changed_pedons_2018_to_2019.csv
2002MO219017,696868,46189,45475,"2002MO219017",2002,site_obsdate,2018,2019,2018-2019,17,6,"Recent development, 0-5 years",2,Forest to Developed,Missouri,Warren,CONUS Central 2,CONUS,v2025-11,12/2/2002 0:00,12/2/2002 0:00,alfisols,udalfs,hapludalfs,oxyaquic hapludalfs,,38.79315186,-91.1488056,3976,5809,US_NCSS_changed_pedons_2018_to_2019.csv
2005MO219067,697095,45961,45247,"2005MO219067",2005,site_obsdate,2018,2019,2018-2019,14,6,"Recent development, 0-5 years",1,Agriculture to Developed,Missouri,Warren,CONUS Central 2,CONUS,v2025-11,7/19/2005 0:00,7/19/2005 0:00,alfisols,udalfs,hapludalfs,aquertic hapludalfs,,38.9141889,-91.1586722,3976,5809,US_NCSS_changed_pedons_2018_to_2019.csv
S1957MT045001,338321,5070,5070,"S1957MT045001",1957,site_obsdate,2018,2019,2018-2019,62,6,"Recent development, 0-5 years",3,Rangeland or Pasture to Developed,Montana,Judith Basin,CONUS West 2,CONUS,v2025-11,10/1/1957 0:00,10/1/1957 0:00,,,,,,47.2427788,-110.3847198,3979,5924,US_NCSS_changed_pedons_2018_to_2019.csv
92MT089006,103352,19682,19682,"S1992MT089006",1991,site_obsdate,2018,2019,2018-2019,28,6,"Recent development, 0-5 years",2,Forest to Developed,Montana,Sanders,CONUS West 1,CONUS,v2025-11,8/24/1991 0:00,8/22/1991 0:00,andisols,vitrands,udivitrands,lithic udivitrands,ashy-skeletal,47.7099991,-115.4375,3979,5946,US_NCSS_changed_pedons_2018_to_2019.csv
1980NE127010,196353,8020,8020,"1980NE127010",1980,site_obsdate,2018,2019,2018-2019,39,6,"Recent development, 0-5 years",3,Rangeland or Pasture to Developed,Nebraska,Nemaha,CONUS Central 1,CONUS,v2025-11,4/14/2006 0:00,7/1/1980 0:00,mollisols,udolls,argiudolls,aquertic argiudolls,fine,40.3676389,-96.04750061,3982,6175,US_NCSS_changed_pedons_2018_to_2019.csv
93NE127001,103931,20998,20998,"S1993NE127001",1993,site_obsdate,2018,2019,2018-2019,26,6,"Recent development, 0-5 years",3,Rangeland or Pasture to Developed,Nebraska,Nemaha,CONUS Central 1,CONUS,v2025-11,9/30/1993 0:00,9/30/1993 0:00,mollisols,udolls,argiudolls,pachic argiudolls,fine,40.3047218,-95.8880539,3982,6175,US_NCSS_changed_pedons_2018_to_2019.csv
S1960NV005003,104551,2987,2987,"S1960NV005003",1960,site_obsdate,2018,2019,2018-2019,59,6,"Recent development, 0-5 years",3,Rangeland or Pasture to Developed,Nevada,Douglas,CONUS West 1,CONUS,v2025-11,4/22/1960 0:00,4/22/1960 0:00,aridisols,argids,durargids,haploxerollic durargids,coarse-loamy,39.1055565,-119.7747192,3987,6271,US_NCSS_changed_pedons_2018_to_2019.csv
92NJ041003,104271,19231,19231,"S1992NJ041003",1992,site_obsdate,2018,2019,2018-2019,27,6,"Recent development, 0-5 years",2,Forest to Developed,New Jersey,Warren,CONUS East 2,CONUS,v2025-11,4/1/1992 0:00,4/1/1992 0:00,alfisols,udalfs,hapludalfs,typic hapludalfs,,40.94083405,-74.8236084,3984,6235,US_NCSS_changed_pedons_2018_to_2019.csv
91NM023002,126895,17434,17434,"S1991NM023002",1991,site_obsdate,2018,2019,2018-2019,28,6,"Recent development, 0-5 years",3,Rangeland or Pasture to Developed,New Mexico,Hidalgo,CONUS West 2,CONUS,v2025-11,8/3/1991 0:00,8/1/1991 0:00,aridisols,argids,calciargids,typic calciargids,fine-loamy,32.3436127,-108.680275,3986,6248,US_NCSS_changed_pedons_2018_to_2019.csv
S2004NY003004,164750,31394,31275,"S2004NY003004",2004,site_obsdate,2018,2019,2018-2019,15,6,"Recent development, 0-5 years",3,Rangeland or Pasture to Developed,New York,Allegany,CONUS East 1,CONUS,v2025-11,9/2/2004 0:00,9/2/2004 0:00,inceptisols,udepts,eutrudepts,aquic eutrudepts,,42.4137764,-77.7388611,3988,6287,US_NCSS_changed_pedons_2018_to_2019.csv
96NC171005,103485,23245,23245,"S1996NC171005",1996,site_obsdate,2018,2019,2018-2019,23,6,"Recent development, 0-5 years",3,Rangeland or Pasture to Developed,North Carolina,Surry,CONUS East 1,CONUS,v2025-11,12/12/1996 0:00,12/10/1996 0:00,ultisols,udults,kanhapludults,typic kanhapludults,fine,36.48194504,-80.6275024,3980,6044,US_NCSS_changed_pedons_2018_to_2019.csv
1964-OH063-039,750081,68151,66226,"1964-OH063-039",1964,site_obsdate,2018,2019,2018-2019,55,6,"Recent development, 0-5 years",1,Agriculture to Developed,Ohio,Hancock,CONUS East 1,CONUS,v2025-11,6/1/1964 0:00,6/1/1964 0:00,alfisols,aqualfs,endoaqualfs,aeric endoaqualfs,fine,41.0083313,-83.6978455,3989,6379,US_NCSS_changed_pedons_2018_to_2019.csv
1982OH143020,842836,69095,67170,"S1982OH143020",1982,site_obsdate,2018,2019,2018-2019,37,6,"Recent development, 0-5 years",3,Rangeland or Pasture to Developed,Ohio,Sandusky,CONUS East 1,CONUS,v2025-11,8/31/1982 0:00,8/31/1982 0:00,alfisols,aqualfs,epiaqualfs,aeric epiaqualfs,fine,41.2555444,-82.8418028,3989,6419,US_NCSS_changed_pedons_2018_to_2019.csv
S1956OH161S02,770340,66883,64958,"S1956OH161S02",1956,site_obsdate,2018,2019,2018-2019,63,6,"Recent development, 0-5 years",1,Agriculture to Developed,Ohio,Van Wert,CONUS East 1,CONUS,v2025-11,8/26/1956 0:00,8/26/1956 0:00,alfisols,aqualfs,epiaqualfs,aeric epiaqualfs,fine,40.8147736,-84.7939987,3989,6428,US_NCSS_changed_pedons_2018_to_2019.csv
68-OK015-8-50,800265,71438,132123,"68-OK015-8-50",2014,site_obsdate,2018,2019,2018-2019,5,6,"Recent development, 0-5 years",3,Rangeland or Pasture to Developed,Oklahoma,Caddo,CONUS Central 1,CONUS,v2025-11,,9/18/2014 0:00,mollisols,ustolls,argiustolls,udic argiustolls,fine-silty,35.4971028,-98.46469879,3990,6443,US_NCSS_changed_pedons_2018_to_2019.csv
68-OK143-72-2,800122,71454,132139,"68-OK143-72-2",1968,site_obsdate,2018,2019,2018-2019,51,6,"Recent development, 0-5 years",3,Rangeland or Pasture to Developed,Oklahoma,Tulsa,CONUS Central 1,CONUS,v2025-11,,11/2/1968 0:00,alfisols,aqualfs,natraqualfs,albic natraqualfs,fine,36.1518028,-95.7975667,3990,6507,US_NCSS_changed_pedons_2018_to_2019.csv
S1955OR047006,105188,826,826,"S1955OR047006",1955,site_obsdate,2018,2019,2018-2019,64,6,"Recent development, 0-5 years",1,Agriculture to Developed,Oregon,Marion,CONUS West 1,CONUS,v2025-11,11/3/1955 0:00,11/3/1955 0:00,ultisols,humults,palehumults,xeric palehumults,clayey,44.8822212,-123.0052795,3991,6536,US_NCSS_changed_pedons_2018_to_2019.csv
S1970OR051010,105208,5809,5809,"S1970OR051010",1970,site_obsdate,2018,2019,2018-2019,49,6,"Recent development, 0-5 years",1,Agriculture to Developed,Oregon,Multnomah,CONUS West 1,CONUS,v2025-11,9/23/1970 0:00,9/23/1970 0:00,alfisols,xeralfs,haploxeralfs,ultic haploxeralfs,coarse-loamy,45.5231438,-122.4311829,3991,6538,US_NCSS_changed_pedons_2018_to_2019.csv
S2001OR053002,119067,28746,28676,"S2001OR053002",2001,site_obsdate,2018,2019,2018-2019,18,6,"Recent development, 0-5 years",2,Forest to Developed,Oregon,Polk,CONUS West 1,CONUS,v2025-11,8/20/2001 0:00,8/20/2001 0:00,inceptisols,cryepts,dystrocryepts,typic dystrocryepts,loamy-skeletal,44.8794441,-123.5486908,3991,6539,US_NCSS_changed_pedons_2018_to_2019.csv
1957PA025002,421883,53642,52841,"1957PA025002",1957,site_obsdate,2018,2019,2018-2019,62,6,"Recent development, 0-5 years",1,Agriculture to Developed,Pennsylvania,Carbon,CONUS East 1,CONUS,v2025-11,10/22/1957 0:00,10/22/1957 0:00,ultisols,udults,hapludults,typic hapludults,fine-loamy,40.8480556,-75.5966667,3992,6561,US_NCSS_changed_pedons_2018_to_2019.csv
1959PA037016,422039,53814,53013,"297",1959,site_obsdate,2018,2019,2018-2019,60,6,"Recent development, 0-5 years",2,Forest to Developed,Pennsylvania,Columbia,CONUS East 1,CONUS,v2025-11,8/28/1959 0:00,8/28/1959 0:00,inceptisols,ochrepts,dystrochrepts,typic dystrochrepts,loamy-skeletal,41.0183333,-76.3966667,3992,6567,US_NCSS_changed_pedons_2018_to_2019.csv
S2005PA063780,275166,34830,34616,"S2005PA063780",2005,site_obsdate,2018,2019,2018-2019,14,6,"Recent development, 0-5 years",1,Agriculture to Developed,Pennsylvania,Indiana,CONUS East 1,CONUS,v2025-11,,11/22/2005 0:00,ultisols,udults,fragiudults,aquic fragiudults,fine-loamy,40.4958878,-79.390419,3992,6580,US_NCSS_changed_pedons_2018_to_2019.csv
1980PA069011,422207,54001,53200,"465",1980,site_obsdate,2018,2019,2018-2019,39,6,"Recent development, 0-5 years",3,Rangeland or Pasture to Developed,Pennsylvania,Lackawanna,CONUS East 1,CONUS,v2025-11,4/23/1980 0:00,4/23/1980 0:00,Inceptisols,Aquents,Fragiaquepts,Aeric Fragiaquepts,fine-loamy,41.5294444,-75.6677778,3992,6583,US_NCSS_changed_pedons_2018_to_2019.csv
1978PA081047,422287,54090,53289,"545",1978,site_obsdate,2018,2019,2018-2019,41,6,"Recent development, 0-5 years",2,Forest to Developed,Pennsylvania,Lycoming,CONUS East 1,CONUS,v2025-11,5/9/1978 0:00,5/9/1978 0:00,Alfisols,Ustalfs,Fragiudalfs,Typic Fragiudalfs,coarse-loamy,41.3941667,-76.9741667,3992,6589,US_NCSS_changed_pedons_2018_to_2019.csv
1985PA115036,422512,54340,53539,"770",1985,site_obsdate,2018,2019,2018-2019,34,6,"Recent development, 0-5 years",2,Forest to Developed,Pennsylvania,Susquehanna,CONUS East 1,CONUS,v2025-11,,10/30/1985 0:00,inceptisols,ochrepts,fragiochrepts,typic fragiochrepts,coarse-loamy,41.6533333,-75.84500122,3992,6606,US_NCSS_changed_pedons_2018_to_2019.csv
86PR111001,123259,12970,12970,"S1986PR111001",1986,site_obsdate,2018,2019,2018-2019,33,6,"Recent development, 0-5 years",3,Rangeland or Pasture to Developed,Puerto Rico,Peñuelas,Puerto Rico and U.S. Virgin Islands,PRUSVI,v2024-10,2/1/1986 0:00,2/1/1986 0:00,vertisols,uderts,hapluderts,chromic hapluderts,very-fine,18.0680561,-66.7255554,3994,6672,US_NCSS_changed_pedons_2018_to_2019.csv
S2006SC021005,317444,33431,33281,"S2006SC021005",2006,site_obsdate,2018,2019,2018-2019,13,6,"Recent development, 0-5 years",2,Forest to Developed,South Carolina,Cherokee,CONUS East 1,CONUS,v2025-11,9/20/2006 0:00,9/20/2006 0:00,,,,,,35.1547012,-81.4783707,3997,6725,US_NCSS_changed_pedons_2018_to_2019.csv
55TX157093,1180366,4210,4210,"S1955TX157093",1955,site_obsdate,2018,2019,2018-2019,64,6,"Recent development, 0-5 years",1,Agriculture to Developed,Texas,Fort Bend,CONUS Central 1,CONUS,v2025-11,5/1/1955 0:00,5/1/1955 0:00,alfisols,udalfs,paleudalfs,oxyaquic paleudalfs,fine-loamy,29.6951942,-95.84531403,4000,7000,US_NCSS_changed_pedons_2018_to_2019.csv
92TX201001,773091,20074,20074,"S1992TX201001",1992,site_obsdate,2018,2019,2018-2019,27,6,"Recent development, 0-5 years",3,Rangeland or Pasture to Developed,Texas,Harris,CONUS Central 1,CONUS,v2025-11,,9/16/1992 0:00,alfisols,aqualfs,endoaqualfs,typic vermaqualfs,fine-loamy,29.9291668,-95.6999969,4000,7022,US_NCSS_changed_pedons_2018_to_2019.csv
92TX201002,106086,20075,20075,"S1992TX201002",1992,site_obsdate,2018,2019,2018-2019,27,6,"Recent development, 0-5 years",3,Rangeland or Pasture to Developed,Texas,Harris,CONUS Central 1,CONUS,v2025-11,9/17/1992 0:00,9/17/1992 0:00,alfisols,udalfs,hapludalfs,aquic hapludalfs,,29.9291668,-95.6999969,4000,7022,US_NCSS_changed_pedons_2018_to_2019.csv
92TX201003,106087,20076,20076,"S1992TX201003",1992,site_obsdate,2018,2019,2018-2019,27,6,"Recent development, 0-5 years",3,Rangeland or Pasture to Developed,Texas,Harris,CONUS Central 1,CONUS,v2025-11,9/17/1992 0:00,9/17/1992 0:00,alfisols,udalfs,paleudalfs,typic paleudalfs,,29.9291668,-95.6999969,4000,7022,US_NCSS_changed_pedons_2018_to_2019.csv
S06TX201003,202712,54814,54013,"S06TX201-003",2006,site_obsdate,2018,2019,2018-2019,13,6,"Recent development, 0-5 years",3,Rangeland or Pasture to Developed,Texas,Harris,CONUS Central 1,CONUS,v2025-11,8/16/2006 0:00,8/16/2006 0:00,alfisols,aqualfs,natraqualfs,typic natraqualfs,coarse-loamy,29.9498889,-95.8288333,4000,7022,US_NCSS_changed_pedons_2018_to_2019.csv
84TX273002,122021,11320,11320,"S1984TX273002",1984,site_obsdate,2018,2019,2018-2019,35,6,"Recent development, 0-5 years",3,Rangeland or Pasture to Developed,Texas,Kleberg,CONUS Central 1,CONUS,v2025-11,5/1/1984 0:00,5/1/1984 0:00,mollisols,ustolls,haplustolls,typic haplustolls,fine-loamy,27.5291672,-97.875,4000,7058,US_NCSS_changed_pedons_2018_to_2019.csv
79TX489001,887704,7703,7703,"S1979TX489001",1979,site_obsdate,2018,2019,2018-2019,40,6,"Recent development, 0-5 years",3,Rangeland or Pasture to Developed,Texas,Willacy,CONUS Central 1,CONUS,v2025-11,7/1/1979 0:00,7/1/1979 0:00,alfisols,aqualfs,natraqualfs,typic natraqualfs,coarse-loamy,26.5499167,-97.4241667,4000,7166,US_NCSS_changed_pedons_2018_to_2019.csv
S07UT015001,820701,34110,33913,"S07UT015001",2007,site_obsdate,2018,2019,2018-2019,12,6,"Recent development, 0-5 years",3,Rangeland or Pasture to Developed,Utah,Emery,CONUS West 2,CONUS,v2025-11,5/8/2007 0:00,5/8/2007 0:00,entisols,fluvents,torrifluvents,typic torrifluvents,,39.0183334,-110.1627808,4002,7192,US_NCSS_changed_pedons_2018_to_2019.csv
S1967UT035006,106365,5398,5398,"S1967UT035006",1967,site_obsdate,2018,2019,2018-2019,52,6,"Recent development, 0-5 years",3,Rangeland or Pasture to Developed,Utah,Salt Lake,CONUS West 2,CONUS,v2025-11,8/25/1967 0:00,8/25/1967 0:00,,,,,,40.5755539,-112.0311127,4002,7202,US_NCSS_changed_pedons_2018_to_2019.csv
S2004WA061002,154252,30837,30720,"04-MPR-13",2004,site_obsdate,2018,2019,2018-2019,15,6,"Recent development, 0-5 years",2,Forest to Developed,Washington,Snohomish,CONUS West 1,CONUS,v2025-11,3/1/2004 0:00,3/1/2004 0:00,inceptisols,xerepts,dystroxerepts,vitrandic dystroxerepts,,47.8105278,-122.1684723,4006,7398,US_NCSS_changed_pedons_2018_to_2019.csv
S1952WI027027,106973,1485,1485,"S1952WI027027",1952,site_obsdate,2018,2019,2018-2019,67,6,"Recent development, 0-5 years",3,Rangeland or Pasture to Developed,Wisconsin,Dodge,CONUS Central 2,CONUS,v2025-11,6/27/1952 0:00,6/27/1952 0:00,alfisols,udalfs,hapludalfs,oxyaquic hapludalfs,fine-silty,43.4119453,-88.8688889,4007,7420,US_NCSS_changed_pedons_2018_to_2019.csv
S1982WI083004,113984,9725,9725,"S1982WI083004",1982,site_obsdate,2018,2019,2018-2019,37,6,"Recent development, 0-5 years",3,Rangeland or Pasture to Developed,Wisconsin,Oconto,CONUS Central 2,CONUS,v2025-11,4/1/1982 0:00,4/1/1982 0:00,alfisols,udalfs,glossudalfs,haplic glossudalfs,coarse-loamy,44.7891655,-88.1955948,4007,7449,US_NCSS_changed_pedons_2018_to_2019.csv
S1977AZ009004,109696,1110,1110,"S1977AZ009004",1977,site_obsdate,2019,2020,2019-2020,43,5,"Recent development, 0-5 years",3,Rangeland or Pasture to Developed,Arizona,Graham,CONUS West 2,CONUS,v2025-11,3/2/1977 0:00,3/2/1977 0:00,aridisols,argids,haplargids,typic haplargids,,32.8131599,-109.7337112,3950,4438,US_NCSS_changed_pedons_2019_to_2020.csv
S1974AZ019010,109737,6346,6346,"S1974AZ019010",1974,site_obsdate,2019,2020,2019-2020,46,5,"Recent development, 0-5 years",3,Rangeland or Pasture to Developed,Arizona,Pima,CONUS West 2,CONUS,v2025-11,12/20/1974 0:00,12/20/1974 0:00,entisols,fluvents,torrifluvents,anthropic torrifluvents,fine-silty,32.1294441,-111.0011139,3950,4444,US_NCSS_changed_pedons_2019_to_2020.csv
S1973CA079006,99000,6072,6072,"S1973CA079006",1973,site_obsdate,2019,2020,2019-2020,47,5,"Recent development, 0-5 years",2,Forest to Developed,California,San Luis Obispo,CONUS West 1,CONUS,v2025-11,6/1/1973 0:00,6/1/1973 0:00,alfisols,xeralfs,haploxeralfs,ultic haploxeralfs,fine,35.5416679,-121.0833359,3951,4488,US_NCSS_changed_pedons_2019_to_2020.csv
S1961CA097006,100243,2909,2909,"S1961CA097006",1961,site_obsdate,2019,2020,2019-2020,59,5,"Recent development, 0-5 years",3,Rangeland or Pasture to Developed,California,Sonoma,CONUS West 1,CONUS,v2025-11,6/22/1961 0:00,6/22/1961 0:00,ultisols,ustults,haplustults,typic haplustults,fine-loamy,38.3786125,-122.8327789,3951,4497,US_NCSS_changed_pedons_2019_to_2020.csv
S1945CA103006,100265,2763,2763,"S1945CA103006",1945,site_obsdate,2019,2020,2019-2020,75,5,"Recent development, 0-5 years",3,Rangeland or Pasture to Developed,California,Tehama,CONUS West 1,CONUS,v2025-11,4/2/1945 0:00,4/2/1945 0:00,alfisols,xeralfs,palexeralfs,ultic palexeralfs,fine,40.1505547,-122.2638855,3951,4500,US_NCSS_changed_pedons_2019_to_2020.csv
S1954CO063003,892162,3707,3707,"S1954CO063003",1954,site_obsdate,2019,2020,2019-2020,66,5,"Recent development, 0-5 years",3,Rangeland or Pasture to Developed,Colorado,Kit Carson,CONUS Central 1,CONUS,v2025-11,9/2/1954 0:00,9/2/1954 0:00,mollisols,ustolls,argiustolls,pachic argiustolls,,39.1288872,-102.2975006,3952,4538,US_NCSS_changed_pedons_2019_to_2020.csv
S1980-FL023-S12_017,904318,51116,50390,"S1980-FL023-S12_017",2011,site_obsdate,2019,2020,2019-2020,9,5,"Recent development, 0-5 years",3,Rangeland or Pasture to Developed,Florida,Columbia,CONUS East 1,CONUS,v2025-11,,4/15/2011 0:00,spodosols,aquods,alaquods,aeric alaquods,sandy,30.1835079,-82.5927582,3957,4593,US_NCSS_changed_pedons_2019_to_2020.csv
YYYY-FL039-S20_018,518365,51781,51055,"YYYY-FL039-S20_018",2011,site_obsdate,2019,2020,2019-2020,9,5,"Recent development, 0-5 years",3,Rangeland or Pasture to Developed,Florida,Gadsden,CONUS East 1,CONUS,v2025-11,,4/15/2011 0:00,Ultisols,Udults,Kandiudults,Typic Kandiudults,,30.5802612,-84.4506149,3957,4601,US_NCSS_changed_pedons_2019_to_2020.csv
1970-FL097-S49_003,517946,50543,49817,"S1970-FL097-S49_003",2011,site_obsdate,2019,2020,2019-2020,9,5,"Recent development, 0-5 years",3,Rangeland or Pasture to Developed,Florida,Osceola,CONUS East 1,CONUS,v2025-11,,4/15/2011 0:00,Entisols,Psamments,Quartzipsamments,Spodic Quartzipsamments,,28.3397026,-81.2679977,3957,4630,US_NCSS_changed_pedons_2019_to_2020.csv
S1978FL101022,952554,50994,50268,"S1978-FL101-S51_022",2011,site_obsdate,2019,2020,2019-2020,9,5,"Recent development, 0-5 years",2,Forest to Developed,Florida,Pasco,CONUS East 1,CONUS,v2025-11,,4/15/2011 0:00,entisols,psamments,quartzipsamments,typic quartzipsamments,,28.3842831,-82.3980713,3957,4632,US_NCSS_changed_pedons_2019_to_2020.csv
90ID023002,1257189,73565,134298,"90-ALF-002",1990,site_obsdate,2019,2020,2019-2020,30,5,"Recent development, 0-5 years",3,Rangeland or Pasture to Developed,Idaho,Butte,CONUS West 2,CONUS,v2025-11,,11/15/1990 0:00,,,,,,43.49869919,-113.0474014,3964,4928,US_NCSS_changed_pedons_2019_to_2020.csv
92ID023001,1260925,73566,134299,"92-ALF-004",1992,site_obsdate,2019,2020,2019-2020,28,5,"Recent development, 0-5 years",3,Rangeland or Pasture to Developed,Idaho,Butte,CONUS West 2,CONUS,v2025-11,,6/19/1992 0:00,,,,,,43.49869919,-113.0474014,3964,4928,US_NCSS_changed_pedons_2019_to_2020.csv
S1956ID045017,101494,1017,1017,"S1956ID045017",1956,site_obsdate,2019,2020,2019-2020,64,5,"Recent development, 0-5 years",1,Agriculture to Developed,Idaho,Gem,CONUS West 1,CONUS,v2025-11,7/26/1956 0:00,7/26/1956 0:00,,,,,,43.84681702,-116.5370865,3964,4939,US_NCSS_changed_pedons_2019_to_2020.csv
1968IL019001,824093,36116,35501,"1968IL019001",1968,site_obsdate,2019,2020,2019-2020,52,5,"Recent development, 0-5 years",1,Agriculture to Developed,Illinois,Champaign,CONUS Central 2,CONUS,v2025-11,8/1/1968 0:00,8/1/1968 0:00,mollisols,udolls,argiudolls,oxyaquic argiudolls,fine-silty,40.0691694,-88.1679333,3965,4970,US_NCSS_changed_pedons_2019_to_2020.csv
1978IL073081,375422,36469,35854,"1978IL073081",1978,site_obsdate,2019,2020,2019-2020,42,5,"Recent development, 0-5 years",3,Rangeland or Pasture to Developed,Illinois,Henry,CONUS Central 2,CONUS,v2025-11,10/1/1978 0:00,10/1/1978 0:00,mollisols,aquolls,endoaquolls,cumulic vertic endoaquolls,very-fine,41.5806738,-89.9759424,3965,4997,US_NCSS_changed_pedons_2019_to_2020.csv
1988IL081002,314660,37596,36981,"1988IL081002",1988,site_obsdate,2019,2020,2019-2020,32,5,"Recent development, 0-5 years",3,Rangeland or Pasture to Developed,Illinois,Jefferson,CONUS Central 2,CONUS,v2025-11,9/1/1988 0:00,9/1/1988 0:00,alfisols,aqualfs,epiaqualfs,aeric fragic epiaqualfs,fine,38.2964056,-88.7964861,3965,5001,US_NCSS_changed_pedons_2019_to_2020.csv
1981IL145029,351144,36848,36233,"1981IL145029",1981,site_obsdate,2019,2020,2019-2020,39,5,"Recent development, 0-5 years",1,Agriculture to Developed,Illinois,Perry,CONUS Central 2,CONUS,v2025-11,1/1/1981 0:00,1/1/1981 0:00,alfisols,udalfs,hapludalfs,ultic hapludalfs,fine-silty,38.1543876,-89.1570477,3965,5033,US_NCSS_changed_pedons_2019_to_2020.csv
S2002IL145001,309292,28836,28763,"S2002IL145001",2002,site_obsdate,2019,2020,2019-2020,18,5,"Recent development, 0-5 years",3,Rangeland or Pasture to Developed,Illinois,Perry,CONUS Central 2,CONUS,v2025-11,3/13/2002 0:00,3/13/2002 0:00,alfisols,udalfs,natrudalfs,typic natrudalfs,,37.97908401,-89.2202759,3965,5033,US_NCSS_changed_pedons_2019_to_2020.csv
83IL-147-041,963613,37122,36507,"83IL-147-041",2014,site_obsdate,2019,2020,2019-2020,6,5,"Recent development, 0-5 years",3,Rangeland or Pasture to Developed,Illinois,Piatt,CONUS Central 2,CONUS,v2025-11,,1/15/2014 0:00,alfisols,udalfs,hapludalfs,oxyaquic hapludalfs,fine-loamy,40.1142528,-88.4925056,3965,5034,US_NCSS_changed_pedons_2019_to_2020.csv
1986IL149022,314793,37464,36849,"1986IL149022",1986,site_obsdate,2019,2020,2019-2020,34,5,"Recent development, 0-5 years",3,Rangeland or Pasture to Developed,Illinois,Pike,CONUS Central 2,CONUS,v2025-11,4/1/1986 0:00,4/1/1986 0:00,alfisols,udalfs,hapludalfs,typic hapludalfs,fine-silty,39.6310028,-91.0554556,3965,5035,US_NCSS_changed_pedons_2019_to_2020.csv
90IL163007,321003,17597,17597,"90IL163007",1990,site_obsdate,2019,2020,2019-2020,30,5,"Recent development, 0-5 years",3,Rangeland or Pasture to Developed,Illinois,St. Clair,CONUS Central 2,CONUS,v2025-11,9/26/1990 0:00,9/26/1990 0:00,alfisols,udalfs,natrudalfs,aquic natrudalfs,fine-silty,38.38111111,-89.98500061,3965,5042,US_NCSS_changed_pedons_2019_to_2020.csv
S1996IL197023,802269,61415,60176,"1996IL197023",1996,site_obsdate,2019,2020,2019-2020,24,5,"Recent development, 0-5 years",3,Rangeland or Pasture to Developed,Illinois,Will,CONUS Central 2,CONUS,v2025-11,8/22/1996 0:00,8/22/1996 0:00,mollisols,aquolls,endoaquolls,typic endoaquolls,fine,41.42499924,-87.9552778,3965,5059,US_NCSS_changed_pedons_2019_to_2020.csv
1968IL199001,355089,36144,35529,"1968IL199001",1968,site_obsdate,2019,2020,2019-2020,52,5,"Recent development, 0-5 years",1,Agriculture to Developed,Illinois,Williamson,CONUS Central 2,CONUS,v2025-11,8/1/1968 0:00,8/1/1968 0:00,alfisols,aqualfs,albaqualfs,chromic vertic albaqualfs,fine,37.8367732,-89.0024926,3965,5060,US_NCSS_changed_pedons_2019_to_2020.csv
S2001IN005003,128252,27346,27318,"S2001IN005003",2001,site_obsdate,2019,2020,2019-2020,19,5,"Recent development, 0-5 years",1,Agriculture to Developed,Indiana,Bartholomew,CONUS Central 2,CONUS,v2025-11,12/4/2001 0:00,12/4/2001 0:00,mollisols,aquolls,argiaquolls,typic argiaquolls,fine-silty,39.2580872,-85.7951431,3966,5065,US_NCSS_changed_pedons_2019_to_2020.csv
S1981IN011001,109967,8835,8835,"S1981IN011001",1981,site_obsdate,2019,2020,2019-2020,39,5,"Recent development, 0-5 years",2,Forest to Developed,Indiana,Boone,CONUS Central 2,CONUS,v2025-11,6/3/1981 0:00,6/1/1981 0:00,alfisols,udalfs,hapludalfs,oxyaquic hapludalfs,fine-loamy,39.9876175,-86.2744141,3966,5068,US_NCSS_changed_pedons_2019_to_2020.csv
1980IN049011,313708,38873,38258,"1980IN049011",1980,site_obsdate,2019,2020,2019-2020,40,5,"Recent development, 0-5 years",1,Agriculture to Developed,Indiana,Fulton,CONUS Central 2,CONUS,v2025-11,8/28/1980 0:00,8/28/1980 0:00,alfisols,udalfs,hapludalfs,typic hapludalfs,fine-loamy,41.04172516,-86.0566111,3966,5087,US_NCSS_changed_pedons_2019_to_2020.csv
S2002IN053002,907407,30615,30499,"S2002IN053-002",2002,site_obsdate,2019,2020,2019-2020,18,5,"Recent development, 0-5 years",3,Rangeland or Pasture to Developed,Indiana,Grant,CONUS Central 2,CONUS,v2025-11,8/9/2002 0:00,8/9/2002 0:00,alfisols,aqualfs,epiaqualfs,aeric epiaqualfs,fine,40.4663887,-85.5224991,3966,5089,US_NCSS_changed_pedons_2019_to_2020.csv
1982IN073021,314086,39015,38400,"1982IN073021",1982,site_obsdate,2019,2020,2019-2020,38,5,"Recent development, 0-5 years",3,Rangeland or Pasture to Developed,Indiana,Jasper,CONUS Central 2,CONUS,v2025-11,8/25/1982 0:00,8/25/1982 0:00,mollisols,udolls,hapludolls,eutic hapludolls,sandy,40.88164902,-87.2498944,3966,5099,US_NCSS_changed_pedons_2019_to_2020.csv
1979IN077012,313785,38572,37957,"1979IN077012",1979,site_obsdate,2019,2020,2019-2020,41,5,"Recent development, 0-5 years",3,Rangeland or Pasture to Developed,Indiana,Jefferson,CONUS Central 2,CONUS,v2025-11,8/23/1979 0:00,8/23/1979 0:00,alfisols,udalfs,hapludalfs,typic hapludalfs,fine,38.7638333,-85.3087778,3966,5101,US_NCSS_changed_pedons_2019_to_2020.csv
1974IN085002,313117,37952,37337,"1974IN085002",1974,site_obsdate,2019,2020,2019-2020,46,5,"Recent development, 0-5 years",1,Agriculture to Developed,Indiana,Kosciusko,CONUS Central 2,CONUS,v2025-11,9/4/1974 0:00,9/4/1974 0:00,,,,,,41.4339833,-85.9633167,3966,5105,US_NCSS_changed_pedons_2019_to_2020.csv
1975IN129004,313334,38115,37500,"1975IN129004",1975,site_obsdate,2019,2020,2019-2020,45,5,"Recent development, 0-5 years",1,Agriculture to Developed,Indiana,Posey,CONUS Central 2,CONUS,v2025-11,7/9/1975 0:00,7/9/1975 0:00,,,,,,37.9071111,-88.0037694,3966,5127,US_NCSS_changed_pedons_2019_to_2020.csv
83IA047101,121891,11160,11160,"S1983IA047101",1983,site_obsdate,2019,2020,2019-2020,37,5,"Recent development, 0-5 years",3,Rangeland or Pasture to Developed,Iowa,Crawford,CONUS Central 1,CONUS,v2025-11,6/3/1983 0:00,6/1/1983 0:00,inceptisols,ochrepts,eutrochrepts,aquic eutrochrepts,fine-silty,42.1016655,-95.5944443,3963,4841,US_NCSS_changed_pedons_2019_to_2020.csv
S1962IA065027,1071565,71202,69226,"S1962IA065027",2014,site_obsdate,2019,2020,2019-2020,6,5,"Recent development, 0-5 years",3,Rangeland or Pasture to Developed,Iowa,Fayette,CONUS Central 2,CONUS,v2025-11,8/4/2014 0:00,8/4/2014 0:00,,,,,,42.9222601,-91.9433735,3963,4850,US_NCSS_changed_pedons_2019_to_2020.csv
S1962IA065029,1071567,71204,69228,"S1962IA065029",2014,site_obsdate,2019,2020,2019-2020,6,5,"Recent development, 0-5 years",3,Rangeland or Pasture to Developed,Iowa,Fayette,CONUS Central 2,CONUS,v2025-11,8/4/2014 0:00,8/4/2014 0:00,alfisols,udalfs,hapludalfs,typic hapludalfs,,43.055156,-91.8032137,3963,4850,US_NCSS_changed_pedons_2019_to_2020.csv
S1962IA065054,1081263,71226,69250,"S1962IA065054",2014,site_obsdate,2019,2020,2019-2020,6,5,"Recent development, 0-5 years",3,Rangeland or Pasture to Developed,Iowa,Fayette,CONUS Central 2,CONUS,v2025-11,10/7/2014 0:00,10/7/2014 0:00,alfisols,udalfs,hapludalfs,mollic hapludalfs,fine-silty,43.0117193,-91.7440065,3963,4850,US_NCSS_changed_pedons_2019_to_2020.csv
1956IA089009,1284295,1358,1358,"S1956IA089009",1956,site_obsdate,2019,2020,2019-2020,64,5,"Recent development, 0-5 years",3,Rangeland or Pasture to Developed,Iowa,Howard,CONUS Central 2,CONUS,v2025-11,10/16/1956 0:00,10/16/1956 0:00,mollisols,udolls,argiudolls,typic argiudolls,fine-loamy,43.3491669,-92.3497238,3963,4862,US_NCSS_changed_pedons_2019_to_2020.csv
84IA1210022,122444,12024,12024,"S1984IA1210022",1984,site_obsdate,2019,2020,2019-2020,36,5,"Recent development, 0-5 years",3,Rangeland or Pasture to Developed,Iowa,Madison,CONUS Central 2,CONUS,v2025-11,11/3/1984 0:00,11/1/1984 0:00,alfisols,udalfs,hapludalfs,aquollic hapludalfs,fine-loamy,41.2694435,-93.9844437,3963,4878,US_NCSS_changed_pedons_2019_to_2020.csv
74KS045015,153917,52208,51482,"74KS045015",1974,site_obsdate,2019,2020,2019-2020,46,5,"Recent development, 0-5 years",3,Rangeland or Pasture to Developed,Kansas,Douglas,CONUS Central 1,CONUS,v2025-11,2/1/1974 0:00,2/1/1974 0:00,mollisols,udolls,argiudolls,typic argiudolls,,38.7823067,-95.0776672,3967,5177,US_NCSS_changed_pedons_2019_to_2020.csv
S2005KS079502,182871,33647,33465,"S2005KS079502",2005,site_obsdate,2019,2020,2019-2020,15,5,"Recent development, 0-5 years",3,Rangeland or Pasture to Developed,Kansas,Harvey,CONUS Central 1,CONUS,v2025-11,8/30/2005 0:00,8/30/2005 0:00,mollisols,aquolls,argiaquolls,vertic argiaquolls,,38.0444984,-97.5919189,3967,5194,US_NCSS_changed_pedons_2019_to_2020.csv
81LA011001,956555,8374,8374,"81LA011001",1981,site_obsdate,2019,2020,2019-2020,39,5,"Recent development, 0-5 years",2,Forest to Developed,Louisiana,Beauregard,CONUS Central 2,CONUS,v2025-11,5/3/1992 0:00,6/1/1981 0:00,alfisols,aqualfs,glossaqualfs,typic glossaqualfs,coarse-silty,30.5305556,-93.2236111,3969,5385,US_NCSS_changed_pedons_2019_to_2020.csv
90LA011019,126800,17322,17322,"S1990LA011019",1990,site_obsdate,2019,2020,2019-2020,30,5,"Recent development, 0-5 years",2,Forest to Developed,Louisiana,Beauregard,CONUS Central 2,CONUS,v2025-11,8/3/1990 0:00,8/1/1990 0:00,ultisols,aquults,paleaquults,typic paleaquults,fine-silty,30.5302773,-93.2236099,3969,5385,US_NCSS_changed_pedons_2019_to_2020.csv
S2010LA081001,675573,53573,52772,"S2010LA0810001",2010,site_obsdate,2019,2020,2019-2020,10,5,"Recent development, 0-5 years",2,Forest to Developed,Louisiana,Red River,CONUS Central 2,CONUS,v2025-11,,9/20/2010 0:00,mollisols,udolls,argiudolls,aquic pachic argiudolls,,32.19675064,-93.5050556,3969,5420,US_NCSS_changed_pedons_2019_to_2020.csv
2004ME019001,159329,32573,32448,"2004ME019001",2004,site_obsdate,2019,2020,2019-2020,16,5,"Recent development, 0-5 years",1,Agriculture to Developed,Maine,Penobscot,CONUS East 2,CONUS,v2025-11,8/2/2004 0:00,8/2/2004 0:00,inceptisols,udepts,dystrudepts,typic dystrudepts,coarse-loamy,44.8809444,-69.2921667,3972,5491,US_NCSS_changed_pedons_2019_to_2020.csv
S2004ME019002,205376,32574,32449,"ME-04-07-019-02",2004,site_obsdate,2019,2020,2019-2020,16,5,"Recent development, 0-5 years",1,Agriculture to Developed,Maine,Penobscot,CONUS East 2,CONUS,v2025-11,7/29/2004 0:00,7/29/2004 0:00,inceptisols,udepts,eutrudepts,dystric eutrudepts,,44.8805542,-69.2930527,3972,5491,US_NCSS_changed_pedons_2019_to_2020.csv
S1980MA011001,952905,70578,68605,"S1980MA011001",1980,site_obsdate,2019,2020,2019-2020,40,5,"Recent development, 0-5 years",1,Agriculture to Developed,Massachusetts,Franklin,CONUS East 2,CONUS,v2025-11,9/4/1980 0:00,9/4/1980 0:00,entisols,fluvents,udifluvents,typic udifluvents,coarse-silty,42.4579917,-72.594875,3970,5449,US_NCSS_changed_pedons_2019_to_2020.csv
S1974MI063001,969552,1916,1916,"S1974MI063001",1974,site_obsdate,2019,2020,2019-2020,46,5,"Recent development, 0-5 years",3,Rangeland or Pasture to Developed,Michigan,Huron,CONUS East 1,CONUS,v2025-11,10/8/1974 0:00,10/10/1974 0:00,mollisols,aquolls,epiaquolls,typic epiaquolls,fine-loamy,43.7128722,-83.3453222,3974,5562,US_NCSS_changed_pedons_2019_to_2020.csv
S2001MI077001,158458,30320,30204,"S2001MI077001",2001,site_obsdate,2019,2020,2019-2020,19,5,"Recent development, 0-5 years",3,Rangeland or Pasture to Developed,Michigan,Kalamazoo,CONUS Central 2,CONUS,v2025-11,10/24/2001 0:00,10/24/2001 0:00,mollisols,udolls,argiudolls,typic argiudolls,fine-loamy,42.1281111,-85.68174744,3974,5569,US_NCSS_changed_pedons_2019_to_2020.csv
S2011MI087001,500632,70075,68147,"S2011MI087001",2011,site_obsdate,2019,2020,2019-2020,9,5,"Recent development, 0-5 years",1,Agriculture to Developed,Michigan,Lapeer,CONUS East 1,CONUS,v2025-11,8/11/2011 0:00,8/11/2011 0:00,mollisols,aquolls,epiaquolls,typic epiaquolls,fine,42.9971306,-83.0114389,3974,5574,US_NCSS_changed_pedons_2019_to_2020.csv
S2002MI153001,136903,28276,28227,"S2002MI153001",2003,site_obsdate,2019,2020,2019-2020,17,5,"Recent development, 0-5 years",3,Rangeland or Pasture to Developed,Michigan,Schoolcraft,CONUS Central 2,CONUS,v2025-11,2/25/2003 0:00,2/25/2003 0:00,entisols,psamments,udipsamments,aquic udipsamments,,45.9630508,-85.9094009,3974,5607,US_NCSS_changed_pedons_2019_to_2020.csv
S2002MI153002,136905,28277,28228,"S2002MI153002",2003,site_obsdate,2019,2020,2019-2020,17,5,"Recent development, 0-5 years",3,Rangeland or Pasture to Developed,Michigan,Schoolcraft,CONUS Central 2,CONUS,v2025-11,2/25/2003 0:00,2/25/2003 0:00,entisols,aquents,psammaquents,typic psammaquents,,45.9630508,-85.9094009,3974,5607,US_NCSS_changed_pedons_2019_to_2020.csv
S1978MN1132675,582980,55843,55042,"S1978MN1132675",1978,site_obsdate,2019,2020,2019-2020,42,5,"Recent development, 0-5 years",3,Rangeland or Pasture to Developed,Minnesota,Pennington,CONUS Central 1,CONUS,v2025-11,7/11/1978 0:00,7/11/1978 0:00,mollisols,aquolls,calciaquolls,typic calciaquolls,coarse-silty,47.9960823,-96.4390335,3975,5670,US_NCSS_changed_pedons_2019_to_2020.csv
2007MO027067,664720,45894,45180,"2007MO027067",2007,site_obsdate,2019,2020,2019-2020,13,5,"Recent development, 0-5 years",3,Rangeland or Pasture to Developed,Missouri,Callaway,CONUS Central 2,CONUS,v2025-11,7/18/2007 0:00,7/18/2007 0:00,alfisols,udalfs,hapludalfs,aquertic chromic hapludalfs,,38.8068889,-91.7270278,3976,5714,US_NCSS_changed_pedons_2019_to_2020.csv
2007MO027077,664124,45884,45170,"2007MO027077",2007,site_obsdate,2019,2020,2019-2020,13,5,"Recent development, 0-5 years",3,Rangeland or Pasture to Developed,Missouri,Callaway,CONUS Central 2,CONUS,v2025-11,4/5/2007 0:00,4/5/2007 0:00,mollisols,udolls,hapludolls,aquic hapludolls,,38.8657778,-91.6630833,3976,5714,US_NCSS_changed_pedons_2019_to_2020.csv
2008MO027053,664728,45850,45136,"2008MO027053",2007,site_obsdate,2019,2020,2019-2020,13,5,"Recent development, 0-5 years",3,Rangeland or Pasture to Developed,Missouri,Callaway,CONUS Central 2,CONUS,v2025-11,11/28/2007 0:00,11/28/2007 0:00,alfisols,aqualfs,epiaqualfs,aeric vertic epiaqualfs,,38.9709722,-91.9955556,3976,5714,US_NCSS_changed_pedons_2019_to_2020.csv
2008MO027054,664729,45849,45135,"2008MO027054",2007,site_obsdate,2019,2020,2019-2020,13,5,"Recent development, 0-5 years",3,Rangeland or Pasture to Developed,Missouri,Callaway,CONUS Central 2,CONUS,v2025-11,10/17/2007 0:00,10/17/2007 0:00,alfisols,aqualfs,epiaqualfs,aeric vertic epiaqualfs,,38.9743611,-91.9887778,3976,5714,US_NCSS_changed_pedons_2019_to_2020.csv
2007MO071031,697354,41349,40635,"2007MO071031",2007,site_obsdate,2019,2020,2019-2020,13,5,"Recent development, 0-5 years",1,Agriculture to Developed,Missouri,Franklin,CONUS Central 2,CONUS,v2025-11,12/11/2007 0:00,12/11/2007 0:00,alfisols,udalfs,hapludalfs,typic hapludalfs,fine-silty,38.5610556,-90.7857222,3976,5736,US_NCSS_changed_pedons_2019_to_2020.csv
2008MO089051,642683,41306,40592,"2008MO089051",2007,site_obsdate,2019,2020,2019-2020,13,5,"Recent development, 0-5 years",3,Rangeland or Pasture to Developed,Missouri,Howard,CONUS Central 2,CONUS,v2025-11,12/27/2007 0:00,12/27/2007 0:00,mollisols,udolls,hapludolls,fluvaquentic hapludolls,clayey over sandy or sandy-skeletal,39.0003889,-92.7188889,3976,5745,US_NCSS_changed_pedons_2019_to_2020.csv
2000MO091001,90226,48916,48202,"2000MO091001",2000,site_obsdate,2019,2020,2019-2020,20,5,"Recent development, 0-5 years",3,Rangeland or Pasture to Developed,Missouri,Howell,CONUS Central 2,CONUS,v2025-11,4/25/2000 0:00,4/25/2000 0:00,ultisols,udults,paleudults,aquic paleudults,fine-loamy,36.8961639,-91.9153806,3976,5746,US_NCSS_changed_pedons_2019_to_2020.csv
1992MO099103,88339,49171,48457,"1992MO099103",1992,site_obsdate,2019,2020,2019-2020,28,5,"Recent development, 0-5 years",2,Forest to Developed,Missouri,Jefferson,CONUS Central 2,CONUS,v2025-11,8/25/1992 0:00,8/25/1992 0:00,mollisols,udolls,hapludolls,lithic hapludolls,loamy-skeletal,38.1461674,-90.411771,3976,5750,US_NCSS_changed_pedons_2019_to_2020.csv
1990MO117018m,695910,42803,42089,"1990MO117018m",2010,site_obsdate,2019,2020,2019-2020,10,5,"Recent development, 0-5 years",3,Rangeland or Pasture to Developed,Missouri,Livingston,CONUS Central 2,CONUS,v2025-11,6/8/2010 0:00,6/8/2010 0:00,mollisols,udolls,argiudolls,aquic argiudolls,fine,39.6591111,-93.539175,3976,5759,US_NCSS_changed_pedons_2019_to_2020.csv
2006MO139065,664042,45940,45226,"2006MO139065",2006,site_obsdate,2019,2020,2019-2020,14,5,"Recent development, 0-5 years",3,Rangeland or Pasture to Developed,Missouri,Montgomery,CONUS Central 2,CONUS,v2025-11,2/23/2006 0:00,2/23/2006 0:00,alfisols,aqualfs,epiaqualfs,aeric vertic epiaqualfs,,38.8747778,-91.5178056,3976,5770,US_NCSS_changed_pedons_2019_to_2020.csv
2008MO157011,664649,41419,40705,"2008MO157011",2008,site_obsdate,2019,2020,2019-2020,12,5,"Recent development, 0-5 years",3,Rangeland or Pasture to Developed,Missouri,Perry,CONUS Central 2,CONUS,v2025-11,5/28/2008 0:00,5/28/2008 0:00,alfisols,udalfs,hapludalfs,typic hapludalfs,,37.8478889,-89.9138056,3976,5779,US_NCSS_changed_pedons_2019_to_2020.csv
1994MO161001,88526,49087,48373,"1994MO161001",1993,site_obsdate,2019,2020,2019-2020,27,5,"Recent development, 0-5 years",1,Agriculture to Developed,Missouri,Phelps,CONUS Central 2,CONUS,v2025-11,12/29/1993 0:00,12/29/1993 0:00,alfisols,udalfs,fragiudalfs,aquic fragiudalfs,fine,38.0014444,-91.7415556,3976,5781,US_NCSS_changed_pedons_2019_to_2020.csv
1989MO183017,126334,16749,16749,"S1989MO183017",1989,site_obsdate,2019,2020,2019-2020,31,5,"Recent development, 0-5 years",3,Rangeland or Pasture to Developed,Missouri,St. Charles,CONUS Central 2,CONUS,v2025-11,12/1/1989 0:00,12/1/1989 0:00,mollisols,aquolls,endoaquolls,fluvaquentic endoaquolls,clayey over loamy,38.8644447,-90.1658325,3976,5792,US_NCSS_changed_pedons_2019_to_2020.csv
1975NE041002,247880,7665,7665,"1975NE041002",1979,site_obsdate,2019,2020,2019-2020,41,5,"Recent development, 0-5 years",3,Rangeland or Pasture to Developed,Nebraska,Custer,CONUS Central 1,CONUS,v2025-11,11/17/1975 0:00,6/1/1979 0:00,entisols,orthents,ustorthents,typic ustorthents,coarse-loamy,41.5533333,-99.90249634,3982,6132,US_NCSS_changed_pedons_2019_to_2020.csv
93NE147004,103986,20987,20987,"S1993NE147004",1993,site_obsdate,2019,2020,2019-2020,27,5,"Recent development, 0-5 years",3,Rangeland or Pasture to Developed,Nebraska,Richardson,CONUS Central 1,CONUS,v2025-11,9/28/1993 0:00,9/28/1993 0:00,entisols,fluvents,ustifluvents,typic ustifluvents,fine-silty,40.0880547,-95.7188873,3982,6185,US_NCSS_changed_pedons_2019_to_2020.csv
S2004NE153071,1097695,31519,31400,"S2004NE153071",2004,site_obsdate,2019,2020,2019-2020,16,5,"Recent development, 0-5 years",1,Agriculture to Developed,Nebraska,Sarpy,CONUS Central 1,CONUS,v2025-11,6/28/2004 0:00,6/28/2004 0:00,mollisols,aquolls,endoaquolls,fluvaquentic endoaquolls,fine-silty,41.1036835,-96.3033524,3982,6188,US_NCSS_changed_pedons_2019_to_2020.csv
S1984NY071005,858012,11528,11528,"S1984NY071005",1984,site_obsdate,2019,2020,2019-2020,36,5,"Recent development, 0-5 years",3,Rangeland or Pasture to Developed,New York,Orange,CONUS East 2,CONUS,v2025-11,2/1/1993 0:00,6/1/1984 0:00,histosols,saprists,haplosaprists,typic haplosaprists,,41.3370387,-74.4554351,3988,6321,US_NCSS_changed_pedons_2019_to_2020.csv
86NC083001,123429,13157,13157,"S1986NC083001",1986,site_obsdate,2019,2020,2019-2020,34,5,"Recent development, 0-5 years",3,Rangeland or Pasture to Developed,North Carolina,Halifax,CONUS East 1,CONUS,v2025-11,2/3/1986 0:00,2/1/1986 0:00,ultisols,udults,kandiudults,typic kandiudults,fine,36.3875008,-77.5911102,3980,6000,US_NCSS_changed_pedons_2019_to_2020.csv
04NC097027,153132,32423,32302,"04NC097027-Woolwine, TYP",2004,site_obsdate,2019,2020,2019-2020,16,5,"Recent development, 0-5 years",3,Rangeland or Pasture to Developed,North Carolina,Iredell,CONUS East 1,CONUS,v2025-11,8/5/2004 0:00,8/5/2004 0:00,ultisols,udults,kanhapludults,typic kanhapludults,,36.0275002,-80.9388885,3980,6007,US_NCSS_changed_pedons_2019_to_2020.csv
S1965NC163002,110262,3859,3859,"S1965NC163002",1965,site_obsdate,2019,2020,2019-2020,55,5,"Recent development, 0-5 years",3,Rangeland or Pasture to Developed,North Carolina,Sampson,CONUS East 1,CONUS,v2025-11,6/1/1965 0:00,6/1/1965 0:00,ultisols,udults,hapludults,typic hapludults,fine-loamy,35.23306274,-78.36500549,3980,6040,US_NCSS_changed_pedons_2019_to_2020.csv
1956-OH063-003,749832,66836,64911,"1956-OH063-003",1956,site_obsdate,2019,2020,2019-2020,64,5,"Recent development, 0-5 years",1,Agriculture to Developed,Ohio,Hancock,CONUS East 1,CONUS,v2025-11,5/24/1956 0:00,5/24/1956 0:00,,,,,,41.03722,-83.6963806,3989,6379,US_NCSS_changed_pedons_2019_to_2020.csv
1970-OH107-016,751133,68562,66637,"1970OH107016",1970,site_obsdate,2019,2020,2019-2020,50,5,"Recent development, 0-5 years",3,Rangeland or Pasture to Developed,Ohio,Mercer,CONUS East 1,CONUS,v2025-11,9/17/1970 0:00,9/17/1970 0:00,entisols,aquents,fluvaquents,aeric fluvaquents,fine,40.66600037,-84.46600342,3989,6401,US_NCSS_changed_pedons_2019_to_2020.csv
1956-OH161-S11,749909,66892,64967,"1956-OH161-S11",1956,site_obsdate,2019,2020,2019-2020,64,5,"Recent development, 0-5 years",1,Agriculture to Developed,Ohio,Van Wert,CONUS East 1,CONUS,v2025-11,9/19/1956 0:00,9/19/1956 0:00,mollisols,aquolls,argiaquolls,typic argiaquolls,fine,40.7626877,-84.5140305,3989,6428,US_NCSS_changed_pedons_2019_to_2020.csv
S1969OH171012,907312,68504,66579,"S1969OH171012",1969,site_obsdate,2019,2020,2019-2020,51,5,"Recent development, 0-5 years",3,Rangeland or Pasture to Developed,Ohio,Williams,CONUS East 1,CONUS,v2025-11,8/20/1969 0:00,8/20/1969 0:00,alfisols,udalfs,hapludalfs,typic hapludalfs,coarse-loamy,41.4278972,-84.7682889,3989,6433,US_NCSS_changed_pedons_2019_to_2020.csv
56OK073009,128218,4481,4481,"S1956OK073009",1956,site_obsdate,2019,2020,2019-2020,64,5,"Recent development, 0-5 years",3,Rangeland or Pasture to Developed,Oklahoma,Kingfisher,CONUS Central 1,CONUS,v2025-11,5/1/1956 0:00,5/1/1956 0:00,mollisols,ustolls,argiustolls,udic argiustolls,fine-loamy,36.08611298,-98.0655594,3990,6472,US_NCSS_changed_pedons_2019_to_2020.csv
S1955OR013018,104961,863,863,"S1955OR013018",1955,site_obsdate,2019,2020,2019-2020,65,5,"Recent development, 0-5 years",3,Rangeland or Pasture to Developed,Oregon,Crook,CONUS West 1,CONUS,v2025-11,4/1/1955 0:00,4/1/1955 0:00,aridisols,orthids,durorthids,xerollic durorthids,coarse-loamy,44.3725014,-120.9519424,3991,6519,US_NCSS_changed_pedons_2019_to_2020.csv
1969PA009005,409591,54028,53227,"1969PA009005",1969,site_obsdate,2019,2020,2019-2020,51,5,"Recent development, 0-5 years",3,Rangeland or Pasture to Developed,Pennsylvania,Bedford,CONUS East 1,CONUS,v2025-11,7/30/1969 0:00,7/30/1969 0:00,Alfisols,Ustalfs,Hapludalfs,Typic Hapludalfs,fine-loamy,40.1105556,-78.6416667,3992,6553,US_NCSS_changed_pedons_2019_to_2020.csv
1972PA071015,422214,54009,53208,"1972PA071015",1972,site_obsdate,2019,2020,2019-2020,48,5,"Recent development, 0-5 years",3,Rangeland or Pasture to Developed,Pennsylvania,Lancaster,CONUS East 1,CONUS,v2025-11,7/18/1972 0:00,7/18/1972 0:00,Alfisols,Ustalfs,Hapludalfs,Typic Hapludalfs,fine,39.90000153,-76.0602778,3992,6584,US_NCSS_changed_pedons_2019_to_2020.csv
S1993SC017009,1118087,73062,133795,"S1993SC017009",2015,site_obsdate,2019,2020,2019-2020,5,5,"Recent development, 0-5 years",1,Agriculture to Developed,South Carolina,Calhoun,CONUS East 1,CONUS,v2025-11,1/1/1989 0:00,8/1/2015 0:00,ultisols,udults,kandiudults,typic kandiudults,fine,33.6616982,-80.7392138,3997,6723,US_NCSS_changed_pedons_2019_to_2020.csv
95SD019001,958944,21925,21925,"95SD019001",1995,site_obsdate,2019,2020,2019-2020,25,5,"Recent development, 0-5 years",3,Rangeland or Pasture to Developed,South Dakota,Butte,CONUS Central 1,CONUS,v2025-11,,6/1/1995 0:00,entisols,orthents,torriorthents,ustic torriorthents,clayey,44.7722222,-103.9944444,3998,6769,US_NCSS_changed_pedons_2019_to_2020.csv
S2015SD085001,1125594,73478,134211,"S2015SD085001",2015,samp_classdate,2019,2020,2019-2020,5,5,"Recent development, 0-5 years",3,Rangeland or Pasture to Developed,South Dakota,Lyman,CONUS Central 1,CONUS,v2025-11,9/10/2015 0:00,,vertisols,usterts,haplusterts,typic haplusterts,,43.8775028,-100.0079111,3998,6802,US_NCSS_changed_pedons_2019_to_2020.csv
97SD111002,105727,23551,23551,"S1997SD111002",1997,site_obsdate,2019,2020,2019-2020,23,5,"Recent development, 0-5 years",3,Rangeland or Pasture to Developed,South Dakota,Sanborn,CONUS Central 1,CONUS,v2025-11,9/20/1997 0:00,9/18/1997 0:00,mollisols,aquolls,endoaquolls,typic endoaquolls,sandy over loamy,44.0466652,-98.1461105,3998,6815,US_NCSS_changed_pedons_2019_to_2020.csv
S2001TN093001,151040,28799,28726,"S2001TN093001",2001,site_obsdate,2019,2020,2019-2020,19,5,"Recent development, 0-5 years",1,Agriculture to Developed,Tennessee,Knox,CONUS East 1,CONUS,v2025-11,5/23/2001 0:00,5/23/2001 0:00,alfisols,udalfs,hapludalfs,aquic hapludalfs,,35.9599991,-84.148613,3999,6873,US_NCSS_changed_pedons_2019_to_2020.csv
1991TN103004,872343,18792,18792,"S1991TN103004",1991,site_obsdate,2019,2020,2019-2020,29,5,"Recent development, 0-5 years",3,Rangeland or Pasture to Developed,Tennessee,Lincoln,CONUS Central 2,CONUS,v2025-11,9/28/1991 0:00,9/26/1991 0:00,ultisols,udults,hapludults,humic hapludults,fine-loamy,35.1238899,-86.7147217,3999,6878,US_NCSS_changed_pedons_2019_to_2020.csv
79TX391018,867541,7702,7702,"S1979TX391018",1979,site_obsdate,2019,2020,2019-2020,41,5,"Recent development, 0-5 years",2,Forest to Developed,Texas,Refugio,CONUS Central 1,CONUS,v2025-11,7/1/1979 0:00,7/1/1979 0:00,alfisols,ustalfs,paleustalfs,oxyaquic paleustalfs,fine,28.3413887,-97.3516693,4000,7117,US_NCSS_changed_pedons_2019_to_2020.csv
V1985-VA023-309,363577,57306,56505,"VPI-BO-1C",2009,site_obsdate,2019,2020,2019-2020,11,5,"Recent development, 0-5 years",1,Agriculture to Developed,Virginia,Botetourt,CONUS East 1,CONUS,v2025-11,9/23/2009 0:00,9/23/2009 0:00,ultisols,udults,paleudults,typic paleudults,,37.3535472,-79.9167806,4003,7225,US_NCSS_changed_pedons_2019_to_2020.csv
S05WV001001,272947,32864,32722,"S2005WV001001",2005,site_obsdate,2019,2020,2019-2020,15,5,"Recent development, 0-5 years",3,Rangeland or Pasture to Developed,West Virginia,Barbour,CONUS East 1,CONUS,v2025-11,,8/11/2005 0:00,entisols,orthents,udorthents,typic udorthents,loamy-skeletal,39.1086121,-80.1391678,4008,7479,US_NCSS_changed_pedons_2019_to_2020.csv
S1957WI063004,107049,1565,1565,"S1957WI063004",1957,site_obsdate,2019,2020,2019-2020,63,5,"Recent development, 0-5 years",3,Rangeland or Pasture to Developed,Wisconsin,La Crosse,CONUS Central 2,CONUS,v2025-11,10/31/1957 0:00,10/31/1957 0:00,entisols,psamments,udipsamments,typic udipsamments,,44.0158348,-91.2936096,4007,7438,US_NCSS_changed_pedons_2019_to_2020.csv
S1983WI093025,1051092,71898,132583,"S1983WI093025",1983,samp_classdate,2019,2020,2019-2020,37,5,"Recent development, 0-5 years",3,Rangeland or Pasture to Developed,Wisconsin,Pierce,CONUS Central 2,CONUS,v2025-11,7/14/1983 0:00,,alfisols,udalfs,hapludalfs,typic hapludalfs,fine-silty,44.6019322,-92.3882034,4007,7454,US_NCSS_changed_pedons_2019_to_2020.csv
S1983WI093034,1017171,71885,132570,"S1983WI093034",1983,samp_classdate,2019,2020,2019-2020,37,5,"Recent development, 0-5 years",3,Rangeland or Pasture to Developed,Wisconsin,Pierce,CONUS Central 2,CONUS,v2025-11,5/4/1983 0:00,,alfisols,udalfs,hapludalfs,typic hapludalfs,,44.6372488,-92.4696052,4007,7454,US_NCSS_changed_pedons_2019_to_2020.csv
69WI107002,127984,1609,1609,"S1969WI107002",1969,site_obsdate,2019,2020,2019-2020,51,5,"Recent development, 0-5 years",3,Rangeland or Pasture to Developed,Wisconsin,Rusk,CONUS Central 2,CONUS,v2025-11,8/1/1969 0:00,8/1/1969 0:00,alfisols,udalfs,glossudalfs,aquic glossudalfs,coarse-loamy,45.5525017,-91.1219406,4007,7461,US_NCSS_changed_pedons_2019_to_2020.csv
S1961WI141001,1355987,1570,1570,"S1961WI141001",1961,site_obsdate,2019,2020,2019-2020,59,5,"Recent development, 0-5 years",1,Agriculture to Developed,Wisconsin,Wood,CONUS Central 2,CONUS,v2025-11,9/19/1961 0:00,9/19/1961 0:00,alfisols,udalfs,glossudalfs,aquic glossudalfs,fine-loamy,44.6402779,-90.1377792,4007,7478,US_NCSS_changed_pedons_2019_to_2020.csv
86AL105004-pgm,318764,39863,39244,"86AL105004-pgm",1986,site_obsdate,2020,2021,2020-2021,35,4,"Recent development, 0-5 years",2,Forest to Developed,Alabama,Perry,CONUS Central 2,CONUS,v2025-11,4/24/1986 0:00,4/24/1986 0:00,ultisols,udults,hapludults,aquic hapludults,fine,32.5569444,-87.2200012207031,3947,4339,US_NCSS_changed_pedons_2020_to_2021.csv
S1967AZ013015,107808,5442,5442,"S1967AZ013015",1967,site_obsdate,2020,2021,2020-2021,54,4,"Recent development, 0-5 years",3,Rangeland or Pasture to Developed,Arizona,Maricopa,CONUS West 2,CONUS,v2025-11,6/1/1967 0:00,6/1/1967 0:00,entisols,psamments,torripsamments,typic torripsamments,,33.2052765,-111.6350021,3950,4441,US_NCSS_changed_pedons_2020_to_2021.csv
S2004AZ013006,336408,32582,32457,"S2004AZ013006",2003,site_obsdate,2020,2021,2020-2021,18,4,"Recent development, 0-5 years",3,Rangeland or Pasture to Developed,Arizona,Maricopa,CONUS West 2,CONUS,v2025-11,12/10/2003 0:00,12/10/2003 0:00,aridisols,argids,haplargids,typic haplargids,,33.3114700317383,-111.679718,3950,4441,US_NCSS_changed_pedons_2020_to_2021.csv
1960AR05701,813332,57975,57174,"1960AR05701",2012,site_obsdate,2020,2021,2020-2021,9,4,"Recent development, 0-5 years",2,Forest to Developed,Arkansas,Hempstead,CONUS Central 2,CONUS,v2025-11,,11/27/2012 0:00,,,,,,33.7016983032227,-93.5294036865234,3948,4382,US_NCSS_changed_pedons_2020_to_2021.csv
1960AR09304,816531,57996,57195,"1960AR09304",2012,site_obsdate,2020,2021,2020-2021,9,4,"Recent development, 0-5 years",1,Agriculture to Developed,Arkansas,Mississippi,CONUS Central 2,CONUS,v2025-11,,11/27/2012 0:00,,,,,,35.4730987548828,-90.2755966186523,3948,4400,US_NCSS_changed_pedons_2020_to_2021.csv
1970AR07702,816470,58783,57981,"1970AR07702",2012,site_obsdate,2020,2021,2020-2021,9,4,"Recent development, 0-5 years",1,Agriculture to Developed,Arkansas,Prairie,CONUS Central 2,CONUS,v2025-11,,11/27/2012 0:00,,,,,,34.7449989318848,-91.6164016723633,3948,4392,US_NCSS_changed_pedons_2020_to_2021.csv
84CA031009,122370,11882,11882,"S1984CA031009",1984,site_obsdate,2020,2021,2020-2021,37,4,"Recent development, 0-5 years",1,Agriculture to Developed,California,Kings,CONUS West 1,CONUS,v2025-11,11/3/1984 0:00,11/1/1984 0:00,entisols,fluvents,torrifluvents,typic torrifluvents,coarse-loamy,36.2833328,-119.7583313,3951,4464,US_NCSS_changed_pedons_2020_to_2021.csv
S1964CA073003,100162,2761,2761,"S1964CA073003",1964,site_obsdate,2020,2021,2020-2021,57,4,"Recent development, 0-5 years",3,Rangeland or Pasture to Developed,California,San Diego,CONUS West 1,CONUS,v2025-11,2/18/1964 0:00,2/18/1964 0:00,alfisols,xeralfs,palexeralfs,natric palexeralfs,fine,33.3491669,-117.2377777,3951,4485,US_NCSS_changed_pedons_2020_to_2021.csv
S2012CO029014,802307,69907,67979,"S2012CO02906",2012,site_obsdate,2020,2021,2020-2021,9,4,"Recent development, 0-5 years",2,Forest to Developed,Colorado,Delta,CONUS West 2,CONUS,v2025-11,8/29/2012 0:00,8/27/2012 0:00,entisols,orthents,torriorthents,typic torriorthents,,38.6839904785156,-108.1212426,3952,4521,US_NCSS_changed_pedons_2020_to_2021.csv
S1953FL033001,100559,4836,4836,"S1953FL033001",1953,site_obsdate,2020,2021,2020-2021,68,4,"Recent development, 0-5 years",3,Rangeland or Pasture to Developed,Florida,Escambia,CONUS Central 2,CONUS,v2025-11,5/26/1953 0:00,5/26/1953 0:00,,,,,,30.9124374,-87.4311218,3957,4598,US_NCSS_changed_pedons_2020_to_2021.csv
1983-FL061-S31_018,517639,51291,50565,"S1983-FL061-S31_018",2011,site_obsdate,2020,2021,2020-2021,10,4,"Recent development, 0-5 years",3,Rangeland or Pasture to Developed,Florida,Indian River,CONUS East 1,CONUS,v2025-11,,4/15/2011 0:00,Entisols,Psamments,Quartzipsamments,Spodic Quartzipsamments,,27.8175259,-80.505127,3957,4612,US_NCSS_changed_pedons_2020_to_2021.csv
1981-FL065-S33_021,517700,51190,50464,"S1981-FL065-S33_021",2011,site_obsdate,2020,2021,2020-2021,10,4,"Recent development, 0-5 years",3,Rangeland or Pasture to Developed,Florida,Jefferson,CONUS East 1,CONUS,v2025-11,,4/15/2011 0:00,Ultisols,Udults,Paleudults,Grossarenic Paleudults,,30.3512554,-83.9545364,3957,4614,US_NCSS_changed_pedons_2020_to_2021.csv
1976-FL085-S43_007,517334,50843,50117,"S1976-FL085-S43_007",2011,site_obsdate,2020,2021,2020-2021,10,4,"Recent development, 0-5 years",4,Other to Developed,Florida,Martin,CONUS East 1,CONUS,v2025-11,,4/15/2011 0:00,Histosols,Saprists,Haplosaprists,Terric Haplosaprists,,27.2371979,-80.1889114,3957,4624,US_NCSS_changed_pedons_2020_to_2021.csv
1970-FL097-S49_004,517947,50544,49818,"S1970-FL097-S49_004",2011,site_obsdate,2020,2021,2020-2021,10,4,"Recent development, 0-5 years",2,Forest to Developed,Florida,Osceola,CONUS East 1,CONUS,v2025-11,,4/15/2011 0:00,Entisols,Psamments,Quartzipsamments,Typic Quartzipsamments,,28.3204365,-81.4650955,3957,4630,US_NCSS_changed_pedons_2020_to_2021.csv
S1953FL115014,100607,4794,4794,"S1953FL115014",1953,site_obsdate,2020,2021,2020-2021,68,4,"Recent development, 0-5 years",3,Rangeland or Pasture to Developed,Florida,Sarasota,CONUS East 1,CONUS,v2025-11,4/1/1953 0:00,4/1/1953 0:00,,,,,,27.3861561,-82.5440369,3957,4639,US_NCSS_changed_pedons_2020_to_2021.csv
S1980GA243002,100950,7791,7791,"S1980GA243002",1981,site_obsdate,2020,2021,2020-2021,40,4,"Recent development, 0-5 years",4,Other to Developed,Georgia,Richmond,CONUS East 1,CONUS,v2025-11,,8/1/1981 0:00,ultisols,udults,paleudults,grossarenic paleudults,,33.3807029724121,-81.9979019,3960,4772,US_NCSS_changed_pedons_2020_to_2021.csv
1997ID021003,1181336,23480,23480,"S1997ID021003",1997,site_obsdate,2020,2021,2020-2021,24,4,"Recent development, 0-5 years",3,Rangeland or Pasture to Developed,Idaho,Boundary,CONUS West 1,CONUS,v2025-11,9/25/1997 0:00,9/25/1997 0:00,inceptisols,udepts,eutrudepts,vitrandic eutrudepts,coarse-silty,48.6275558,-116.3368607,3964,4927,US_NCSS_changed_pedons_2020_to_2021.csv
92ID023007,1257393,73570,134303,"92-ALF-010",1992,site_obsdate,2020,2021,2020-2021,29,4,"Recent development, 0-5 years",3,Rangeland or Pasture to Developed,Idaho,Butte,CONUS West 2,CONUS,v2025-11,,6/22/1992 0:00,,,,,,43.4987983703613,-113.042503356934,3964,4928,US_NCSS_changed_pedons_2020_to_2021.csv
1977IL019008,354955,36322,35707,"1977IL019008",1977,site_obsdate,2020,2021,2020-2021,44,4,"Recent development, 0-5 years",2,Forest to Developed,Illinois,Champaign,CONUS Central 2,CONUS,v2025-11,1/1/1977 0:00,1/1/1977 0:00,alfisols,udalfs,hapludalfs,typic hapludalfs,fine-silty,40.3846644,-87.971508,3965,4970,US_NCSS_changed_pedons_2020_to_2021.csv
83IL049013,121414,10423,10423,"S1983IL049013",1983,site_obsdate,2020,2021,2020-2021,38,4,"Recent development, 0-5 years",3,Rangeland or Pasture to Developed,Illinois,Effingham,CONUS Central 2,CONUS,v2025-11,3/3/1983 0:00,3/1/1983 0:00,alfisols,udalfs,hapludalfs,ultic hapludalfs,fine-silty,39.1308327,-88.5233307,3965,4985,US_NCSS_changed_pedons_2020_to_2021.csv
1978IL073054,375397,36468,35853,"1978IL073054",1978,site_obsdate,2020,2021,2020-2021,43,4,"Recent development, 0-5 years",3,Rangeland or Pasture to Developed,Illinois,Henry,CONUS Central 2,CONUS,v2025-11,6/1/1978 0:00,6/1/1978 0:00,mollisols,aquolls,endoaquolls,vertic endoaquolls,very-fine,41.5433547,-89.9744811,3965,4997,US_NCSS_changed_pedons_2020_to_2021.csv
1974IL075001,355073,36233,35618,"1974IL075001",1974,site_obsdate,2020,2021,2020-2021,47,4,"Recent development, 0-5 years",1,Agriculture to Developed,Illinois,Iroquois,CONUS Central 2,CONUS,v2025-11,7/1/1974 0:00,7/1/1974 0:00,alfisols,aqualfs,epiaqualfs,mollic epiaqualfs,fine,40.5397099,-88.0591137,3965,4998,US_NCSS_changed_pedons_2020_to_2021.csv
1979IL119083,375465,36558,35943,"1979IL119083",1979,site_obsdate,2020,2021,2020-2021,42,4,"Recent development, 0-5 years",1,Agriculture to Developed,Illinois,Madison,CONUS Central 2,CONUS,v2025-11,3/1/1979 0:00,3/1/1979 0:00,alfisols,udalfs,natrudalfs,typic natrudalfs,fine,38.8740658,-89.6094018,3965,5020,US_NCSS_changed_pedons_2020_to_2021.csv
1980IN007031,314051,38980,38365,"1980IN007031",1980,site_obsdate,2020,2021,2020-2021,41,4,"Recent development, 0-5 years",1,Agriculture to Developed,Indiana,Benton,CONUS Central 2,CONUS,v2025-11,10/6/1980 0:00,10/6/1980 0:00,mollisols,aquolls,haplaquolls,cumulic haplaquolls,fine-loamy,40.6793251037598,-87.4403222,3966,5066,US_NCSS_changed_pedons_2020_to_2021.csv
1968IN011003,309083,37757,37142,"1968IN011003",1968,site_obsdate,2020,2021,2020-2021,53,4,"Recent development, 0-5 years",3,Rangeland or Pasture to Developed,Indiana,Boone,CONUS Central 2,CONUS,v2025-11,6/5/1968 0:00,6/5/1968 0:00,,,,,,40.042049407959,-86.2415556,3966,5068,US_NCSS_changed_pedons_2020_to_2021.csv
1978IN085002,313231,38402,37787,"1978IN085002",1978,site_obsdate,2020,2021,2020-2021,43,4,"Recent development, 0-5 years",1,Agriculture to Developed,Indiana,Kosciusko,CONUS Central 2,CONUS,v2025-11,11/16/1978 0:00,11/16/1978 0:00,alfisols,aqualfs,ochraqualfs,aeric ochraqualfs,fine,41.424325,-85.8861999511719,3966,5105,US_NCSS_changed_pedons_2020_to_2021.csv
S2005IN147001,192931,32394,32273,"S2005IN147001",2005,site_obsdate,2020,2021,2020-2021,16,4,"Recent development, 0-5 years",1,Agriculture to Developed,Indiana,Spencer,CONUS Central 2,CONUS,v2025-11,11/14/2005 0:00,11/14/2005 0:00,inceptisols,aquepts,endoaquepts,fluvaquentic endoaquepts,fine-silty,37.8313904,-87.0744476,3966,5136,US_NCSS_changed_pedons_2020_to_2021.csv
1972IN157001,313209,38044,37429,"1972IN157001",1972,site_obsdate,2020,2021,2020-2021,49,4,"Recent development, 0-5 years",3,Rangeland or Pasture to Developed,Indiana,Tippecanoe,CONUS Central 2,CONUS,v2025-11,9/20/1972 0:00,9/20/1972 0:00,,,,,,40.4114111,-86.9499278,3966,5141,US_NCSS_changed_pedons_2020_to_2021.csv
84IA079001,957529,11869,11869,"84IA079001",1985,site_obsdate,2020,2021,2020-2021,36,4,"Recent development, 0-5 years",1,Agriculture to Developed,Iowa,Hamilton,CONUS Central 2,CONUS,v2025-11,12/3/1992 0:00,6/1/1985 0:00,mollisols,udolls,hapludolls,typic hapludolls,fine-loamy,42.2102778,-93.7761111,3963,4857,US_NCSS_changed_pedons_2020_to_2021.csv
86IA1130042,124139,14024,14024,"S1986IA1130042",1986,site_obsdate,2020,2021,2020-2021,35,4,"Recent development, 0-5 years",2,Forest to Developed,Iowa,Linn,CONUS Central 2,CONUS,v2025-11,11/1/1986 0:00,11/1/1986 0:00,mollisols,udolls,hapludolls,typic hapludolls,fine-silty,41.9138870239258,-91.6302795,3963,4874,US_NCSS_changed_pedons_2020_to_2021.csv
86KS131001,123831,13693,13693,"S1986KS131001",1986,site_obsdate,2020,2021,2020-2021,35,4,"Recent development, 0-5 years",3,Rangeland or Pasture to Developed,Kansas,Nemaha,CONUS Central 1,CONUS,v2025-11,7/3/1986 0:00,7/1/1986 0:00,mollisols,udolls,argiudolls,aquic argiudolls,fine,39.7691650390625,-95.8791656,3967,5220,US_NCSS_changed_pedons_2020_to_2021.csv
86KS131002,123832,13694,13694,"S1986KS131002",1986,site_obsdate,2020,2021,2020-2021,35,4,"Recent development, 0-5 years",3,Rangeland or Pasture to Developed,Kansas,Nemaha,CONUS Central 1,CONUS,v2025-11,7/3/1986 0:00,7/1/1986 0:00,mollisols,udolls,argiudolls,aquic argiudolls,fine,39.7691650390625,-95.8791656,3967,5220,US_NCSS_changed_pedons_2020_to_2021.csv
86KS131003,123833,13695,13695,"S1986KS131003",1986,site_obsdate,2020,2021,2020-2021,35,4,"Recent development, 0-5 years",3,Rangeland or Pasture to Developed,Kansas,Nemaha,CONUS Central 1,CONUS,v2025-11,7/3/1986 0:00,7/1/1986 0:00,mollisols,udolls,argiudolls,aquic argiudolls,fine,39.7691650390625,-95.8791656,3967,5220,US_NCSS_changed_pedons_2020_to_2021.csv
78KY207010,955981,6710,6710,"78KY207010",1978,site_obsdate,2020,2021,2020-2021,43,4,"Recent development, 0-5 years",3,Rangeland or Pasture to Developed,Kentucky,Russell,CONUS Central 2,CONUS,v2025-11,,6/1/1978 0:00,ultisols,udults,paleudults,typic paleudults,fine-loamy,37.0136111,-85.0749969482422,3968,5363,US_NCSS_changed_pedons_2020_to_2021.csv
S2006LA037001,273432,33863,33666,"S2006LA037001-Kentwood",2006,site_obsdate,2020,2021,2020-2021,15,4,"Recent development, 0-5 years",3,Rangeland or Pasture to Developed,Louisiana,East Feliciana,CONUS Central 2,CONUS,v2025-11,5/26/2006 0:00,5/25/2006 0:00,alfisols,udalfs,hapludalfs,ultic hapludalfs,fine-loamy,30.7456951,-90.8583603,3969,5398,US_NCSS_changed_pedons_2020_to_2021.csv
S1972MN0131603,676470,56643,55842,"S1972MN0131603",2010,site_obsdate,2020,2021,2020-2021,11,4,"Recent development, 0-5 years",2,Forest to Developed,Minnesota,Blue Earth,CONUS Central 2,CONUS,v2025-11,12/23/2010 0:00,12/23/2010 0:00,mollisols,udolls,hapludolls,pachic hapludolls,sandy,44.057991,-94.1929398,3975,5620,US_NCSS_changed_pedons_2020_to_2021.csv
S1978MN137043 (2573),582937,55940,55139,"S1978MN137043 (2573)",1978,site_obsdate,2020,2021,2020-2021,43,4,"Recent development, 0-5 years",3,Rangeland or Pasture to Developed,Minnesota,St. Louis,CONUS Central 2,CONUS,v2025-11,5/26/1978 0:00,5/26/1978 0:00,alfisols,udalfs,glossudalfs,oxyaquic glossudalfs,fine-loamy,46.9258385,-92.5963821,3975,5682,US_NCSS_changed_pedons_2020_to_2021.csv
S1974MN1451840,676590,56846,56045,"S1974MN1451840",2011,site_obsdate,2020,2021,2020-2021,10,4,"Recent development, 0-5 years",3,Rangeland or Pasture to Developed,Minnesota,Stearns,CONUS Central 2,CONUS,v2025-11,1/13/2011 0:00,1/13/2011 0:00,alfisols,udalfs,hapludalfs,mollic hapludalfs,coarse-loamy,45.7603759765625,-94.4853897,3975,5686,US_NCSS_changed_pedons_2020_to_2021.csv
S1974MN1451841,676591,56847,56046,"S1974MN1451841",2011,site_obsdate,2020,2021,2020-2021,10,4,"Recent development, 0-5 years",3,Rangeland or Pasture to Developed,Minnesota,Stearns,CONUS Central 2,CONUS,v2025-11,1/13/2011 0:00,1/13/2011 0:00,mollisols,udolls,argiudolls,typic argiudolls,coarse-loamy,45.7602196,-94.4856186,3975,5686,US_NCSS_changed_pedons_2020_to_2021.csv
1986MO013012,160049,46604,45890,"1986MO013012",2004,site_obsdate,2020,2021,2020-2021,17,4,"Recent development, 0-5 years",3,Rangeland or Pasture to Developed,Missouri,Bates,CONUS Central 2,CONUS,v2025-11,12/21/2004 0:00,12/21/2004 0:00,mollisols,udolls,argiudolls,typic argiudolls,fine-loamy,38.4364444,-94.1121111,3976,5707,US_NCSS_changed_pedons_2020_to_2021.csv
1992MO019003,90398,43743,43029,"1992MO019003",1991,site_obsdate,2020,2021,2020-2021,30,4,"Recent development, 0-5 years",1,Agriculture to Developed,Missouri,Boone,CONUS Central 2,CONUS,v2025-11,10/10/1991 0:00,10/10/1991 0:00,alfisols,aqualfs,epiaqualfs,vertic epiaqualfs,fine,39.2176944,-92.1212778,3976,5710,US_NCSS_changed_pedons_2020_to_2021.csv
2007MO027066,664719,45895,45181,"2007MO027066",2007,site_obsdate,2020,2021,2020-2021,14,4,"Recent development, 0-5 years",3,Rangeland or Pasture to Developed,Missouri,Callaway,CONUS Central 2,CONUS,v2025-11,3/21/2007 0:00,3/21/2007 0:00,alfisols,udalfs,hapludalfs,aquertic chromic hapludalfs,,38.8077507019043,-91.7199444,3976,5714,US_NCSS_changed_pedons_2020_to_2021.csv
1983MO115003,121434,10455,10455,"S1983MO115003",1983,site_obsdate,2020,2021,2020-2021,38,4,"Recent development, 0-5 years",3,Rangeland or Pasture to Developed,Missouri,Linn,CONUS Central 2,CONUS,v2025-11,5/3/1983 0:00,5/1/1983 0:00,alfisols,aqualfs,ochraqualfs,vertic ochraqualfs,fine,39.8922234,-93.2680588,3976,5758,US_NCSS_changed_pedons_2020_to_2021.csv
2003MO207003,144717,42738,42024,"2003MO207003",2003,site_obsdate,2020,2021,2020-2021,18,4,"Recent development, 0-5 years",3,Rangeland or Pasture to Developed,Missouri,Stoddard,CONUS Central 2,CONUS,v2025-11,3/24/2003 0:00,3/24/2003 0:00,inceptisols,aquepts,endoaquepts,typic endoaquepts,,37.0738297,-89.9229507,3976,5803,US_NCSS_changed_pedons_2020_to_2021.csv
1995MO223022,95655,43240,42526,"1995MO223022",1995,site_obsdate,2020,2021,2020-2021,26,4,"Recent development, 0-5 years",2,Forest to Developed,Missouri,Wayne,CONUS Central 2,CONUS,v2025-11,8/16/1995 0:00,8/16/1995 0:00,alfisols,aqualfs,endoaqualfs,typic endoaqualfs,coarse-loamy,37.1287308,-90.4811935,3976,5811,US_NCSS_changed_pedons_2020_to_2021.csv
S1976NE121118,110350,2131,2131,"S1976NE121118",1976,site_obsdate,2020,2021,2020-2021,45,4,"Recent development, 0-5 years",3,Rangeland or Pasture to Developed,Nebraska,Merrick,CONUS Central 1,CONUS,v2025-11,6/1/1976 0:00,6/1/1976 0:00,mollisols,aquolls,argiaquolls,typic argiaquolls,fine-loamy,41.2183380126953,-97.9634171,3982,6172,US_NCSS_changed_pedons_2020_to_2021.csv
1953NE155004,254521,2189,2189,"1953NE155004",1953,site_obsdate,2020,2021,2020-2021,68,4,"Recent development, 0-5 years",3,Rangeland or Pasture to Developed,Nebraska,Saunders,CONUS Central 1,CONUS,v2025-11,3/3/1953 0:00,3/3/1953 0:00,mollisols,udolls,hapludolls,typic hapludolls,coarse-loamy,41.1491667,-96.3488889,3982,6189,US_NCSS_changed_pedons_2020_to_2021.csv
82NE165029,120883,9380,9380,"S1982NE165029",1982,site_obsdate,2020,2021,2020-2021,39,4,"Recent development, 0-5 years",3,Rangeland or Pasture to Developed,Nebraska,Sioux,CONUS Central 1,CONUS,v2025-11,3/1/1982 0:00,3/1/1982 0:00,entisols,fluvents,torrifluvents,ustic torrifluvents,fine-silty,42.9308319,-103.6641693,3982,6194,US_NCSS_changed_pedons_2020_to_2021.csv
85NJ033020,123252,12959,12959,"S1985NJ033020",1985,site_obsdate,2020,2021,2020-2021,36,4,"Recent development, 0-5 years",3,Rangeland or Pasture to Developed,New Jersey,Cumberland,CONUS East 1,CONUS,v2025-11,9/3/1985 0:00,9/1/1985 0:00,ultisols,udults,hapludults,typic hapludults,fine-silty,39.5349998,-75.2366638,3984,6231,US_NCSS_changed_pedons_2020_to_2021.csv
S1988NJ025002,1046821,15203,15203,"S1988NJ025002",1988,site_obsdate,2020,2021,2020-2021,33,4,"Recent development, 0-5 years",2,Forest to Developed,New Jersey,Monmouth,CONUS East 2,CONUS,v2025-11,7/11/2007 0:00,6/1/1988 0:00,ultisols,udults,hapludults,typic hapludults,coarse-loamy,40.1438889,-74.1938889,3984,6227,US_NCSS_changed_pedons_2020_to_2021.csv
85NJ033019,123251,12958,12958,"S1985NJ033019",1985,site_obsdate,2020,2021,2020-2021,36,4,"Recent development, 0-5 years",1,Agriculture to Developed,New Jersey,Salem,CONUS East 1,CONUS,v2025-11,9/3/1985 0:00,9/1/1985 0:00,ultisols,udults,hapludults,typic hapludults,fine-silty,39.6122208,-75.2777786,3984,6231,US_NCSS_changed_pedons_2020_to_2021.csv
S1991-NM005-003-copy,1216705,18957,18957,"S1991-NM005-003-copy",1991,site_obsdate,2020,2021,2020-2021,30,4,"Recent development, 0-5 years",3,Rangeland or Pasture to Developed,New Mexico,Chaves,CONUS Central 1,CONUS,v2025-11,8/8/1991 0:00,8/6/1991 0:00,aridisols,gypsids,calcigypsids,ustic calcigypsids,coarse-loamy,33.2966652,-104.4111099,3986,6238,US_NCSS_changed_pedons_2020_to_2021.csv
2018NM013240,1306451,727,727,"2018NM013240",1960,site_obsdate,2020,2021,2020-2021,61,4,"Recent development, 0-5 years",3,Rangeland or Pasture to Developed,New Mexico,Doña Ana,CONUS West 2,CONUS,v2025-11,11/1/2018 0:00,4/13/1960 0:00,aridisols,calcids,haplocalcids,typic haplocalcids,sandy,32.288675,-106.7347417,3986,6243,US_NCSS_changed_pedons_2020_to_2021.csv
S2000NY005006,524610,26444,26445,"S2000NY005006",2001,site_obsdate,2020,2021,2020-2021,20,4,"Recent development, 0-5 years",3,Rangeland or Pasture to Developed,New York,Bronx,CONUS East 2,CONUS,v2025-11,9/7/2001 0:00,9/7/2001 0:00,inceptisols,udepts,dystrudepts,typic dystrudepts,coarse-loamy,40.8688011,-73.8749542,3988,6288,US_NCSS_changed_pedons_2020_to_2021.csv
S2011NY081001,524494,65357,63543,"S2011NY081001",2011,site_obsdate,2020,2021,2020-2021,10,4,"Recent development, 0-5 years",3,Rangeland or Pasture to Developed,New York,Queens,CONUS East 2,CONUS,v2025-11,5/10/2011 0:00,5/10/2011 0:00,entisols,orthents,udorthents,typic udorthents,loamy-skeletal,40.7475556,-73.8435278,3988,6326,US_NCSS_changed_pedons_2020_to_2021.csv
86NC099001,1333495,13606,13606,"S1986NC099001",1986,site_obsdate,2020,2021,2020-2021,35,4,"Recent development, 0-5 years",3,Rangeland or Pasture to Developed,North Carolina,Jackson,CONUS East 1,CONUS,v2025-11,9/3/1986 0:00,9/1/1986 0:00,mollisols,udolls,hapludolls,fluventic hapludolls,coarse-loamy,35.4233322,-83.3505554,3980,6008,US_NCSS_changed_pedons_2020_to_2021.csv
S2000NC147001,108580,25538,25538,"S2000NC147001",2000,site_obsdate,2020,2021,2020-2021,21,4,"Recent development, 0-5 years",2,Forest to Developed,North Carolina,Pitt,CONUS East 1,CONUS,v2025-11,,5/2/2000 0:00,ultisols,udults,paleudults,aquic paleudults,,35.5682487,-77.4374161,3980,6032,US_NCSS_changed_pedons_2020_to_2021.csv
53ND009001,47310,55,55,"53ND009001",1953,site_obsdate,2020,2021,2020-2021,68,4,"Recent development, 0-5 years",3,Rangeland or Pasture to Developed,North Dakota,Bottineau,CONUS Central 1,CONUS,v2025-11,9/14/1953 0:00,9/14/1953 0:00,,,,,,48.60303116,-100.3221588,3981,6063,US_NCSS_changed_pedons_2020_to_2021.csv
58ND013002,47419,64,64,"58ND013002",1958,site_obsdate,2020,2021,2020-2021,63,4,"Recent development, 0-5 years",3,Rangeland or Pasture to Developed,North Dakota,Burke,CONUS Central 1,CONUS,v2025-11,,7/31/1958 0:00,,,,,,48.7783333,-102.1702778,3981,6065,US_NCSS_changed_pedons_2020_to_2021.csv
S1957ND017002,47407,69428,67503,"S1957ND017002",1957,site_obsdate,2020,2021,2020-2021,64,4,"Recent development, 0-5 years",1,Agriculture to Developed,North Dakota,Cass,CONUS Central 1,CONUS,v2025-11,9/19/1957 0:00,9/19/1957 0:00,mollisols,udolls,hapludolls,oxyaquic hapludolls,,47.1955556,-97.3591667,3981,6067,US_NCSS_changed_pedons_2020_to_2021.csv
74ND057003,48871,69491,67566,"74ND057003",1974,site_obsdate,2020,2021,2020-2021,47,4,"Recent development, 0-5 years",3,Rangeland or Pasture to Developed,North Dakota,Mercer,CONUS Central 1,CONUS,v2025-11,,8/13/1974 0:00,mollisols,ustolls,paleustolls,typic paleustolls,fine-loamy,47.2991667,-101.4827778,3981,6087,US_NCSS_changed_pedons_2020_to_2021.csv
S1958OH003101,907429,67052,65127,"S1958OH003101",1958,site_obsdate,2020,2021,2020-2021,63,4,"Recent development, 0-5 years",1,Agriculture to Developed,Ohio,Allen,CONUS East 1,CONUS,v2025-11,10/6/1958 0:00,10/6/1958 0:00,alfisols,udalfs,hapludalfs,oxyaquic hapludalfs,fine,40.6801682,-83.9377747,3989,6349,US_NCSS_changed_pedons_2020_to_2021.csv
84OH037033,122349,11852,11852,"S1984OH037033",1984,site_obsdate,2020,2021,2020-2021,37,4,"Recent development, 0-5 years",1,Agriculture to Developed,Ohio,Darke,CONUS East 1,CONUS,v2025-11,6/3/1984 0:00,6/1/1984 0:00,alfisols,aqualfs,ochraqualfs,aeric ochraqualfs,fine,39.9741974,-84.446022,3989,6366,US_NCSS_changed_pedons_2020_to_2021.csv
1955-OH125-S32,749019,66709,64784,"1955-OH125-S32",1955,site_obsdate,2020,2021,2020-2021,66,4,"Recent development, 0-5 years",1,Agriculture to Developed,Ohio,Paulding,CONUS East 1,CONUS,v2025-11,5/26/1955 0:00,5/26/1955 0:00,inceptisols,aquepts,epiaquepts,typic epiaquepts,very-fine,41.0629158,-84.4754181,3989,6410,US_NCSS_changed_pedons_2020_to_2021.csv
S2005OR047003,205352,33319,33173,"05-DRJ-11",2005,site_obsdate,2020,2021,2020-2021,16,4,"Recent development, 0-5 years",2,Forest to Developed,Oregon,Marion,CONUS West 1,CONUS,v2025-11,10/9/2005 0:00,10/9/2005 0:00,mollisols,albolls,argialbolls,argiaquic xeric argialbolls,,45.1048049926758,-122.8964691,3991,6536,US_NCSS_changed_pedons_2020_to_2021.csv
1969PA019010,421860,53616,52815,"118",1969,site_obsdate,2020,2021,2020-2021,52,4,"Recent development, 0-5 years",3,Rangeland or Pasture to Developed,Pennsylvania,Butler,CONUS East 1,CONUS,v2025-11,7/11/1969 0:00,7/11/1969 0:00,ultisols,udults,fragiudults,aquic fragiudults,fine-loamy,40.7594444,-79.7794444,3992,6558,US_NCSS_changed_pedons_2020_to_2021.csv
1958PA065010,422177,53968,53167,"435",1958,site_obsdate,2020,2021,2020-2021,63,4,"Recent development, 0-5 years",3,Rangeland or Pasture to Developed,Pennsylvania,Jefferson,CONUS East 1,CONUS,v2025-11,6/18/1958 0:00,6/18/1958 0:00,ultisols,udults,hapludults,aquic hapludults,fine-loamy,41.1780556,-79.0972222,3992,6581,US_NCSS_changed_pedons_2020_to_2021.csv
89PR101002,125666,15890,15890,"S1989PR101002",1989,site_obsdate,2020,2021,2020-2021,32,4,"Recent development, 0-5 years",3,Rangeland or Pasture to Developed,Puerto Rico,Morovis,Puerto Rico and U.S. Virgin Islands,PRUSVI,v2024-10,2/1/1989 0:00,2/1/1989 0:00,vertisols,aquerts,dystraquerts,chromic dystraquerts,fine,18.3255558,-66.4436111,3994,6667,US_NCSS_changed_pedons_2020_to_2021.csv
80SC089017,120303,7977,7977,"S1980SC089017",1980,site_obsdate,2020,2021,2020-2021,41,4,"Recent development, 0-5 years",3,Rangeland or Pasture to Developed,South Carolina,Williamsburg,CONUS East 1,CONUS,v2025-11,10/1/1980 0:00,10/1/1980 0:00,ultisols,udults,paleudults,aquic paleudults,clayey,33.4562531,-79.5786591,3997,6759,US_NCSS_changed_pedons_2020_to_2021.csv
S1986-TX043-002-copy,443145,13311,13311,"S1986-TX043-002",1986,site_obsdate,2020,2021,2020-2021,35,4,"Recent development, 0-5 years",3,Rangeland or Pasture to Developed,Texas,Brewster,CONUS Central 1,CONUS,v2025-11,5/1/1986 0:00,5/1/1986 0:00,aridisols,calcids,haplocalcids,typic haplocalcids,loamy-skeletal,29.2244583,-103.0584639,4000,6943,US_NCSS_changed_pedons_2020_to_2021.csv
84TX121001,870922,11919,11919,"S1984TX121001",1984,site_obsdate,2020,2021,2020-2021,37,4,"Recent development, 0-5 years",1,Agriculture to Developed,Texas,Denton,CONUS Central 1,CONUS,v2025-11,11/3/1984 0:00,11/1/1984 0:00,vertisols,usterts,haplusterts,udic haplusterts,fine,33.1283340454102,-97.2269439697266,4000,6982,US_NCSS_changed_pedons_2020_to_2021.csv
79TX163001,51056,7421,7421,"S1979TX163001",1979,site_obsdate,2020,2021,2020-2021,42,4,"Recent development, 0-5 years",1,Agriculture to Developed,Texas,Frio,CONUS Central 1,CONUS,v2025-11,7/1/1979 0:00,7/1/1979 0:00,alfisols,ustalfs,haplustalfs,aridic haplustalfs,fine-loamy,28.7208328,-99.1569443,4000,7003,US_NCSS_changed_pedons_2020_to_2021.csv
S1958UT011002,1358594,924,924,"2019UT011001",1958,site_obsdate,2020,2021,2020-2021,63,4,"Recent development, 0-5 years",3,Rangeland or Pasture to Developed,Utah,Davis,CONUS West 2,CONUS,v2025-11,9/1/1958 0:00,9/1/1958 0:00,aridisols,salids,aquisalids,typic aquisalids,fine-silty,40.8466667,-111.9444444,4002,7190,US_NCSS_changed_pedons_2020_to_2021.csv
S1971UT021003,110812,6024,6024,"S1971UT021003",1971,site_obsdate,2020,2021,2020-2021,50,4,"Recent development, 0-5 years",3,Rangeland or Pasture to Developed,Utah,Iron,CONUS West 2,CONUS,v2025-11,6/1/1971 0:00,6/1/1971 0:00,aridisols,gypsids,haplogypsids,xeric haplogypsids,fine-loamy,37.6759987,-113.054100036621,4002,7195,US_NCSS_changed_pedons_2020_to_2021.csv
67UT035012,955795,5404,5404,"67UT035012",1967,site_obsdate,2020,2021,2020-2021,54,4,"Recent development, 0-5 years",3,Rangeland or Pasture to Developed,Utah,Salt Lake,CONUS West 2,CONUS,v2025-11,,8/25/1967 0:00,,,,,,40.6208333,-111.917503356934,4002,7202,US_NCSS_changed_pedons_2020_to_2021.csv
S1967UT039015,106434,5422,5422,"S1967UT039015",1967,site_obsdate,2020,2021,2020-2021,54,4,"Recent development, 0-5 years",3,Rangeland or Pasture to Developed,Utah,Sanpete,CONUS West 2,CONUS,v2025-11,9/1/1967 0:00,9/1/1967 0:00,,,,,,39.1286125,-111.7258301,4002,7204,US_NCSS_changed_pedons_2020_to_2021.csv
89AL005001-pgm,305164,39650,39031,"89AL005001-pgm",2008,site_obsdate,2021,2022,2021-2022,14,3,"Recent development, 0-5 years",3,Rangeland or Pasture to Developed,Alabama,Henry,CONUS Central 2,CONUS,v2025-11,2/13/2008 0:00,2/13/2008 0:00,ultisols,udults,paleudults,grossarenic plinthic paleudults,loamy,31.4069444,-85.4069444,3947,4289,US_NCSS_changed_pedons_2021_to_2022.csv
S1971AL097008,1098742,4070,4070,"S1971AL097008",1971,site_obsdate,2021,2022,2021-2022,51,3,"Recent development, 0-5 years",3,Rangeland or Pasture to Developed,Alabama,Mobile,CONUS Central 2,CONUS,v2025-11,3/7/1971 0:00,3/7/1971 0:00,ultisols,udults,paleudults,aquic paleudults,fine-loamy,30.9174385,-88.0344696,3947,4335,US_NCSS_changed_pedons_2021_to_2022.csv
S1969AZ003002,107723,5735,5735,"S1969AZ003002",1969,site_obsdate,2021,2022,2021-2022,53,3,"Recent development, 0-5 years",3,Rangeland or Pasture to Developed,Arizona,Cochise,CONUS West 2,CONUS,v2025-11,9/25/1969 0:00,9/25/1969 0:00,aridisols,argids,paleargids,ustic paleargids,fine,31.7425003,-109.9511108,3950,4435,US_NCSS_changed_pedons_2021_to_2022.csv
1976AR00501,813882,59032,58229,"1976AR00501",1976,site_obsdate,2021,2022,2021-2022,46,3,"Recent development, 0-5 years",2,Forest to Developed,Arkansas,Baxter,CONUS Central 2,CONUS,v2025-11,9/18/2017 0:00,6/1/1976 0:00,ultisols,udults,paleudults,typic paleudults,coarse-loamy,36.18027878,-92.16777802,3948,4356,US_NCSS_changed_pedons_2021_to_2022.csv
1965AR00702,813909,58323,57522,"1965AR00702",2012,site_obsdate,2021,2022,2021-2022,10,3,"Recent development, 0-5 years",1,Agriculture to Developed,Arkansas,Benton,CONUS Central 2,CONUS,v2025-11,,11/27/2012 0:00,,,,,,36.20420074,-94.5483017,3948,4357,US_NCSS_changed_pedons_2021_to_2022.csv
84CA029001,113588,11424,11424,"S1984CA029001",1984,site_obsdate,2021,2022,2021-2022,38,3,"Recent development, 0-5 years",3,Rangeland or Pasture to Developed,California,Kern,CONUS West 1,CONUS,v2025-11,6/3/1984 0:00,6/1/1984 0:00,entisols,fluvents,torrifluvents,duridic torrifluvents,coarse-loamy,35.6586113,-117.6358337,3951,4463,US_NCSS_changed_pedons_2021_to_2022.csv
S1969CA071023,100115,5582,5582,"S1969CA071023",1969,site_obsdate,2021,2022,2021-2022,53,3,"Recent development, 0-5 years",3,Rangeland or Pasture to Developed,California,San Bernardino,CONUS West 1,CONUS,v2025-11,6/10/1969 0:00,6/10/1969 0:00,mollisols,aquolls,endoaquolls,fluvaquentic endoaquolls,fine-silty,33.9905548,-117.6891632,3951,4484,US_NCSS_changed_pedons_2021_to_2022.csv
S08DE003001,272986,35110,34890,"S2008DE003001",2008,site_obsdate,2021,2022,2021-2022,14,3,"Recent development, 0-5 years",2,Forest to Developed,Delaware,New Castle,CONUS East 1,CONUS,v2025-11,2/20/2008 0:00,2/20/2008 0:00,ultisols,udults,hapludults,typic hapludults,fine-loamy,39.6646957,-75.7446136,3956,4580,US_NCSS_changed_pedons_2021_to_2022.csv
1980-FL005-S03_013,517130,51098,50372,"S1980-FL005-S03_013",2011,site_obsdate,2021,2022,2021-2022,11,3,"Recent development, 0-5 years",2,Forest to Developed,Florida,Bay,CONUS Central 2,CONUS,v2025-11,,4/15/2011 0:00,Ultisols,Udults,Paleudults,Grossarenic Paleudults,,30.2391586,-85.5380173,3957,4584,US_NCSS_changed_pedons_2021_to_2022.csv
S1973FL099018,968975,50630,49904,"S1973FL099018",2011,site_obsdate,2021,2022,2021-2022,11,3,"Recent development, 0-5 years",2,Forest to Developed,Florida,Broward,CONUS East 1,CONUS,v2025-11,,4/15/2011 0:00,histosols,saprists,haplosaprists,lithic haplosaprists,,26.3545475,-80.296051,3957,4631,US_NCSS_changed_pedons_2021_to_2022.csv
S1978FL071020,1171508,50976,50250,"S1978FL071020",2011,site_obsdate,2021,2022,2021-2022,11,3,"Recent development, 0-5 years",1,Agriculture to Developed,Florida,Lee,CONUS East 1,CONUS,v2025-11,,4/15/2011 0:00,spodosols,aquods,alaquods,arenic alaquods,sandy,26.6865158,-81.7055588,3957,4617,US_NCSS_changed_pedons_2021_to_2022.csv
S1977FL101012,952537,50913,50187,"S1977-FL101-S51_012",2011,site_obsdate,2021,2022,2021-2022,11,3,"Recent development, 0-5 years",3,Rangeland or Pasture to Developed,Florida,Pasco,CONUS East 1,CONUS,v2025-11,,4/15/2011 0:00,ultisols,udults,paleudults,grossarenic paleudults,loamy,28.3991852,-82.3105621,3957,4632,US_NCSS_changed_pedons_2021_to_2022.csv
S1981FL105012,874401,51207,50481,"S1981FL105012",2011,site_obsdate,2021,2022,2021-2022,11,3,"Recent development, 0-5 years",3,Rangeland or Pasture to Developed,Florida,Polk,CONUS East 1,CONUS,v2025-11,,4/15/2011 0:00,spodosols,aquods,alaquods,alfic alaquods,sandy over loamy,28.0453167,-81.8496628,3957,4634,US_NCSS_changed_pedons_2021_to_2022.csv
1978-FL109-S55_026,517360,51020,50294,"S1978-FL109-S55_026",2011,site_obsdate,2021,2022,2021-2022,11,3,"Recent development, 0-5 years",2,Forest to Developed,Florida,St. Johns,CONUS East 1,CONUS,v2025-11,,4/15/2011 0:00,Spodosols,Aquods,Alaquods,Typic Alaquods,,29.9207287,-81.424202,3957,4636,US_NCSS_changed_pedons_2021_to_2022.csv
1973-FL127-S64_005,518249,50648,49922,"S1973-FL127-S64_005",2011,site_obsdate,2021,2022,2021-2022,11,3,"Recent development, 0-5 years",2,Forest to Developed,Florida,Volusia,CONUS East 1,CONUS,v2025-11,,4/15/2011 0:00,Entisols,Psamments,Quartzipsamments,Lamellic Quartzipsamments,,28.9388027,-81.2565765,3957,4645,US_NCSS_changed_pedons_2021_to_2022.csv
1977IL019013,846613,36323,35708,"1977IL019013",1977,site_obsdate,2021,2022,2021-2022,45,3,"Recent development, 0-5 years",1,Agriculture to Developed,Illinois,Champaign,CONUS Central 2,CONUS,v2025-11,1/1/1977 0:00,1/1/1977 0:00,mollisols,aquolls,endoaquolls,typic endoaquolls,fine-loamy,40.3260455,-88.279007,3965,4970,US_NCSS_changed_pedons_2021_to_2022.csv
1983IL029067,824127,37084,36469,"1983IL029067",1983,site_obsdate,2021,2022,2021-2022,39,3,"Recent development, 0-5 years",1,Agriculture to Developed,Illinois,Coles,CONUS Central 2,CONUS,v2025-11,4/3/2014 0:00,5/1/1983 0:00,mollisols,udolls,argiudolls,aquic argiudolls,fine-silty,39.5217528,-88.2915556,3965,4975,US_NCSS_changed_pedons_2021_to_2022.csv
1980IL053002,846601,36648,36033,"1980IL053002",1980,site_obsdate,2021,2022,2021-2022,42,3,"Recent development, 0-5 years",3,Rangeland or Pasture to Developed,Illinois,Ford,CONUS Central 2,CONUS,v2025-11,3/1/1980 0:00,3/1/1980 0:00,alfisols,aqualfs,epiaqualfs,aeric epiaqualfs,fine,40.414903,-88.0201624,3965,4987,US_NCSS_changed_pedons_2021_to_2022.csv
1966IL061002,355147,36087,35472,"1966IL061002",1967,site_obsdate,2021,2022,2021-2022,55,3,"Recent development, 0-5 years",1,Agriculture to Developed,Illinois,Greene,CONUS Central 2,CONUS,v2025-11,5/1/1967 0:00,5/1/1967 0:00,alfisols,aqualfs,endoaqualfs,aeric endoaqualfs,fine-silty,39.1888914,-90.3899913,3965,4991,US_NCSS_changed_pedons_2021_to_2022.csv
1978IL103005,375410,36445,35830,"1978IL103005",1977,site_obsdate,2021,2022,2021-2022,45,3,"Recent development, 0-5 years",3,Rangeland or Pasture to Developed,Illinois,Lee,CONUS Central 2,CONUS,v2025-11,9/1/1977 0:00,9/1/1977 0:00,alfisols,udalfs,hapludalfs,oxyaquic hapludalfs,fine-silty,41.8380192,-89.5247331,3965,5012,US_NCSS_changed_pedons_2021_to_2022.csv
82IL-131-096,963452,36961,36346,"82IL-131-096",2014,site_obsdate,2021,2022,2021-2022,8,3,"Recent development, 0-5 years",1,Agriculture to Developed,Illinois,Mercer,CONUS Central 2,CONUS,v2025-11,,1/15/2014 0:00,mollisols,udolls,argiudolls,aquic argiudolls,fine,41.1369801,-90.5270656,3965,5026,US_NCSS_changed_pedons_2021_to_2022.csv
1945IL157003,314953,35914,35299,"1945IL157003",1945,site_obsdate,2021,2022,2021-2022,77,3,"Recent development, 0-5 years",3,Rangeland or Pasture to Developed,Illinois,Randolph,CONUS Central 2,CONUS,v2025-11,9/1/1945 0:00,9/1/1945 0:00,alfisols,udalfs,fragiudalfs,oxyaquic fragiudalfs,fine-silty,38.0217448,-89.887057,3965,5039,US_NCSS_changed_pedons_2021_to_2022.csv
1984IL183041,375307,37254,36639,"1984IL183041",1984,site_obsdate,2021,2022,2021-2022,38,3,"Recent development, 0-5 years",3,Rangeland or Pasture to Developed,Illinois,Vermilion,CONUS Central 2,CONUS,v2025-11,7/1/1984 0:00,7/1/1984 0:00,mollisols,udolls,hapludolls,entic hapludolls,sandy,40.35535049,-87.6777722,3965,5052,US_NCSS_changed_pedons_2021_to_2022.csv
1978IN017001,313413,38288,37673,"1978IN017001",1978,site_obsdate,2021,2022,2021-2022,44,3,"Recent development, 0-5 years",1,Agriculture to Developed,Indiana,Cass,CONUS Central 2,CONUS,v2025-11,4/20/1978 0:00,4/20/1978 0:00,alfisols,udalfs,hapludalfs,typic hapludalfs,fine-loamy,40.8810111,-86.3641972,3966,5071,US_NCSS_changed_pedons_2021_to_2022.csv
1977IN021044,313390,38217,37602,"1977IN021044",1977,site_obsdate,2021,2022,2021-2022,45,3,"Recent development, 0-5 years",3,Rangeland or Pasture to Developed,Indiana,Clay,CONUS Central 2,CONUS,v2025-11,9/6/1977 0:00,9/6/1977 0:00,alfisols,udalfs,hapludalfs,ultic hapludalfs,fine-loamy,39.5575528,-87.0509111,3966,5073,US_NCSS_changed_pedons_2021_to_2022.csv
90IN039004,126911,17451,17451,"S1990IN039004",1990,site_obsdate,2021,2022,2021-2022,32,3,"Recent development, 0-5 years",1,Agriculture to Developed,Indiana,Elkhart,CONUS Central 2,CONUS,v2025-11,8/3/1990 0:00,8/1/1990 0:00,entisols,psamments,udipsamments,aquic udipsamments,,41.7555542,-85.9349976,3966,5082,US_NCSS_changed_pedons_2021_to_2022.csv
1982IN051012,314320,39304,38689,"1982IN051012",1982,site_obsdate,2021,2022,2021-2022,40,3,"Recent development, 0-5 years",3,Rangeland or Pasture to Developed,Indiana,Gibson,CONUS Central 2,CONUS,v2025-11,11/17/1982 0:00,11/17/1982 0:00,entisols,fluvents,udifluvents,aquic udifluvents,coarse-silty,38.4127861,-87.5699222,3966,5088,US_NCSS_changed_pedons_2021_to_2022.csv
1983IN051013,314284,39213,38598,"1983IN051013",1983,site_obsdate,2021,2022,2021-2022,39,3,"Recent development, 0-5 years",1,Agriculture to Developed,Indiana,Gibson,CONUS Central 2,CONUS,v2025-11,11/1/1983 0:00,11/1/1983 0:00,alfisols,udalfs,hapludalfs,psammentic hapludalfs,mesic,38.2745583,-87.7601306,3966,5088,US_NCSS_changed_pedons_2021_to_2022.csv
1979IN071020,313091,38710,38095,"1979IN071020",1979,site_obsdate,2021,2022,2021-2022,43,3,"Recent development, 0-5 years",3,Rangeland or Pasture to Developed,Indiana,Jackson,CONUS Central 2,CONUS,v2025-11,11/1/1979 0:00,11/1/1979 0:00,alfisols,udalfs,hapludalfs,typic hapludalfs,fine-loamy,39.0008722,-85.9084083,3966,5098,US_NCSS_changed_pedons_2021_to_2022.csv
1979IN073024,313948,38933,38318,"1979IN073024",1979,site_obsdate,2021,2022,2021-2022,43,3,"Recent development, 0-5 years",3,Rangeland or Pasture to Developed,Indiana,Jasper,CONUS Central 2,CONUS,v2025-11,7/17/1979 0:00,7/17/1979 0:00,mollisols,udolls,hapludolls,entic hapludolls,sandy,40.9843639,-87.1516417,3966,5099,US_NCSS_changed_pedons_2021_to_2022.csv
1975IN083010,313178,38013,37398,"1975IN083010",1975,site_obsdate,2021,2022,2021-2022,47,3,"Recent development, 0-5 years",3,Rangeland or Pasture to Developed,Indiana,Knox,CONUS Central 2,CONUS,v2025-11,8/7/1975 0:00,8/7/1975 0:00,,,,,,38.8571472,-87.4369111,3966,5104,US_NCSS_changed_pedons_2021_to_2022.csv
1976IN103001,313463,38338,37723,"1976IN103001",1976,site_obsdate,2021,2022,2021-2022,46,3,"Recent development, 0-5 years",3,Rangeland or Pasture to Developed,Indiana,Miami,CONUS Central 2,CONUS,v2025-11,9/13/1976 0:00,9/13/1976 0:00,alfisols,udalfs,hapludalfs,typic hapludalfs,fine-loamy,40.9819806,-86.1368333,3966,5114,US_NCSS_changed_pedons_2021_to_2022.csv
S2002IN125001,139394,29926,29824,"S2002IN125001",2002,site_obsdate,2021,2022,2021-2022,20,3,"Recent development, 0-5 years",3,Rangeland or Pasture to Developed,Indiana,Pike,CONUS Central 2,CONUS,v2025-11,,12/10/2002 0:00,,,,,,38.4536095,-87.3144455,3966,5125,US_NCSS_changed_pedons_2021_to_2022.csv
1971IN181004,312802,37788,37173,"1971IN181004",1971,site_obsdate,2021,2022,2021-2022,51,3,"Recent development, 0-5 years",1,Agriculture to Developed,Indiana,White,CONUS Central 2,CONUS,v2025-11,9/8/1971 0:00,9/8/1971 0:00,,,,,,40.7376333,-86.7734306,3966,5153,US_NCSS_changed_pedons_2021_to_2022.csv
1975IN181010,922518,38927,38312,"1975IN181010",1975,site_obsdate,2021,2022,2021-2022,47,3,"Recent development, 0-5 years",1,Agriculture to Developed,Indiana,White,CONUS Central 2,CONUS,v2025-11,3/26/1975 0:00,3/26/1975 0:00,alfisols,aqualfs,endoaqualfs,umbric endoaqualfs,fine-loamy,40.7997472,-86.8909306,3966,5153,US_NCSS_changed_pedons_2021_to_2022.csv
84IA1130012,122468,12056,12056,"S1984IA1130012",1984,site_obsdate,2021,2022,2021-2022,38,3,"Recent development, 0-5 years",1,Agriculture to Developed,Iowa,Linn,CONUS Central 2,CONUS,v2025-11,11/3/1984 0:00,11/1/1984 0:00,mollisols,udolls,argiudolls,typic argiudolls,fine-loamy,42.0275002,-91.5416641,3963,4874,US_NCSS_changed_pedons_2021_to_2022.csv
93KS073001,19631,52272,51546,"93KS073001",1993,site_obsdate,2021,2022,2021-2022,29,3,"Recent development, 0-5 years",3,Rangeland or Pasture to Developed,Kansas,Greenwood,CONUS Central 1,CONUS,v2025-11,,9/15/1993 0:00,Mollisols,Ustolls,Haplustolls,Typic Haplustolls,,37.7080574,-96.0422211,3967,5191,US_NCSS_changed_pedons_2021_to_2022.csv
53KS087002,128082,1794,1794,"S1953KS087002",1953,site_obsdate,2021,2022,2021-2022,69,3,"Recent development, 0-5 years",3,Rangeland or Pasture to Developed,Kansas,Jefferson,CONUS Central 1,CONUS,v2025-11,6/1/1953 0:00,6/1/1953 0:00,mollisols,udolls,hapludolls,typic hapludolls,coarse-silty,39.0875015,-95.5752792,3967,5198,US_NCSS_changed_pedons_2021_to_2022.csv
03KS091002,135246,51990,51264,"03KS091002",2003,site_obsdate,2021,2022,2021-2022,19,3,"Recent development, 0-5 years",1,Agriculture to Developed,Kansas,Johnson,CONUS Central 2,CONUS,v2025-11,5/12/2003 0:00,5/12/2003 0:00,mollisols,udolls,argiudolls,typic argiudolls,fine,38.8070984,-94.6094055,3967,5200,US_NCSS_changed_pedons_2021_to_2022.csv
08KS095243,293725,52136,51410,"08KS095243",2008,site_obsdate,2021,2022,2021-2022,14,3,"Recent development, 0-5 years",3,Rangeland or Pasture to Developed,Kansas,Kingman,CONUS Central 1,CONUS,v2025-11,4/18/2008 0:00,4/18/2008 0:00,mollisols,ustolls,argiustolls,oxyaquic argiustolls,,37.4241219,-98.4466095,3967,5202,US_NCSS_changed_pedons_2021_to_2022.csv
S1953KS169003,102209,1743,1743,"S1953KS169003",1953,site_obsdate,2021,2022,2021-2022,69,3,"Recent development, 0-5 years",3,Rangeland or Pasture to Developed,Kansas,Saline,CONUS Central 1,CONUS,v2025-11,5/19/1953 0:00,5/19/1953 0:00,mollisols,ustolls,argiustolls,pachic argiustolls,fine,38.9075012,-97.7338867,3967,5239,US_NCSS_changed_pedons_2021_to_2022.csv
06LA017 Keithville OSD,199651,33860,33663,"06LA017 Keithville OSD",2006,site_obsdate,2021,2022,2021-2022,16,3,"Recent development, 0-5 years",3,Rangeland or Pasture to Developed,Louisiana,Caddo,CONUS Central 2,CONUS,v2025-11,5/22/2006 0:00,5/22/2006 0:00,alfisols,udalfs,paleudalfs,glossaquic paleudalfs,fine-silty,32.2783333,-93.8617222,3969,5388,US_NCSS_changed_pedons_2021_to_2022.csv
99MS151012,111242,25175,25175,"S1999MS151012",1999,site_obsdate,2021,2022,2021-2022,23,3,"Recent development, 0-5 years",3,Rangeland or Pasture to Developed,Mississippi,Washington,CONUS Central 2,CONUS,v2025-11,9/30/1999 0:00,9/30/1999 0:00,,,,,,33.3277206,-91.0160294,3978,5895,US_NCSS_changed_pedons_2021_to_2022.csv
1988MO019001,125076,15144,15144,"S1988MO019001",1988,site_obsdate,2021,2022,2021-2022,34,3,"Recent development, 0-5 years",3,Rangeland or Pasture to Developed,Missouri,Boone,CONUS Central 2,CONUS,v2025-11,5/3/1988 0:00,5/1/1988 0:00,alfisols,aqualfs,epiaqualfs,aeric vertic epiaqualfs,fine,38.8916664,-92.211113,3976,5710,US_NCSS_changed_pedons_2021_to_2022.csv
1988MO019001A,125077,15145,15145,"S1988MO019001A",1988,site_obsdate,2021,2022,2021-2022,34,3,"Recent development, 0-5 years",3,Rangeland or Pasture to Developed,Missouri,Boone,CONUS Central 2,CONUS,v2025-11,5/1/1988 0:00,5/1/1988 0:00,alfisols,aqualfs,epiaqualfs,vertic epiaqualfs,fine,38.8916664,-92.211113,3976,5710,US_NCSS_changed_pedons_2021_to_2022.csv
1988MO019001B,125078,15146,15146,"S1988MO019001B",1988,site_obsdate,2021,2022,2021-2022,34,3,"Recent development, 0-5 years",3,Rangeland or Pasture to Developed,Missouri,Boone,CONUS Central 2,CONUS,v2025-11,5/1/1988 0:00,5/1/1988 0:00,alfisols,aqualfs,epiaqualfs,vertic epiaqualfs,fine,38.8916664,-92.211113,3976,5710,US_NCSS_changed_pedons_2021_to_2022.csv
1988MO019001C,125079,15147,15147,"S1988MO019001C",1988,site_obsdate,2021,2022,2021-2022,34,3,"Recent development, 0-5 years",3,Rangeland or Pasture to Developed,Missouri,Boone,CONUS Central 2,CONUS,v2025-11,5/1/1988 0:00,5/1/1988 0:00,alfisols,aqualfs,albaqualfs,vertic albaqualfs,fine,38.8916664,-92.211113,3976,5710,US_NCSS_changed_pedons_2021_to_2022.csv
1988MO019001D,125080,15148,15148,"S1988MO019001D",1988,site_obsdate,2021,2022,2021-2022,34,3,"Recent development, 0-5 years",3,Rangeland or Pasture to Developed,Missouri,Boone,CONUS Central 2,CONUS,v2025-11,5/1/1988 0:00,5/1/1988 0:00,alfisols,aqualfs,epiaqualfs,vertic epiaqualfs,fine,38.8916664,-92.211113,3976,5710,US_NCSS_changed_pedons_2021_to_2022.csv
1988MO019001G,958094,15652,15652,"1988MO019001G",1989,site_obsdate,2021,2022,2021-2022,33,3,"Recent development, 0-5 years",3,Rangeland or Pasture to Developed,Missouri,Boone,CONUS Central 2,CONUS,v2025-11,,6/1/1989 0:00,alfisols,aqualfs,ochraqualfs,udollic ochraqualfs,,38.8916667,-92.2111111,3976,5710,US_NCSS_changed_pedons_2021_to_2022.csv
2007MO027060,697317,45901,45187,"2007MO027060",2006,site_obsdate,2021,2022,2021-2022,16,3,"Recent development, 0-5 years",1,Agriculture to Developed,Missouri,Callaway,CONUS Central 2,CONUS,v2025-11,11/8/2006 0:00,11/8/2006 0:00,alfisols,aqualfs,epiaqualfs,aeric vertic epiaqualfs,,38.9293611,-91.7093333,3976,5714,US_NCSS_changed_pedons_2021_to_2022.csv
2007MO027087,664725,45874,45160,"2007MO027087",2007,site_obsdate,2021,2022,2021-2022,15,3,"Recent development, 0-5 years",3,Rangeland or Pasture to Developed,Missouri,Callaway,CONUS Central 2,CONUS,v2025-11,4/25/2007 0:00,4/25/2007 0:00,alfisols,udalfs,hapludalfs,aquertic chromic hapludalfs,,38.9846111,-91.7134722,3976,5714,US_NCSS_changed_pedons_2021_to_2022.csv
2008MO027061,664136,45843,45129,"2008MO027061",2007,site_obsdate,2021,2022,2021-2022,15,3,"Recent development, 0-5 years",1,Agriculture to Developed,Missouri,Callaway,CONUS Central 2,CONUS,v2025-11,10/23/2007 0:00,10/23/2007 0:00,alfisols,aqualfs,albaqualfs,vertic albaqualfs,,38.9628333,-91.9942778,3976,5714,US_NCSS_changed_pedons_2021_to_2022.csv
1988MO041037,695809,45453,44739,"1988MO041037",1988,site_obsdate,2021,2022,2021-2022,34,3,"Recent development, 0-5 years",3,Rangeland or Pasture to Developed,Missouri,Chariton,CONUS Central 2,CONUS,v2025-11,4/1/1988 0:00,4/1/1988 0:00,,,,,,39.70415115,-93.1968333,3976,5721,US_NCSS_changed_pedons_2021_to_2022.csv
1995MO091014,88910,49058,48344,"1995MO091014",1995,site_obsdate,2021,2022,2021-2022,27,3,"Recent development, 0-5 years",3,Rangeland or Pasture to Developed,Missouri,Howell,CONUS Central 2,CONUS,v2025-11,3/8/1995 0:00,3/8/1995 0:00,ultisols,udults,paleudults,typic paleudults,clayey,36.9392778,-91.7024333,3976,5746,US_NCSS_changed_pedons_2021_to_2022.csv
2004MO113051TR,696931,46084,45370,"2004MO113051TR",2004,site_obsdate,2021,2022,2021-2022,18,3,"Recent development, 0-5 years",3,Rangeland or Pasture to Developed,Missouri,Lincoln,CONUS Central 2,CONUS,v2025-11,,1/7/2004 0:00,,,,,,38.9553056,-90.9957972,3976,5757,US_NCSS_changed_pedons_2021_to_2022.csv
1999MO119190,95144,47862,47148,"1999MO119190",1999,site_obsdate,2021,2022,2021-2022,23,3,"Recent development, 0-5 years",3,Rangeland or Pasture to Developed,Missouri,McDonald,CONUS Central 2,CONUS,v2025-11,10/12/1999 0:00,10/12/1999 0:00,alfisols,udalfs,hapludalfs,ultic hapludalfs,loamy-skeletal,36.5121667,-94.3896667,3976,5760,US_NCSS_changed_pedons_2021_to_2022.csv
1999MO119191,95145,47861,47147,"1999MO119191",1999,site_obsdate,2021,2022,2021-2022,23,3,"Recent development, 0-5 years",1,Agriculture to Developed,Missouri,McDonald,CONUS Central 2,CONUS,v2025-11,10/12/1999 0:00,10/12/1999 0:00,mollisols,udolls,hapludolls,typic hapludolls,loamy-skeletal,36.5121994,-94.3898889,3976,5760,US_NCSS_changed_pedons_2021_to_2022.csv
2006MO139079,664796,45927,45213,"2006MO139079",2006,site_obsdate,2021,2022,2021-2022,16,3,"Recent development, 0-5 years",3,Rangeland or Pasture to Developed,Missouri,Montgomery,CONUS Central 2,CONUS,v2025-11,5/30/2006 0:00,5/30/2006 0:00,alfisols,udalfs,hapludalfs,oxyaquic vertic hapludalfs,,38.8121667,-91.6173611,3976,5770,US_NCSS_changed_pedons_2021_to_2022.csv
S1981MO185001,110184,9096,9096,"S1981MO185001",1981,site_obsdate,2021,2022,2021-2022,41,3,"Recent development, 0-5 years",2,Forest to Developed,Missouri,St. Clair,CONUS Central 2,CONUS,v2025-11,6/3/1981 0:00,6/1/1981 0:00,ultisols,udults,hapludults,typic hapludults,fine,38.0092201,-93.7168732,3976,5793,US_NCSS_changed_pedons_2021_to_2022.csv
S1957MT045001,338321,5070,5070,"S1957MT045001",1957,site_obsdate,2021,2022,2021-2022,65,3,"Recent development, 0-5 years",3,Rangeland or Pasture to Developed,Montana,Judith Basin,CONUS West 2,CONUS,v2025-11,10/1/1957 0:00,10/1/1957 0:00,,,,,,47.2427788,-110.3847198,3979,5924,US_NCSS_changed_pedons_2021_to_2022.csv
80MT083002,120329,8014,8014,"S1980MT083002",1980,site_obsdate,2021,2022,2021-2022,42,3,"Recent development, 0-5 years",3,Rangeland or Pasture to Developed,Montana,Richland,CONUS Central 1,CONUS,v2025-11,8/3/1980 0:00,8/1/1980 0:00,mollisols,borolls,argiborolls,typic argiborolls,fine-loamy,47.7288895,-104.2091675,3979,5943,US_NCSS_changed_pedons_2021_to_2022.csv
91MT093003,127593,18363,18363,"S1991MT093003",1991,site_obsdate,2021,2022,2021-2022,31,3,"Recent development, 0-5 years",3,Rangeland or Pasture to Developed,Montana,Silver Bow,CONUS West 2,CONUS,v2025-11,7/1/1991 0:00,7/1/1991 0:00,mollisols,borolls,argiborolls,aridic argiborolls,,45.9986115,-112.6658325,3979,5948,US_NCSS_changed_pedons_2021_to_2022.csv
91MT093004,127594,18364,18364,"S1991MT093004",1991,site_obsdate,2021,2022,2021-2022,31,3,"Recent development, 0-5 years",3,Rangeland or Pasture to Developed,Montana,Silver Bow,CONUS West 2,CONUS,v2025-11,7/1/1991 0:00,7/1/1991 0:00,mollisols,borolls,argiborolls,aridic argiborolls,,45.9866676,-112.6650009,3979,5948,US_NCSS_changed_pedons_2021_to_2022.csv
90MT097013,113770,17688,17688,"S1990MT097013",1990,site_obsdate,2021,2022,2021-2022,32,3,"Recent development, 0-5 years",3,Rangeland or Pasture to Developed,Montana,Sweet Grass,CONUS West 2,CONUS,v2025-11,5/2/1990 0:00,5/2/1990 0:00,mollisols,borolls,argiborolls,typic argiborolls,,45.7593613,-109.7785721,3979,5950,US_NCSS_changed_pedons_2021_to_2022.csv
S1976NE119021,110340,2137,2137,"S1976NE119021",1976,site_obsdate,2021,2022,2021-2022,46,3,"Recent development, 0-5 years",1,Agriculture to Developed,Nebraska,Madison,CONUS Central 1,CONUS,v2025-11,,11/1/1976 0:00,ultisols,ustolls,haplustolls,udorthentic haplustolls,,42.0486107,-97.3722229,3982,6171,US_NCSS_changed_pedons_2021_to_2022.csv
1958NE133005,875317,2174,2174,"1958NE133005",1958,site_obsdate,2021,2022,2021-2022,64,3,"Recent development, 0-5 years",3,Rangeland or Pasture to Developed,Nebraska,Pawnee,CONUS Central 1,CONUS,v2025-11,8/8/1958 0:00,8/8/1958 0:00,mollisols,udolls,argiudolls,aquertic argiudolls,fine,40.0297203,-96.2005539,3982,6178,US_NCSS_changed_pedons_2021_to_2022.csv
S1959NJ025002,104226,289,289,"S1959NJ025002",1959,site_obsdate,2021,2022,2021-2022,63,3,"Recent development, 0-5 years",2,Forest to Developed,New Jersey,Monmouth,CONUS East 2,CONUS,v2025-11,8/19/1959 0:00,8/19/1959 0:00,,,,,,40.2261124,-74.2222214,3984,6227,US_NCSS_changed_pedons_2021_to_2022.csv
2018NM013214,1306424,732,732,"2018NM013214",1965,site_obsdate,2021,2022,2021-2022,57,3,"Recent development, 0-5 years",3,Rangeland or Pasture to Developed,New Mexico,Doña Ana,CONUS West 2,CONUS,v2025-11,10/18/2018 0:00,10/6/1965 0:00,aridisols,argids,calciargids,typic calciargids,fine-loamy,32.3919944,-106.7385861,3986,6243,US_NCSS_changed_pedons_2021_to_2022.csv
2018NM013254,1306465,5276,5276,"2018NM013254",1966,site_obsdate,2021,2022,2021-2022,56,3,"Recent development, 0-5 years",3,Rangeland or Pasture to Developed,New Mexico,Doña Ana,CONUS West 2,CONUS,v2025-11,11/5/2018 0:00,4/15/1966 0:00,aridisols,argids,calciargids,typic calciargids,coarse-loamy,32.2819333,-106.7397306,3986,6243,US_NCSS_changed_pedons_2021_to_2022.csv
S2004NY003004,164750,31394,31275,"S2004NY003004",2004,site_obsdate,2021,2022,2021-2022,18,3,"Recent development, 0-5 years",3,Rangeland or Pasture to Developed,New York,Allegany,CONUS East 1,CONUS,v2025-11,9/2/2004 0:00,9/2/2004 0:00,inceptisols,udepts,eutrudepts,aquic eutrudepts,,42.4137764,-77.7388611,3988,6287,US_NCSS_changed_pedons_2021_to_2022.csv
S1976NY045002,110614,1147,1147,"S1976NY045002",1976,site_obsdate,2021,2022,2021-2022,46,3,"Recent development, 0-5 years",2,Forest to Developed,New York,Jefferson,CONUS East 1,CONUS,v2025-11,7/14/1976 0:00,7/14/1976 0:00,alfisols,aqualfs,ochraqualfs,aeric ochraqualfs,very-fine,44.0475006,-76.1008301,3988,6308,US_NCSS_changed_pedons_2021_to_2022.csv
86NC083001,123429,13157,13157,"S1986NC083001",1986,site_obsdate,2021,2022,2021-2022,36,3,"Recent development, 0-5 years",3,Rangeland or Pasture to Developed,North Carolina,Halifax,CONUS East 1,CONUS,v2025-11,2/3/1986 0:00,2/1/1986 0:00,ultisols,udults,kandiudults,typic kandiudults,fine,36.3875008,-77.5911102,3980,6000,US_NCSS_changed_pedons_2021_to_2022.csv
64ND011005,47572,1338,1338,"64ND011005",1964,site_obsdate,2021,2022,2021-2022,58,3,"Recent development, 0-5 years",3,Rangeland or Pasture to Developed,North Dakota,Bowman,CONUS Central 1,CONUS,v2025-11,,10/7/1964 0:00,,,,,,46.23249817,-103.1830556,3981,6064,US_NCSS_changed_pedons_2021_to_2022.csv
1983OH013027,1107312,69100,67175,"1983OH013027",1983,site_obsdate,2021,2022,2021-2022,39,3,"Recent development, 0-5 years",3,Rangeland or Pasture to Developed,Ohio,Belmont,CONUS East 1,CONUS,v2025-11,,3/18/1983 0:00,entisols,orthents,udorthents,anthroportic udorthents,clayey-skeletal,40.0867167,-81.1089917,3989,6354,US_NCSS_changed_pedons_2021_to_2022.csv
S1964OH069083,1114799,68162,66237,"S1964OH069083",1964,site_obsdate,2021,2022,2021-2022,58,3,"Recent development, 0-5 years",1,Agriculture to Developed,Ohio,Henry,CONUS East 1,CONUS,v2025-11,,10/14/1964 0:00,inceptisols,aquepts,epiaquepts,mollic epiaquepts,fine,41.4167213,-84.112442,3989,6382,US_NCSS_changed_pedons_2021_to_2022.csv
1964OH159018,842834,68205,66280,"S1964OH159018",1964,site_obsdate,2021,2022,2021-2022,58,3,"Recent development, 0-5 years",3,Rangeland or Pasture to Developed,Ohio,Union,CONUS East 1,CONUS,v2025-11,,7/23/1964 0:00,Alfisols,Aqualfs,Epiaqualfs,Aeric Epiaqualfs,fine,40.16889954,-83.31700134,3989,6427,US_NCSS_changed_pedons_2021_to_2022.csv
1961-OH171-002,750578,67809,65884,"1961-OH171-002",1961,site_obsdate,2021,2022,2021-2022,61,3,"Recent development, 0-5 years",1,Agriculture to Developed,Ohio,Williams,CONUS East 1,CONUS,v2025-11,8/22/1961 0:00,8/22/1961 0:00,alfisols,aqualfs,epiaqualfs,aeric epiaqualfs,fine,41.4280052,-84.4786224,3989,6433,US_NCSS_changed_pedons_2021_to_2022.csv
S1982OR001003,113837,9914,9914,"S1982OR001003",1982,site_obsdate,2021,2022,2021-2022,40,3,"Recent development, 0-5 years",1,Agriculture to Developed,Oregon,Baker,CONUS West 1,CONUS,v2025-11,6/1/1982 0:00,6/1/1982 0:00,mollisols,xerolls,haploxerolls,pachic haploxerolls,fine-loamy,44.8951416,-117.1090698,3991,6513,US_NCSS_changed_pedons_2021_to_2022.csv
S1959OR043004,105178,894,894,"S1959OR043004",1959,site_obsdate,2021,2022,2021-2022,63,3,"Recent development, 0-5 years",3,Rangeland or Pasture to Developed,Oregon,Linn,CONUS West 1,CONUS,v2025-11,10/27/1959 0:00,10/27/1959 0:00,mollisols,albolls,argialbolls,argiaquic xeric argialbolls,fine-silty,44.6036949,-123.0586853,3991,6534,US_NCSS_changed_pedons_2021_to_2022.csv
S2005PA063780,275166,34830,34616,"S2005PA063780",2005,site_obsdate,2021,2022,2021-2022,17,3,"Recent development, 0-5 years",3,Rangeland or Pasture to Developed,Pennsylvania,Indiana,CONUS East 1,CONUS,v2025-11,,11/22/2005 0:00,ultisols,udults,fragiudults,aquic fragiudults,fine-loamy,40.4958878,-79.390419,3992,6580,US_NCSS_changed_pedons_2021_to_2022.csv
S1963PR005001,1176493,577,577,"S1963PR005001",1963,site_obsdate,2021,2022,2021-2022,59,3,"Recent development, 0-5 years",3,Rangeland or Pasture to Developed,Puerto Rico,Aguadilla,Puerto Rico and U.S. Virgin Islands,PRUSVI,v2024-10,9/26/1963 0:00,9/26/1963 0:00,oxisols,udox,hapludox,typic hapludox,very-fine,18.4519444,-67.1158371,3994,6618,US_NCSS_changed_pedons_2021_to_2022.csv
S1959PR019003,105441,574,574,"S1959PR019003",1959,site_obsdate,2021,2022,2021-2022,63,3,"Recent development, 0-5 years",3,Rangeland or Pasture to Developed,Puerto Rico,Barranquitas,Puerto Rico and U.S. Virgin Islands,PRUSVI,v2024-10,12/10/1959 0:00,12/10/1959 0:00,oxisols,udox,hapludox,humic hapludox,very-fine,18.2391663,-66.2716675,3994,6625,US_NCSS_changed_pedons_2021_to_2022.csv
S1961TN045008,105854,4692,4692,"S1961TN045008",1961,site_obsdate,2021,2022,2021-2022,61,3,"Recent development, 0-5 years",3,Rangeland or Pasture to Developed,Tennessee,Dyer,CONUS Central 2,CONUS,v2025-11,2/1/1961 0:00,2/1/1961 0:00,,,,,,36.0572205,-89.3491669,3999,6849,US_NCSS_changed_pedons_2021_to_2022.csv
81TX027003,120495,8422,8422,"S1981TX027003",1981,site_obsdate,2021,2022,2021-2022,41,3,"Recent development, 0-5 years",3,Rangeland or Pasture to Developed,Texas,Bell,CONUS Central 1,CONUS,v2025-11,3/3/1981 0:00,3/1/1981 0:00,alfisols,ustalfs,paleustalfs,udic paleustalfs,fine,31.0041676,-97.4430542,4000,6935,US_NCSS_changed_pedons_2021_to_2022.csv
92TX085001,105999,19218,19218,"S1992TX085001",1992,site_obsdate,2021,2022,2021-2022,30,3,"Recent development, 0-5 years",1,Agriculture to Developed,Texas,Collin,CONUS Central 1,CONUS,v2025-11,4/9/1992 0:00,4/9/1992 0:00,vertisols,usterts,calciusterts,udic calciusterts,fine,32.9874992,-96.7644424,4000,6964,US_NCSS_changed_pedons_2021_to_2022.csv
92TX085002,106000,19219,19219,"S1992TX085002",1992,site_obsdate,2021,2022,2021-2022,30,3,"Recent development, 0-5 years",1,Agriculture to Developed,Texas,Collin,CONUS Central 1,CONUS,v2025-11,4/9/1992 0:00,4/9/1992 0:00,vertisols,usterts,calciusterts,udic calciusterts,fine,32.9874992,-96.7644424,4000,6964,US_NCSS_changed_pedons_2021_to_2022.csv
92TX085003,106001,19220,19220,"S1992TX085003",1992,site_obsdate,2021,2022,2021-2022,30,3,"Recent development, 0-5 years",1,Agriculture to Developed,Texas,Collin,CONUS Central 1,CONUS,v2025-11,4/9/1992 0:00,4/9/1992 0:00,vertisols,usterts,haplusterts,udic haplusterts,fine,32.9874992,-96.7644424,4000,6964,US_NCSS_changed_pedons_2021_to_2022.csv
MLRA78-Vernon-TX253-001,248532,7863,7863,"S80-TX253-001",1980,site_obsdate,2021,2022,2021-2022,42,3,"Recent development, 0-5 years",3,Rangeland or Pasture to Developed,Texas,Jones,CONUS Central 1,CONUS,v2025-11,5/1/1980 0:00,5/1/1980 0:00,inceptisols,ochrepts,ustochrepts,typic ustochrepts,fine,32.7505569,-99.6816635,4000,7048,US_NCSS_changed_pedons_2021_to_2022.csv
S12TX3391033,773083,70179,68212,"S12TX3391033",2012,site_obsdate,2021,2022,2021-2022,10,3,"Recent development, 0-5 years",2,Forest to Developed,Texas,Montgomery,CONUS Central 1,CONUS,v2025-11,8/16/2012 0:00,8/16/2012 0:00,alfisols,aqualfs,glossaqualfs,typic glossudalfs,fine-loamy,30.1275556,-95.1630167,4000,7091,US_NCSS_changed_pedons_2021_to_2022.csv
2000WV053301,533941,55533,54732,"2000WV053301",2000,site_obsdate,2021,2022,2021-2022,22,3,"Recent development, 0-5 years",3,Rangeland or Pasture to Developed,West Virginia,Mason,CONUS East 1,CONUS,v2025-11,5/17/2000 0:00,5/17/2000 0:00,alfisols,udalfs,hapludalfs,ultic hapludalfs,fine-silty,38.9160806,-82.1136611,4008,7505,US_NCSS_changed_pedons_2021_to_2022.csv
79WV067011,407472,7341,7341,"S1979WV067011",1979,site_obsdate,2021,2022,2021-2022,43,3,"Recent development, 0-5 years",3,Rangeland or Pasture to Developed,West Virginia,Nicholas,CONUS East 1,CONUS,v2025-11,6/1/1979 0:00,6/1/1979 0:00,ultisols,udults,hapludults,typic hapludults,fine,38.2819443,-80.7344437,4008,7512,US_NCSS_changed_pedons_2021_to_2022.csv
70WI073004,127970,1595,1595,"S1970WI073004",1970,site_obsdate,2021,2022,2021-2022,52,3,"Recent development, 0-5 years",3,Rangeland or Pasture to Developed,Wisconsin,Marathon,CONUS Central 2,CONUS,v2025-11,6/1/1970 0:00,6/1/1970 0:00,alfisols,udalfs,glossudalfs,haplic glossudalfs,fine-loamy,44.9636116,-89.788887,4007,7443,US_NCSS_changed_pedons_2021_to_2022.csv
79WY029005,119945,7309,7309,"S1979WY029005",1979,site_obsdate,2021,2022,2021-2022,43,3,"Recent development, 0-5 years",3,Rangeland or Pasture to Developed,Wyoming,Park,CONUS West 2,CONUS,v2025-11,6/1/1979 0:00,6/1/1979 0:00,aridisols,orthids,calciorthids,ustollic calciorthids,,44.5522232,-109.0952759,4009,7548,US_NCSS_changed_pedons_2021_to_2022.csv
87AL109002-pgm,318815,39883,39264,"87AL109002-pgm",1982,site_obsdate,2022,2023,2022-2023,41,2,"Recent development, 0-5 years",1,Agriculture to Developed,Alabama,Pike,CONUS Central 2,CONUS,v2025-11,9/23/1982 0:00,9/23/1982 0:00,ultisols,udults,paleudults,grossarenic plinthic paleudults,loamy,31.72722816,-86.11417389,3947,4341,US_NCSS_changed_pedons_2022_to_2023.csv
S09CA009003,308078,39981,39362,"S2008CA630DWB003",2008,site_obsdate,2022,2023,2022-2023,15,2,"Recent development, 0-5 years",3,Rangeland or Pasture to Developed,California,Calaveras,CONUS West 1,CONUS,v2025-11,4/16/2008 0:00,4/16/2008 0:00,ultisols,humults,haplohumults,xeric haplohumults,fine-loamy,38.2019463,-120.5422211,3951,4453,US_NCSS_changed_pedons_2022_to_2023.csv
79CA033034,956449,8155,8155,"79CA033034",1981,site_obsdate,2022,2023,2022-2023,42,2,"Recent development, 0-5 years",2,Forest to Developed,California,Lake,CONUS West 1,CONUS,v2025-11,,6/1/1981 0:00,alfisols,xeralfs,palexeralfs,ultic palexeralfs,loamy-skeletal,38.9091667,-122.7952778,3951,4465,US_NCSS_changed_pedons_2022_to_2023.csv
86CA051003,123796,13648,13648,"S1986CA051003",1986,site_obsdate,2022,2023,2022-2023,37,2,"Recent development, 0-5 years",3,Rangeland or Pasture to Developed,California,Mono,CONUS West 1,CONUS,v2025-11,9/1/1986 0:00,9/1/1986 0:00,entisols,psamments,torripsamments,vitrandic torripsamments,ashy,37.9238167,-119.0181808,3951,4474,US_NCSS_changed_pedons_2022_to_2023.csv
S1957CA065002,100082,2788,2788,"S1957CA065002",1957,site_obsdate,2022,2023,2022-2023,66,2,"Recent development, 0-5 years",3,Rangeland or Pasture to Developed,California,Riverside,CONUS West 1,CONUS,v2025-11,6/3/1957 0:00,6/3/1957 0:00,entisols,fluvents,xerofluvents,typic xerofluvents,coarse-loamy,33.7344437,-116.9508362,3951,4481,US_NCSS_changed_pedons_2022_to_2023.csv
1979-FL001-S01_095,516087,51031,50305,"S1979-FL001-S01_095",2011,site_obsdate,2022,2023,2022-2023,12,2,"Recent development, 0-5 years",3,Rangeland or Pasture to Developed,Florida,Alachua,CONUS East 1,CONUS,v2025-11,,4/15/2011 0:00,Ultisols,Udults,Paleudults,Arenic Paleudults,,29.6349831,-82.3638611,3957,4582,US_NCSS_changed_pedons_2022_to_2023.csv
S1953FL033034,100591,4811,4811,"S1953FL033034",1953,site_obsdate,2022,2023,2022-2023,70,2,"Recent development, 0-5 years",3,Rangeland or Pasture to Developed,Florida,Escambia,CONUS Central 2,CONUS,v2025-11,8/27/1953 0:00,8/27/1953 0:00,,,,,,30.4766178,-87.3019485,3957,4598,US_NCSS_changed_pedons_2022_to_2023.csv
YYYY-FL039-S20_020,518367,51783,51057,"YYYY-FL039-S20_020",2011,site_obsdate,2022,2023,2022-2023,12,2,"Recent development, 0-5 years",2,Forest to Developed,Florida,Gadsden,CONUS East 1,CONUS,v2025-11,,4/15/2011 0:00,Ultisols,Udults,Kandiudults,Typic Kandiudults,,30.5656395,-84.4306488,3957,4601,US_NCSS_changed_pedons_2022_to_2023.csv
1983-FL061-S31_018,517639,51291,50565,"S1983-FL061-S31_018",2011,site_obsdate,2022,2023,2022-2023,12,2,"Recent development, 0-5 years",3,Rangeland or Pasture to Developed,Florida,Indian River,CONUS East 1,CONUS,v2025-11,,4/15/2011 0:00,Entisols,Psamments,Quartzipsamments,Spodic Quartzipsamments,,27.8175259,-80.505127,3957,4612,US_NCSS_changed_pedons_2022_to_2023.csv
S2012FL107001,916889,74279,134884,"S2012FL107001",2014,samp_classdate,2022,2023,2022-2023,9,2,"Recent development, 0-5 years",2,Forest to Developed,Florida,Putnam,CONUS East 1,CONUS,v2025-11,2/26/2014 0:00,,entisols,psamments,quartzipsamments,typic quartzipsamments,,29.6882139,-81.993425,3957,4635,US_NCSS_changed_pedons_2022_to_2023.csv
S08FL133001,283573,34847,34633,"S2008FL133001",2007,site_obsdate,2022,2023,2022-2023,16,2,"Recent development, 0-5 years",2,Forest to Developed,Florida,Washington,CONUS Central 2,CONUS,v2025-11,12/15/2007 0:00,12/13/2007 0:00,entisols,psamments,quartzipsamments,typic quartzipsamments,,30.5303555,-85.7143555,3957,4648,US_NCSS_changed_pedons_2022_to_2023.csv
83GA089002,121336,10296,10296,"S1983GA089002",1983,site_obsdate,2022,2023,2022-2023,40,2,"Recent development, 0-5 years",2,Forest to Developed,Georgia,DeKalb,CONUS East 1,CONUS,v2025-11,3/1/1983 0:00,3/1/1983 0:00,inceptisols,ochrepts,dystrochrepts,typic dystrochrepts,,33.6705551,-84.1238861,3960,4696,US_NCSS_changed_pedons_2022_to_2023.csv
82ID069005,121200,10050,10050,"S1982ID069005",1982,site_obsdate,2022,2023,2022-2023,41,2,"Recent development, 0-5 years",1,Agriculture to Developed,Idaho,Nez Perce,CONUS West 1,CONUS,v2025-11,9/1/1982 0:00,9/1/1982 0:00,mollisols,xerolls,natrixerolls,typic natrixerolls,,46.3991661,-116.8544464,3964,4951,US_NCSS_changed_pedons_2022_to_2023.csv
82ID069006,121201,10051,10051,"S1982ID069006",1982,site_obsdate,2022,2023,2022-2023,41,2,"Recent development, 0-5 years",1,Agriculture to Developed,Idaho,Nez Perce,CONUS West 1,CONUS,v2025-11,9/3/1982 0:00,9/1/1982 0:00,mollisols,xerolls,natrixerolls,typic natrixerolls,fine-silty,46.3991661,-116.8544464,3964,4951,US_NCSS_changed_pedons_2022_to_2023.csv
92ID079002,127885,18903,18903,"S1992ID079002",1992,site_obsdate,2022,2023,2022-2023,31,2,"Recent development, 0-5 years",3,Rangeland or Pasture to Developed,Idaho,Shoshone,CONUS West 1,CONUS,v2025-11,10/1/1992 0:00,10/1/1992 0:00,alfisols,aqualfs,umbraqualfs,typic umbraqualfs,,47.0134773,-116.2460251,3964,4956,US_NCSS_changed_pedons_2022_to_2023.csv
1989IL027184,314688,37640,37025,"1989IL027184",1989,site_obsdate,2022,2023,2022-2023,34,2,"Recent development, 0-5 years",1,Agriculture to Developed,Illinois,Clinton,CONUS Central 2,CONUS,v2025-11,8/1/1989 0:00,8/1/1989 0:00,alfisols,aqualfs,epiaqualfs,aeric epiaqualfs,fine-silty,38.53937531,-89.4531611,3965,4974,US_NCSS_changed_pedons_2022_to_2023.csv
80IL-049-001,963393,36693,36078,"80IL-049-001",1980,site_obsdate,2022,2023,2022-2023,43,2,"Recent development, 0-5 years",2,Forest to Developed,Illinois,Effingham,CONUS Central 2,CONUS,v2025-11,,4/1/1980 0:00,alfisols,udalfs,hapludalfs,ultic hapludalfs,fine-silty,39.1188324,-88.5939638,3965,4985,US_NCSS_changed_pedons_2022_to_2023.csv
1977IL019029,355166,36327,35712,"1977IL019029",1977,site_obsdate,2022,2023,2022-2023,46,2,"Recent development, 0-5 years",3,Rangeland or Pasture to Developed,Illinois,Ford,CONUS Central 2,CONUS,v2025-11,1/1/1977 0:00,1/1/1977 0:00,mollisols,udolls,argiudolls,oxyaquic argiudolls,fine,40.3992642,-88.2636399,3965,4970,US_NCSS_changed_pedons_2022_to_2023.csv
S1993IL055107,101656,20572,20572,"S1993IL055107",1993,site_obsdate,2022,2023,2022-2023,30,2,"Recent development, 0-5 years",3,Rangeland or Pasture to Developed,Illinois,Franklin,CONUS Central 2,CONUS,v2025-11,6/19/1993 0:00,6/17/1993 0:00,alfisols,aqualfs,albaqualfs,mollic albaqualfs,fine-silty,38.0241661,-88.9052811,3965,4988,US_NCSS_changed_pedons_2022_to_2023.csv
S1930IL095003,932709,35860,35245,"1930IL095003",1930,site_obsdate,2022,2023,2022-2023,93,2,"Recent development, 0-5 years",1,Agriculture to Developed,Illinois,Knox,CONUS Central 2,CONUS,v2025-11,10/1/1930 0:00,10/1/1930 0:00,mollisols,udolls,argiudolls,aquic argiudolls,fine-silty,41.0336648,-90.1420221,3965,5008,US_NCSS_changed_pedons_2022_to_2023.csv
1977IL103035,375653,36419,35804,"1977IL103035",1977,site_obsdate,2022,2023,2022-2023,46,2,"Recent development, 0-5 years",3,Rangeland or Pasture to Developed,Illinois,Lee,CONUS Central 2,CONUS,v2025-11,8/1/1977 0:00,8/1/1977 0:00,mollisols,aquolls,endoaquolls,typic endoaquolls,fine-loamy,41.7302507,-89.3625775,3965,5012,US_NCSS_changed_pedons_2022_to_2023.csv
1985IL149029,375099,37369,36754,"1985IL149029",1985,site_obsdate,2022,2023,2022-2023,38,2,"Recent development, 0-5 years",3,Rangeland or Pasture to Developed,Illinois,Pike,CONUS Central 2,CONUS,v2025-11,6/1/1985 0:00,6/1/1985 0:00,alfisols,aqualfs,endoaqualfs,udollic endoaqualfs,fine-silty,39.5788002,-90.90570068,3965,5035,US_NCSS_changed_pedons_2022_to_2023.csv
1983IL161003,906701,37699,37084,"1983IL161003",2007,site_obsdate,2022,2023,2022-2023,16,2,"Recent development, 0-5 years",3,Rangeland or Pasture to Developed,Illinois,Rock Island,CONUS Central 2,CONUS,v2025-11,10/5/2007 0:00,10/5/2007 0:00,mollisols,udolls,argiudolls,oxyaquic argiudolls,fine-silty,41.4180556,-90.6827778,3965,5041,US_NCSS_changed_pedons_2022_to_2023.csv
S1979IN001004,770313,38575,37960,"S1979IN001004",1979,site_obsdate,2022,2023,2022-2023,44,2,"Recent development, 0-5 years",1,Agriculture to Developed,Indiana,Adams,CONUS East 1,CONUS,v2025-11,10/16/1979 0:00,10/16/1979 0:00,alfisols,aqualfs,epiaqualfs,aeric epiaqualfs,fine,40.5959194,-84.9337694,3966,5063,US_NCSS_changed_pedons_2022_to_2023.csv
S1955IN003012,101863,4986,4986,"S1955IN003012",1955,site_obsdate,2022,2023,2022-2023,68,2,"Recent development, 0-5 years",1,Agriculture to Developed,Indiana,Allen,CONUS East 1,CONUS,v2025-11,10/1/1955 0:00,10/1/1955 0:00,alfisols,aqualfs,epiaqualfs,aeric epiaqualfs,fine,40.9936333,-84.8793716,3966,5064,US_NCSS_changed_pedons_2022_to_2023.csv
1970IN005001,309073,37747,37132,"1970IN005001",1970,site_obsdate,2022,2023,2022-2023,53,2,"Recent development, 0-5 years",3,Rangeland or Pasture to Developed,Indiana,Bartholomew,CONUS Central 2,CONUS,v2025-11,12/1/1970 0:00,12/1/1970 0:00,,,,,,39.1342917,-85.9816806,3966,5065,US_NCSS_changed_pedons_2022_to_2023.csv
S2001IN005003,128252,27346,27318,"S2001IN005003",2001,site_obsdate,2022,2023,2022-2023,22,2,"Recent development, 0-5 years",1,Agriculture to Developed,Indiana,Bartholomew,CONUS Central 2,CONUS,v2025-11,12/4/2001 0:00,12/4/2001 0:00,mollisols,aquolls,argiaquolls,typic argiaquolls,fine-silty,39.2580872,-85.7951431,3966,5065,US_NCSS_changed_pedons_2022_to_2023.csv
1980IN007031,314051,38980,38365,"1980IN007031",1980,site_obsdate,2022,2023,2022-2023,43,2,"Recent development, 0-5 years",1,Agriculture to Developed,Indiana,Benton,CONUS Central 2,CONUS,v2025-11,10/6/1980 0:00,10/6/1980 0:00,mollisols,aquolls,haplaquolls,cumulic haplaquolls,fine-loamy,40.6793251,-87.4403222,3966,5066,US_NCSS_changed_pedons_2022_to_2023.csv
1977IN031001,313883,38670,38055,"1977IN031001",1977,site_obsdate,2022,2023,2022-2023,46,2,"Recent development, 0-5 years",3,Rangeland or Pasture to Developed,Indiana,Decatur,CONUS Central 2,CONUS,v2025-11,7/13/1977 0:00,7/13/1977 0:00,inceptisols,ochrepts,eutrochrepts,fluventic eutrochrepts,fine-loamy,39.24692535,-85.5322417,3966,5078,US_NCSS_changed_pedons_2022_to_2023.csv
1980IN049011,313708,38873,38258,"1980IN049011",1980,site_obsdate,2022,2023,2022-2023,43,2,"Recent development, 0-5 years",3,Rangeland or Pasture to Developed,Indiana,Fulton,CONUS Central 2,CONUS,v2025-11,8/28/1980 0:00,8/28/1980 0:00,alfisols,udalfs,hapludalfs,typic hapludalfs,fine-loamy,41.04172516,-86.0566111,3966,5087,US_NCSS_changed_pedons_2022_to_2023.csv
1976IN077011,313393,38220,37605,"1976IN077011",1976,site_obsdate,2022,2023,2022-2023,47,2,"Recent development, 0-5 years",3,Rangeland or Pasture to Developed,Indiana,Jefferson,CONUS Central 2,CONUS,v2025-11,10/22/1976 0:00,10/22/1976 0:00,alfisols,udalfs,fragiudalfs,typic fragiudalfs,fine-silty,38.6986917,-85.4753417,3966,5101,US_NCSS_changed_pedons_2022_to_2023.csv
1974IN085002,313117,37952,37337,"1974IN085002",1974,site_obsdate,2022,2023,2022-2023,49,2,"Recent development, 0-5 years",1,Agriculture to Developed,Indiana,Kosciusko,CONUS Central 2,CONUS,v2025-11,9/4/1974 0:00,9/4/1974 0:00,,,,,,41.4339833,-85.9633167,3966,5105,US_NCSS_changed_pedons_2022_to_2023.csv
1978IN107001,313508,38480,37865,"1978IN107001",1977,site_obsdate,2022,2023,2022-2023,46,2,"Recent development, 0-5 years",1,Agriculture to Developed,Indiana,Montgomery,CONUS Central 2,CONUS,v2025-11,11/4/1977 0:00,11/4/1977 0:00,mollisols,aquolls,haplaquolls,typic haplaquolls,fine-silty,40.1858417,-86.8348389,3966,5116,US_NCSS_changed_pedons_2022_to_2023.csv
1984IN157024,314371,39355,38740,"1984IN157024",1984,site_obsdate,2022,2023,2022-2023,39,2,"Recent development, 0-5 years",3,Rangeland or Pasture to Developed,Indiana,Tippecanoe,CONUS Central 2,CONUS,v2025-11,9/6/1984 0:00,9/6/1984 0:00,alfisols,udalfs,hapludalfs,typic hapludalfs,fine-loamy,40.35200119,-86.7232972,3966,5141,US_NCSS_changed_pedons_2022_to_2023.csv
1977IN169010,312874,38190,37575,"1977IN169010",1977,site_obsdate,2022,2023,2022-2023,46,2,"Recent development, 0-5 years",1,Agriculture to Developed,Indiana,Wabash,CONUS Central 2,CONUS,v2025-11,7/23/1977 0:00,7/23/1977 0:00,alfisols,udalfs,hapludalfs,typic hapludalfs,fine-loamy,41.0210583,-85.7221667,3966,5147,US_NCSS_changed_pedons_2022_to_2023.csv
84IN183003,957376,11252,11252,"84IN183003",1984,site_obsdate,2022,2023,2022-2023,39,2,"Recent development, 0-5 years",1,Agriculture to Developed,Indiana,Whitley,CONUS Central 2,CONUS,v2025-11,8/3/1984 0:00,6/1/1984 0:00,alfisols,udalfs,hapludalfs,typic hapludalfs,fine-loamy,41.1736111,-85.67250061,3966,5154,US_NCSS_changed_pedons_2022_to_2023.csv
84IA079001,957529,11869,11869,"84IA079001",1985,site_obsdate,2022,2023,2022-2023,38,2,"Recent development, 0-5 years",3,Rangeland or Pasture to Developed,Iowa,Hamilton,CONUS Central 2,CONUS,v2025-11,12/3/1992 0:00,6/1/1985 0:00,mollisols,udolls,hapludolls,typic hapludolls,fine-loamy,42.2102778,-93.7761111,3963,4857,US_NCSS_changed_pedons_2022_to_2023.csv
85IA0790031,122462,12050,12050,"S1985IA0790031",1985,site_obsdate,2022,2023,2022-2023,38,2,"Recent development, 0-5 years",1,Agriculture to Developed,Iowa,Hamilton,CONUS Central 2,CONUS,v2025-11,10/3/1985 0:00,10/1/1985 0:00,mollisols,udolls,hapludolls,typic hapludolls,fine-loamy,42.5455551,-93.7744446,3963,4857,US_NCSS_changed_pedons_2022_to_2023.csv
96KS155415,102201,22958,22958,"S1996KS155415",1996,site_obsdate,2022,2023,2022-2023,27,2,"Recent development, 0-5 years",3,Rangeland or Pasture to Developed,Kansas,Reno,CONUS Central 1,CONUS,v2025-11,10/29/1996 0:00,10/29/1996 0:00,mollisols,ustolls,argiustolls,pachic argiustolls,,37.8064156,-98.01002502,3967,5232,US_NCSS_changed_pedons_2022_to_2023.csv
S2001KS177007,132474,28824,28751,"S2001KS177007",2001,site_obsdate,2022,2023,2022-2023,22,2,"Recent development, 0-5 years",1,Agriculture to Developed,Kansas,Shawnee,CONUS Central 1,CONUS,v2025-11,11/28/2001 0:00,11/28/2001 0:00,mollisols,udolls,hapludolls,cumulic hapludolls,,39.13683701,-95.9366379,3967,5243,US_NCSS_changed_pedons_2022_to_2023.csv
77KY211 Shelbyville-OSD,359003,55166,54365,"77KY211 Shelbyville-OSD",2009,site_obsdate,2022,2023,2022-2023,14,2,"Recent development, 0-5 years",3,Rangeland or Pasture to Developed,Kentucky,Shelby,CONUS Central 2,CONUS,v2025-11,9/9/2009 0:00,9/9/2009 0:00,alfisols,udalfs,hapludalfs,mollic hapludalfs,fine-silty,38.2082443,-85.1744461,3968,5365,US_NCSS_changed_pedons_2022_to_2023.csv
S2000MD041023,804506,26127,26127,"S2000MD041023",2000,site_obsdate,2022,2023,2022-2023,23,2,"Recent development, 0-5 years",3,Rangeland or Pasture to Developed,Maryland,Talbot,CONUS East 1,CONUS,v2025-11,9/23/2000 0:00,9/23/2000 0:00,alfisols,udalfs,hapludalfs,ultic hapludalfs,fine-silty,38.7057991,-76.0294571,3971,5477,US_NCSS_changed_pedons_2022_to_2023.csv
S1978MA009007,791758,9070,9070,"S1978MA009007",1978,site_obsdate,2022,2023,2022-2023,45,2,"Recent development, 0-5 years",3,Rangeland or Pasture to Developed,Massachusetts,Essex,CONUS East 2,CONUS,v2025-11,6/1/1978 0:00,6/1/1978 0:00,inceptisols,aquepts,endoaquepts,typic endoaquepts,fine,42.5539839,-70.9108831,3970,5448,US_NCSS_changed_pedons_2022_to_2023.csv
97MI101003,959440,23468,23468,"97MI101003",1998,site_obsdate,2022,2023,2022-2023,25,2,"Recent development, 0-5 years",3,Rangeland or Pasture to Developed,Michigan,Manistee,CONUS Central 2,CONUS,v2025-11,,6/1/1998 0:00,alfisols,udalfs,glossudalfs,aquic glossudalfs,fine,44.3291667,-86.1286111,3974,5581,US_NCSS_changed_pedons_2022_to_2023.csv
S2006MI163002,206243,33482,33332,"S2006MI163002",2006,site_obsdate,2022,2023,2022-2023,17,2,"Recent development, 0-5 years",1,Agriculture to Developed,Michigan,Wayne,CONUS East 1,CONUS,v2025-11,6/15/2006 0:00,6/15/2006 0:00,alfisols,udalfs,hapludalfs,oxyaquic hapludalfs,,42.4227667,-83.5455583,3974,5612,US_NCSS_changed_pedons_2022_to_2023.csv
S1970MN0491162,548660,55638,54837,"S1970MN0491162",1970,site_obsdate,2022,2023,2022-2023,53,2,"Recent development, 0-5 years",2,Forest to Developed,Minnesota,Goodhue,CONUS Central 2,CONUS,v2025-11,6/22/1970 0:00,6/22/1970 0:00,inceptisols,udepts,eutrudepts,typic eutrudepts,coarse-silty,44.5079994,-92.6452866,3975,5638,US_NCSS_changed_pedons_2022_to_2023.csv
S1986MN1413934,499077,72817,133550,"S1986MN1413934",1986,site_obsdate,2022,2023,2022-2023,37,2,"Recent development, 0-5 years",3,Rangeland or Pasture to Developed,Minnesota,Sherburne,CONUS Central 2,CONUS,v2025-11,4/10/1986 0:00,4/12/1986 0:00,mollisols,udolls,hapludolls,entic hapludolls,sandy,45.3905563,-93.8960266,3975,5684,US_NCSS_changed_pedons_2022_to_2023.csv
S1982MN155020 (3539),583454,56291,55490,"S1982MN155020 (3539)",1981,site_obsdate,2022,2023,2022-2023,42,2,"Recent development, 0-5 years",3,Rangeland or Pasture to Developed,Minnesota,Traverse,CONUS Central 1,CONUS,v2025-11,10/7/1981 0:00,10/7/1981 0:00,mollisols,aquolls,endoaquolls,typic endoaquolls,fine-loamy,45.9785995,-96.4631729,3975,5691,US_NCSS_changed_pedons_2022_to_2023.csv
S2010MS011005,1124646,61410,60171,"S2010MS011001",2010,site_obsdate,2022,2023,2022-2023,13,2,"Recent development, 0-5 years",1,Agriculture to Developed,Mississippi,Bolivar,CONUS Central 2,CONUS,v2025-11,9/15/2010 0:00,9/15/2010 0:00,inceptisols,aquepts,epiaquepts,vertic epiaquepts,fine,33.5333056,-91.0709167,3978,5825,US_NCSS_changed_pedons_2022_to_2023.csv
99MS143001,109155,24682,24682,"S1999MS143001",1999,site_obsdate,2022,2023,2022-2023,24,2,"Recent development, 0-5 years",3,Rangeland or Pasture to Developed,Mississippi,Tunica,CONUS Central 2,CONUS,v2025-11,8/9/1999 0:00,8/9/1999 0:00,,,,,,34.6845016,-90.4113083,3978,5891,US_NCSS_changed_pedons_2022_to_2023.csv
2007MO027077,664124,45884,45170,"2007MO027077",2007,site_obsdate,2022,2023,2022-2023,16,2,"Recent development, 0-5 years",1,Agriculture to Developed,Missouri,Callaway,CONUS Central 2,CONUS,v2025-11,4/5/2007 0:00,4/5/2007 0:00,mollisols,udolls,hapludolls,aquic hapludolls,,38.8657778,-91.6630833,3976,5714,US_NCSS_changed_pedons_2022_to_2023.csv
1988MO041030,695802,45459,44745,"1988MO041030",1988,site_obsdate,2022,2023,2022-2023,35,2,"Recent development, 0-5 years",3,Rangeland or Pasture to Developed,Missouri,Chariton,CONUS Central 2,CONUS,v2025-11,4/1/1988 0:00,4/1/1988 0:00,,,,,,39.6754556,-93.178225,3976,5721,US_NCSS_changed_pedons_2022_to_2023.csv
1989MO041009,695933,45243,44529,"1989MO041009",1989,site_obsdate,2022,2023,2022-2023,34,2,"Recent development, 0-5 years",3,Rangeland or Pasture to Developed,Missouri,Chariton,CONUS Central 2,CONUS,v2025-11,8/3/1989 0:00,8/3/1989 0:00,,,,,,39.4325611,-92.8988861,3976,5721,US_NCSS_changed_pedons_2022_to_2023.csv
1991MO04102m,143996,46733,46019,"1991MO04102m",1991,site_obsdate,2022,2023,2022-2023,32,2,"Recent development, 0-5 years",1,Agriculture to Developed,Missouri,Chariton,CONUS Central 2,CONUS,v2025-11,6/5/1991 0:00,6/5/1991 0:00,entisols,psamments,udipsamments,typic udipsamments,,39.3341675,-93.0199966,3976,5721,US_NCSS_changed_pedons_2022_to_2023.csv
1989MO087032m,134999,46768,46054,"1989MO087032m",1989,site_obsdate,2022,2023,2022-2023,34,2,"Recent development, 0-5 years",3,Rangeland or Pasture to Developed,Missouri,Holt,CONUS Central 1,CONUS,v2025-11,2/2/1989 0:00,2/2/1989 0:00,entisols,aquents,fluvaquents,vertic fluvaquents,very-fine,39.8705559,-95.0691681,3976,5744,US_NCSS_changed_pedons_2022_to_2023.csv
1993MO099196,88457,49115,48401,"1993MO099196",1993,site_obsdate,2022,2023,2022-2023,30,2,"Recent development, 0-5 years",3,Rangeland or Pasture to Developed,Missouri,Jefferson,CONUS Central 2,CONUS,v2025-11,9/24/1993 0:00,9/24/1993 0:00,mollisols,udolls,hapludolls,lithic hapludolls,,38.2806096,-90.6259447,3976,5750,US_NCSS_changed_pedons_2022_to_2023.csv
2007MO113063,697393,41359,40645,"2007MO113063",2007,site_obsdate,2022,2023,2022-2023,16,2,"Recent development, 0-5 years",3,Rangeland or Pasture to Developed,Missouri,Lincoln,CONUS Central 2,CONUS,v2025-11,10/24/2007 0:00,10/24/2007 0:00,alfisols,udalfs,hapludalfs,oxyaquic hapludalfs,,38.9934722,-90.7736667,3976,5757,US_NCSS_changed_pedons_2022_to_2023.csv
1983MO175001,957185,10394,10394,"1983MO175001",1983,site_obsdate,2022,2023,2022-2023,40,2,"Recent development, 0-5 years",3,Rangeland or Pasture to Developed,Missouri,Randolph,CONUS Central 2,CONUS,v2025-11,2/3/2001 0:00,6/1/1983 0:00,inceptisols,aquepts,endoaquepts,fluvaquentic endoaquepts,fine-silty,39.4144444,-92.66500092,3976,5788,US_NCSS_changed_pedons_2022_to_2023.csv
S1969MT027004,103138,3497,3497,"S1969MT027004",1969,site_obsdate,2022,2023,2022-2023,54,2,"Recent development, 0-5 years",3,Rangeland or Pasture to Developed,Montana,Fergus,CONUS West 2,CONUS,v2025-11,8/14/1969 0:00,8/14/1969 0:00,alfisols,boralfs,eutroboralfs,mollic eutroboralfs,fine,47.3299141,-110.0833282,3979,5915,US_NCSS_changed_pedons_2022_to_2023.csv
S1962MT105001,103398,3153,3153,"S1962MT105001",1962,site_obsdate,2022,2023,2022-2023,61,2,"Recent development, 0-5 years",3,Rangeland or Pasture to Developed,Montana,Valley,CONUS West 2,CONUS,v2025-11,8/20/1962 0:00,8/20/1962 0:00,vertisols,usterts,chromusterts,udorthentic chromusterts,fine,48.4518814,-107.2338028,3979,5954,US_NCSS_changed_pedons_2022_to_2023.csv
93NE127001,103931,20998,20998,"S1993NE127001",1993,site_obsdate,2022,2023,2022-2023,30,2,"Recent development, 0-5 years",2,Forest to Developed,Nebraska,Nemaha,CONUS Central 1,CONUS,v2025-11,9/30/1993 0:00,9/30/1993 0:00,mollisols,udolls,argiudolls,pachic argiudolls,fine,40.3047218,-95.8880539,3982,6175,US_NCSS_changed_pedons_2022_to_2023.csv
S1993NJ005001,804486,20769,20769,"S1993NJ005001",1993,site_obsdate,2022,2023,2022-2023,30,2,"Recent development, 0-5 years",3,Rangeland or Pasture to Developed,New Jersey,Burlington,CONUS East 2,CONUS,v2025-11,4/30/2013 0:00,11/30/1993 0:00,alfisols,udalfs,hapludalfs,typic hapludalfs,coarse-loamy,39.8040278,-74.736825,3984,6217,US_NCSS_changed_pedons_2022_to_2023.csv
S1987-NM015-012-copy,1216759,14929,14929,"S1987NM015012",1987,site_obsdate,2022,2023,2022-2023,36,2,"Recent development, 0-5 years",3,Rangeland or Pasture to Developed,New Mexico,Eddy,CONUS Central 1,CONUS,v2025-11,11/1/1987 0:00,11/1/1987 0:00,mollisols,ustolls,haplustolls,aridic lithic haplustolls,loamy-skeletal,32.4133339,-104.3300018,3986,6244,US_NCSS_changed_pedons_2022_to_2023.csv
99NM049015,184944,24953,24953,"99NM049015a",1999,site_obsdate,2022,2023,2022-2023,24,2,"Recent development, 0-5 years",3,Rangeland or Pasture to Developed,New Mexico,Santa Fe,CONUS West 2,CONUS,v2025-11,9/27/1999 0:00,9/27/1999 0:00,aridisols,durids,argidurids,ustic argidurids,fine-loamy,35.5977778,-106.1211111,3986,6262,US_NCSS_changed_pedons_2022_to_2023.csv
S2000NC097009,423003,25651,25651,"S2000NC097009",2000,site_obsdate,2022,2023,2022-2023,23,2,"Recent development, 0-5 years",3,Rangeland or Pasture to Developed,North Carolina,Iredell,CONUS East 1,CONUS,v2025-11,5/1/2000 0:00,5/1/2000 0:00,ultisols,udults,kanhapludults,typic kanhapludults,,35.6430626,-80.8516388,3980,6007,US_NCSS_changed_pedons_2022_to_2023.csv
S1957ND017002,47407,69428,67503,"S1957ND017002",1957,site_obsdate,2022,2023,2022-2023,66,2,"Recent development, 0-5 years",3,Rangeland or Pasture to Developed,North Dakota,Cass,CONUS Central 1,CONUS,v2025-11,9/19/1957 0:00,9/19/1957 0:00,mollisols,udolls,hapludolls,oxyaquic hapludolls,,47.1955556,-97.3591667,3981,6067,US_NCSS_changed_pedons_2022_to_2023.csv
82ND061015,45065,69562,67637,"82ND061015",1982,site_obsdate,2022,2023,2022-2023,41,2,"Recent development, 0-5 years",3,Rangeland or Pasture to Developed,North Dakota,Mountrail,CONUS Central 1,CONUS,v2025-11,,5/27/1982 0:00,Mollisols,Borolls,Argiborolls,Typic Argiborolls,,48.5449631,-102.8603101,3981,6089,US_NCSS_changed_pedons_2022_to_2023.csv
72ND087001,48853,69468,67543,"72ND087001",1972,site_obsdate,2022,2023,2022-2023,51,2,"Recent development, 0-5 years",1,Agriculture to Developed,North Dakota,Slope,CONUS Central 1,CONUS,v2025-11,,10/17/1972 0:00,Mollisols,Borolls,Haploborolls,Typic Haploborolls,,46.40750122,-103.3002778,3981,6102,US_NCSS_changed_pedons_2022_to_2023.csv
91ND105329,47079,18778,18778,"91ND105329",1991,site_obsdate,2022,2023,2022-2023,32,2,"Recent development, 0-5 years",1,Agriculture to Developed,North Dakota,Williams,CONUS Central 1,CONUS,v2025-11,,10/2/1991 0:00,mollisols,borolls,haploborolls,typic haploborolls,,48.13579178,-103.7381134,3981,6111,US_NCSS_changed_pedons_2022_to_2023.csv
84OH037033,122349,11852,11852,"S1984OH037033",1984,site_obsdate,2022,2023,2022-2023,39,2,"Recent development, 0-5 years",1,Agriculture to Developed,Ohio,Darke,CONUS East 1,CONUS,v2025-11,6/3/1984 0:00,6/1/1984 0:00,alfisols,aqualfs,ochraqualfs,aeric ochraqualfs,fine,39.9741974,-84.446022,3989,6366,US_NCSS_changed_pedons_2022_to_2023.csv
1955-OH125-S32,749019,66709,64784,"1955-OH125-S32",1955,site_obsdate,2022,2023,2022-2023,68,2,"Recent development, 0-5 years",3,Rangeland or Pasture to Developed,Ohio,Paulding,CONUS East 1,CONUS,v2025-11,5/26/1955 0:00,5/26/1955 0:00,inceptisols,aquepts,epiaquepts,typic epiaquepts,very-fine,41.0629158,-84.4754181,3989,6410,US_NCSS_changed_pedons_2022_to_2023.csv
S2002OR007001,138033,29268,29195,"S2002OR007001",2002,site_obsdate,2022,2023,2022-2023,21,2,"Recent development, 0-5 years",1,Agriculture to Developed,Oregon,Clatsop,CONUS West 1,CONUS,v2025-11,9/18/2002 0:00,9/18/2002 0:00,inceptisols,udands,dystrudepts,andic oxyaquic dystrudepts,fine-silty,46.1402779,-123.9188919,3991,6516,US_NCSS_changed_pedons_2022_to_2023.csv
S1955OR013018,104961,863,863,"S1955OR013018",1955,site_obsdate,2022,2023,2022-2023,68,2,"Recent development, 0-5 years",3,Rangeland or Pasture to Developed,Oregon,Crook,CONUS West 1,CONUS,v2025-11,4/1/1955 0:00,4/1/1955 0:00,aridisols,orthids,durorthids,xerollic durorthids,coarse-loamy,44.3725014,-120.9519424,3991,6519,US_NCSS_changed_pedons_2022_to_2023.csv
88OR025004,125092,15160,15160,"S1988OR025004",1988,site_obsdate,2022,2023,2022-2023,35,2,"Recent development, 0-5 years",3,Rangeland or Pasture to Developed,Oregon,Harney,CONUS West 1,CONUS,v2025-11,5/3/1988 0:00,5/1/1988 0:00,mollisols,xerolls,palexerolls,aquic palexerolls,fine,43.5847206,-118.7083359,3991,6525,US_NCSS_changed_pedons_2022_to_2023.csv
1969PA019010,421860,53616,52815,"118",1969,site_obsdate,2022,2023,2022-2023,54,2,"Recent development, 0-5 years",3,Rangeland or Pasture to Developed,Pennsylvania,Butler,CONUS East 1,CONUS,v2025-11,7/11/1969 0:00,7/11/1969 0:00,ultisols,udults,fragiudults,aquic fragiudults,fine-loamy,40.7594444,-79.7794444,3992,6558,US_NCSS_changed_pedons_2022_to_2023.csv
1958PA035009,422009,53781,52980,"1958PA035009",1958,site_obsdate,2022,2023,2022-2023,65,2,"Recent development, 0-5 years",3,Rangeland or Pasture to Developed,Pennsylvania,Clinton,CONUS East 1,CONUS,v2025-11,4/24/1958 0:00,4/24/1958 0:00,Alfisols,Ustalfs,Paleudalfs,Typic Paleudalfs,fine,41.0215194,-77.5409278,3992,6566,US_NCSS_changed_pedons_2022_to_2023.csv
90PA057006,127141,17737,17737,"S1990PA057006",1990,site_obsdate,2022,2023,2022-2023,33,2,"Recent development, 0-5 years",3,Rangeland or Pasture to Developed,Pennsylvania,Fulton,CONUS East 1,CONUS,v2025-11,11/1/1990 0:00,11/1/1990 0:00,inceptisols,ochrepts,dystrochrepts,fluventic dystrochrepts,,39.91833496,-78.2486115,3992,6577,US_NCSS_changed_pedons_2022_to_2023.csv
1966PA069002,422198,53991,53190,"456",1966,site_obsdate,2022,2023,2022-2023,57,2,"Recent development, 0-5 years",3,Rangeland or Pasture to Developed,Pennsylvania,Lackawanna,CONUS East 1,CONUS,v2025-11,6/18/1966 0:00,6/18/1966 0:00,inceptisols,ochrepts,fragiochrepts,typic fragiochrepts,coarse-loamy,41.51250076,-75.7041667,3992,6583,US_NCSS_changed_pedons_2022_to_2023.csv
D97PR079002,219104,23339,23339,"D97PR079002",1997,site_obsdate,2022,2023,2022-2023,26,2,"Recent development, 0-5 years",3,Rangeland or Pasture to Developed,Puerto Rico,Lajas,Puerto Rico and U.S. Virgin Islands,PRUSVI,v2024-10,6/18/1997 0:00,6/18/1997 0:00,entisols,orthents,torriorthents,typic torriorthents,clayey,17.9777778,-67.0930556,3994,6656,US_NCSS_changed_pedons_2022_to_2023.csv
S1957SD029003,105597,2311,2311,"S1957SD029003",1957,site_obsdate,2022,2023,2022-2023,66,2,"Recent development, 0-5 years",3,Rangeland or Pasture to Developed,South Dakota,Codington,CONUS Central 1,CONUS,v2025-11,8/6/1957 0:00,8/6/1957 0:00,mollisols,borolls,haploborolls,udic haploborolls,fine-loamy,45.0052795,-96.9030533,3998,6774,US_NCSS_changed_pedons_2022_to_2023.csv
S1976SD081009,105671,2476,2476,"S1976SD081009",1976,site_obsdate,2022,2023,2022-2023,47,2,"Recent development, 0-5 years",3,Rangeland or Pasture to Developed,South Dakota,Lawrence,CONUS Central 1,CONUS,v2025-11,6/1/1976 0:00,6/1/1976 0:00,alfisols,boralfs,eutroboralfs,typic eutroboralfs,loamy-skeletal,44.1736107,-103.7383347,3998,6800,US_NCSS_changed_pedons_2022_to_2023.csv
S2015SD085001,1125594,73478,134211,"S2015SD085001",2015,samp_classdate,2022,2023,2022-2023,8,2,"Recent development, 0-5 years",3,Rangeland or Pasture to Developed,South Dakota,Lyman,CONUS Central 1,CONUS,v2025-11,9/10/2015 0:00,,vertisols,usterts,haplusterts,typic haplusterts,,43.8775028,-100.0079111,3998,6802,US_NCSS_changed_pedons_2022_to_2023.csv
S1957SD099005,105707,2421,2421,"S1957SD099005",1957,site_obsdate,2022,2023,2022-2023,66,2,"Recent development, 0-5 years",3,Rangeland or Pasture to Developed,South Dakota,Minnehaha,CONUS Central 1,CONUS,v2025-11,8/13/1957 0:00,8/13/1957 0:00,mollisols,ustolls,haplustolls,cumulic haplustolls,fine-loamy,43.5583344,-96.5888901,3998,6809,US_NCSS_changed_pedons_2022_to_2023.csv
95SD105002,958942,21923,21923,"95SD105002",1995,site_obsdate,2022,2023,2022-2023,28,2,"Recent development, 0-5 years",3,Rangeland or Pasture to Developed,South Dakota,Perkins,CONUS Central 1,CONUS,v2025-11,,6/1/1995 0:00,mollisols,borolls,argiborolls,typic argiborolls,fine-loamy,45.77999878,-102.6524963,3998,6812,US_NCSS_changed_pedons_2022_to_2023.csv
88TX347001,125425,15580,15580,"S1988TX347001",1988,site_obsdate,2022,2023,2022-2023,35,2,"Recent development, 0-5 years",3,Rangeland or Pasture to Developed,Texas,Nacogdoches,CONUS Central 2,CONUS,v2025-11,11/3/1988 0:00,11/1/1988 0:00,alfisols,aqualfs,ochraqualfs,aeric ochraqualfs,fine,31.6138897,-94.5124969,4000,7095,US_NCSS_changed_pedons_2022_to_2023.csv
V1984-VA081-289,363524,57684,56883,"VPI-Uchee-4",2009,site_obsdate,2022,2023,2022-2023,14,2,"Recent development, 0-5 years",1,Agriculture to Developed,Virginia,Greensville,CONUS East 1,CONUS,v2025-11,9/24/2009 0:00,9/24/2009 0:00,ultisols,udults,kanhapludults,arenic kanhapludults,,36.638401,-77.6177521,4003,7253,US_NCSS_changed_pedons_2022_to_2023.csv
V1992-VA810-370,363675,57260,56459,"VPI-Acred-3",2009,site_obsdate,2022,2023,2022-2023,14,2,"Recent development, 0-5 years",1,Agriculture to Developed,Virginia,Virginia Beach,CONUS East 1,CONUS,v2025-11,10/1/2009 0:00,10/1/2009 0:00,alfisols,aqualfs,endoaqualfs,typic endoaqualfs,,36.6337624,-76.118103,4003,7346,US_NCSS_changed_pedons_2022_to_2023.csv
S1998WA063005,9633,24366,24366,"S1998WA063005",1998,site_obsdate,2022,2023,2022-2023,25,2,"Recent development, 0-5 years",3,Rangeland or Pasture to Developed,Washington,Spokane,CONUS West 1,CONUS,v2025-11,7/27/1998 0:00,7/27/1998 0:00,mollisols,xerolls,haploxerolls,vitrandic haploxerolls,loamy-skeletal,47.6745567,-117.0794907,4006,7399,US_NCSS_changed_pedons_2022_to_2023.csv
S1999WA063001,9635,25471,25471,"S1999WA063001",1999,site_obsdate,2022,2023,2022-2023,24,2,"Recent development, 0-5 years",3,Rangeland or Pasture to Developed,Washington,Spokane,CONUS West 1,CONUS,v2025-11,7/22/1999 0:00,7/22/1999 0:00,mollisols,xerolls,haploxerolls,calcic haploxerolls,sandy,47.6559219,-117.6261368,4006,7399,US_NCSS_changed_pedons_2022_to_2023.csv
S1962WV083005,856593,3840,3840,"S1962WV083005",1962,site_obsdate,2022,2023,2022-2023,61,2,"Recent development, 0-5 years",2,Forest to Developed,West Virginia,Randolph,CONUS East 1,CONUS,v2025-11,6/1/1962 0:00,6/1/1962 0:00,ultisols,udults,fragiudults,typic fragiudults,fine-loamy,38.8228188,-79.8483734,4008,7520,US_NCSS_changed_pedons_2022_to_2023.csv
S1992WI093005,58709,19894,19894,"S1992WI093005",1992,site_obsdate,2022,2023,2022-2023,31,2,"Recent development, 0-5 years",3,Rangeland or Pasture to Developed,Wisconsin,Pierce,CONUS Central 2,CONUS,v2025-11,7/20/1992 0:00,7/20/1992 0:00,alfisols,udalfs,hapludalfs,typic hapludalfs,fine-silty,44.6286125,-92.3758316,4007,7454,US_NCSS_changed_pedons_2022_to_2023.csv
80AL039002,956539,8358,8358,"80AL039002",1981,site_obsdate,2023,2024,2023-2024,43,1,"Recent development, 0-5 years",2,Forest to Developed,Alabama,Covington,CONUS Central 2,CONUS,v2025-11,6/3/1985 0:00,6/1/1981 0:00,ultisols,udults,paleudults,plinthic paleudults,fine-loamy,31.21500015,-86.5355556,3947,4306,US_NCSS_changed_pedons_2023_to_2024.csv
S1974AZ019010,109737,6346,6346,"S1974AZ019010",1974,site_obsdate,2023,2024,2023-2024,50,1,"Recent development, 0-5 years",3,Rangeland or Pasture to Developed,Arizona,Pima,CONUS West 2,CONUS,v2025-11,12/20/1974 0:00,12/20/1974 0:00,entisols,fluvents,torrifluvents,anthropic torrifluvents,fine-silty,32.1294441,-111.0011139,3950,4444,US_NCSS_changed_pedons_2023_to_2024.csv
1964AR05530,815049,58271,57470,"1964AR05530",2012,site_obsdate,2023,2024,2023-2024,12,1,"Recent development, 0-5 years",3,Rangeland or Pasture to Developed,Arkansas,Greene,CONUS Central 2,CONUS,v2025-11,,11/27/2012 0:00,,,,,,36.07389069,-90.58027649,3948,4381,US_NCSS_changed_pedons_2023_to_2024.csv
S1955CA035004,108022,2782,2782,"S1955CA035004",1955,site_obsdate,2023,2024,2023-2024,69,1,"Recent development, 0-5 years",3,Rangeland or Pasture to Developed,California,Lassen,CONUS West 1,CONUS,v2025-11,8/1/1955 0:00,8/1/1955 0:00,aridisols,cambids,aquicambids,durinodic aquicambids,coarse-loamy,40.4011116,-120.5025024,3951,4466,US_NCSS_changed_pedons_2023_to_2024.csv
S1955CA071006,100108,2791,2791,"S1955CA071006",1955,site_obsdate,2023,2024,2023-2024,69,1,"Recent development, 0-5 years",3,Rangeland or Pasture to Developed,California,San Bernardino,CONUS West 1,CONUS,v2025-11,1/1/1955 0:00,1/1/1955 0:00,entisols,orthents,torriorthents,typic torriorthents,fine-loamy,34.9222221,-117.1197205,3951,4484,US_NCSS_changed_pedons_2023_to_2024.csv
S2019CA111002,NaN,75908,136504,"S2019CA111002",2019,site_obsdate,2023,2024,2023-2024,5,1,"Recent development, 0-5 years",1,Agriculture to Developed,California,Ventura,CONUS West 1,CONUS,v2025-11,12/20/2019 0:00,12/20/2019 0:00,mollisols,xerolls,haploxerolls,calcic pachic haploxerolls,,34.26651001,-119.1233902,3951,4504,US_NCSS_changed_pedons_2023_to_2024.csv
1976-FL001-S01_076,516068,50812,50086,"S1976-FL001-S01_076",2011,site_obsdate,2023,2024,2023-2024,13,1,"Recent development, 0-5 years",1,Agriculture to Developed,Florida,Alachua,CONUS East 1,CONUS,v2025-11,,4/15/2011 0:00,Alfisols,Udalfs,Paleudalfs,Grossarenic Paleudalfs,,29.6204967,-82.4685745,3957,4582,US_NCSS_changed_pedons_2023_to_2024.csv
1988-FL013-S07_006,517201,51592,50866,"S1988-FL013-S07_006",2011,site_obsdate,2023,2024,2023-2024,13,1,"Recent development, 0-5 years",3,Rangeland or Pasture to Developed,Florida,Calhoun,CONUS Central 2,CONUS,v2025-11,,4/15/2011 0:00,,,,Arenic Plinthaquic Paleudults,,30.5055618,-85.1194382,3957,4588,US_NCSS_changed_pedons_2023_to_2024.csv
1990-FL029-S15_011,517409,51707,50981,"S1990-FL029-S15_011",2011,site_obsdate,2023,2024,2023-2024,13,1,"Recent development, 0-5 years",3,Rangeland or Pasture to Developed,Florida,Dixie,CONUS East 1,CONUS,v2025-11,,4/15/2011 0:00,Entisols,Aquents,Sulfaquents,Typic Sulfaquents,,29.4144382,-83.2019424,3957,4596,US_NCSS_changed_pedons_2023_to_2024.csv
1981-FL065-S33_021,517700,51190,50464,"S1981-FL065-S33_021",2011,site_obsdate,2023,2024,2023-2024,13,1,"Recent development, 0-5 years",3,Rangeland or Pasture to Developed,Florida,Jefferson,CONUS East 1,CONUS,v2025-11,,4/15/2011 0:00,Ultisols,Udults,Paleudults,Grossarenic Paleudults,,30.3512554,-83.9545364,3957,4614,US_NCSS_changed_pedons_2023_to_2024.csv
1967-FL083-S42_065,517862,50508,49782,"S1967-FL083-S42_065",2011,site_obsdate,2023,2024,2023-2024,13,1,"Recent development, 0-5 years",3,Rangeland or Pasture to Developed,Florida,Marion,CONUS East 1,CONUS,v2025-11,,4/15/2011 0:00,Ultisols,Udults,Paleudults,Grossarenic Paleudults,,29.1267815,-82.1067886,3957,4623,US_NCSS_changed_pedons_2023_to_2024.csv
1972-FL083-S42_119,517325,50602,49876,"S1972-FL083-S42_119",2011,site_obsdate,2023,2024,2023-2024,13,1,"Recent development, 0-5 years",3,Rangeland or Pasture to Developed,Florida,Marion,CONUS East 1,CONUS,v2025-11,,4/15/2011 0:00,Ultisols,Udults,Paleudults,Grossarenic Paleudults,,29.2282352,-82.1865234,3957,4623,US_NCSS_changed_pedons_2023_to_2024.csv
S2012GA235001,871708,71923,132608,"S2012GA235001",2012,samp_classdate,2023,2024,2023-2024,12,1,"Recent development, 0-5 years",3,Rangeland or Pasture to Developed,Georgia,Pulaski,CONUS East 1,CONUS,v2025-11,3/27/2012 0:00,,ultisols,udults,kandiudults,plinthic kandiudults,fine-loamy,32.2019611,-83.5789417,3960,4768,US_NCSS_changed_pedons_2023_to_2024.csv
S1962HI003002,109862,5395,5395,"S1962HI003002",1962,site_obsdate,2023,2024,2023-2024,62,1,"Recent development, 0-5 years",3,Rangeland or Pasture to Developed,Hawaii,Honolulu,Hawaii,HI,v2024-10,6/1/1962 0:00,6/1/1962 0:00,,,,,,21.4340801,-158.1625061,3962,4814,US_NCSS_changed_pedons_2023_to_2024.csv
1977IL019008,354955,36322,35707,"1977IL019008",1977,site_obsdate,2023,2024,2023-2024,47,1,"Recent development, 0-5 years",1,Agriculture to Developed,Illinois,Champaign,CONUS Central 2,CONUS,v2025-11,1/1/1977 0:00,1/1/1977 0:00,alfisols,udalfs,hapludalfs,typic hapludalfs,fine-silty,40.3846644,-87.971508,3965,4970,US_NCSS_changed_pedons_2023_to_2024.csv
1980IL049030,350984,36703,36088,"1980IL049030",1980,site_obsdate,2023,2024,2023-2024,44,1,"Recent development, 0-5 years",3,Rangeland or Pasture to Developed,Illinois,Effingham,CONUS Central 2,CONUS,v2025-11,8/1/1980 0:00,8/1/1980 0:00,alfisols,aqualfs,epiaqualfs,aeric epiaqualfs,fine-silty,39.1461237,-88.75322723,3965,4985,US_NCSS_changed_pedons_2023_to_2024.csv
S1993IL055109,101658,20574,20574,"S1993IL055109",1993,site_obsdate,2023,2024,2023-2024,31,1,"Recent development, 0-5 years",1,Agriculture to Developed,Illinois,Franklin,CONUS Central 2,CONUS,v2025-11,6/20/1993 0:00,6/18/1993 0:00,alfisols,aqualfs,endoaqualfs,typic endoaqualfs,fine-silty,38.02194595,-88.8397217,3965,4988,US_NCSS_changed_pedons_2023_to_2024.csv
70IL-059-002,963360,36171,35556,"70IL-059-002",1970,site_obsdate,2023,2024,2023-2024,54,1,"Recent development, 0-5 years",1,Agriculture to Developed,Illinois,Gallatin,CONUS Central 2,CONUS,v2025-11,,8/1/1970 0:00,alfisols,udalfs,fragiudalfs,oxyaquic fragiudalfs,fine-silty,37.9011336,-88.263683,3965,4990,US_NCSS_changed_pedons_2023_to_2024.csv
1988IL067011,314749,37594,36979,"1988IL067011",1988,site_obsdate,2023,2024,2023-2024,36,1,"Recent development, 0-5 years",1,Agriculture to Developed,Illinois,Hancock,CONUS Central 2,CONUS,v2025-11,7/1/1988 0:00,7/1/1988 0:00,mollisols,udolls,argiudolls,aquic argiudolls,fine-silty,40.5635583,-90.9702861,3965,4994,US_NCSS_changed_pedons_2023_to_2024.csv
S1957IL091001,273218,1961,1961,"S1957IL091001",1957,site_obsdate,2023,2024,2023-2024,67,1,"Recent development, 0-5 years",3,Rangeland or Pasture to Developed,Illinois,Kankakee,CONUS Central 2,CONUS,v2025-11,10/17/1957 0:00,10/17/1957 0:00,mollisols,aquolls,endoaquolls,typic endoaquolls,fine-silty,41.2865333,-87.877925,3965,5006,US_NCSS_changed_pedons_2023_to_2024.csv
1981IL145029,351144,36848,36233,"1981IL145029",1981,site_obsdate,2023,2024,2023-2024,43,1,"Recent development, 0-5 years",1,Agriculture to Developed,Illinois,Perry,CONUS Central 2,CONUS,v2025-11,1/1/1981 0:00,1/1/1981 0:00,alfisols,udalfs,hapludalfs,ultic hapludalfs,fine-silty,38.1543876,-89.1570477,3965,5033,US_NCSS_changed_pedons_2023_to_2024.csv
S2002IL145001,309292,28836,28763,"S2002IL145001",2002,site_obsdate,2023,2024,2023-2024,22,1,"Recent development, 0-5 years",3,Rangeland or Pasture to Developed,Illinois,Perry,CONUS Central 2,CONUS,v2025-11,3/13/2002 0:00,3/13/2002 0:00,alfisols,udalfs,natrudalfs,typic natrudalfs,,37.97908401,-89.2202759,3965,5033,US_NCSS_changed_pedons_2023_to_2024.csv
1969IN011006,312790,37776,37161,"1969IN011006",1970,site_obsdate,2023,2024,2023-2024,54,1,"Recent development, 0-5 years",1,Agriculture to Developed,Indiana,Boone,CONUS Central 2,CONUS,v2025-11,3/1/1970 0:00,3/1/1970 0:00,,,,,,39.9468222,-86.37039948,3966,5068,US_NCSS_changed_pedons_2023_to_2024.csv
S1981IN011010,109976,8844,8844,"S1981IN011010",1981,site_obsdate,2023,2024,2023-2024,43,1,"Recent development, 0-5 years",3,Rangeland or Pasture to Developed,Indiana,Boone,CONUS Central 2,CONUS,v2025-11,6/1/1981 0:00,6/1/1981 0:00,alfisols,udalfs,hapludalfs,typic hapludalfs,fine-loamy,40.1414185,-86.5816498,3966,5068,US_NCSS_changed_pedons_2023_to_2024.csv
TR0032006IN023SH021007,426587,72099,132839,"TR0032006IN023SH021007",2006,samp_classdate,2023,2024,2023-2024,18,1,"Recent development, 0-5 years",1,Agriculture to Developed,Indiana,Clinton,CONUS Central 2,CONUS,v2025-11,6/29/2006 0:00,,mollisols,aquolls,endoaquolls,typic endoaquolls,fine-silty,40.2868423,-86.3221207,3966,NaN,US_NCSS_changed_pedons_2023_to_2024.csv
1976IN031022,313422,38297,37682,"1976IN031022",1976,site_obsdate,2023,2024,2023-2024,48,1,"Recent development, 0-5 years",1,Agriculture to Developed,Indiana,Decatur,CONUS Central 2,CONUS,v2025-11,9/2/1976 0:00,9/2/1976 0:00,alfisols,udalfs,paleudalfs,typic paleudalfs,fine-silty,39.16889954,-85.5504444,3966,5078,US_NCSS_changed_pedons_2023_to_2024.csv
94IN039017,35718,21505,21505,"94IN039017",1994,site_obsdate,2023,2024,2023-2024,30,1,"Recent development, 0-5 years",1,Agriculture to Developed,Indiana,Elkhart,CONUS Central 2,CONUS,v2025-11,10/15/1994 0:00,10/13/1994 0:00,alfisols,udalfs,hapludalfs,typic hapludalfs,loamy-skeletal,41.52000046,-85.76333333,3966,5082,US_NCSS_changed_pedons_2023_to_2024.csv
1975IN057003,313201,38036,37421,"1975IN057003",1975,site_obsdate,2023,2024,2023-2024,49,1,"Recent development, 0-5 years",1,Agriculture to Developed,Indiana,Hamilton,CONUS Central 2,CONUS,v2025-11,8/22/1975 0:00,8/22/1975 0:00,,,,,,40.0671528,-85.8766417,3966,5091,US_NCSS_changed_pedons_2023_to_2024.csv
S1996IA193011,101329,22885,22885,"S1996IA193011",1996,site_obsdate,2023,2024,2023-2024,28,1,"Recent development, 0-5 years",3,Rangeland or Pasture to Developed,Iowa,Woodbury,CONUS Central 1,CONUS,v2025-11,,8/2/1996 0:00,mollisols,udolls,hapludolls,typic hapludolls,fine-silty,42.56058502,-95.8331146,3963,4914,US_NCSS_changed_pedons_2023_to_2024.csv
S1998IA193022,109425,23993,23993,"S1998IA193022L",1998,site_obsdate,2023,2024,2023-2024,26,1,"Recent development, 0-5 years",1,Agriculture to Developed,Iowa,Woodbury,CONUS Central 1,CONUS,v2025-11,8/20/1998 0:00,8/20/1998 0:00,entisols,fluvents,udifluvents,mollic udifluvents,fine-silty,42.4894447,-96.1888885,3963,4914,US_NCSS_changed_pedons_2023_to_2024.csv
93KS073001,19631,52272,51546,"93KS073001",1993,site_obsdate,2023,2024,2023-2024,31,1,"Recent development, 0-5 years",3,Rangeland or Pasture to Developed,Kansas,Greenwood,CONUS Central 1,CONUS,v2025-11,,9/15/1993 0:00,Mollisols,Ustolls,Haplustolls,Typic Haplustolls,,37.7080574,-96.0422211,3967,5191,US_NCSS_changed_pedons_2023_to_2024.csv
99KS089011,11768,52432,51706,"99KS089011",1999,site_obsdate,2023,2024,2023-2024,25,1,"Recent development, 0-5 years",1,Agriculture to Developed,Kansas,Jewell,CONUS Central 1,CONUS,v2025-11,9/15/1999 0:00,9/15/1999 0:00,mollisols,ustolls,argiustolls,typic argiustolls,,39.6658859,-98.3261642,3967,5199,US_NCSS_changed_pedons_2023_to_2024.csv
S02MS-011-001,961276,27796,27759,"PERTHSHIRE",2002,site_obsdate,2023,2024,2023-2024,22,1,"Recent development, 0-5 years",1,Agriculture to Developed,Mississippi,Bolivar,CONUS Central 2,CONUS,v2025-11,,5/23/2002 0:00,,,,,,33.9737833,-90.9049833,3978,5825,US_NCSS_changed_pedons_2023_to_2024.csv
2006MO035005M,1367821,41859,41145,"2006MO035005M",2006,site_obsdate,2023,2024,2023-2024,18,1,"Recent development, 0-5 years",1,Agriculture to Developed,Missouri,Carter,CONUS Central 2,CONUS,v2025-11,1/31/2006 0:00,1/31/2006 0:00,alfisols,udalfs,paleudalfs,mollic paleudalfs,loamy-skeletal,36.96549988,-91.0520278,3976,5718,US_NCSS_changed_pedons_2023_to_2024.csv
1999MO051167,92143,43505,42791,"1999MO051167",1999,site_obsdate,2023,2024,2023-2024,25,1,"Recent development, 0-5 years",3,Rangeland or Pasture to Developed,Missouri,Cole,CONUS Central 2,CONUS,v2025-11,,11/14/1999 0:00,,psamments,,typic udipsamments,,38.4884176,-92.242539,3976,5726,US_NCSS_changed_pedons_2023_to_2024.csv
2005MO113054,182035,46510,45796,"2005MO113054",2005,site_obsdate,2023,2024,2023-2024,19,1,"Recent development, 0-5 years",3,Rangeland or Pasture to Developed,Missouri,Lincoln,CONUS Central 2,CONUS,v2025-11,4/27/2005 0:00,4/27/2005 0:00,alfisols,aqualfs,epiaqualfs,aeric vertic epiaqualfs,,38.9961128,-91.1774979,3976,5757,US_NCSS_changed_pedons_2023_to_2024.csv
2006MO139058,664038,45947,45233,"2006MO139058",2006,site_obsdate,2023,2024,2023-2024,18,1,"Recent development, 0-5 years",3,Rangeland or Pasture to Developed,Missouri,Montgomery,CONUS Central 2,CONUS,v2025-11,2/14/2006 0:00,2/14/2006 0:00,alfisols,aqualfs,albaqualfs,aeric albaqualfs,,38.7655556,-91.5163056,3976,5770,US_NCSS_changed_pedons_2023_to_2024.csv
2006MO139059,697201,45946,45232,"2006MO139059",2006,site_obsdate,2023,2024,2023-2024,18,1,"Recent development, 0-5 years",1,Agriculture to Developed,Missouri,Montgomery,CONUS Central 2,CONUS,v2025-11,2/14/2006 0:00,2/14/2006 0:00,alfisols,udalfs,hapludalfs,oxyaquic hapludalfs,,38.7568889,-91.5165833,3976,5770,US_NCSS_changed_pedons_2023_to_2024.csv
2006MO139065,664042,45940,45226,"2006MO139065",2006,site_obsdate,2023,2024,2023-2024,18,1,"Recent development, 0-5 years",3,Rangeland or Pasture to Developed,Missouri,Montgomery,CONUS Central 2,CONUS,v2025-11,2/23/2006 0:00,2/23/2006 0:00,alfisols,aqualfs,epiaqualfs,aeric vertic epiaqualfs,,38.8747778,-91.5178056,3976,5770,US_NCSS_changed_pedons_2023_to_2024.csv
2006MO179004,684498,41609,40895,"2006MO179004",2006,site_obsdate,2023,2024,2023-2024,18,1,"Recent development, 0-5 years",3,Rangeland or Pasture to Developed,Missouri,Reynolds,CONUS Central 2,CONUS,v2025-11,10/17/2006 0:00,10/17/2006 0:00,alfisols,udalfs,hapludalfs,typic hapludalfs,loamy-skeletal,37.5422167,-90.8447389,3976,5790,US_NCSS_changed_pedons_2023_to_2024.csv
2006MO183051,642762,41198,40484,"2006MO183051",2006,site_obsdate,2023,2024,2023-2024,18,1,"Recent development, 0-5 years",1,Agriculture to Developed,Missouri,St. Charles,CONUS Central 2,CONUS,v2025-11,9/6/2006 0:00,9/6/2006 0:00,mollisols,udolls,hapludolls,fluvaquentic hapludolls,coarse-silty,38.8207778,-90.1207778,3976,5792,US_NCSS_changed_pedons_2023_to_2024.csv
2006MO183057,642786,41879,41165,"2006MO183057",2006,site_obsdate,2023,2024,2023-2024,18,1,"Recent development, 0-5 years",1,Agriculture to Developed,Missouri,St. Charles,CONUS Central 2,CONUS,v2025-11,9/6/2006 0:00,9/6/2006 0:00,mollisols,aquolls,epiaquolls,cumulic vertic epiaquolls,clayey over loamy,38.8386944,-90.1293333,3976,5792,US_NCSS_changed_pedons_2023_to_2024.csv
88MT031012,125464,15647,15647,"S1988MT031012",1988,site_obsdate,2023,2024,2023-2024,36,1,"Recent development, 0-5 years",3,Rangeland or Pasture to Developed,Montana,Gallatin,CONUS West 2,CONUS,v2025-11,9/1/1988 0:00,9/1/1988 0:00,mollisols,borolls,calciborolls,typic calciborolls,fine-silty,45.6544456,-111.3613892,3979,5917,US_NCSS_changed_pedons_2023_to_2024.csv
S1974NE121026,110341,2011,2011,"S1974NE121026",1974,site_obsdate,2023,2024,2023-2024,50,1,"Recent development, 0-5 years",1,Agriculture to Developed,Nebraska,Merrick,CONUS Central 1,CONUS,v2025-11,6/1/1974 0:00,6/1/1974 0:00,mollisols,ustolls,haplustolls,fluvaquentic haplustolls,coarse-loamy,41.2016716,-97.9053574,3982,6172,US_NCSS_changed_pedons_2023_to_2024.csv
1969NV001001,253221,5631,5631,"1969NV001001",1969,site_obsdate,2023,2024,2023-2024,55,1,"Recent development, 0-5 years",3,Rangeland or Pasture to Developed,Nevada,Churchill,CONUS West 1,CONUS,v2025-11,9/16/1969 0:00,9/16/1969 0:00,entisols,psamments,torripsamments,typic torripsamments,,39.5053889,-118.9869444,3987,6269,US_NCSS_changed_pedons_2023_to_2024.csv
04NV003008,192273,31754,31635,"04NV003008",2004,site_obsdate,2023,2024,2023-2024,20,1,"Recent development, 0-5 years",2,Forest to Developed,Nevada,Clark,CONUS West 1,CONUS,v2025-11,7/29/2004 0:00,7/29/2004 0:00,mollisols,ustolls,argiustolls,aridic argiustolls,fine-loamy,36.3660556,-115.8206667,3987,6270,US_NCSS_changed_pedons_2023_to_2024.csv
S1960NV003001,104535,176,176,"S1960NV003001",1960,site_obsdate,2023,2024,2023-2024,64,1,"Recent development, 0-5 years",3,Rangeland or Pasture to Developed,Nevada,Clark,CONUS West 2,CONUS,v2025-11,1/23/1960 0:00,1/23/1960 0:00,aridisols,orthids,salorthids,typic salorthids,fine-silty,36.6674995,-114.5830536,3987,6270,US_NCSS_changed_pedons_2023_to_2024.csv
S1975NV031007,110556,3238,3238,"S1975NV031007",1975,site_obsdate,2023,2024,2023-2024,49,1,"Recent development, 0-5 years",3,Rangeland or Pasture to Developed,Nevada,Washoe,CONUS West 1,CONUS,v2025-11,10/8/1975 0:00,10/8/1975 0:00,mollisols,xerolls,argixerolls,aridic argixerolls,loamy-skeletal,39.3451729,-119.8121109,3987,6283,US_NCSS_changed_pedons_2023_to_2024.csv
92NJ015001,104204,19106,19106,"S1992NJ015001",1992,site_obsdate,2023,2024,2023-2024,32,1,"Recent development, 0-5 years",1,Agriculture to Developed,New Jersey,Gloucester,CONUS East 1,CONUS,v2025-11,2/11/1992 0:00,2/11/1992 0:00,ultisols,udults,rhodudults,typic rhodudults,,39.7383347,-75.3216629,3984,6222,US_NCSS_changed_pedons_2023_to_2024.csv
S1958NJ015006,104201,291,291,"S1958NJ015006",1958,site_obsdate,2023,2024,2023-2024,66,1,"Recent development, 0-5 years",3,Rangeland or Pasture to Developed,New Jersey,Gloucester,CONUS East 1,CONUS,v2025-11,8/19/1958 0:00,8/19/1958 0:00,,,,,,39.7033348,-75.1383362,3984,6222,US_NCSS_changed_pedons_2023_to_2024.csv
S2000NC097011,423005,25653,25653,"S2000NC097011",2000,site_obsdate,2023,2024,2023-2024,24,1,"Recent development, 0-5 years",3,Rangeland or Pasture to Developed,North Carolina,Iredell,CONUS East 1,CONUS,v2025-11,5/3/2000 0:00,5/3/2000 0:00,ultisols,udults,kanhapludults,typic kanhapludults,,35.9698181,-80.7863083,3980,6007,US_NCSS_changed_pedons_2023_to_2024.csv
S2004NC105001,435307,32320,32201,"S2004NC105001",2004,site_obsdate,2023,2024,2023-2024,20,1,"Recent development, 0-5 years",3,Rangeland or Pasture to Developed,North Carolina,Lee,CONUS East 1,CONUS,v2025-11,4/7/2004 0:00,4/7/2004 0:00,ultisols,udults,hapludults,aquic hapludults,,35.5950546,-79.0711136,3980,6011,US_NCSS_changed_pedons_2023_to_2024.csv
51ND009002,47286,54,54,"51ND009002",1951,site_obsdate,2023,2024,2023-2024,73,1,"Recent development, 0-5 years",3,Rangeland or Pasture to Developed,North Dakota,Bottineau,CONUS Central 1,CONUS,v2025-11,9/9/1951 0:00,9/9/1951 0:00,,,,,,48.79219437,-101.1455307,3981,6063,US_NCSS_changed_pedons_2023_to_2024.csv
79ND015001,47824,7821,7821,"79ND015001",1979,site_obsdate,2023,2024,2023-2024,45,1,"Recent development, 0-5 years",3,Rangeland or Pasture to Developed,North Dakota,Burleigh,CONUS Central 1,CONUS,v2025-11,10/3/1979 0:00,10/1/1979 0:00,mollisols,borolls,haploborolls,typic haploborolls,coarse-loamy,46.8533333,-100.6297222,3981,6066,US_NCSS_changed_pedons_2023_to_2024.csv
58ND089002,47448,108,108,"58ND089002",1958,site_obsdate,2023,2024,2023-2024,66,1,"Recent development, 0-5 years",3,Rangeland or Pasture to Developed,North Dakota,Stark,CONUS Central 1,CONUS,v2025-11,,7/15/1958 0:00,,,,,,46.8911111,-102.6391667,3981,6103,US_NCSS_changed_pedons_2023_to_2024.csv
58ND089018,47463,86,86,"58ND089018",1958,site_obsdate,2023,2024,2023-2024,66,1,"Recent development, 0-5 years",3,Rangeland or Pasture to Developed,North Dakota,Stark,CONUS Central 1,CONUS,v2025-11,,7/24/1958 0:00,,,,,,46.9816667,-102.3030556,3981,6103,US_NCSS_changed_pedons_2023_to_2024.csv
YYYY-OH027-086,751559,69299,67374,"YYYY-OH027-086",1999,site_obsdate,2023,2024,2023-2024,25,1,"Recent development, 0-5 years",1,Agriculture to Developed,Ohio,Clinton,CONUS East 1,CONUS,v2025-11,,8/14/1999 0:00,,,,,,39.3694458,-83.9619446,3989,6361,US_NCSS_changed_pedons_2023_to_2024.csv
1953-OH039-S01,746667,66210,64285,"1953-OH039-S01",1953,site_obsdate,2023,2024,2023-2024,71,1,"Recent development, 0-5 years",1,Agriculture to Developed,Ohio,Defiance,CONUS East 1,CONUS,v2025-11,,8/28/1953 0:00,,,,aquic arenic hapludalfs,loamy,41.2364044,-84.3145294,3989,6367,US_NCSS_changed_pedons_2023_to_2024.csv
S1999OH167015,111199,25836,25836,"S1999OH167015",1999,site_obsdate,2023,2024,2023-2024,25,1,"Recent development, 0-5 years",1,Agriculture to Developed,Ohio,Washington,CONUS East 1,CONUS,v2025-11,3/2/1999 0:00,3/2/1999 0:00,mollisols,udolls,hapludolls,typic hapludolls,,39.3694992,-81.3921967,3989,6431,US_NCSS_changed_pedons_2023_to_2024.csv
68-OK143-72-2,800122,71454,132139,"68-OK143-72-2",1968,site_obsdate,2023,2024,2023-2024,56,1,"Recent development, 0-5 years",3,Rangeland or Pasture to Developed,Oklahoma,Tulsa,CONUS Central 1,CONUS,v2025-11,,11/2/1968 0:00,alfisols,aqualfs,natraqualfs,albic natraqualfs,fine,36.1518028,-95.7975667,3990,6507,US_NCSS_changed_pedons_2023_to_2024.csv
1974PA027097,421971,53739,52938,"1974PA027097",1974,site_obsdate,2023,2024,2023-2024,50,1,"Recent development, 0-5 years",2,Forest to Developed,Pennsylvania,Centre,CONUS East 1,CONUS,v2025-11,9/7/1974 0:00,9/7/1974 0:00,inceptisols,ochrepts,eutrochrepts,fluventic eutrochrepts,sandy,40.8233333,-77.8388889,3992,6562,US_NCSS_changed_pedons_2023_to_2024.csv
S1955PA071010,105384,351,351,"S1955PA071010",1955,site_obsdate,2023,2024,2023-2024,69,1,"Recent development, 0-5 years",1,Agriculture to Developed,Pennsylvania,Dauphin,CONUS East 1,CONUS,v2025-11,9/13/1955 0:00,9/13/1955 0:00,,,,,,40.1705704,-76.6418762,3992,6584,US_NCSS_changed_pedons_2023_to_2024.csv
S1997TX065003,1133895,23831,23831,"S1997TX065003",1997,site_obsdate,2023,2024,2023-2024,27,1,"Recent development, 0-5 years",3,Rangeland or Pasture to Developed,Texas,Carson,CONUS Central 1,CONUS,v2025-11,10/21/1997 0:00,10/21/1997 0:00,mollisols,ustolls,argiustolls,pachic argiustolls,fine-loamy,35.5483055,-101.5974197,4000,6954,US_NCSS_changed_pedons_2023_to_2024.csv
77TX465001,956060,6846,6846,"77TX465001",1978,site_obsdate,2023,2024,2023-2024,46,1,"Recent development, 0-5 years",3,Rangeland or Pasture to Developed,Texas,Val Verde,CONUS Central 1,CONUS,v2025-11,1/3/1980 0:00,6/1/1978 0:00,aridisols,orthids,paleorthids,ustollic paleorthids,loamy,29.4361111,-100.9180556,4000,7154,US_NCSS_changed_pedons_2023_to_2024.csv
64VI010004,127942,540,540,"S1964VI010004",1964,site_obsdate,2023,2024,2023-2024,60,1,"Recent development, 0-5 years",3,Rangeland or Pasture to Developed,United States Virgin Islands,St. Croix,Puerto Rico and U.S. Virgin Islands,PRUSVI,v2024-10,9/1/1964 0:00,9/1/1964 0:00,mollisols,ustolls,paleustolls,petrocalcic paleustolls,clayey,17.6988888,-64.8072205,4004,7350,US_NCSS_changed_pedons_2023_to_2024.csv
91VI010004,126956,17500,17500,"S1991VI010004",1991,site_obsdate,2023,2024,2023-2024,33,1,"Recent development, 0-5 years",3,Rangeland or Pasture to Developed,United States Virgin Islands,St. Croix,Puerto Rico and U.S. Virgin Islands,PRUSVI,v2024-10,8/3/1991 0:00,8/1/1991 0:00,vertisols,usterts,haplusterts,sodic haplusterts,fine,17.7022228,-64.8352814,4004,7350,US_NCSS_changed_pedons_2023_to_2024.csv
S2009UT045002,360251,40645,39946,"S2009UT045002",2009,site_obsdate,2023,2024,2023-2024,15,1,"Recent development, 0-5 years",3,Rangeland or Pasture to Developed,Utah,Tooele,CONUS West 2,CONUS,v2025-11,7/1/2009 0:00,7/1/2009 0:00,aridisols,argids,natrargids,typic natrargids,,40.1660156,-113.0208969,4002,7207,US_NCSS_changed_pedons_2023_to_2024.csv
81VT021003,873291,8858,8858,"S1981VT021003",1981,site_obsdate,2023,2024,2023-2024,43,1,"Recent development, 0-5 years",2,Forest to Developed,Vermont,Rutland,CONUS East 2,CONUS,v2025-11,8/1/1981 0:00,8/1/1981 0:00,inceptisols,udepts,eutrudepts,oxyaquic eutrudepts,coarse-loamy,43.5466652,-73.0091629,4005,7364,US_NCSS_changed_pedons_2023_to_2024.csv
S2004WA001001,160471,31989,31870,"S2004WA001001",2004,site_obsdate,2023,2024,2023-2024,20,1,"Recent development, 0-5 years",3,Rangeland or Pasture to Developed,Washington,Adams,CONUS West 1,CONUS,v2025-11,9/30/2004 0:00,9/30/2004 0:00,mollisols,xerolls,haploxerolls,typic haploxerolls,,46.7666512,-118.3420639,4006,7368,US_NCSS_changed_pedons_2023_to_2024.csv
S1999WV003006,675537,31467,31348,"S99WV003006",1999,site_obsdate,2023,2024,2023-2024,25,1,"Recent development, 0-5 years",1,Agriculture to Developed,West Virginia,Berkeley,CONUS East 1,CONUS,v2025-11,7/8/1999 0:00,7/8/1999 0:00,,,,,,39.3908333,-78.0066667,4008,7480,US_NCSS_changed_pedons_2023_to_2024.csv
S99WV003006,534011,55566,54765,"S99WV003006",1999,site_obsdate,2023,2024,2023-2024,25,1,"Recent development, 0-5 years",1,Agriculture to Developed,West Virginia,Berkeley,CONUS East 1,CONUS,v2025-11,7/8/1999 0:00,7/8/1999 0:00,,,,,,39.3908333,-78.0066667,4008,7480,US_NCSS_changed_pedons_2023_to_2024.csv
1978AR11703,816900,59102,58299,"1978AR11703",2012,site_obsdate,2024,2025,2024-2025,13,0,"Recent development, 0-5 years",1,Agriculture to Developed,Arkansas,Prairie,CONUS Central 2,CONUS,v2025-11,,11/27/2012 0:00,,,,,,34.7369806,-91.6713359,3948,4412,US_NCSS_changed_pedons_2024_to_2025.csv
S1945CA021012,108143,2754,2754,"S1945CA021012",1945,site_obsdate,2024,2025,2024-2025,80,0,"Recent development, 0-5 years",3,Rangeland or Pasture to Developed,California,Glenn,CONUS West 1,CONUS,v2025-11,4/5/1945 0:00,4/5/1945 0:00,alfisols,xeralfs,palexeralfs,typic palexeralfs,fine-loamy,39.7975006,-122.1663895,3951,4459,US_NCSS_changed_pedons_2024_to_2025.csv
1976-FL001-S01_065,516057,50801,50075,"S1976-FL001-S01_065",2011,site_obsdate,2024,2025,2024-2025,14,0,"Recent development, 0-5 years",2,Forest to Developed,Florida,Alachua,CONUS East 1,CONUS,v2025-11,,4/15/2011 0:00,Ultisols,Udults,Paleudults,Arenic Paleudults,,29.6998787,-82.489151,3957,4582,US_NCSS_changed_pedons_2024_to_2025.csv
90FL101002,127107,17674,17674,"S1990FL101002",1990,site_obsdate,2024,2025,2024-2025,35,0,"Recent development, 0-5 years",1,Agriculture to Developed,Florida,Pasco,CONUS East 1,CONUS,v2025-11,11/3/1990 0:00,11/1/1990 0:00,spodosols,aquods,alaquods,aeric alaquods,sandy,28.3058338,-82.4869461,3957,4632,US_NCSS_changed_pedons_2024_to_2025.csv
S1977FL101012,952537,50913,50187,"S1977-FL101-S51_012",2011,site_obsdate,2024,2025,2024-2025,14,0,"Recent development, 0-5 years",3,Rangeland or Pasture to Developed,Florida,Pasco,CONUS East 1,CONUS,v2025-11,,4/15/2011 0:00,ultisols,udults,paleudults,grossarenic paleudults,loamy,28.3991852,-82.3105621,3957,4632,US_NCSS_changed_pedons_2024_to_2025.csv
S1962GA225022,100947,4880,4880,"S1962GA225022",1962,site_obsdate,2024,2025,2024-2025,63,0,"Recent development, 0-5 years",1,Agriculture to Developed,Georgia,Peach,CONUS East 1,CONUS,v2025-11,7/18/1962 0:00,7/18/1962 0:00,,,,,,32.5582275,-83.9065704,3960,4763,US_NCSS_changed_pedons_2024_to_2025.csv
S1957GA277012,100967,4894,4894,"S1957GA277012",1957,site_obsdate,2024,2025,2024-2025,68,0,"Recent development, 0-5 years",1,Agriculture to Developed,Georgia,Tift,CONUS East 1,CONUS,v2025-11,7/1/1957 0:00,7/1/1957 0:00,,,,,,31.4535332,-83.5501709,3960,4789,US_NCSS_changed_pedons_2024_to_2025.csv
90ID073002,958343,17229,17229,"90ID073002",1990,site_obsdate,2024,2025,2024-2025,35,0,"Recent development, 0-5 years",3,Rangeland or Pasture to Developed,Idaho,Owyhee,CONUS West 1,CONUS,v2025-11,,6/1/1990 0:00,mollisols,xerolls,haploxerolls,vitrandic haploxerolls,ashy-skeletal,42.6908333,-116.4069444,3964,4953,US_NCSS_changed_pedons_2024_to_2025.csv
S1993IL027010,101625,20832,20832,"S1993IL027010",1993,site_obsdate,2024,2025,2024-2025,32,0,"Recent development, 0-5 years",3,Rangeland or Pasture to Developed,Illinois,Clinton,CONUS Central 2,CONUS,v2025-11,9/18/1993 0:00,9/16/1993 0:00,alfisols,aqualfs,epiaqualfs,typic epiaqualfs,fine,38.4855537,-89.4972229,3965,4974,US_NCSS_changed_pedons_2024_to_2025.csv
80IL-049-001,963393,36693,36078,"80IL-049-001",1980,site_obsdate,2024,2025,2024-2025,45,0,"Recent development, 0-5 years",2,Forest to Developed,Illinois,Effingham,CONUS Central 2,CONUS,v2025-11,,4/1/1980 0:00,alfisols,udalfs,hapludalfs,ultic hapludalfs,fine-silty,39.1188324,-88.5939638,3965,4985,US_NCSS_changed_pedons_2024_to_2025.csv
S1992IL057014,101664,19849,19849,"S1992IL057014",1992,site_obsdate,2024,2025,2024-2025,33,0,"Recent development, 0-5 years",1,Agriculture to Developed,Illinois,Fulton,CONUS Central 2,CONUS,v2025-11,12/20/1992 0:00,12/18/1992 0:00,alfisols,aqualfs,albaqualfs,aeric albaqualfs,fine,40.3869705,-90.3770523,3965,4989,US_NCSS_changed_pedons_2024_to_2025.csv
82IL131150,121330,10281,10281,"S1982IL131150",1982,site_obsdate,2024,2025,2024-2025,43,0,"Recent development, 0-5 years",2,Forest to Developed,Illinois,Mercer,CONUS Central 2,CONUS,v2025-11,3/3/1982 0:00,3/1/1982 0:00,alfisols,aqualfs,ochraqualfs,aeric ochraqualfs,fine-silty,41.2625008,-90.8227768,3965,5026,US_NCSS_changed_pedons_2024_to_2025.csv
1981IL133010,350956,36833,36218,"1981IL133010",1981,site_obsdate,2024,2025,2024-2025,44,0,"Recent development, 0-5 years",3,Rangeland or Pasture to Developed,Illinois,Monroe,CONUS Central 2,CONUS,v2025-11,6/1/1981 0:00,6/1/1981 0:00,alfisols,udalfs,hapludalfs,aquic hapludalfs,fine-silty,38.2178082,-90.1373902,3965,5027,US_NCSS_changed_pedons_2024_to_2025.csv
1945IL157003,314953,35914,35299,"1945IL157003",1945,site_obsdate,2024,2025,2024-2025,80,0,"Recent development, 0-5 years",1,Agriculture to Developed,Illinois,Randolph,CONUS Central 2,CONUS,v2025-11,9/1/1945 0:00,9/1/1945 0:00,alfisols,udalfs,fragiudalfs,oxyaquic fragiudalfs,fine-silty,38.0217448,-89.887057,3965,5039,US_NCSS_changed_pedons_2024_to_2025.csv
1980IN009008,314147,39076,38461,"1980IN009008",1980,site_obsdate,2024,2025,2024-2025,45,0,"Recent development, 0-5 years",1,Agriculture to Developed,Indiana,Blackford,CONUS Central 2,CONUS,v2025-11,11/19/1980 0:00,11/19/1980 0:00,alfisols,aqualfs,ochraqualfs,aeric ochraqualfs,fine-loamy,40.391625,-85.2765972,3966,5067,US_NCSS_changed_pedons_2024_to_2025.csv
RC2006IN023SH015005,426562,72091,132831,"RC2006IN023SH015005",2006,samp_classdate,2024,2025,2024-2025,19,0,"Recent development, 0-5 years",1,Agriculture to Developed,Indiana,Clinton,CONUS Central 2,CONUS,v2025-11,11/27/2006 0:00,,mollisols,aquolls,endoaquolls,typic endoaquolls,fine-silty,40.3097878,-86.2993393,3966,5074,US_NCSS_changed_pedons_2024_to_2025.csv
1975IN085003,313142,37977,37362,"1975IN085003",1975,site_obsdate,2024,2025,2024-2025,50,0,"Recent development, 0-5 years",3,Rangeland or Pasture to Developed,Indiana,Kosciusko,CONUS Central 2,CONUS,v2025-11,11/4/1975 0:00,11/4/1975 0:00,,,,,,41.3707778,-85.8011694,3966,5105,US_NCSS_changed_pedons_2024_to_2025.csv
1972IN091001,312922,37862,37247,"1972IN091001",1972,site_obsdate,2024,2025,2024-2025,53,0,"Recent development, 0-5 years",3,Rangeland or Pasture to Developed,Indiana,LaPorte,CONUS Central 2,CONUS,v2025-11,10/2/1972 0:00,10/2/1972 0:00,,,,,,41.3272667,-86.9299472,3966,5108,US_NCSS_changed_pedons_2024_to_2025.csv
S1994IA041005,101154,21632,21632,"S1994IA041005",1994,site_obsdate,2024,2025,2024-2025,31,0,"Recent development, 0-5 years",1,Agriculture to Developed,Iowa,Clay,CONUS Central 1,CONUS,v2025-11,4/4/1994 0:00,4/4/1994 0:00,mollisols,udolls,hapludolls,aquic hapludolls,,43.1699982,-95.1411133,3963,4838,US_NCSS_changed_pedons_2024_to_2025.csv
S1972IA065007,1076908,71284,69308,"S1972IA065007",1972,site_obsdate,2024,2025,2024-2025,53,0,"Recent development, 0-5 years",3,Rangeland or Pasture to Developed,Iowa,Fayette,CONUS Central 2,CONUS,v2025-11,8/13/2014 0:00,9/8/1972 0:00,,,,,,42.9698186,-91.8118632,3963,4850,US_NCSS_changed_pedons_2024_to_2025.csv
S2006IA065004,1239597,33683,33501,"S2006IA065004",2006,site_obsdate,2024,2025,2024-2025,19,0,"Recent development, 0-5 years",3,Rangeland or Pasture to Developed,Iowa,Fayette,CONUS Central 2,CONUS,v2025-11,10/31/2006 0:00,10/31/2006 0:00,alfisols,udalfs,hapludalfs,typic hapludalfs,fine-silty,42.9001808,-91.6911774,3963,4850,US_NCSS_changed_pedons_2024_to_2025.csv
85IA0790042,122466,12054,12054,"S1985IA0790042",1985,site_obsdate,2024,2025,2024-2025,40,0,"Recent development, 0-5 years",1,Agriculture to Developed,Iowa,Hamilton,CONUS Central 2,CONUS,v2025-11,11/3/1985 0:00,11/1/1985 0:00,mollisols,udolls,hapludolls,typic hapludolls,fine-loamy,42.4300003,-93.8061142,3963,4857,US_NCSS_changed_pedons_2024_to_2025.csv
07KS005506,242710,52110,51384,"07KS005506",2007,site_obsdate,2024,2025,2024-2025,18,0,"Recent development, 0-5 years",1,Agriculture to Developed,Kansas,Atchison,CONUS Central 1,CONUS,v2025-11,4/24/2007 0:00,4/24/2007 0:00,mollisols,udolls,hapludolls,cumulic hapludolls,,39.4548607,-95.3658066,3967,5157,US_NCSS_changed_pedons_2024_to_2025.csv
08KS095243,293725,52136,51410,"08KS095243",2008,site_obsdate,2024,2025,2024-2025,17,0,"Recent development, 0-5 years",3,Rangeland or Pasture to Developed,Kansas,Kingman,CONUS Central 1,CONUS,v2025-11,4/18/2008 0:00,4/18/2008 0:00,mollisols,ustolls,argiustolls,oxyaquic argiustolls,,37.4241219,-98.4466095,3967,5202,US_NCSS_changed_pedons_2024_to_2025.csv
S1957LA011001,102324,3781,3781,"S1957LA011001",1957,site_obsdate,2024,2025,2024-2025,68,0,"Recent development, 0-5 years",2,Forest to Developed,Louisiana,Beauregard,CONUS Central 2,CONUS,v2025-11,11/5/1957 0:00,11/5/1957 0:00,ultisols,udults,paleudults,plinthaquic paleudults,fine-silty,30.5816669,-93.2077789,3969,5385,US_NCSS_changed_pedons_2024_to_2025.csv
S10LA0190048,435182,53572,52771,"S10LA0190048",2010,site_obsdate,2024,2025,2024-2025,15,0,"Recent development, 0-5 years",1,Agriculture to Developed,Louisiana,Calcasieu,CONUS Central 2,CONUS,v2025-11,9/23/2010 0:00,9/23/2010 0:00,mollisols,aquolls,argiaquolls,typic argiaquolls,fine-silty,30.2236778,-93.5003167,3969,5389,US_NCSS_changed_pedons_2024_to_2025.csv
S1998MI135001,108983,24175,24175,"S1998MI135001",1998,site_obsdate,2024,2025,2024-2025,27,0,"Recent development, 0-5 years",2,Forest to Developed,Michigan,Oscoda,CONUS East 1,CONUS,v2025-11,10/14/1998 0:00,10/14/1998 0:00,alfisols,udalfs,glossudalfs,oxyaquic glossudalfs,,44.6386333,-84.2418194,3974,5598,US_NCSS_changed_pedons_2024_to_2025.csv
S1974MN013(1741),917181,56777,55976,"S1974MN0131741",2011,site_obsdate,2024,2025,2024-2025,14,0,"Recent development, 0-5 years",1,Agriculture to Developed,Minnesota,Blue Earth,CONUS Central 2,CONUS,v2025-11,1/7/2011 0:00,1/7/2011 0:00,mollisols,aquolls,endoaquolls,cumulic vertic endoaquolls,fine,44.1382179,-93.9528885,3975,5620,US_NCSS_changed_pedons_2024_to_2025.csv
99MS151012,111242,25175,25175,"S1999MS151012",1999,site_obsdate,2024,2025,2024-2025,26,0,"Recent development, 0-5 years",4,Other to Developed,Mississippi,Washington,CONUS Central 2,CONUS,v2025-11,9/30/1999 0:00,9/30/1999 0:00,,,,,,33.3277206,-91.0160294,3978,5895,US_NCSS_changed_pedons_2024_to_2025.csv
2007MO027074,697295,45887,45173,"2007MO027074",2007,site_obsdate,2024,2025,2024-2025,18,0,"Recent development, 0-5 years",3,Rangeland or Pasture to Developed,Missouri,Callaway,CONUS Central 2,CONUS,v2025-11,4/3/2007 0:00,4/3/2007 0:00,alfisols,udalfs,hapludalfs,aquertic chromic hapludalfs,,38.7601944,-91.9540023803711,3976,5714,US_NCSS_changed_pedons_2024_to_2025.csv
2008MO027064,664138,45840,45126,"2008MO027064",2007,site_obsdate,2024,2025,2024-2025,18,0,"Recent development, 0-5 years",3,Rangeland or Pasture to Developed,Missouri,Callaway,CONUS Central 2,CONUS,v2025-11,10/29/2007 0:00,10/29/2007 0:00,alfisols,udalfs,hapludalfs,aquertic chromic hapludalfs,,38.9936667,-91.7870556,3976,5714,US_NCSS_changed_pedons_2024_to_2025.csv
1988MO041030,695802,45459,44745,"1988MO041030",1988,site_obsdate,2024,2025,2024-2025,37,0,"Recent development, 0-5 years",1,Agriculture to Developed,Missouri,Chariton,CONUS Central 2,CONUS,v2025-11,4/1/1988 0:00,4/1/1988 0:00,,,,,,39.6754556,-93.178225,3976,5721,US_NCSS_changed_pedons_2024_to_2025.csv
2000MO149040M,1361401,42933,42219,"2000MO149040M",2000,site_obsdate,2024,2025,2024-2025,25,0,"Recent development, 0-5 years",2,Forest to Developed,Missouri,Oregon,CONUS Central 2,CONUS,v2025-11,5/8/2000 0:00,5/8/2000 0:00,alfisols,aqualfs,endoaqualfs,typic endoaqualfs,fine-silty,36.7827492,-91.5644455,3976,5775,US_NCSS_changed_pedons_2024_to_2025.csv
89MT097001,125807,16093,16093,"S1989MT097001",1989,site_obsdate,2024,2025,2024-2025,36,0,"Recent development, 0-5 years",3,Rangeland or Pasture to Developed,Montana,Sweet Grass,CONUS West 2,CONUS,v2025-11,5/1/1989 0:00,5/1/1989 0:00,mollisols,borolls,argiborolls,typic argiborolls,clayey over sandy or sandy-skeletal,45.8108329772949,-109.9716644,3979,5950,US_NCSS_changed_pedons_2024_to_2025.csv
90MT097013,113770,17688,17688,"S1990MT097013",1990,site_obsdate,2024,2025,2024-2025,35,0,"Recent development, 0-5 years",3,Rangeland or Pasture to Developed,Montana,Sweet Grass,CONUS West 2,CONUS,v2025-11,5/2/1990 0:00,5/2/1990 0:00,mollisols,borolls,argiborolls,typic argiborolls,,45.7593613,-109.7785721,3979,5950,US_NCSS_changed_pedons_2024_to_2025.csv
81NE029001,120778,9128,9128,"S1981NE029001",1981,site_obsdate,2024,2025,2024-2025,44,0,"Recent development, 0-5 years",3,Rangeland or Pasture to Developed,Nebraska,Chase,CONUS Central 1,CONUS,v2025-11,10/3/1981 0:00,10/1/1981 0:00,entisols,orthents,ustorthents,aridic ustorthents,coarse-silty,40.4952774,-101.4716644,3982,6126,US_NCSS_changed_pedons_2024_to_2025.csv
99NV001001,108687,24922,24922,"S1999NV001001",1999,site_obsdate,2024,2025,2024-2025,26,0,"Recent development, 0-5 years",1,Agriculture to Developed,Nevada,Churchill,CONUS West 1,CONUS,v2025-11,10/8/1999 0:00,10/6/1999 0:00,entisols,fluvents,torrifluvents,oxyaquic torrifluvents,sandy,39.4582367,-118.77653503418,3987,6269,US_NCSS_changed_pedons_2024_to_2025.csv
S1980NV003001,110460,7812,7812,"S1980NV003001",1980,site_obsdate,2024,2025,2024-2025,45,0,"Recent development, 0-5 years",3,Rangeland or Pasture to Developed,Nevada,Clark,CONUS West 1,CONUS,v2025-11,6/3/1980 0:00,4/1/1980 0:00,aridisols,calcids,petrocalcids,typic petrocalcids,loamy,36.0347176,-115.2033386,3987,6270,US_NCSS_changed_pedons_2024_to_2025.csv
89NV007011,126078,16424,16424,"S1989NV007011",1989,site_obsdate,2024,2025,2024-2025,36,0,"Recent development, 0-5 years",3,Rangeland or Pasture to Developed,Nevada,Elko,CONUS West 1,CONUS,v2025-11,10/1/1989 0:00,10/1/1989 0:00,aridisols,argids,haplargids,xerollic haplargids,,40.6983337,-115.4824982,3987,6272,US_NCSS_changed_pedons_2024_to_2025.csv
1956NV027011,253267,3036,3036,"1956NV027011",1956,site_obsdate,2024,2025,2024-2025,69,0,"Recent development, 0-5 years",3,Rangeland or Pasture to Developed,Nevada,Pershing,CONUS West 1,CONUS,v2025-11,7/1/1956 0:00,7/1/1956 0:00,entisols,fluvents,xerofluvents,aquic xerofluvents,fine-silty,40.1875,-118.4563889,3987,6281,US_NCSS_changed_pedons_2024_to_2025.csv
S2006NC071001,318383,33442,33292,"S2006NC071001",2006,site_obsdate,2024,2025,2024-2025,19,0,"Recent development, 0-5 years",2,Forest to Developed,North Carolina,Gaston,CONUS East 1,CONUS,v2025-11,9/18/2006 0:00,9/18/2006 0:00,,,,,,35.1650467,-81.2865982,3980,5994,US_NCSS_changed_pedons_2024_to_2025.csv
96NC171005,103485,23245,23245,"S1996NC171005",1996,site_obsdate,2024,2025,2024-2025,29,0,"Recent development, 0-5 years",3,Rangeland or Pasture to Developed,North Carolina,Surry,CONUS East 1,CONUS,v2025-11,12/12/1996 0:00,12/10/1996 0:00,ultisols,udults,kanhapludults,typic kanhapludults,fine,36.4819450378418,-80.6275024,3980,6044,US_NCSS_changed_pedons_2024_to_2025.csv
S2020NC173001,NaN,76291,136885,"S2020NC173001",2020,site_obsdate,2024,2025,2024-2025,5,0,"Recent development, 0-5 years",1,Agriculture to Developed,North Carolina,Swain,CONUS East 1,CONUS,v2025-11,10/24/2020 0:00,10/24/2020 0:00,ultisols,udults,hapludults,humic hapludults,,35.46110916,-83.39111328,3980,6045,US_NCSS_changed_pedons_2024_to_2025.csv
S2001NC183002,114297,26899,26895,"S2001NC183002",2001,site_obsdate,2024,2025,2024-2025,24,0,"Recent development, 0-5 years",1,Agriculture to Developed,North Carolina,Wake,CONUS East 1,CONUS,v2025-11,6/19/2001 0:00,6/19/2001 0:00,ultisols,udults,hapludults,aquic hapludults,,35.8263741,-78.8633728,3980,6050,US_NCSS_changed_pedons_2024_to_2025.csv
82ND061015,45065,69562,67637,"82ND061015",1982,site_obsdate,2024,2025,2024-2025,43,0,"Recent development, 0-5 years",3,Rangeland or Pasture to Developed,North Dakota,Mountrail,CONUS Central 1,CONUS,v2025-11,,5/27/1982 0:00,Mollisols,Borolls,Argiborolls,Typic Argiborolls,,48.5449631,-102.8603101,3981,6089,US_NCSS_changed_pedons_2024_to_2025.csv
58ND089016,47461,78,78,"58ND089016",1958,site_obsdate,2024,2025,2024-2025,67,0,"Recent development, 0-5 years",3,Rangeland or Pasture to Developed,North Dakota,Stark,CONUS Central 1,CONUS,v2025-11,7/24/1958 0:00,7/24/1958 0:00,,,,,,46.87634659,-102.7272339,3981,6103,US_NCSS_changed_pedons_2024_to_2025.csv
S1958OH003101,907429,67052,65127,"S1958OH003101",1958,site_obsdate,2024,2025,2024-2025,67,0,"Recent development, 0-5 years",3,Rangeland or Pasture to Developed,Ohio,Allen,CONUS East 1,CONUS,v2025-11,10/6/1958 0:00,10/6/1958 0:00,alfisols,udalfs,hapludalfs,oxyaquic hapludalfs,fine,40.6801682,-83.9377747,3989,6349,US_NCSS_changed_pedons_2024_to_2025.csv
1967-OH171-006,751073,68412,66487,"1967-OH171-006",1967,site_obsdate,2024,2025,2024-2025,58,0,"Recent development, 0-5 years",1,Agriculture to Developed,Ohio,Williams,CONUS East 1,CONUS,v2025-11,10/2/1967 0:00,10/2/1967 0:00,alfisols,aqualfs,epiaqualfs,aeric epiaqualfs,fine,41.6549263,-84.4763336,3989,6433,US_NCSS_changed_pedons_2024_to_2025.csv
1956-OH173-093,749932,66913,64988,"1956-OH173-093",2001,site_obsdate,2024,2025,2024-2025,24,0,"Recent development, 0-5 years",3,Rangeland or Pasture to Developed,Ohio,Wood,CONUS East 1,CONUS,v2025-11,,3/22/2001 0:00,alfisols,aqualfs,epiaqualfs,mollic epiaqualfs,fine,41.4646759,-83.4232712,3989,6434,US_NCSS_changed_pedons_2024_to_2025.csv
1956-OH173-097,749934,66915,64990,"1956-OH173-097",2001,site_obsdate,2024,2025,2024-2025,24,0,"Recent development, 0-5 years",1,Agriculture to Developed,Ohio,Wood,CONUS East 1,CONUS,v2025-11,,3/22/2001 0:00,alfisols,aqualfs,epiaqualfs,mollic epiaqualfs,fine,41.5565414,-83.5365982,3989,6434,US_NCSS_changed_pedons_2024_to_2025.csv
S2008OK007005,314613,40051,39432,"S2008OK007005",2008,site_obsdate,2024,2025,2024-2025,17,0,"Recent development, 0-5 years",3,Rangeland or Pasture to Developed,Oklahoma,Beaver,CONUS Central 1,CONUS,v2025-11,10/1/2008 0:00,10/1/2008 0:00,mollisols,ustolls,argiustolls,calcidic argiustolls,fine-loamy,36.5201149,-100.0608063,3990,6439,US_NCSS_changed_pedons_2024_to_2025.csv
79SD015013,956232,7317,7317,"79SD015013",1979,site_obsdate,2024,2025,2024-2025,46,0,"Recent development, 0-5 years",3,Rangeland or Pasture to Developed,South Dakota,Brule,CONUS Central 1,CONUS,v2025-11,11/3/1979 0:00,6/1/1979 0:00,mollisols,ustolls,argiustolls,pachic argiustolls,fine-silty,43.6583333,-99.1616667,3998,6767,US_NCSS_changed_pedons_2024_to_2025.csv
S2016SD117009,944335,73720,134441,"S2016SD117009",2016,samp_classdate,2024,2025,2024-2025,9,0,"Recent development, 0-5 years",3,Rangeland or Pasture to Developed,South Dakota,Haakon,CONUS Central 1,CONUS,v2025-11,11/9/2016 0:00,,mollisols,ustolls,argiustolls,vertic argiustolls,,44.718963,-101.137229919434,3998,6818,US_NCSS_changed_pedons_2024_to_2025.csv
S2015SD085001,1125594,73478,134211,"S2015SD085001",2015,samp_classdate,2024,2025,2024-2025,10,0,"Recent development, 0-5 years",3,Rangeland or Pasture to Developed,South Dakota,Lyman,CONUS Central 1,CONUS,v2025-11,9/10/2015 0:00,,vertisols,usterts,haplusterts,typic haplusterts,,43.8775028,-100.0079111,3998,6802,US_NCSS_changed_pedons_2024_to_2025.csv
S1956SD099001,105683,2319,2319,"S1956SD099001",1956,site_obsdate,2024,2025,2024-2025,69,0,"Recent development, 0-5 years",3,Rangeland or Pasture to Developed,South Dakota,Minnehaha,CONUS Central 1,CONUS,v2025-11,8/13/1956 0:00,8/13/1956 0:00,entisols,orthents,ustorthents,typic ustorthents,fine-silty,43.6602783,-96.6316681,3998,6809,US_NCSS_changed_pedons_2024_to_2025.csv
82SD103015,121063,9784,9784,"S1982SD103015",1982,site_obsdate,2024,2025,2024-2025,43,0,"Recent development, 0-5 years",3,Rangeland or Pasture to Developed,South Dakota,Pennington,CONUS Central 1,CONUS,v2025-11,9/3/1982 0:00,9/1/1982 0:00,aridisols,orthids,camborthids,ustertic camborthids,fine,43.7208328,-102.0425034,3998,6811,US_NCSS_changed_pedons_2024_to_2025.csv
S1992TX051001,427244,54788,53987,"S1992TX0519001",2010,site_obsdate,2024,2025,2024-2025,15,0,"Recent development, 0-5 years",3,Rangeland or Pasture to Developed,Texas,Burleson,CONUS Central 1,CONUS,v2025-11,2/19/2010 0:00,2/19/2010 0:00,entisols,psamments,quartzipsamments,ustic quartzipsamments,,30.5125370025635,-96.7988968,4000,6947,US_NCSS_changed_pedons_2024_to_2025.csv
S1981TX491001,220485,54757,53956,"S1983TX491001",1981,site_obsdate,2024,2025,2024-2025,44,0,"Recent development, 0-5 years",1,Agriculture to Developed,Texas,Williamson,CONUS Central 1,CONUS,v2025-11,8/5/1981 0:00,8/5/1981 0:00,vertisols,usterts,haplusterts,udic haplusterts,fine,30.6779442,-97.5988312,4000,7167,US_NCSS_changed_pedons_2024_to_2025.csv
S1971UT021002,110811,6023,6023,"S1971UT021002",1971,site_obsdate,2024,2025,2024-2025,54,0,"Recent development, 0-5 years",3,Rangeland or Pasture to Developed,Utah,Iron,CONUS West 2,CONUS,v2025-11,6/1/1971 0:00,6/1/1971 0:00,entisols,fluvents,torrifluvents,xeric torrifluvents,fine-loamy,37.6604996,-113.0652008,4002,7195,US_NCSS_changed_pedons_2024_to_2025.csv
05VT005001,241513,31937,31818,"S2005VT005001",2004,site_obsdate,2024,2025,2024-2025,21,0,"Recent development, 0-5 years",1,Agriculture to Developed,Vermont,Caledonia,CONUS East 2,CONUS,v2025-11,10/22/2004 0:00,10/22/2004 0:00,mollisols,udolls,hapludolls,fluventic hapludolls,sandy,44.4426498,-72.0163727,4005,7356,US_NCSS_changed_pedons_2024_to_2025.csv
78VA145008,119780,6965,6965,"S1978VA145008",1978,site_obsdate,2024,2025,2024-2025,47,0,"Recent development, 0-5 years",2,Forest to Developed,Virginia,Powhatan,CONUS East 1,CONUS,v2025-11,8/1/1978 0:00,8/1/1978 0:00,ultisols,udults,hapludults,typic hapludults,,37.5445023,-78.008049,4003,7283,US_NCSS_changed_pedons_2024_to_2025.csv
S1962WI047001,107030,1515,1515,"S1962WI047001",1962,site_obsdate,2024,2025,2024-2025,63,0,"Recent development, 0-5 years",3,Rangeland or Pasture to Developed,Wisconsin,Green Lake,CONUS Central 2,CONUS,v2025-11,8/24/1962 0:00,8/24/1962 0:00,alfisols,udalfs,hapludalfs,typic hapludalfs,coarse-loamy,43.8644447,-89.1283340454102,4007,7430,US_NCSS_changed_pedons_2024_to_2025.csv
