upedonid,peiid,pedon_key,site_key,usiteid,Yearlabel,year_source,baseline_year,baseline_land_use,baseline_developed,sampled_before_1985,region_group,lcms_version,samp_classdate,site_obsdate,TAXORDER,TAXSUBORDER,GREATGROUP,SUBGROUP,PARTICLESIZE,latitude,longitude,state_key,county_key
S1957AR107002,107673,4161,4161,S1957AR107002,1957,site_obsdate,1985,Developed,1,1,CONUS,v2025-11,8/16/1957 0:00,8/16/1957 0:00,,,,,,34.5558319,-90.8294449,3948,4407
93AR095001,107666,20939,20939,S1993AR095001,1993,site_obsdate,1985,Developed,1,0,CONUS,v2025-11,10/1/1993 0:00,10/1/1993 0:00,,,,,,34.7367859,-91.1062317,3948,4401
96AR139001,107684,22709,22709,S1996AR139001,1996,site_obsdate,1985,Developed,1,0,CONUS,v2025-11,6/18/1996 0:00,6/18/1996 0:00,,,,,,33.3543167,-92.6862793,3948,4423
97AR043005,109299,23724,23724,S1997AR043005,1997,site_obsdate,1985,Developed,1,0,CONUS,v2025-11,10/6/1997 0:00,10/6/1997 0:00,,,,,,33.4069443,-91.6777802,3948,4375
55-CA-52-004,533341,52533,51807,S1955-CA-52-004,2009,site_obsdate,1985,Developed,1,0,CONUS,v2025-11,2/23/2009 0:00,2/23/2009 0:00,,,,pachic ultic argixerolls,,40.3574982,-121.7981644,3951,4500
72-CA-53-008x,533418,52970,52244,S1972-CA-53-008x,2009,site_obsdate,1985,Developed,1,0,CONUS,v2025-11,2/27/2009 0:00,2/27/2009 0:00,,,,pachic ultic argixerolls,,40.6379852,-122.9470978,3951,4501
S1971FL099001,109843,4016,4016,S1971FL099001,1971,site_obsdate,1985,Developed,1,1,CONUS,v2025-11,7/14/1971 0:00,7/14/1971 0:00,,,,,,26.632087,-80.1420225,3957,4631
S1960FL121031,100626,4791,4791,S1960FL121031,1960,site_obsdate,1985,Developed,1,1,CONUS,v2025-11,2/25/1960 0:00,2/25/1960 0:00,,,,,,30.2682877,-82.9918213,3957,4642
S1953FL115003,100596,4821,4821,S1953FL115003,1953,site_obsdate,1985,Developed,1,1,CONUS,v2025-11,5/1/1953 0:00,5/1/1953 0:00,,,,,,26.9836693,-82.3651428,3957,4639
S1953FL033012,100570,4826,4826,S1953FL033012,1953,site_obsdate,1985,Developed,1,1,CONUS,v2025-11,5/26/1953 0:00,5/26/1953 0:00,,,,,,30.7329979,-87.3513947,3957,4598
S1953FL033015,100573,4829,4829,S1953FL033015,1953,site_obsdate,1985,Developed,1,1,CONUS,v2025-11,5/26/1953 0:00,5/26/1953 0:00,,,,,,30.325510025024414,-87.3747253,3957,4598
S1953FL115004,100597,4831,4831,S1953FL115004,1953,site_obsdate,1985,Developed,1,1,CONUS,v2025-11,5/1/1953 0:00,5/1/1953 0:00,,,,,,27.1858845,-82.4862595,3957,4639
S1953FL033014,100572,4848,4848,S1953FL033014,1953,site_obsdate,1985,Developed,1,1,CONUS,v2025-11,5/26/1953 0:00,5/26/1953 0:00,,,,,,30.7329979,-87.3513947,3957,4598
S1962GA225007,100938,4878,4878,S1962GA225007,1962,site_obsdate,1985,Developed,1,1,CONUS,v2025-11,4/4/1962 0:00,4/4/1962 0:00,,,,,,32.5540581,-83.8760147,3960,4763
S1962GA225009,100940,4879,4879,S1962GA225009,1962,site_obsdate,1985,Developed,1,1,CONUS,v2025-11,4/4/1962 0:00,4/4/1962 0:00,,,,,,32.5640602,-83.8993454,3960,4763
S1962GA225023,100948,4881,4881,S1962GA225023,1962,site_obsdate,1985,Developed,1,1,CONUS,v2025-11,7/18/1962 0:00,7/18/1962 0:00,,,,,,32.5735016,-83.8940735,3960,4763
S1956GA277005,100960,4901,4901,S1956GA277005,1956,site_obsdate,1985,Developed,1,1,CONUS,v2025-11,2/1/1956 0:00,2/1/1956 0:00,,,,,,31.3465919,-83.587677,3960,4789
99GA299010,111388,25128,25128,S1999GA299010,1999,site_obsdate,1985,Developed,1,0,CONUS,v2025-11,11/29/1999 0:00,11/29/1999 0:00,,,,,,31.39638900756836,-82.4388885,3960,4800
S1972IA045006,845321,70699,68727,S1972IA045006,2013,site_obsdate,1985,Developed,1,0,CONUS,v2025-11,,2/15/2013 0:00,,,,,,41.9966426,-90.1842231,3963,4840
S1987IA097006,950928,70897,68925,S1987IA097006,1987,site_obsdate,1985,Developed,1,0,CONUS,v2025-11,9/9/1987 0:00,9/9/1987 0:00,,,,,,42.1976516,-90.7372049,3963,4866
S1959IA191039,1071500,71158,69182,S1959IA191039,2014,site_obsdate,1985,Developed,1,0,CONUS,v2025-11,7/21/2014 0:00,7/21/2014 0:00,,,,,,43.1112415,-91.9241384,3963,4913
S1959IA191040,1071501,71159,69183,S1959IA191040,2014,site_obsdate,1985,Developed,1,0,CONUS,v2025-11,7/21/2014 0:00,7/21/2014 0:00,,,,,,43.2331312,-91.6128696,3963,4913
S1962IA065003,1071544,71180,69204,S1962IA065003,2014,site_obsdate,1985,Developed,1,0,CONUS,v2025-11,,7/28/2014 0:00,,,,,,43.0581688,-92.0628529,3963,4850
S1962IA065027,1071565,71202,69226,S1962IA065027,2014,site_obsdate,1985,Developed,1,0,CONUS,v2025-11,8/4/2014 0:00,8/4/2014 0:00,,,,,,42.9222601,-91.9433735,3963,4850
S1962IA065041,1071577,71216,69240,S1962IA065041,2014,site_obsdate,1985,Developed,1,0,CONUS,v2025-11,8/5/2014 0:00,8/5/2014 0:00,,,,,,43.0518459,-91.7670132,3963,4850
S1966IA065111,1095229,71268,69292,S1966IA065111,2014,site_obsdate,1985,Developed,1,0,CONUS,v2025-11,8/12/2014 0:00,12/2/2014 0:00,,,,,,42.956180572509766,-91.80909729003906,3963,4850
S1988IA097014,836498,71345,69366,S1988IA097014,2013,site_obsdate,1985,Developed,1,0,CONUS,v2025-11,,2/5/2013 0:00,,,,,,42.3761249,-90.5595932006836,3963,4866
S1968ID017001,101387,5508,5508,S1968ID017001,1968,site_obsdate,1985,Developed,1,1,CONUS,v2025-11,9/9/1968 0:00,9/9/1968 0:00,,,,,,48.1668053,-117.0141296,3964,4925
76ID049002,346575,50152,49438,76-ALF-002,1976,site_obsdate,1985,Developed,1,1,CONUS,v2025-11,7/26/1976 0:00,7/26/1976 0:00,,,,,,46.3185539,-115.583252,3964,4941
76ID049008,346582,50159,49445,76-ALF-009,1976,site_obsdate,1985,Developed,1,1,CONUS,v2025-11,8/10/1976 0:00,8/10/1976 0:00,,,,,,46.6148605,-114.4626083,3964,4941
76ID049010,346584,50161,49447,76-ALF-011,1976,site_obsdate,1985,Developed,1,1,CONUS,v2025-11,8/10/1976 0:00,8/10/1976 0:00,,,,,,46.6145821,-114.3944168,3964,4941
78ID079003,1119552,72559,133299,78-ALF-068,1978,site_obsdate,1985,Developed,1,1,CONUS,v2025-11,,9/16/1978 0:00,,,,,,47.25590133666992,-115.92040252685547,3964,4956
78ID079004,1119553,72560,133300,78-ALF-069,1978,site_obsdate,1985,Developed,1,1,CONUS,v2025-11,,9/16/1978 0:00,,,,,,47.25590133666992,-115.92040252685547,3964,4956
93ID057001,1181306,72580,133320,93-ALF-002,1993,site_obsdate,1985,Developed,1,0,CONUS,v2025-11,,9/12/1993 0:00,,,,,,46.74599838256836,-116.87580108642578,3964,4945
93ID057002,1181307,72581,133321,93-ALF-003,1993,site_obsdate,1985,Developed,1,0,CONUS,v2025-11,,9/12/1993 0:00,,,,,,46.74039840698242,-116.77429962158203,3964,4945
93ID057003,1181308,72582,133322,93-ALF-004,1993,site_obsdate,1985,Developed,1,0,CONUS,v2025-11,,9/12/1993 0:00,,,,,,46.81039810180664,-116.58660125732422,3964,4945
59ID057006,1203126,73106,133839,59-ALF-006,1959,site_obsdate,1985,Developed,1,1,CONUS,v2025-11,,10/8/1959 0:00,,,,,,46.72779846191406,-117.01920318603516,3964,4945
76ID057005,1203162,73116,133849,76-ALF-051,1976,site_obsdate,1985,Developed,1,1,CONUS,v2025-11,,9/29/1976 0:00,,,,,,46.69969940185547,-116.78610229492188,3964,4945
77ID057012,1203146,73125,133858,77-ALF-056,1977,site_obsdate,1985,Developed,1,1,CONUS,v2025-11,7/1/1977 0:00,7/3/1977 0:00,,,,,,46.74769973754883,-117.0009994506836,3964,4945
90ID023002,1257189,73565,134298,90-ALF-002,1990,site_obsdate,1985,Developed,1,0,CONUS,v2025-11,,11/15/1990 0:00,,,,,,43.49869918823242,-113.04740142822266,3964,4928
92ID023001,1260925,73566,134299,92-ALF-004,1992,site_obsdate,1985,Developed,1,0,CONUS,v2025-11,,6/19/1992 0:00,,,,,,43.49869918823242,-113.04740142822266,3964,4928
92ID023004,1257190,73567,134300,92-ALF-007,1992,site_obsdate,1985,Developed,1,0,CONUS,v2025-11,,6/21/1992 0:00,,,,,,43.4989013671875,-113.0374984741211,3964,4928
92ID023007,1257393,73570,134303,92-ALF-010,1992,site_obsdate,1985,Developed,1,0,CONUS,v2025-11,,6/22/1992 0:00,,,,,,43.49879837036133,-113.0425033569336,3964,4928
96ID057002,1257458,73585,134318,96-ALF-006,1996,site_obsdate,1985,Developed,1,0,CONUS,v2025-11,,6/20/1996 0:00,,,,,,46.7661018371582,-116.7759017944336,3964,4945
S1955IN043002,101964,5031,5031,S1955IN043002,1955,site_obsdate,1985,Developed,1,1,CONUS,v2025-11,8/1/1955 0:00,8/1/1955 0:00,,,,,,38.3300552,-85.8205109,3966,5084
S2002IN125001,139394,29926,29824,S2002IN125001,2002,site_obsdate,1985,Developed,1,0,CONUS,v2025-11,,12/10/2002 0:00,,,,,,38.4536095,-87.3144455,3966,5125
S2002IN125002,139408,29927,29825,S2002IN125002,2002,site_obsdate,1985,Developed,1,0,CONUS,v2025-11,,12/10/2002 0:00,,,,,,38.4569435,-87.2758331,3966,5125
S2002IN173001,139419,29928,29826,S2002IN173001,2002,site_obsdate,1985,Developed,1,0,CONUS,v2025-11,,12/10/2002 0:00,,,,,,38.2327766,-87.3125,3966,5149
1970IN005001,309073,37747,37132,1970IN005001,1970,site_obsdate,1985,Developed,1,1,CONUS,v2025-11,12/1/1970 0:00,12/1/1970 0:00,,,,,,39.1342917,-85.9816806,3966,5065
1969IN065001,312792,37778,37163,1969IN065001,1969,site_obsdate,1985,Developed,1,1,CONUS,v2025-11,7/10/1969 0:00,7/10/1969 0:00,,,,,,39.8757167,-85.3201917,3966,5095
1971IN097001,312796,37782,37167,1971IN097001,1971,site_obsdate,1985,Developed,1,1,CONUS,v2025-11,6/28/1971 0:00,6/28/1971 0:00,,,,,,39.8616722,-86.3276528,3966,5111
1971IN097002,312797,37783,37168,1971IN097002,1971,site_obsdate,1985,Developed,1,1,CONUS,v2025-11,10/19/1971 0:00,10/19/1971 0:00,,,,,,39.838199615478516,-85.9863667,3966,5111
1970IN141004,312811,37797,37182,1970IN141004,1971,site_obsdate,1985,Developed,1,1,CONUS,v2025-11,3/1/1971 0:00,3/1/1971 0:00,,,,,,41.6798083,-86.09420013427734,3966,5133
1972IN097002,312829,37815,37200,1972IN097002,1972,site_obsdate,1985,Developed,1,1,CONUS,v2025-11,7/27/1972 0:00,7/27/1972 0:00,,,,,,39.8649139,-86.1773306,3966,5111
1968IN113001,312899,37839,37224,1968IN113001,1968,site_obsdate,1985,Developed,1,1,CONUS,v2025-11,8/12/1968 0:00,8/12/1968 0:00,,,,,,41.4613111,-85.2438139,3966,5119
1972IN085002,312935,37875,37260,1972IN085002,1972,site_obsdate,1985,Developed,1,1,CONUS,v2025-11,10/2/1972 0:00,10/2/1972 0:00,,,,,,41.264801025390625,-85.765625,3966,5105
1970IN005002,312940,37880,37265,1970IN005002,1970,site_obsdate,1985,Developed,1,1,CONUS,v2025-11,12/2/1970 0:00,12/2/1970 0:00,,,,,,39.1992722,-85.9704056,3966,5065
1972IN087005,312948,37888,37273,1972IN087005,1973,site_obsdate,1985,Developed,1,1,CONUS,v2025-11,1/23/1973 0:00,1/23/1973 0:00,,,,,,41.7291556,-85.2917944,3966,5106
1972IN087006,312949,37889,37274,1972IN087006,1973,site_obsdate,1985,Developed,1,1,CONUS,v2025-11,1/26/1973 0:00,1/26/1973 0:00,,,,,,41.72169876098633,-85.3374333,3966,5106
1973IN081007,312953,37893,37278,1973IN081007,1973,site_obsdate,1985,Developed,1,1,CONUS,v2025-11,12/12/1973 0:00,12/12/1973 0:00,,,,,,39.4885222,-86.04515075683594,3966,5103
1976IN017001,313019,37914,37299,1976IN017001,1976,site_obsdate,1985,Developed,1,1,CONUS,v2025-11,7/16/1976 0:00,7/16/1976 0:00,,,,,,40.7764583,-86.2788472,3966,5071
1976IN017002,313020,37915,37300,1976IN017002,1976,site_obsdate,1985,Developed,1,1,CONUS,v2025-11,8/4/1976 0:00,8/4/1976 0:00,,,,,,40.8096111,-86.2685167,3966,5071
1975IN129001,313126,37961,37346,1975IN129001,1975,site_obsdate,1985,Developed,1,1,CONUS,v2025-11,1/6/1975 0:00,1/6/1975 0:00,,,,,,37.9287722,-87.9894944,3966,5127
1975IN169005,313132,37967,37352,1975IN169005,1975,site_obsdate,1985,Developed,1,1,CONUS,v2025-11,7/7/1975 0:00,7/7/1975 0:00,,,,,,40.8102389,-85.8314444,3966,5147
1975IN085001,313140,37975,37360,1975IN085001,1975,site_obsdate,1985,Developed,1,1,CONUS,v2025-11,10/28/1975 0:00,10/28/1975 0:00,,,,,,41.4217528,-85.7678306,3966,5105
1975IN085002,313141,37976,37361,1975IN085002,1975,site_obsdate,1985,Developed,1,1,CONUS,v2025-11,10/28/1975 0:00,10/28/1975 0:00,,,,,,41.2925944,-85.6884917,3966,5105
1975IN085003,313142,37977,37362,1975IN085003,1975,site_obsdate,1985,Developed,1,1,CONUS,v2025-11,11/4/1975 0:00,11/4/1975 0:00,,,,,,41.3707778,-85.8011694,3966,5105
1976IN133098,313167,38002,37387,1976IN133098,1976,site_obsdate,1985,Developed,1,1,CONUS,v2025-11,6/24/1976 0:00,6/24/1976 0:00,,,,,,39.4998944,-86.7705917,3966,5129
1975IN083010,313178,38013,37398,1975IN083010,1975,site_obsdate,1985,Developed,1,1,CONUS,v2025-11,8/7/1975 0:00,8/7/1975 0:00,,,,,,38.8571472,-87.4369111,3966,5104
1975IN023002,313189,38024,37409,1975IN023002,1975,site_obsdate,1985,Developed,1,1,CONUS,v2025-11,8/6/1975 0:00,8/6/1975 0:00,,,,,,40.31570053100586,-86.54534912109375,3966,5074
1975IN057003,313201,38036,37421,1975IN057003,1975,site_obsdate,1985,Developed,1,1,CONUS,v2025-11,8/22/1975 0:00,8/22/1975 0:00,,,,,,40.0671528,-85.8766417,3966,5091
1975IN083005,313204,38039,37424,1975IN083005,1975,site_obsdate,1985,Developed,1,1,CONUS,v2025-11,11/19/1975 0:00,11/19/1975 0:00,,,,,,38.8174778,-87.217675,3966,5104
1976IN031001,313208,38043,37428,1976IN031001,1976,site_obsdate,1985,Developed,1,1,CONUS,v2025-11,3/18/1976 0:00,3/18/1976 0:00,,,,,,39.4456722,-85.6121222,3966,5078
1974IN091006,313304,38085,37470,1974IN091006,1974,site_obsdate,1985,Developed,1,1,CONUS,v2025-11,9/24/1974 0:00,9/24/1974 0:00,,,,,,41.6848222,-86.7922278,3966,5108
1975IN129004,313334,38115,37500,1975IN129004,1975,site_obsdate,1985,Developed,1,1,CONUS,v2025-11,7/9/1975 0:00,7/9/1975 0:00,,,,,,37.9071111,-88.0037694,3966,5127
1976IN129005,313342,38123,37508,1976IN129005,1976,site_obsdate,1985,Developed,1,1,CONUS,v2025-11,9/15/1976 0:00,9/15/1976 0:00,,,,,,38.2076917,-87.9141306,3966,5127
1984IN035004,314013,39256,38641,1984IN035004,1984,site_obsdate,1985,Developed,1,1,CONUS,v2025-11,12/8/1984 0:00,12/8/1984 0:00,,,,,,40.3501056,-85.4438778,3966,5080
S1960KY049004,102273,4629,4629,S1960KY049004,1960,site_obsdate,1985,Developed,1,1,CONUS,v2025-11,11/8/1960 0:00,11/8/1960 0:00,,,,,,37.8849983,-84.0558319,3968,5284
S1970MD033001,110120,1246,1246,S1970MD033001,1970,site_obsdate,1985,Developed,1,1,CONUS,v2025-11,5/14/1970 0:00,5/14/1970 0:00,,,,,,39.000479,-76.9035353,3971,5473
03MD510006,155229,31197,31078,Landfill-Armistead Low 3,2003,site_obsdate,1985,Developed,1,0,CONUS,v2025-11,7/23/2003 0:00,7/21/2003 0:00,,,,,,39.3062515,-76.5448303,3971,5481
03MD005011,155231,31198,31079,MM 1222 63rd St.,2003,site_obsdate,1985,Developed,1,0,CONUS,v2025-11,7/24/2003 0:00,7/22/2003 0:00,,,,,,39.3090286,-76.5291138,3971,5460
03MD005013,155242,31200,31081,MM 1206 63rd St.,2003,site_obsdate,1985,Developed,1,0,CONUS,v2025-11,7/24/2003 0:00,7/22/2003 0:00,,,,,,39.3079719543457,-76.528389,3971,5481
03MD005014,155244,31201,31082,S2003MD005014,2003,site_obsdate,1985,Developed,1,0,CONUS,v2025-11,7/24/2003 0:00,7/22/2003 0:00,,,,,,39.3136845,-76.5314326,3971,5460
03MD510015,155246,31202,31083,AG 1014 Quantril,2003,site_obsdate,1985,Developed,1,0,CONUS,v2025-11,7/25/2003 0:00,7/22/2003 0:00,,,,,,39.3038902,-76.5496368,3971,5481
03MD510016,155368,31203,31084,1013 Rodman,2003,site_obsdate,1985,Developed,1,0,CONUS,v2025-11,7/25/2003 0:00,7/22/2003 0:00,,,,,,39.3043594,-76.54755401611328,3971,5481
03MD510017,155361,31204,31085,AG 1155 Frailey,2003,site_obsdate,1985,Developed,1,0,CONUS,v2025-11,,7/22/2003 0:00,,,,,,39.3071098,-76.5505524,3971,5481
03MD510018,155374,31205,31086,AG 1160 Quantrill,2003,site_obsdate,1985,Developed,1,0,CONUS,v2025-11,7/25/2003 0:00,7/22/2003 0:00,,,,,,39.3065262,-76.5513916,3971,5481
03MD510019,155381,31206,31087,OV 1021 Iris,2003,site_obsdate,1985,Developed,1,0,CONUS,v2025-11,7/25/2003 0:00,7/22/2003 0:00,,,,,,39.3039703,-76.5623093,3971,5481
03MD510020,155386,31207,31088,OV 1024 Iris,2003,site_obsdate,1985,Developed,1,0,CONUS,v2025-11,7/26/2003 0:00,7/22/2003 0:00,,,,,,39.3038063,-76.5630035,3971,5481
03MD510021,155393,31208,31089,OC 916 Iris,2003,site_obsdate,1985,Developed,1,0,CONUS,v2025-11,7/26/2003 0:00,7/22/2003 0:00,,,,,,39.3027763,-76.5630798,3971,5481
03MD510022,155401,31209,31090,OV 4200 Ashland,2003,site_obsdate,1985,Developed,1,0,CONUS,v2025-11,7/26/2003 0:00,7/22/2003 0:00,,,,,,39.3018875,-76.5619736,3971,5481
S04MD-005-001,962227,31257,31138,1225 63rd St,2004,site_obsdate,1985,Developed,1,0,CONUS,v2025-11,,9/8/2004 0:00,,,,,,39.30897521972656,-76.5294361,3971,5460
S04MD-005-002,962228,31258,31139,1233 63rd St,2004,site_obsdate,1985,Developed,1,0,CONUS,v2025-11,,12/8/2004 0:00,,,,,,39.3091194,-76.529675,3971,5460
S2001ME005001,129330,26887,26883,ME-01-3-005-1U,2001,site_obsdate,1985,Developed,1,0,CONUS,v2025-11,3/18/2001 0:00,3/18/2001 0:00,,,,,,43.6602783,-70.2583313,3972,5484
S2001ME005002,129331,26888,26884,ME-01-3-005-2U,2001,site_obsdate,1985,Developed,1,0,CONUS,v2025-11,3/18/2001 0:00,3/18/2001 0:00,,,,,,43.6608315,-70.2547226,3972,5484
S2002ME005005,1111406,27323,27298,ME-01-11-005-5U,2001,site_obsdate,1985,Developed,1,0,CONUS,v2025-11,11/20/2001 0:00,11/20/2001 0:00,,,,,,43.6575012,-70.2647247,3972,5484
S2002ME005006,129338,27324,27299,ME-01-11-005-6U,2001,site_obsdate,1985,Developed,1,0,CONUS,v2025-11,11/20/2001 0:00,11/20/2001 0:00,,,,,,43.6588898,-70.2600021,3972,5484
S2002ME005007,129339,27325,27300,ME-01-11-005-7U,2001,site_obsdate,1985,Developed,1,0,CONUS,v2025-11,11/20/2001 0:00,11/20/2001 0:00,,,,,,43.6588898,-70.2600021,3972,5484
S1970MN1095022,1185783,72691,133424,S1970MN1095022,2016,site_obsdate,1985,Developed,1,0,CONUS,v2025-11,6/27/2016 0:00,6/29/2016 0:00,,,,,,44.0612774,-92.4533099,3975,5668
S1979MN1373212,780538,72792,133525,S1979MN1373212,1979,site_obsdate,1985,Developed,1,1,CONUS,v2025-11,10/10/1979 0:00,10/12/1979 0:00,,,,,,47.0059166,-92.0139389,3975,5682
S1988MN1314475,1185784,72819,133552,S1988MN1314475,1988,site_obsdate,1985,Developed,1,0,CONUS,v2025-11,8/3/1988 0:00,8/5/1988 0:00,,,,,,44.417138,-93.1205308,3975,5679
S1988MN1314476,1185785,72820,133553,S1988MN1314476,1988,site_obsdate,1985,Developed,1,0,CONUS,v2025-11,8/3/1988 0:00,7/11/1988 0:00,,,,,,44.4353509,-93.1411812,3975,5679
S1988MN1314482,1185788,72825,133558,S1988MN1314482,1988,site_obsdate,1985,Developed,1,0,CONUS,v2025-11,8/3/1988 0:00,6/8/1988 0:00,,,,,,44.3234682,-93.2173268,3975,5679
S1988MN1314485,1185789,72828,133561,S1988MN1314485,1988,site_obsdate,1985,Developed,1,0,CONUS,v2025-11,8/3/1988 0:00,6/8/1988 0:00,,,,,,44.2166811,-93.0915392,3975,5679
S1973MO187001,110191,2522,2522,S1973MO187001,1973,site_obsdate,1985,Developed,1,1,CONUS,v2025-11,6/1/1973 0:00,6/1/1973 0:00,,,,,,37.7086754,-90.5439987,3976,5794
S1944MO183001,102963,4176,4176,S1944MO183001,1944,site_obsdate,1985,Developed,1,1,CONUS,v2025-11,10/11/1944 0:00,10/11/1944 0:00,,,,,,38.7647705,-90.6717834,3976,5792
1999MO051165,92141,43504,42790,1999MO051165,1999,site_obsdate,1985,Developed,1,0,CONUS,v2025-11,,8/1/1999 0:00,,udalfs,,oxyaquic fragiudalfs,,38.4943679,-92.090883,3976,5726
1999MO051167,92143,43505,42791,1999MO051167,1999,site_obsdate,1985,Developed,1,0,CONUS,v2025-11,,11/14/1999 0:00,,psamments,,typic udipsamments,,38.4884176,-92.242539,3976,5726
1990MO155001,408212,44727,44013,1990MO155001,2010,site_obsdate,1985,Developed,1,0,CONUS,v2025-11,,12/6/2010 0:00,,,,,,38.96722412,-92.34500122,3976,5778
1990MO069003,408213,44817,44103,1990MO069003,2010,site_obsdate,1985,Developed,1,0,CONUS,v2025-11,,12/6/2010 0:00,,,,,,38.96722412,-92.34500122,3976,5735
1990MO069002,408214,44818,44104,1990MO069002,2010,site_obsdate,1985,Developed,1,0,CONUS,v2025-11,,12/6/2010 0:00,,,,,,38.96722412,-92.34500122,3976,5735
1990MO069001,408210,44819,44105,1990MO069001,2010,site_obsdate,1985,Developed,1,0,CONUS,v2025-11,,12/6/2010 0:00,,,,,,38.96722412,-92.34500122,3976,5735
1986MO007001,697755,45682,44968,1986MO007001,1986,site_obsdate,1985,Developed,1,0,CONUS,v2025-11,12/3/1986 0:00,12/3/1986 0:00,,,,,,39.1503667,-91.4231194,3976,5704
1988MO045010,696724,45775,45061,1988MO045010,2006,site_obsdate,1985,Developed,1,0,CONUS,v2025-11,11/9/2006 0:00,11/9/2006 0:00,,,,,,40.3280083,-91.8359611,3976,5723
1988MO045008,696723,45777,45063,1988MO045008,1988,site_obsdate,1985,Developed,1,0,CONUS,v2025-11,3/22/1988 0:00,3/22/1988 0:00,,,,,,40.3280083,-91.8359611,3976,5723
2004MO219051,696958,46059,45345,2004MO219051,2004,site_obsdate,1985,Developed,1,0,CONUS,v2025-11,,2/24/2004 0:00,,,,,,38.775299072265625,-91.0091111,3976,5727
1994MO019104,90578,48747,48033,1994MO019104,1994,site_obsdate,1985,Developed,1,0,CONUS,v2025-11,7/25/1994 0:00,7/25/1994 0:00,,,,,,38.9672644,-92.3451678,3976,5710
1990MO099004,88179,49256,48542,1990MO099004,1990,site_obsdate,1985,Developed,1,0,CONUS,v2025-11,,8/16/1990 0:00,Alfisols,Aqualfs,,,,38.9672644,-92.3451678,3976,5750
2000MO163002,44135,49948,49234,2000MO163002,2000,site_obsdate,1985,Developed,1,0,CONUS,v2025-11,5/15/2000 0:00,5/15/2000 0:00,,,,,,38.9672222,-92.34500122070312,3976,5782
2000MO163001,44134,49949,49235,2000MO163001,2000,site_obsdate,1985,Developed,1,0,CONUS,v2025-11,5/15/2000 0:00,5/15/2000 0:00,,,,,,38.9672222,-92.34500122070312,3976,5782
1987MO001001,35478,50133,49419,1987MO001001,1987,site_obsdate,1985,Developed,1,0,CONUS,v2025-11,9/11/1987 0:00,9/11/1987 0:00,,,,,,38.9672644,-92.3451678,3976,5701
1986MO159002,610420,54473,53672,1986MO159002,2011,site_obsdate,1985,Developed,1,0,CONUS,v2025-11,11/9/2011 0:00,11/9/2011 0:00,,,,,,38.3849278,-93.7720083,3976,5780
1991-MO057-035,,54483,53682,1991-MO057-035,2011,site_obsdate,1985,Developed,1,0,CONUS,v2025-11,,11/11/2011 0:00,,,,,,38.96722412,-92.34500122,3976,5729
1991MO159003,610435,54487,53686,1991MO159003,2011,site_obsdate,1985,Developed,1,0,CONUS,v2025-11,11/9/2011 0:00,11/9/2011 0:00,,,,,,38.3849278,-93.7720083,3976,5780
S1965MS081002,110204,3755,3755,S1965MS081002,1965,site_obsdate,1985,Developed,1,1,CONUS,v2025-11,5/19/1965 0:00,5/19/1965 0:00,,,,,,34.1190224,-88.7919922,3978,5860
S1965MS115001,110214,3759,3759,S1965MS115001,1965,site_obsdate,1985,Developed,1,1,CONUS,v2025-11,5/21/1965 0:00,5/21/1965 0:00,,,,,,34.2751312,-89.1022797,3978,5877
S1945MS137015,103043,4534,4534,S1945MS137015,1945,site_obsdate,1985,Developed,1,1,CONUS,v2025-11,2/1/1945 0:00,2/1/1945 0:00,,,,,,34.6340103,-90.2262039,3978,5888
99MS151012,111242,25175,25175,S1999MS151012,1999,site_obsdate,1985,Developed,1,0,CONUS,v2025-11,9/30/1999 0:00,9/30/1999 0:00,,,,,,33.3277206,-91.0160294,3978,5895
S1965NC101002,103462,218,218,S1965NC101002,1965,site_obsdate,1985,Developed,1,1,CONUS,v2025-11,10/20/1965 0:00,10/20/1965 0:00,,,,,,35.3650017,-78.5477753,3980,6009
S1962NC101004,110230,4030,4030,S1962NC101004,1962,site_obsdate,1985,Developed,1,1,CONUS,v2025-11,2/27/1962 0:00,2/27/1962 0:00,,,,,,35.44917297,-78.56999969,3980,6009
98NC061002,108948,23836,23836,S1998NC061002,1998,site_obsdate,1985,Developed,1,0,CONUS,v2025-11,6/11/1998 0:00,6/11/1998 0:00,,,,,,34.8336105,-77.8255539,3980,5989
1959ND063002,47499,15,15,1959ND063002,1959,site_obsdate,1985,Developed,1,1,CONUS,v2025-11,,8/20/1959 0:00,,,,,,47.8027778,-98.3738889,3981,6090
58ND101003,47469,21,21,58ND101003,1958,site_obsdate,1985,Developed,1,1,CONUS,v2025-11,,8/1/1958 0:00,,,,,,48.6697222,-102.1594444,3981,6109
58ND089018,47463,86,86,58ND089018,1958,site_obsdate,1985,Developed,1,1,CONUS,v2025-11,,7/24/1958 0:00,,,,,,46.9816667,-102.3030556,3981,6103
58ND089002,47448,108,108,58ND089002,1958,site_obsdate,1985,Developed,1,1,CONUS,v2025-11,,7/15/1958 0:00,,,,,,46.8911111,-102.6391667,3981,6103
51ND009003,47288,119,119,51ND009003,1951,site_obsdate,1985,Developed,1,1,CONUS,v2025-11,,9/9/1951 0:00,,,,,,48.8211111,-101.1122222,3981,6063
S1953NE157005,104019,2224,2224,S1953NE157005,1953,site_obsdate,1985,Developed,1,1,CONUS,v2025-11,10/1/1953 0:00,10/1/1953 0:00,,,,,,41.8655548,-103.9147186,3982,6190
S1959NE051004,103837,2265,2265,S1959NE051004,1959,site_obsdate,1985,Developed,1,1,CONUS,v2025-11,11/3/1959 0:00,11/3/1959 0:00,,,,,,42.2883339,-96.8413925,3982,6137
S1962NE157004,110364,4967,4967,S1962NE157004,1962,site_obsdate,1985,Developed,1,1,CONUS,v2025-11,7/11/1962 0:00,7/11/1962 0:00,,,,,,41.7588654,-103.3649826,3982,6190
93NE097005,103896,20979,20979,S1993NE097005,1993,site_obsdate,1985,Developed,1,0,CONUS,v2025-11,9/9/1993 0:00,9/9/1993 0:00,,,,,,40.2966843,-96.1433487,3982,6160
S1959NJ005001,104160,283,283,S1959NJ005001,1959,site_obsdate,1985,Developed,1,1,CONUS,v2025-11,8/19/1959 0:00,8/19/1959 0:00,,,,,,39.9041672,-74.9394455,3984,6217
S1960NJ007002,104182,285,285,S1960NJ007002,1960,site_obsdate,1985,Developed,1,1,CONUS,v2025-11,8/1/1960 0:00,8/1/1960 0:00,,,,,,39.8044586,-75.0246048,3984,6218
S1961NJ007003,104183,297,297,S1961NJ007003,1961,site_obsdate,1985,Developed,1,1,CONUS,v2025-11,7/26/1961 0:00,7/26/1961 0:00,,,,,,39.8058319,-74.9136124,3984,6218
S1958NJ015002,104197,314,314,S1958NJ015002,1958,site_obsdate,1985,Developed,1,1,CONUS,v2025-11,8/21/1958 0:00,8/21/1958 0:00,,,,,,39.5922203,-74.9677811,3984,6222
S1957NJ025001,104224,320,320,S1957NJ025001,1957,site_obsdate,1985,Developed,1,1,CONUS,v2025-11,4/18/1957 0:00,4/18/1957 0:00,,,,,,40.3144455,-74.1919479,3984,6227
S1957NJ021001,104216,322,322,S1957NJ021001,1957,site_obsdate,1985,Developed,1,1,CONUS,v2025-11,3/29/1957 0:00,3/29/1957 0:00,,,,,,40.2844429,-74.5599976,3984,6225
S1958NJ023001,104222,324,324,S1958NJ023001,1958,site_obsdate,1985,Developed,1,1,CONUS,v2025-11,4/3/1958 0:00,4/3/1958 0:00,,,,,,40.3669434,-74.49666595458984,3984,6226
S1961NJ005001,104162,325,325,S1961NJ005001,1961,site_obsdate,1985,Developed,1,1,CONUS,v2025-11,7/25/1961 0:00,7/25/1961 0:00,,,,,,39.8455544,-74.71055603027344,3984,6217
S1959NJ005002,104161,330,330,S1959NJ005002,1959,site_obsdate,1985,Developed,1,1,CONUS,v2025-11,8/30/1959 0:00,8/30/1959 0:00,,,,,,39.9069443,-74.7361145,3984,6217
94NJ041009,79536,21097,21097,S1994NJ041009,1994,site_obsdate,1985,Developed,1,0,CONUS,v2025-11,4/29/1994 0:00,4/29/1994 0:00,,,,,,40.6911125,-75.1483307,3984,6235
S1957NY045001,104689,247,247,S1957NY045001,1957,site_obsdate,1985,Developed,1,1,CONUS,v2025-11,9/26/1957 0:00,9/26/1957 0:00,,,,,,43.9991684,-75.9002762,3988,6308
S1961NY055001,104697,250,250,S1961NY055001,1961,site_obsdate,1985,Developed,1,1,CONUS,v2025-11,10/11/1961 0:00,10/11/1961 0:00,,,,,,43.2166672,-77.9666672,3988,6313
S1958NY023001,104651,272,272,S1958NY023001,1958,site_obsdate,1985,Developed,1,1,CONUS,v2025-11,10/8/1958 0:00,10/8/1958 0:00,,,,,,42.5830574,-76.2113876,3988,6297
S1976NY089001,104743,1258,1258,S1976NY089001,1976,site_obsdate,1985,Developed,1,1,CONUS,v2025-11,8/30/1976 0:00,8/30/1976 0:00,,,,,,44.8686104,-74.7825012,3988,6330
1956-OH063-003,749832,66836,64911,1956-OH063-003,1956,site_obsdate,1985,Developed,1,1,CONUS,v2025-11,5/24/1956 0:00,5/24/1956 0:00,,,,,,41.0372200012207,-83.6963806,3989,6379
1953-OH039-S01,746667,66210,64285,1953-OH039-S01,1953,site_obsdate,1985,Developed,1,1,CONUS,v2025-11,,8/28/1953 0:00,,,,aquic arenic hapludalfs,loamy,41.2364044,-84.3145294,3989,6367
S1961OR027001,105045,809,809,S1961OR027001,1961,site_obsdate,1985,Developed,1,1,CONUS,v2025-11,10/23/1961 0:00,10/23/1961 0:00,,,,,,45.6347237,-121.5561142,3991,6526
S1961OR027002,105046,810,810,S1961OR027002,1961,site_obsdate,1985,Developed,1,1,CONUS,v2025-11,10/24/1961 0:00,10/24/1961 0:00,,,,,,45.6488876,-121.5550003,3991,6526
S1955OR027003,105044,835,835,S1955OR027003,1955,site_obsdate,1985,Developed,1,1,CONUS,v2025-11,11/1/1955 0:00,11/1/1955 0:00,,,,,,45.5205574,-121.5975037,3991,6526
S1956PA029001,105343,340,340,S1956PA029001,1956,site_obsdate,1985,Developed,1,1,CONUS,v2025-11,9/9/1956 0:00,9/9/1956 0:00,,,,,,39.9227791,-75.5691681,3992,6563
S1955PA071014,105388,358,358,S1955PA071014,1955,site_obsdate,1985,Developed,1,1,CONUS,v2025-11,9/16/1955 0:00,9/16/1955 0:00,,,,,,39.9647217,-76.1113892,3992,6584
55PA071009,868899,373,373,S1955PA071009,1955,site_obsdate,1985,Developed,1,1,CONUS,v2025-11,9/19/1955 0:00,9/19/1955 0:00,,,,,,40.2047234,-76.4877777,3992,6584
S1958RI009001,107489,5161,5161,S1958RI009001,1958,site_obsdate,1985,Developed,1,1,CONUS,v2025-11,11/11/1958 0:00,11/11/1958 0:00,,,,,,41.4416504,-71.4503174,3996,6714
S1955TN077001,105884,4677,4677,S1955TN077001,1955,site_obsdate,1985,Developed,1,1,CONUS,v2025-11,2/1/1955 0:00,2/1/1955 0:00,,,,,,35.7430573,-88.4558334,3999,6865
S1953TN009003,105791,4690,4690,S1953TN009003,1953,site_obsdate,1985,Developed,1,1,CONUS,v2025-11,2/1/1953 0:00,2/1/1953 0:00,,,,,,35.7599983,-83.9758301,3999,6831
S1961TN045008,105854,4692,4692,S1961TN045008,1961,site_obsdate,1985,Developed,1,1,CONUS,v2025-11,2/1/1961 0:00,2/1/1961 0:00,,,,,,36.0572205,-89.3491669,3999,6849
S1959TN071007,105880,4705,4705,S1959TN071007,1959,site_obsdate,1985,Developed,1,1,CONUS,v2025-11,10/21/1959 0:00,10/21/1959 0:00,,,,,,35.0655556,-88.2752762,3999,6862
1959TN141033,872355,4759,4759,S1959TN141033,1959,site_obsdate,1985,Developed,1,1,CONUS,v2025-11,12/9/1959 0:00,12/9/1959 0:00,,,,,,36.0888901,-85.5922241,3999,6897
S1953TN009010,105798,4761,4761,S1953TN009010,1953,site_obsdate,1985,Developed,1,1,CONUS,v2025-11,4/1/1953 0:00,4/1/1953 0:00,,,,,,35.7180557,-84.0491638,3999,6831
S1955TN077005,105888,4763,4763,S1955TN077005,1955,site_obsdate,1985,Developed,1,1,CONUS,v2025-11,4/6/1955 0:00,4/6/1955 0:00,,,,,,35.6297226,-88.3230591,3999,6865
S1975TX113007,110751,4415,4415,S1975TX113007,1975,site_obsdate,1985,Developed,1,1,CONUS,v2025-11,6/1/1975 0:00,6/1/1975 0:00,,,,,,32.8132095,-96.9850159,4000,6978
S1967UT035006,106365,5398,5398,S1967UT035006,1967,site_obsdate,1985,Developed,1,1,CONUS,v2025-11,8/25/1967 0:00,8/25/1967 0:00,,,,,,40.5755539,-112.0311127,4002,7202
S1967UT035002,106361,5399,5399,S1967UT035002,1967,site_obsdate,1985,Developed,1,1,CONUS,v2025-11,8/22/1967 0:00,8/22/1967 0:00,,,,,,40.58555603027344,-111.9594421,4002,7202
S1967UT039018,106437,5419,5419,S1967UT039018,1967,site_obsdate,1985,Developed,1,1,CONUS,v2025-11,9/1/1967 0:00,9/1/1967 0:00,,,,,,39.0419426,-111.7944412,4002,7204
S1968UT017006,106283,5472,5472,S1968UT017006,1968,site_obsdate,1985,Developed,1,1,CONUS,v2025-11,6/12/1968 0:00,6/12/1968 0:00,,,,,,37.64472198486328,-112.1666641,4002,7193
S1968UT027025,106334,5770,5770,S1968UT027025,1968,site_obsdate,1985,Developed,1,1,CONUS,v2025-11,11/1/1968 0:00,11/1/1968 0:00,,,,,,39.2799988,-112.5661087,4002,7198
S1968UT027062,106341,5774,5774,S1968UT027062,1968,site_obsdate,1985,Developed,1,1,CONUS,v2025-11,11/1/1968 0:00,11/1/1968 0:00,,,,,,39.4180565,-112.7205582,4002,7198
S1971UT057002,106520,5841,5841,S1971UT057002,1971,site_obsdate,1985,Developed,1,1,CONUS,v2025-11,6/25/1971 0:00,6/25/1971 0:00,,,,,,41.3333321,-111.8633347,4002,7213
S04VA059009-1,256795,32803,32661,S2004-VA059-9-1,2007,site_obsdate,1985,Developed,1,0,CONUS,v2025-11,9/24/2007 0:00,9/24/2007 0:00,,,,,,38.8536453,-77.1916275,4003,7242
S04VA059018-2,257131,32809,32667,S2004-VA059-18-2,2007,site_obsdate,1985,Developed,1,0,CONUS,v2025-11,9/28/2007 0:00,9/28/2007 0:00,,,,,,38.7894783,-77.0716248,4003,7242
S04VA059020-1,256916,32810,32668,S2004-VA059-20-1,2007,site_obsdate,1985,Developed,1,0,CONUS,v2025-11,9/24/2007 0:00,9/24/2007 0:00,,,,,,38.9603119,-77.3274612,4003,7242
S10VT019003,870180,70048,68120,S2010VT019003,2010,site_obsdate,1985,Developed,1,0,CONUS,v2025-11,3/25/2013 0:00,8/19/2010 0:00,,,,,,44.9706556,-72.3188833,4005,7363
S1961WA025004,106683,932,932,S1961WA025004,1961,site_obsdate,1985,Developed,1,1,CONUS,v2025-11,5/11/1961 0:00,5/11/1961 0:00,,,,,,47.0288887,-119.2155533,4006,7380
S1961WA021003,106678,939,939,S1961WA021003,1961,site_obsdate,1985,Developed,1,1,CONUS,v2025-11,5/8/1961 0:00,5/8/1961 0:00,,,,,,46.4055557,-119.1758347,4006,7378
S1960WA011001,106637,952,952,S1960WA011001,1960,site_obsdate,1985,Developed,1,1,CONUS,v2025-11,6/1/1960 0:00,6/1/1960 0:00,,,,,,45.612030029296875,-122.5034103,4006,7373
S1960WA011002,106638,953,953,S1960WA011002,1960,site_obsdate,1985,Developed,1,1,CONUS,v2025-11,6/1/1960 0:00,6/1/1960 0:00,,,,,,45.6200829,-122.5520248,4006,7373
S1961WA025002,106681,962,962,S1961WA025002,1961,site_obsdate,1985,Developed,1,1,CONUS,v2025-11,5/10/1961 0:00,5/10/1961 0:00,,,,,,46.9294434,-119.5369415,4006,7380
S1960WA011008,106640,969,969,S1960WA011008,1960,site_obsdate,1985,Developed,1,1,CONUS,v2025-11,6/1/1960 0:00,6/1/1960 0:00,,,,,,45.7083321,-122.7030563,4006,7373
S1961WA025011,106690,990,990,S1961WA025011,1961,site_obsdate,1985,Developed,1,1,CONUS,v2025-11,5/15/1961 0:00,5/15/1961 0:00,,,,,,46.9952774,-119.0883331,4006,7380
S1966WA033001,106701,993,993,S1966WA033001,1966,site_obsdate,1985,Developed,1,1,CONUS,v2025-11,6/1/1966 0:00,6/1/1966 0:00,,,,,,47.4866676,-121.714447,4006,7384
S1957WA063010,106858,995,995,S1957WA063010,1957,site_obsdate,1985,Developed,1,1,CONUS,v2025-11,9/13/1957 0:00,9/13/1957 0:00,,,,,,47.8886108,-117.4936142,4006,7399
71WA053005,955848,5858,5858,71WA053005,1971,site_obsdate,1985,Developed,1,1,CONUS,v2025-11,,6/1/1971 0:00,,,,,,47.1106392,-122.2942709,4006,7394
S1974WA061006,106845,6212,6212,S1974WA061006,1974,site_obsdate,1985,Developed,1,1,CONUS,v2025-11,6/12/1974 0:00,6/12/1974 0:00,,,,,,48.1180573,-122.1783371,4006,7398
S1969WA047009,106778,26399,26400,S1969WA047009,1969,site_obsdate,1985,Developed,1,1,CONUS,v2025-11,6/1/1969 0:00,6/1/1969 0:00,,,,,,48.3845558,-119.5711594,4006,7391
S1960WV003005,111014,3827,3827,S1960WV003005,1960,site_obsdate,1985,Developed,1,1,CONUS,v2025-11,6/1/1960 0:00,6/1/1960 0:00,,,,,,39.5458603,-77.9035873,4008,7480
S02WV051001,533948,55560,54759,S02-WV051-001,2002,site_obsdate,1985,Developed,1,0,CONUS,v2025-11,4/23/2002 0:00,4/23/2002 0:00,,,,,,39.9297222,-80.7547222,4008,7504
S1950WY015007,107236,3265,3265,S1950WY015007,1950,site_obsdate,1985,Developed,1,1,CONUS,v2025-11,8/7/1950 0:00,8/7/1950 0:00,,,,,,42.06083297729492,-104.1725006,4009,7541
S1969WY023005,107310,5645,5645,S1969WY023005,1969,site_obsdate,1985,Developed,1,1,CONUS,v2025-11,10/2/1969 0:00,10/2/1969 0:00,,,,,,42.7291679,-110.9358368,4009,7545
1987MO001007,35484,50128,49414,1987MO001007,1987,site_obsdate,1985,Developed,1,0,CONUS,v2025-11,,9/14/1987 0:00,Alfisols,Udalfs,Agrudalfs,Typic Agrudalfs,,38.9672644,-92.3451678,3976,5701
2000MO051171,92147,48601,47887,2000MO051171,2000,site_obsdate,1985,Developed,1,0,CONUS,v2025-11,,2/16/2000 0:00,Alfisols,Aqualfs,Albaqualfs,Typic Albaqualfs,,38.9672222,-92.34500122070312,3976,5726
1991MO019012,90329,48865,48151,1991MO019012,1991,site_obsdate,1985,Developed,1,0,CONUS,v2025-11,,5/1/1991 0:00,Alfisols,Aqualfs,Albaqualfs,Typic Albaqualfs,,38.9672644,-92.3451678,3976,5710
1991MO019007,90324,48868,48154,1991MO019007,1991,site_obsdate,1985,Developed,1,0,CONUS,v2025-11,,4/24/1991 0:00,Alfisols,Aqualfs,Albaqualfs,Typic Albaqualfs,,38.9672644,-92.3451678,3976,5710
1994MO015011,40699,50000,49286,1994MO015011,1994,site_obsdate,1985,Developed,1,0,CONUS,v2025-11,,2/1/1994 0:00,Alfisols,Aqualfs,Albaqualfs,Vertic Albaqualfs,,38.9672644,-92.3451678,3976,5701
1999MO051169,92145,48602,47888,1999MO051169,1999,site_obsdate,1985,Developed,1,0,CONUS,v2025-11,,11/30/1999 0:00,Mollisols,Aquolls,Argiaquolls,Typic Argiaquolls,,38.9672644,-92.3451678,3976,5726
1999MO203027M,97205,47161,46447,1999MO203027M,1999,site_obsdate,1985,Developed,1,0,CONUS,v2025-11,2/24/1999 0:00,2/24/1999 0:00,Inceptisols,Udepts,Dystrudepts,Typic Paleudalfs,loamy-skeletal,38.96722412,-92.34500122,3976,5801
1991MO019042,90349,48853,48139,1991MO019042,1991,site_obsdate,1985,Developed,1,0,CONUS,v2025-11,,5/28/1991 0:00,Alfisols,Aqualfs,Endoaqualfs,Typic Endoaqualfs,,38.9672644,-92.3451678,3976,5710
2009MO207002S,356002,46310,45596,2009MO207002S,2009,site_obsdate,1985,Developed,1,0,CONUS,v2025-11,,7/8/2009 0:00,Alfisols,Aqualfs,Epiaqualfs,Aeric Chromic Vertic Epiaqualfs,,38.9672203,-92.3450012,3976,5803
2009MO207001S,356001,46311,45597,2009MO207001S,2009,site_obsdate,1985,Developed,1,0,CONUS,v2025-11,,7/8/2009 0:00,Alfisols,Aqualfs,Epiaqualfs,Aeric Vertic Epiaqualfs,,38.9672203,-92.3450012,3976,5803
1992MO019041,90432,48807,48093,1992MO019041,1992,site_obsdate,1985,Developed,1,0,CONUS,v2025-11,,3/4/1992 0:00,Alfisols,Aqualfs,Epiaqualfs,Vertic Epiaqualfs,,38.9672644,-92.3451678,3976,5710
S1959OH003108,842806,67238,65313,S1959OH003108,1959,site_obsdate,1985,Developed,1,1,CONUS,v2025-11,,3/15/1959 0:00,Alfisols,Aqualfs,Epiaqualfs,Aeric Epiaqualfs,fine,40.66640090942383,-83.93289947509766,3989,6349
S1959OH003109,842807,67239,65314,S1959OH003109,1959,site_obsdate,1985,Developed,1,1,CONUS,v2025-11,,3/15/1959 0:00,Alfisols,Aqualfs,Epiaqualfs,Aeric Epiaqualfs,fine,40.6515007019043,-83.96589660644531,3989,6349
1994MO051025,90633,48744,48030,1994MO051025,1994,site_obsdate,1985,Developed,1,0,CONUS,v2025-11,,6/26/1994 0:00,Inceptisols,Ochrepts,Eutrochrepts,Dystric Fluventic Eutrochrepts,,38.9672644,-92.3451678,3976,5726
1990MO051009,90304,48882,48168,1990MO051009,1990,site_obsdate,1985,Developed,1,0,CONUS,v2025-11,,11/7/1990 0:00,Inceptisols,Ochrepts,Eutrochrepts,Dystric Fluventic Eutrochrepts,,38.9672644,-92.3451678,3976,5726
1990MO051017,90312,48876,48162,1990MO051017,1990,site_obsdate,1985,Developed,1,0,CONUS,v2025-11,,12/11/1990 0:00,Entisols,Aquents,Fluvaquents,Aeric Fluvaquents,,38.9672644,-92.3451678,3976,5726
1980PA069011,422207,54001,53200,465,1980,site_obsdate,1985,Developed,1,1,CONUS,v2025-11,4/23/1980 0:00,4/23/1980 0:00,Inceptisols,Aquents,Fragiaquepts,Aeric Fragiaquepts,fine-loamy,41.5294444,-75.6677778,3992,6583
1980PA069012,422208,54002,53201,466,1980,site_obsdate,1985,Developed,1,1,CONUS,v2025-11,4/25/1980 0:00,4/25/1980 0:00,Inceptisols,Aquents,Fragiaquepts,Aeric Fragiaquepts,coarse-loamy,41.5166667,-75.6483333,3992,6583
1963PA117009,422519,54347,53546,777,1963,site_obsdate,1985,Developed,1,1,CONUS,v2025-11,6/19/1963 0:00,6/19/1963 0:00,Inceptisols,Aquents,Fragiaquepts,Aeric Fragiaquepts,fine-loamy,41.8091667,-77.0083333,3992,6607
1968PA005011,409580,53906,53105,38,1968,site_obsdate,1985,Developed,1,1,CONUS,v2025-11,7/2/1968 0:00,7/2/1968 0:00,Alfisols,Ustalfs,Fragiudalfs,Aquic Fragiudalfs,fine-silty,40.8661111,-79.4944444,3992,6551
1965PA089009,422333,54141,53340,591,1965,site_obsdate,1985,Developed,1,1,CONUS,v2025-11,6/7/1965 0:00,6/7/1965 0:00,Alfisols,Ustalfs,Fragiudalfs,Aquic Fragiudalfs,fine-loamy,40.9688889,-75.1755556,3992,6593
1966PA125004,422565,54399,53598,823,1966,site_obsdate,1985,Developed,1,1,CONUS,v2025-11,8/5/1966 0:00,8/5/1966 0:00,Alfisols,Ustalfs,Fragiudalfs,Aquic Fragiudalfs,fine-silty,40.2277778,-80.1416667,3992,6611
1972PA075007,422239,54036,53235,1972PA075007,1972,site_obsdate,1985,Developed,1,1,CONUS,v2025-11,7/18/1972 0:00,7/18/1972 0:00,Alfisols,Ustalfs,Fragiudalfs,Typic Fragiudalfs,fine-loamy,40.29750061035156,-76.3083333,3992,6586
1990MO019042,90272,48905,48191,1990MO019042,1990,site_obsdate,1985,Developed,1,0,CONUS,v2025-11,9/26/1990 0:00,9/26/1990 0:00,Inceptisols,Aquepts,Halaquepts,Aeric Halaquepts,coarse-silty,39.1124265,-92.4912254,3976,5710
1982PA071041,422231,54027,53226,489,1982,site_obsdate,1985,Developed,1,1,CONUS,v2025-11,6/16/1982 0:00,6/16/1982 0:00,Inceptisols,Aquents,Haplaquepts,Typic Haplaquepts,fine-silty,40.2177778,-76.3902778,3992,6584
72ND087002,48854,69469,67544,72ND087002,1972,site_obsdate,1985,Developed,1,1,CONUS,v2025-11,,10/17/1972 0:00,Mollisols,Borolls,Haploborolls,Vertic Haploborolls,,46.3822222,-103.2586111,3981,6102
1989MO163047,408216,46302,45588,1989MO163047,2011,site_obsdate,1985,Developed,1,0,CONUS,v2025-11,,1/31/2011 0:00,Alfisols,Udalfs,Hapludalfs,,,38.9672222,-92.34500122070312,3976,5782
1989MO163046,408215,46303,45589,1989MO163046,2011,site_obsdate,1985,Developed,1,0,CONUS,v2025-11,,1/31/2011 0:00,Alfisols,Udalfs,Hapludalfs,Typic Hapludalfs,,38.9672222,-92.34500122070312,3976,5782
1995MO151053,90877,48656,47942,1995MO151053,1995,site_obsdate,1985,Developed,1,0,CONUS,v2025-11,,11/20/1995 0:00,Alfisols,Udalfs,Hapludalfs,Albaquic Hapludalfs,,38.5969926,-91.7659817,3976,5776
1995MO051106,90798,48694,47980,1995MO051106,1995,site_obsdate,1985,Developed,1,0,CONUS,v2025-11,,10/16/1995 0:00,Alfisols,Udalfs,Hapludalfs,Aquertic Hapludalfs,,38.9672644,-92.3451678,3976,5726
1995MO051105,90797,48695,47981,1995MO051105,1995,site_obsdate,1985,Developed,1,0,CONUS,v2025-11,,9/21/1995 0:00,Alfisols,Udalfs,Hapludalfs,Typic Hapludalfs,,38.9672644,-92.3451678,3976,5726
1994MO051028C,90638,48739,48025,1994MO051028C,1994,site_obsdate,1985,Developed,1,0,CONUS,v2025-11,,7/7/1994 0:00,Alfisols,Udalfs,Hapludalfs,Fragic Oxyaquic Hapludalfs,,38.9672644,-92.3451678,3976,5726
1994MO051028,90636,48741,48027,1994MO051028,1994,site_obsdate,1985,Developed,1,0,CONUS,v2025-11,,7/7/1994 0:00,Alfisols,Udalfs,Hapludalfs,Fragic Oxyaquic Hapludalfs,,38.9672644,-92.3451678,3976,5726
1994MO051027,90635,48742,48028,1994MO051027,1994,site_obsdate,1985,Developed,1,0,CONUS,v2025-11,,8/8/1994 0:00,Alfisols,Udalfs,Hapludalfs,Typic Hapludalfs,,38.9672644,-92.3451678,3976,5726
1994MO051024,90632,48745,48031,1994MO051024,1994,site_obsdate,1985,Developed,1,0,CONUS,v2025-11,,6/26/1994 0:00,Alfisols,Udalfs,Hapludalfs,Typic Hapludalfs,,38.9672644,-92.3451678,3976,5726
1994MO051023,90631,48746,48032,1994MO051023,1994,site_obsdate,1985,Developed,1,0,CONUS,v2025-11,,10/4/1994 0:00,Alfisols,Udalfs,Hapludalfs,Aquic Hapludalfs,,38.9672644,-92.3451678,3976,5726
1993MO019004,90494,48783,48069,1993MO019004,1993,site_obsdate,1985,Developed,1,0,CONUS,v2025-11,,1/28/1993 0:00,Alfisols,Udalfs,Hapludalfs,Aquertic Chromic Hapludalfs,,38.9672644,-92.3451678,3976,5710
1990MO019034,90265,48908,48194,1990MO019034,1990,site_obsdate,1985,Developed,1,0,CONUS,v2025-11,,8/2/1990 0:00,Alfisols,Udalfs,Hapludalfs,Aquertic Hapludalfs,,38.9082362,-92.2798485,3976,5710
1992MO099101,88337,49172,48458,1992MO099101,1992,site_obsdate,1985,Developed,1,0,CONUS,v2025-11,,8/25/1992 0:00,Alfisols,Udalfs,Hapludalfs,Typic Hapludalfs,,38.9672644,-92.3451678,3976,5750
1990MO099001,88176,49258,48544,1990MO099001,1990,site_obsdate,1985,Developed,1,0,CONUS,v2025-11,,8/16/1990 0:00,Alfisols,Udalfs,Hapludalfs,Mollic Hapludalfs,,38.9672644,-92.3451678,3976,5750
1995MO099263,87138,49542,48828,1995MO099263,1995,site_obsdate,1985,Developed,1,0,CONUS,v2025-11,,6/28/1995 0:00,Alfisols,Udalfs,Hapludalfs,Aquic Hapludalfs,,38.4628292,-90.5364977,3976,5750
1998MO159024,43485,49963,49249,1998MO159024,1998,site_obsdate,1985,Developed,1,0,CONUS,v2025-11,,3/17/1998 0:00,Alfisols,Udalfs,Hapludalfs,Aquollic Hapludalfs,,38.9672644,-92.3451678,3976,5780
1987MO001004,35481,50130,49416,1987MO001004,1987,site_obsdate,1985,Developed,1,0,CONUS,v2025-11,,9/11/1987 0:00,Alfisols,Udalfs,Hapludalfs,Aquic Hapludalfs,,38.9672644,-92.3451678,3976,5701
1972PA003021,409568,53773,52972,26,1972,site_obsdate,1985,Developed,1,1,CONUS,v2025-11,6/12/1972 0:00,6/12/1972 0:00,Alfisols,Ustalfs,Hapludalfs,Aquic Hapludalfs,fine,40.6086111,-79.9272222,3992,6550
1965PA003010,409566,53751,52950,24,1965,site_obsdate,1985,Developed,1,1,CONUS,v2025-11,6/30/1965 0:00,6/30/1965 0:00,Alfisols,Ustalfs,Hapludalfs,Aquollic Hapludalfs,fine,40.2933333,-79.9869444,3992,6550
1962PA129012,422592,54429,53628,850,1962,site_obsdate,1985,Developed,1,1,CONUS,v2025-11,6/12/1962 0:00,6/12/1962 0:00,Alfisols,Ustalfs,Hapludalfs,Fragic Oxyaquic Hapludalfs,fine-loamy,40.2305556,-79.4958333,3992,6613
1977PA027047,421935,53698,52897,1977PA027047,1977,site_obsdate,1985,Developed,1,1,CONUS,v2025-11,4/26/1977 0:00,4/26/1977 0:00,Alfisols,Ustalfs,Hapludalfs,Lithic Hapludalfs,clayey,40.7158461,-77.9338634,3992,6562
1962PA129013,422593,54430,53629,851,1962,site_obsdate,1985,Developed,1,1,CONUS,v2025-11,6/12/1962 0:00,6/12/1962 0:00,Alfisols,Ustalfs,Hapludalfs,Oxyaquic Hapludalfs,fine,40.2319444,-79.4955556,3992,6613
1970PA067004,422188,53980,53179,1970PA067004,1970,site_obsdate,1985,Developed,1,1,CONUS,v2025-11,6/9/1970 0:00,6/9/1970 0:00,Alfisols,Ustalfs,Hapludalfs,Typic Hapludalfs,fine,40.6108333,-77.3583333,3992,6582
1972PA071014,422213,54008,53207,1972PA071014,1972,site_obsdate,1985,Developed,1,1,CONUS,v2025-11,7/18/1972 0:00,7/18/1972 0:00,Alfisols,Ustalfs,Hapludalfs,Typic Hapludalfs,fine,39.9397222,-76.1402778,3992,6584
1972PA071015,422214,54009,53208,1972PA071015,1972,site_obsdate,1985,Developed,1,1,CONUS,v2025-11,7/18/1972 0:00,7/18/1972 0:00,Alfisols,Ustalfs,Hapludalfs,Typic Hapludalfs,fine,39.900001525878906,-76.0602778,3992,6584
1969PA009005,409591,54028,53227,1969PA009005,1969,site_obsdate,1985,Developed,1,1,CONUS,v2025-11,7/30/1969 0:00,7/30/1969 0:00,Alfisols,Ustalfs,Hapludalfs,Typic Hapludalfs,fine-loamy,40.1105556,-78.6416667,3992,6553
1965PA003009,409565,53740,52939,23,1965,site_obsdate,1985,Developed,1,1,CONUS,v2025-11,6/30/1965 0:00,6/30/1965 0:00,Alfisols,Ustalfs,Hapludalfs,Ultic Hapludalfs,coarse-loamy,40.3102778,-80.0419444,3992,6550
1959PA077005,422250,54049,53248,1959PA077005,1959,site_obsdate,1985,Developed,1,1,CONUS,v2025-11,7/14/1959 0:00,7/14/1959 0:00,Alfisols,Ustalfs,Hapludalfs,Ultic Hapludalfs,fine-loamy,40.6466667,-75.5941667,3992,6587
1974PA081018,422273,54075,53274,1974PA081018,1974,site_obsdate,1985,Developed,1,1,CONUS,v2025-11,6/18/1974 0:00,6/18/1974 0:00,Alfisols,Ustalfs,Hapludalfs,Ultic Hapludalfs,coarse-silty,41.1952778,-76.8305556,3992,6589
1974PA081022,422277,54079,53278,1974PA081022,1974,site_obsdate,1985,Developed,1,1,CONUS,v2025-11,6/18/1974 0:00,6/18/1974 0:00,Alfisols,Ustalfs,Hapludalfs,Ultic Hapludalfs,coarse-silty,41.1952778,-77.2677778,3992,6589
1960PA091013,868914,54171,53370,618,1960,site_obsdate,1985,Developed,1,1,CONUS,v2025-11,9/8/1960 0:00,9/8/1960 0:00,Alfisols,Ustalfs,Hapludalfs,Ultic Hapludalfs,fine-loamy,40.3341667,-75.5252778,3992,6594
1958PA129001,422585,54421,53620,843,1958,site_obsdate,1985,Developed,1,1,CONUS,v2025-11,2/28/1958 0:00,2/28/1958 0:00,Alfisols,Ustalfs,Hapludalfs,Ultic Hapludalfs,fine-loamy,40.3061111,-79.5030556,3992,6613
1958PA129002,422586,54422,53621,844,1958,site_obsdate,1985,Developed,1,1,CONUS,v2025-11,2/28/1958 0:00,2/28/1958 0:00,Alfisols,Ustalfs,Hapludalfs,Ultic Hapludalfs,fine-loamy,40.3288889,-79.7227778,3992,6613
1990MO099002,88177,49257,48543,1990MO099002,1990,site_obsdate,1985,Developed,1,0,CONUS,v2025-11,,8/16/1990 0:00,Mollisols,Udolls,Hapludolls,Typic Hapludolls,,38.9672644,-92.3451678,3976,5750
1959PA045003,868566,53853,53052,331,1959,site_obsdate,1985,Developed,1,1,CONUS,v2025-11,4/23/1959 0:00,4/23/1959 0:00,Ultisols,Udults,Hapludults,Typic Hapludults,fine-loamy,39.8369444,-75.3969444,3992,6571
93KS073001,19631,52272,51546,93KS073001,1993,site_obsdate,1985,Developed,1,0,CONUS,v2025-11,,9/15/1993 0:00,Mollisols,Ustolls,Haplustolls,Typic Haplustolls,,37.7080574,-96.0422211,3967,5191
1994MO051033,90643,48734,48020,1994MO051033,1994,site_obsdate,1985,Developed,1,0,CONUS,v2025-11,,7/7/1994 0:00,Alfisols,Udalfs,Paleudalfs,Aquic Paleudalfs,,38.9672644,-92.3451678,3976,5726
1994MO051032,90642,48735,48021,1994MO051032,1994,site_obsdate,1985,Developed,1,0,CONUS,v2025-11,,7/7/1994 0:00,Alfisols,Udalfs,Paleudalfs,Typic Paleudalfs,,38.9672644,-92.3451678,3976,5726
1994MO051031,90641,48736,48022,1994MO051031,1994,site_obsdate,1985,Developed,1,0,CONUS,v2025-11,,7/7/1994 0:00,Alfisols,Udalfs,Paleudalfs,Aquic Paleudalfs,,38.9672644,-92.3451678,3976,5726
1994MO051030,90640,48737,48023,1994MO051030,1994,site_obsdate,1985,Developed,1,0,CONUS,v2025-11,,7/7/1994 0:00,Alfisols,Udalfs,Paleudalfs,Aquic Paleudalfs,,38.9672644,-92.3451678,3976,5726
1994MO051028B,90637,48740,48026,1994MO051028B,1994,site_obsdate,1985,Developed,1,0,CONUS,v2025-11,,7/7/1994 0:00,Alfisols,Udalfs,Paleudalfs,Aquic Paleudalfs,,38.9672644,-92.3451678,3976,5726
1958PA035010,422010,53782,52981,1958PA035010,1958,site_obsdate,1985,Developed,1,1,CONUS,v2025-11,4/24/1958 0:00,4/24/1958 0:00,Alfisols,Ustalfs,Paleudalfs,Typic Paleudalfs,fine,41.045278,-77.507778,3992,6566
91TN141UTK003,,72419,133159,91TN141UTK003,2009,site_obsdate,1985,Developed,1,0,CONUS,v2025-11,,8/16/2009 0:00,Ultisols,Udults,Paleudults,Typic Paleudults,,36.17027664,-85.46749878,3999,6897
1974FL097002,691343,50674,49948,1974FL097002,2013,site_obsdate,1985,Developed,1,0,CONUS,v2025-11,4/15/2011 0:00,6/13/2013 0:00,Entisols,Psamments,Quartzipsamments,Aquic Quartzipsamments,,28.1548328,-81.4390869,3957,4630
1990MO019014,92162,48593,47879,1990MO019014,1990,site_obsdate,1985,Developed,1,0,CONUS,v2025-11,,5/8/1990 0:00,Entisols,Fluvents,Udifluvents,Aquic Udifluvents,,38.9672644,-92.3451678,3976,5710
1990MO051021,90316,48872,48158,1990MO051021,1990,site_obsdate,1985,Developed,1,0,CONUS,v2025-11,,12/5/1990 0:00,Entisols,Fluvents,Udifluvents,Aquic Udifluvents,,38.9672644,-92.3451678,3976,5726
1990MO051020,90315,48873,48159,1990MO051020,1990,site_obsdate,1985,Developed,1,0,CONUS,v2025-11,,12/5/1990 0:00,Entisols,Fluvents,Udifluvents,Aquic Udifluvents,,38.9672644,-92.3451678,3976,5726
1990MO051018,90313,48875,48161,1990MO051018,1990,site_obsdate,1985,Developed,1,0,CONUS,v2025-11,,12/13/1990 0:00,Entisols,Fluvents,Udifluvents,Typic Udifluvents,,38.9672644,-92.3451678,3976,5726
1990MO051016,90311,48877,48163,1990MO051016,1990,site_obsdate,1985,Developed,1,0,CONUS,v2025-11,,12/11/1990 0:00,Entisols,Fluvents,Udifluvents,Mollic Udifluvents,,38.9672644,-92.3451678,3976,5726
1990MO051015,90310,48878,48164,1990MO051015,1990,site_obsdate,1985,Developed,1,0,CONUS,v2025-11,,12/10/1990 0:00,Entisols,Fluvents,Udifluvents,Mollic Udifluvents,,38.9672644,-92.3451678,3976,5726
1990MO051014,90309,48879,48165,1990MO051014,1990,site_obsdate,1985,Developed,1,0,CONUS,v2025-11,,12/9/1990 0:00,Entisols,Fluvents,Udifluvents,Aquic Udifluvents,,38.9672644,-92.3451678,3976,5726
1989MO053005,44076,49950,49236,1989MO053005,2000,site_obsdate,1985,Developed,1,0,CONUS,v2025-11,,9/6/2000 0:00,Entisols,Fluvents,Udifluvents,Mollic Udifluvents,,38.9672644,-92.3451678,3976,5727
S1969MN0031076,583670,56428,55627,S1969MN0031076,2010,site_obsdate,1985,Developed,1,0,CONUS,v2025-11,10/27/2010 0:00,10/27/2010 0:00,Entisols,Psamments,Udipsamments,Aquic Udipsamments,sandy,45.4063988,-93.3733444,3975,5615
S1972MN1631578,676456,56723,55922,S1972MN1631578,2010,site_obsdate,1985,Developed,1,0,CONUS,v2025-11,12/22/2010 0:00,12/22/2010 0:00,Entisols,Psamments,Udipsamments,Lamellic Udipsamments,sandy,45.1100273,-92.9328613,3975,5695
S1973MN1451673,676505,56753,55952,S1973MN1451673,2011,site_obsdate,1985,Developed,1,0,CONUS,v2025-11,1/4/2011 0:00,1/4/2011 0:00,Entisols,Psamments,Udipsamments,Typic Udipsamments,sandy,45.5160599,-94.1762848,3975,5686
1990MO051019,90314,48874,48160,1990MO051019,1990,site_obsdate,1985,Developed,1,0,CONUS,v2025-11,,12/13/1990 0:00,Entisols,Psamments,Udipsamments,Typic Udipsamments,,38.9672644,-92.3451678,3976,5726
1999MO051159,92135,48606,47892,1999MO051159,1999,site_obsdate,1985,Developed,1,0,CONUS,v2025-11,,3/23/1999 0:00,Entisols,Orthents,Udorthents,Typic Udorthents,,38.5579298,-92.1866051,3976,5726
1999MO051158,92134,48607,47893,1999MO051158,1999,site_obsdate,1985,Developed,1,0,CONUS,v2025-11,,3/23/1999 0:00,Entisols,Orthents,Udorthents,Typic Udorthents,,38.5579748,-92.1866046,3976,5726
1998MO051149,91984,48614,47900,1998MO051149,1998,site_obsdate,1985,Developed,1,0,CONUS,v2025-11,,8/26/1998 0:00,Entisols,Orthents,Udorthents,Typic Udorthents,,38.5687175,-92.1763821,3976,5726
1994MO019011,90571,48749,48035,1994MO019011,1994,site_obsdate,1985,Developed,1,0,CONUS,v2025-11,,6/14/1994 0:00,Entisols,Orthents,Udorthents,Typic Udorthents,,38.9236539,-92.338223,3976,5710
1955IL001005,992421,2578,2578,1955IL001005,1955,site_obsdate,1985,Developed,1,1,CONUS,v2025-11,10/19/1955 0:00,10/19/1955 0:00,alfisols,aqualfs,albaqualfs,udollic albaqualfs,fine,39.8161125,-91.0374985,3965,4961
86IL191032,124969,14979,14979,S1986IL191032,1986,site_obsdate,1985,Developed,1,0,CONUS,v2025-11,7/3/1986 0:00,7/1/1986 0:00,alfisols,aqualfs,albaqualfs,mollic albaqualfs,fine,38.5741653,-88.4386139,3965,5056
S1993IL055107,101656,20572,20572,S1993IL055107,1993,site_obsdate,1985,Developed,1,0,CONUS,v2025-11,6/19/1993 0:00,6/17/1993 0:00,alfisols,aqualfs,albaqualfs,mollic albaqualfs,fine-silty,38.0241661,-88.9052811,3965,4988
S1982IL049007,109928,9588,9588,S1982IL049007,1982,site_obsdate,1985,Developed,1,1,CONUS,v2025-11,6/16/1982 0:00,6/14/1982 0:00,alfisols,aqualfs,albaqualfs,typic albaqualfs,fine,39.1238899,-88.5163879,3965,4985
S2012KS037002,587173,66132,64207,S2012KS037002,2012,site_obsdate,1985,Developed,1,0,CONUS,v2025-11,9/6/2012 0:00,6/26/2012 0:00,alfisols,aqualfs,albaqualfs,typic albaqualfs,,37.3761667,-94.9231389,3967,5173
1973KS011001,128066,1777,1777,S1973KS011001,1973,site_obsdate,1985,Developed,1,1,CONUS,v2025-11,6/1/1973 0:00,6/1/1973 0:00,alfisols,aqualfs,albaqualfs,mollic albaqualfs,fine,37.9372215,-94.6763916,3967,5160
S57LA0010003,590505,3769,3769,S57LA0010003,1957,site_obsdate,1985,Developed,1,1,CONUS,v2025-11,11/13/1957 0:00,11/13/1957 0:00,alfisols,aqualfs,albaqualfs,typic albaqualfs,fine,30.2938881,-92.4563904,3969,5380
86MD510005,821709,13861,13861,S1986MD510005,1986,site_obsdate,1985,Developed,1,0,CONUS,v2025-11,12/1/1986 0:00,12/1/1986 0:00,alfisols,aqualfs,albaqualfs,typic albaqualfs,fine-loamy,39.3713875,-76.6869431,3971,5481
2007MO027052,664117,45908,45194,2007MO027052,2006,site_obsdate,1985,Developed,1,0,CONUS,v2025-11,10/19/2006 0:00,10/19/2006 0:00,alfisols,aqualfs,albaqualfs,vertic albaqualfs,,38.9104167,-91.6996111,3976,5714
2005MO219061,697125,45967,45253,2005MO219061,2005,site_obsdate,1985,Developed,1,0,CONUS,v2025-11,4/12/2005 0:00,4/12/2005 0:00,alfisols,aqualfs,albaqualfs,vertic albaqualfs,,38.9247222,-91.2125015258789,3976,5809
2005MO139001,697038,46003,45289,2005MO139001,2005,site_obsdate,1985,Developed,1,0,CONUS,v2025-11,1/11/2005 0:00,1/11/2005 0:00,alfisols,aqualfs,albaqualfs,aeric albaqualfs,,38.9807556,-91.4736194,3976,5770
2000MO055027,88080,49300,48586,2000MO055027,2000,site_obsdate,1985,Developed,1,0,CONUS,v2025-11,5/26/2000 0:00,5/26/2000 0:00,alfisols,aqualfs,albaqualfs,typic albaqualfs,,38.9672222,-92.34500122070312,3976,5728
2007MO189013,642356,41739,41025,2007MO189013,2007,site_obsdate,1985,Developed,1,0,CONUS,v2025-11,11/2/2007 0:00,11/2/2007 0:00,alfisols,aqualfs,albaqualfs,typic albaqualfs,fine,38.561248779296875,-90.4646667,3976,5795
1984MO175006,957575,12127,12127,1984MO175006,1985,site_obsdate,1985,Developed,1,0,CONUS,v2025-11,12/3/1985 0:00,6/1/1985 0:00,alfisols,aqualfs,albaqualfs,vertic albaqualfs,fine,39.5258333,-92.4441667,3976,5788
2007MO199018,638815,41282,40568,2007MO199018,2007,site_obsdate,1985,Developed,1,0,CONUS,v2025-11,10/4/2007 0:00,10/4/2007 0:00,alfisols,aqualfs,albaqualfs,vertic albaqualfs,fine,40.6053611,-91.9544167,3976,5799
53TX041090,128143,4182,4182,S1953TX041090,1953,site_obsdate,1985,Developed,1,1,CONUS,v2025-11,6/1/1953 0:00,6/1/1953 0:00,alfisols,aqualfs,albaqualfs,vertic albaqualfs,fine,30.6227779,-96.3516693,4000,6942
S2007SC085002,1266216,34644,34430,S2007SC085002,2007,site_obsdate,1985,Developed,1,0,CONUS,v2025-11,6/28/2007 0:00,6/28/2007 0:00,spodosols,orthods,alorthods,entic grossarenic alorthods,sandy,33.9569435,-79.9899979,3997,6757
S1955CA035004,108022,2782,2782,S1955CA035004,1955,site_obsdate,1985,Developed,1,1,CONUS,v2025-11,8/1/1955 0:00,8/1/1955 0:00,aridisols,cambids,aquicambids,durinodic aquicambids,coarse-loamy,40.4011116,-120.5025024,3951,4466
87CA019014,124786,14777,14777,S1987CA019014,1987,site_obsdate,1985,Developed,1,0,CONUS,v2025-11,11/3/1987 0:00,11/1/1987 0:00,aridisols,salids,aquisalids,typic aquisalids,fine,36.8983345,-120.5194473,3951,4458
78TX389003,119915,7234,7234,S1978TX389003,1978,site_obsdate,1985,Developed,1,1,CONUS,v2025-11,1/1/1978 0:00,1/1/1978 0:00,aridisols,salids,aquisalids,typic aquisalids,fine-silty,31.3852787,-103.4775009,4000,7116
S1973CA079008,99001,6074,6074,S1973CA079008,1973,site_obsdate,1985,Developed,1,1,CONUS,v2025-11,6/1/1973 0:00,6/1/1973 0:00,mollisols,albolls,argialbolls,xeric argialbolls,fine,35.3022232,-120.7955551,3951,4488
2005MO139056,697064,45997,45283,2005MO139056,2005,site_obsdate,1985,Developed,1,0,CONUS,v2025-11,4/21/2005 0:00,4/21/2005 0:00,mollisols,albolls,argialbolls,vertic argialbolls,,38.8716667,-91.3580556,3976,5770
2003MO219004,696919,46024,45310,2003MO219004,2003,site_obsdate,1985,Developed,1,0,CONUS,v2025-11,7/16/2003 0:00,7/16/2003 0:00,mollisols,albolls,argialbolls,typic argialbolls,,38.82175064086914,-91.0785389,3976,5809
65ND017003,47595,69453,67528,65ND017003,1965,site_obsdate,1985,Developed,1,1,CONUS,v2025-11,,11/1/1965 0:00,mollisols,albolls,argialbolls,argiaquic argialbolls,very-fine,46.9183333,-96.8305556,3981,6067
03OR047001,150558,31821,31702,03-DRJ-15,2003,site_obsdate,1985,Developed,1,0,CONUS,v2025-11,9/18/2003 0:00,9/18/2003 0:00,mollisols,albolls,argialbolls,argiaquic xeric argialbolls,fine-silty,45.0800819,-122.8995209,3991,6536
1968IL043006,592184,36126,35511,1968IL043006,1968,site_obsdate,1985,Developed,1,1,CONUS,v2025-11,9/1/1968 0:00,9/1/1968 0:00,mollisols,aquolls,argiaquolls,typic argiaquolls,fine,41.70050048828125,-87.9921278,3965,4982
1977IN087001,313410,38285,37670,1977IN087001,1977,site_obsdate,1985,Developed,1,1,CONUS,v2025-11,4/12/1977 0:00,4/12/1977 0:00,mollisols,aquolls,argiaquolls,typic argiaquolls,fine-loamy,41.6462028,-85.4729306,3966,5106
S1979IN033001,1094893,38489,37874,1979IN033001,1979,site_obsdate,1985,Developed,1,1,CONUS,v2025-11,5/7/1979 0:00,5/7/1979 0:00,mollisols,aquolls,argiaquolls,typic argiaquolls,fine,41.3241806,-85.035325,3966,5079
S1994IN039029,101950,23032,23032,S1994IN039029,1994,site_obsdate,1985,Developed,1,0,CONUS,v2025-11,1/31/1994 0:00,1/31/1994 0:00,mollisols,aquolls,argiaquolls,typic argiaquolls,fine-loamy,41.5697212,-85.6941681,3966,5082
S2005KS079502,182871,33647,33465,S2005KS079502,2005,site_obsdate,1985,Developed,1,0,CONUS,v2025-11,8/30/2005 0:00,8/30/2005 0:00,mollisols,aquolls,argiaquolls,vertic argiaquolls,,38.0444984,-97.5919189,3967,5194
95KS059008s,16147,52328,51602,95KS059008s,1995,site_obsdate,1985,Developed,1,0,CONUS,v2025-11,11/9/1995 0:00,11/9/1995 0:00,mollisols,aquolls,argiaquolls,abruptic argiaquolls,,38.5801639,-95.2710556,3967,5184
93LA001015,102319,20747,20747,S1993LA001015,1993,site_obsdate,1985,Developed,1,0,CONUS,v2025-11,10/18/1993 0:00,10/18/1993 0:00,mollisols,aquolls,argiaquolls,typic argiaquolls,,30.45833396911621,-92.2918854,3969,5380
S2005MI049009,212200,33477,33327,S2005MI049009,2005,site_obsdate,1985,Developed,1,0,CONUS,v2025-11,7/7/2005 0:00,7/7/2005 0:00,mollisols,aquolls,argiaquolls,typic argiaquolls,fine-loamy,43.0122694,-83.8126111,3974,5555
S1900MN0073289,583300,55604,54803,S1900MN0073289,1980,site_obsdate,1985,Developed,1,1,CONUS,v2025-11,7/9/1980 0:00,7/9/1980 0:00,mollisols,aquolls,argiaquolls,typic argiaquolls,fine-loamy,47.8311119,-94.5045395,3975,5617
S1977MN0292509,678189,57019,56218,S1977MN0292509,2011,site_obsdate,1985,Developed,1,0,CONUS,v2025-11,2/3/2011 0:00,2/3/2011 0:00,mollisols,aquolls,argiaquolls,typic argiaquolls,fine-loamy,47.9727554,-95.4515381,3975,5628
2005MO139055,697063,45998,45284,2005MO139055,2005,site_obsdate,1985,Developed,1,0,CONUS,v2025-11,4/20/2005 0:00,4/20/2005 0:00,mollisols,aquolls,argiaquolls,vertic argiaquolls,,38.8530556,-91.2925033569336,3976,5770
1990MO117019m,133801,46876,46162,1990MO117019m,1990,site_obsdate,1985,Developed,1,0,CONUS,v2025-11,5/29/1990 0:00,5/29/1990 0:00,mollisols,aquolls,argiaquolls,vertic argiaquolls,fine,39.6538887,-93.5211105,3976,5759
86NC077001,123904,13773,13773,S1986NC077001,1986,site_obsdate,1985,Developed,1,0,CONUS,v2025-11,8/3/1986 0:00,8/1/1986 0:00,mollisols,aquolls,argiaquolls,vertic argiaquolls,fine,36.1277771,-78.7655563,3980,5997
88NC077005,125097,15165,15165,S1988NC077005,1988,site_obsdate,1985,Developed,1,0,CONUS,v2025-11,5/3/1988 0:00,5/1/1988 0:00,mollisols,aquolls,argiaquolls,vertic argiaquolls,fine,36.1244431,-78.7708359,3980,5997
1956-OH161-S05,749896,66886,64961,1956-OH161-S05,1956,site_obsdate,1985,Developed,1,1,CONUS,v2025-11,9/11/1956 0:00,9/11/1956 0:00,mollisols,aquolls,argiaquolls,typic argiaquolls,fine,40.8293037,-84.7457504,3989,6428
S2001OR043003,135352,30458,30342,01-DRJ-27,2001,site_obsdate,1985,Developed,1,0,CONUS,v2025-11,10/15/2001 0:00,10/15/2001 0:00,mollisols,aquolls,argiaquolls,typic argiaquolls,fine-loamy,44.6303635,-122.8039551,3991,6534
92NM039006,104460,20232,20232,S1992NM039006,1993,site_obsdate,1985,Developed,1,0,CONUS,v2025-11,4/29/1993 0:00,4/27/1993 0:00,mollisols,borolls,argiborolls,pachic udic argiborolls,fine,36.9111099,-106.9986115,3986,6257
S2012CO029012,802305,69905,67977,S2012CO02904,2012,site_obsdate,1985,Developed,1,0,CONUS,v2025-11,8/23/2012 0:00,8/21/2012 0:00,aridisols,gypsids,argigypsids,lithic argigypsids,,38.698462,-108.1250207,3952,4521
S1978-TX389-002-copy,1145938,7233,7233,S1978-TX389-002-copy,1978,site_obsdate,1985,Developed,1,1,CONUS,v2025-11,1/1/1978 0:00,1/1/1978 0:00,aridisols,gypsids,argigypsids,ustic argigypsids,fine-gypseous,31.3240167,-103.5046722,4000,7116
S1955IA001005,101103,1418,1418,S1955IA001005,1955,site_obsdate,1985,Developed,1,1,CONUS,v2025-11,11/5/1955 0:00,11/5/1955 0:00,mollisols,udolls,argiudolls,typic argiudolls,fine-silty,41.3797226,-94.45277404785156,3963,4818
85IA1350042,123351,13063,13063,S1985IA135042,1985,site_obsdate,1985,Developed,1,0,CONUS,v2025-11,11/3/1985 0:00,11/1/1985 0:00,mollisols,udolls,argiudolls,aquic argiudolls,fine,41.0277786,-92.8000031,3963,4885
84IA1630021,122513,12101,12101,S1984IA163021,1984,site_obsdate,1985,Developed,1,1,CONUS,v2025-11,9/3/1984 0:00,9/1/1984 0:00,mollisols,udolls,argiudolls,typic argiudolls,fine-silty,41.6347237,-90.4708328,3963,4899
84IA0130012,122648,12242,12242,S1984IA0130012,1984,site_obsdate,1985,Developed,1,1,CONUS,v2025-11,11/3/1984 0:00,11/1/1984 0:00,mollisols,udolls,argiudolls,typic argiudolls,fine-silty,42.3119431,-92.3233337,3963,4824
87IA131002,957983,15120,15120,87IA131002,1988,site_obsdate,1985,Developed,1,0,CONUS,v2025-11,12/3/1989 0:00,6/1/1988 0:00,mollisols,udolls,argiudolls,typic argiudolls,fine-loamy,43.2141667,-92.904087,3963,4883
S1969IA043001,934164,70660,68688,S1969IA043001,1969,site_obsdate,1985,Developed,1,1,CONUS,v2025-11,7/8/1969 0:00,7/8/1969 0:00,mollisols,udolls,argiudolls,typic argiudolls,fine-silty,42.9281603,-91.2884124,3963,4839
S1982IA105102,947414,70786,68814,S1982IA105102,1982,site_obsdate,1985,Developed,1,1,CONUS,v2025-11,8/11/1982 0:00,8/11/1982 0:00,mollisols,udolls,argiudolls,typic argiudolls,fine-silty,42.2528133,-91.1982969,3963,4870
S1955IL149002,101784,2599,2599,S1955IL149002,1955,site_obsdate,1985,Developed,1,1,CONUS,v2025-11,10/18/1955 0:00,10/18/1955 0:00,mollisols,udolls,argiudolls,aquic argiudolls,fine-silty,39.6761093,-91.0580521,3965,5035
1956IL019001,863395,35929,35314,1956IL019001,1956,site_obsdate,1985,Developed,1,1,CONUS,v2025-11,10/1/1956 0:00,10/1/1956 0:00,mollisols,udolls,argiudolls,aquic argiudolls,fine,40.0872528,-88.23255157470703,3965,4970
1956IL197001,315035,35935,35320,1956IL197001,1956,site_obsdate,1985,Developed,1,1,CONUS,v2025-11,9/1/1956 0:00,9/1/1956 0:00,mollisols,udolls,argiudolls,aquic argiudolls,coarse-loamy,41.2903635,-88.1701178,3965,5059
1964IL019003,863410,36017,35402,1964IL019003,1964,site_obsdate,1985,Developed,1,1,CONUS,v2025-11,10/1/1964 0:00,10/1/1964 0:00,mollisols,udolls,argiudolls,aquic argiudolls,fine,40.1038175,-88.2268802,3965,4970
1980IL109006,856900,36663,36048,1980IL109006,1980,site_obsdate,1985,Developed,1,1,CONUS,v2025-11,8/1/1980 0:00,8/1/1980 0:00,mollisols,udolls,argiudolls,aquic argiudolls,fine,40.5008996,-90.6947921,3965,5015
1985IL187024,844945,37380,36765,1985IL187024,1985,site_obsdate,1985,Developed,1,0,CONUS,v2025-11,10/1/1985 0:00,10/1/1985 0:00,mollisols,udolls,argiudolls,aquic argiudolls,fine,40.6460111,-90.6735306,3965,5054
1988IL067005,314751,37589,36974,1988IL067005,1988,site_obsdate,1985,Developed,1,0,CONUS,v2025-11,7/1/1988 0:00,7/1/1988 0:00,mollisols,udolls,argiudolls,aquic argiudolls,fine-silty,40.5921417,-91.0818944,3965,4994
1983IL067005,844906,37693,37078,1983IL067005,2007,site_obsdate,1985,Developed,1,0,CONUS,v2025-11,10/20/2007 0:00,10/20/2007 0:00,mollisols,udolls,argiudolls,aquic argiudolls,fine-silty,40.4630556,-91.3277778,3965,4994
1987IL105012,253423,37730,37115,1987IL105012,1987,site_obsdate,1985,Developed,1,0,CONUS,v2025-11,1/5/1987 0:00,1/1/1987 0:00,mollisols,udolls,argiudolls,aquic argiudolls,fine,40.9483556,-88.4344875,3965,5013
1932IL167001,856845,35866,35251,1932IL167001,1932,site_obsdate,1985,Developed,1,1,CONUS,v2025-11,7/1/1932 0:00,7/1/1932 0:00,mollisols,udolls,argiudolls,aquic pachic argiudolls,fine,39.7443855,-89.76012420654297,3965,5044
1983IL187001,906702,37700,37085,1983IL187001,2007,site_obsdate,1985,Developed,1,0,CONUS,v2025-11,10/20/2007 0:00,10/20/2007 0:00,mollisols,udolls,argiudolls,pachic argiudolls,fine-silty,41.0088889,-90.6472222,3965,5054
1965IL097001,354927,36072,35457,1965IL097001,1965,site_obsdate,1985,Developed,1,1,CONUS,v2025-11,10/1/1965 0:00,10/1/1965 0:00,mollisols,udolls,argiudolls,typic argiudolls,fine-silty,42.2677721,-87.9430495,3965,5009
1965IL177003,355087,36076,35461,1965IL177003,1965,site_obsdate,1985,Developed,1,1,CONUS,v2025-11,8/1/1965 0:00,8/1/1965 0:00,mollisols,udolls,argiudolls,typic argiudolls,fine-silty,42.230519,-89.4176078,3965,5049
1968IL111002,355058,36139,35524,1968IL111002,1968,site_obsdate,1985,Developed,1,1,CONUS,v2025-11,9/1/1968 0:00,9/1/1968 0:00,mollisols,udolls,argiudolls,typic argiudolls,fine-loamy over sandy or sandy-skeletal,42.1953697,-88.5913659,3965,5016
1971IL093002,355180,36196,35581,1971IL093002,1971,site_obsdate,1985,Developed,1,1,CONUS,v2025-11,10/1/1971 0:00,10/1/1971 0:00,mollisols,udolls,argiudolls,typic argiudolls,fine-loamy,41.6571268,-88.4399632,3965,5007
S2008IL111001,325053,39609,38992,S2008IL111001,2008,site_obsdate,1985,Developed,1,0,CONUS,v2025-11,11/19/2008 0:00,11/19/2008 0:00,mollisols,udolls,argiudolls,typic argiudolls,fine-loamy,42.4150085,-88.2758713,3965,5016
S1992IL163014,1116459,19207,19207,S1992IL163014,1992,site_obsdate,1985,Developed,1,0,CONUS,v2025-11,4/18/1992 0:00,4/16/1992 0:00,mollisols,udolls,argiudolls,vertic argiaquolls,fine,38.3763389,-89.71379852294922,3965,5042
1980IN007015,863457,38990,38375,1980IN007015,1980,site_obsdate,1985,Developed,1,1,CONUS,v2025-11,9/15/1980 0:00,9/15/1980 0:00,mollisols,udolls,argiudolls,aquic argiudolls,fine,40.6936194,-87.2865833,3966,5066
1984IN157015,313996,39220,38605,1984IN157015,1984,site_obsdate,1985,Developed,1,1,CONUS,v2025-11,3/6/1984 0:00,3/6/1984 0:00,mollisols,udolls,argiudolls,aquic argiudolls,fine-silty,40.3747667,-86.8541028,3966,5141
S1959IN045005,101969,4993,4993,S1959IN045005,1959,site_obsdate,1985,Developed,1,1,CONUS,v2025-11,11/11/1959 0:00,11/11/1959 0:00,mollisols,udolls,argiudolls,typic argiudolls,fine-loamy,39.5729256,-87.3772049,3966,5085
S2006KS005006,656509,33041,32899,06KS005006,2006,site_obsdate,1985,Developed,1,0,CONUS,v2025-11,6/28/2006 0:00,6/28/2006 0:00,mollisols,udolls,argiudolls,typic argiudolls,,39.64462662,-95.50870514,3967,5157
03KS091004,137378,51992,51266,03KS091004,2003,site_obsdate,1985,Developed,1,0,CONUS,v2025-11,8/15/2003 0:00,8/15/2003 0:00,mollisols,udolls,argiudolls,typic argiudolls,fine,38.8363647,-94.7600784,3967,5200
S2001MI077001,158458,30320,30204,S2001MI077001,2001,site_obsdate,1985,Developed,1,0,CONUS,v2025-11,10/24/2001 0:00,10/24/2001 0:00,mollisols,udolls,argiudolls,typic argiudolls,fine-loamy,42.1281111,-85.68174743652344,3974,5569
S1980MI081008,847194,69706,67781,S1980MI081008,2013,site_obsdate,1985,Developed,1,0,CONUS,v2025-11,1/1/1980 0:00,3/1/2013 0:00,mollisols,udolls,argiudolls,alfic argiudolls,fine,42.9844167,-85.5895278,3974,5571
F2007MI121012,254560,34334,34120,F2007MI121012,2007,site_obsdate,1985,Developed,1,0,CONUS,v2025-11,8/27/2007 0:00,8/27/2007 0:00,mollisols,udolls,argiudolls,oxyaquic argiudolls,sandy over clayey,43.2156944,-86.2731944,3974,5591
S1976MN113004 (2404),582861,55711,54910,S1976MN113004 (2404),1976,site_obsdate,1985,Developed,1,1,CONUS,v2025-11,10/20/1976 0:00,10/20/1976 0:00,mollisols,udolls,argiudolls,aquic argiudolls,fine-loamy,48.1287003,-96.0899658,3975,5670
S1978MN1692745,583039,55974,55173,S1978MN1692745,1978,site_obsdate,1985,Developed,1,1,CONUS,v2025-11,6/27/1978 0:00,6/27/1978 0:00,mollisols,udolls,argiudolls,aquic argiudolls,fine,43.9363823,-91.9791718,3975,5698
S1977MN037025 (2530),582926,55735,54934,S1977MN037025 (2530),1977,site_obsdate,1985,Developed,1,1,CONUS,v2025-11,8/16/1977 0:00,8/16/1977 0:00,mollisols,udolls,argiudolls,typic argiudolls,fine-loamy,44.6325989,-92.8126602,3975,5632
1980MN099004,431757,56176,55375,1980MN099004,1980,site_obsdate,1985,Developed,1,1,CONUS,v2025-11,4/9/2010 0:00,9/15/1980 0:00,mollisols,udolls,argiudolls,typic argiudolls,fine-loamy,43.7663705,-92.449349,3975,5663
S1992MN1714686,683923,57173,56372,S1992MN1714686,2011,site_obsdate,1985,Developed,1,0,CONUS,v2025-11,2/15/2011 0:00,2/15/2011 0:00,mollisols,udolls,argiudolls,typic argiudolls,coarse-loamy,45.2217331,-93.8483353,3975,5699
2005MO219065,697093,45963,45249,2005MO219065,2005,site_obsdate,1985,Developed,1,0,CONUS,v2025-11,4/26/2005 0:00,4/26/2005 0:00,mollisols,udolls,argiudolls,aquic argiudolls,,38.8322222,-91.3288889,3976,5809
1986MO013012,160049,46604,45890,1986MO013012,2004,site_obsdate,1985,Developed,1,0,CONUS,v2025-11,12/21/2004 0:00,12/21/2004 0:00,mollisols,udolls,argiudolls,typic argiudolls,fine-loamy,38.4364444,-94.1121111,3976,5707
1989MO053021,44059,49951,49237,1989MO053021,2000,site_obsdate,1985,Developed,1,0,CONUS,v2025-11,10/26/2015 0:00,8/22/2000 0:00,mollisols,udolls,argiudolls,aquertic argiudolls,fine,38.9672644,-92.3451678,3976,5727
54NE025001,875305,2255,2255,54NE025001,1954,site_obsdate,1985,Developed,1,1,CONUS,v2025-11,4/4/1954 0:00,4/4/1954 0:00,mollisols,udolls,argiudolls,pachic argiudolls,fine,40.833621978759766,-96.2169647,3982,6124
73NE109005,875310,2125,2125,73NE109005,1973,site_obsdate,1985,Developed,1,1,CONUS,v2025-11,6/1/1973 0:00,6/1/1973 0:00,mollisols,udolls,argiudolls,typic argiudolls,fine,40.8430557,-96.5588913,3982,6166
73NE109004,875309,2126,2126,73NE109004,1973,site_obsdate,1985,Developed,1,1,CONUS,v2025-11,6/1/1973 0:00,6/1/1973 0:00,mollisols,udolls,argiudolls,typic argiudolls,fine,40.9763985,-96.8911591,3982,6166
1958NE155002,254481,2242,2242,1958NE155002,1958,site_obsdate,1985,Developed,1,1,CONUS,v2025-11,8/8/1958 0:00,8/8/1958 0:00,mollisols,udolls,argiudolls,typic argiudolls,fine-loamy,41.0891667,-96.7258333,3982,6189
79NE127045,956301,7664,7664,79NE127045,1980,site_obsdate,1985,Developed,1,1,CONUS,v2025-11,,6/1/1980 0:00,mollisols,udolls,argiudolls,typic argiudolls,fine,40.4069444,-95.8577778,3982,6175
92NE109001,379546,19263,19263,S1992NE109001,1992,site_obsdate,1985,Developed,1,0,CONUS,v2025-11,5/14/1992 0:00,5/14/1992 0:00,mollisols,udolls,argiudolls,typic argiudolls,fine-loamy,40.5374985,-96.8333359,3982,6166
92NE109001A,379547,19264,19264,S1992NE109001A,1992,site_obsdate,1985,Developed,1,0,CONUS,v2025-11,5/14/1992 0:00,5/14/1992 0:00,mollisols,udolls,argiudolls,typic argiudolls,fine-loamy,40.5374985,-96.8333359,3982,6166
92NE109001B,379548,19265,19265,S1992NE109001B,1992,site_obsdate,1985,Developed,1,0,CONUS,v2025-11,5/14/1992 0:00,5/14/1992 0:00,mollisols,udolls,argiudolls,typic argiudolls,fine-loamy,40.5374985,-96.8333359,3982,6166
92NE109001C,379549,19266,19266,S1992NE109001C,1992,site_obsdate,1985,Developed,1,0,CONUS,v2025-11,5/14/1992 0:00,5/14/1992 0:00,mollisols,udolls,argiudolls,typic argiudolls,fine-loamy,40.5374985,-96.8333359,3982,6166
92NE109001D,379550,19267,19267,S1992NE109001D,1992,site_obsdate,1985,Developed,1,0,CONUS,v2025-11,5/14/1992 0:00,5/14/1992 0:00,mollisols,udolls,argiudolls,typic argiudolls,fine-loamy,40.5374985,-96.8333359,3982,6166
S1960OK131004,110634,4498,4498,S1960OK131004,1960,site_obsdate,1985,Developed,1,1,CONUS,v2025-11,6/1/1960 0:00,6/1/1960 0:00,mollisols,udolls,argiudolls,vertic argiudolls,fine,36.4955559,-95.6866684,3990,6501
01PA029004,112980,26749,26745,S2001PA029004 - Nottingham County Park Progress Field Review,2001,site_obsdate,1985,Developed,1,0,CONUS,v2025-11,5/10/2001 0:00,5/10/2001 0:00,mollisols,udolls,argiudolls,lithic argiudolls,clayey,39.7338905,-76.0325012,3992,6563
S2019VA107023,,75859,136455,S2019VA107023,2019,site_obsdate,1985,Developed,1,0,CONUS,v2025-11,,8/9/2019 0:00,mollisols,udolls,argiudolls,typic argiudolls,,39.29562759,-77.56301117,4003,7266
S1956WI063004,107043,1555,1555,S1956WI063004,1956,site_obsdate,1985,Developed,1,1,CONUS,v2025-11,9/13/1956 0:00,9/13/1956 0:00,mollisols,udolls,argiudolls,typic argiudolls,fine-silty,43.91388702392578,-90.9866638,4007,7438
68WI015001,955537,1601,1601,68WI015001,1968,site_obsdate,1985,Developed,1,1,CONUS,v2025-11,,8/1/1968 0:00,mollisols,udolls,argiudolls,typic argiudolls,fine-loamy,43.9530556,-88.0822222,4007,7414
S1979WI115015,108784,24392,24392,S1979WI115015,1979,site_obsdate,1985,Developed,1,1,CONUS,v2025-11,11/1/1979 0:00,10/30/1979 0:00,mollisols,udolls,argiudolls,aquic argiudolls,coarse-loamy,44.6483345,-88.3838882,4007,7465
S1955CA081002,100189,2858,2858,S1955CA081002,1955,site_obsdate,1985,Developed,1,1,CONUS,v2025-11,2/23/1955 0:00,2/23/1955 0:00,mollisols,ustolls,argiustolls,pachic argiustolls,fine-loamy,37.49777603149414,-122.4619446,3951,4489
99CO087005,111334,25089,25089,S1999CO087005,1999,site_obsdate,1985,Developed,1,0,CONUS,v2025-11,12/2/1999 0:00,12/2/1999 0:00,mollisols,ustolls,argiustolls,aridic argiustolls,,40.2143059,-103.8301926,3952,4550
79CO059001,956243,7453,7453,79CO059001,1979,site_obsdate,1985,Developed,1,1,CONUS,v2025-11,7/3/1980 0:00,6/1/1979 0:00,mollisols,ustolls,argiustolls,torrertic argiustolls,fine,39.5916667,-105.0958333,3952,4536
99KS069001,108438,24769,24769,S1999KS069001,1999,site_obsdate,1985,Developed,1,0,CONUS,v2025-11,,10/7/1999 0:00,mollisols,ustolls,argiustolls,typic argiustolls,,37.8560829,-100.5649414,3967,5189
08KS095243,293725,52136,51410,08KS095243,2008,site_obsdate,1985,Developed,1,0,CONUS,v2025-11,4/18/2008 0:00,4/18/2008 0:00,mollisols,ustolls,argiustolls,oxyaquic argiustolls,,37.4241219,-98.4466095,3967,5202
88KS061139,10262,52226,51500,88KS061139,1988,site_obsdate,1985,Developed,1,0,CONUS,v2025-11,3/7/1988 0:00,3/7/1988 0:00,mollisols,ustolls,argiustolls,udic argiustolls,,39.0600319,-96.5386353,3967,5185
85KS089013,122851,12494,12494,S1985KS089013,1985,site_obsdate,1985,Developed,1,0,CONUS,v2025-11,7/3/1985 0:00,7/1/1985 0:00,mollisols,ustolls,argiustolls,typic argiustolls,fine,39.7122231,-98.1566696,3967,5199
79NE059011,120156,7667,7667,S1979NE059011,1979,site_obsdate,1985,Developed,1,1,CONUS,v2025-11,6/3/1979 0:00,6/1/1979 0:00,mollisols,ustolls,argiustolls,pachic argiustolls,fine,40.4666672,-97.413887,3982,6141
79NE073002,756806,7239,7239,79NE073002,1979,site_obsdate,1985,Developed,1,1,CONUS,v2025-11,4/1/1979 0:00,4/1/1979 0:00,mollisols,ustolls,argiustolls,typic argiustolls,fine-silty,40.58555603027344,-99.8675003,3982,6148
88OK047002,124946,14955,14955,S1988OK047002,1988,site_obsdate,1985,Developed,1,0,CONUS,v2025-11,4/1/1988 0:00,4/1/1988 0:00,mollisols,ustolls,argiustolls,udic argiustolls,,36.5508347,-97.8730545,3990,6459
88OK047001,124945,14954,14954,S1988OK047001,1988,site_obsdate,1985,Developed,1,0,CONUS,v2025-11,4/1/1988 0:00,4/1/1988 0:00,mollisols,ustolls,argiustolls,udic argiustolls,fine,36.5508347,-97.8730545,3990,6459
S1951SD059003,105631,2304,2304,S1951SD059003,1951,site_obsdate,1985,Developed,1,1,CONUS,v2025-11,8/20/1951 0:00,8/20/1951 0:00,mollisols,ustolls,argiustolls,typic argiustolls,fine-loamy,44.6450005,-98.9274979,3998,6789
93SD069002,959292,22737,22737,93SD069002,1996,site_obsdate,1985,Developed,1,0,CONUS,v2025-11,,6/1/1996 0:00,mollisols,ustolls,argiustolls,typic argiustolls,fine-loamy,44.5269444,-99.5116667,3998,6794
94SD069002,959294,22739,22739,94SD069002,1996,site_obsdate,1985,Developed,1,0,CONUS,v2025-11,,6/1/1996 0:00,mollisols,ustolls,argiustolls,typic argiustolls,fine-loamy,44.5269444,-99.5116667,3998,6794
96SD069002,959297,22742,22742,96SD069002,1996,site_obsdate,1985,Developed,1,0,CONUS,v2025-11,,6/1/1996 0:00,mollisols,ustolls,argiustolls,typic argiustolls,fine-loamy,44.5269444,-99.5116667,3998,6794
91SD069002,105653,18946,18946,S1991SD069002,1991,site_obsdate,1985,Developed,1,0,CONUS,v2025-11,8/10/1991 0:00,8/8/1991 0:00,mollisols,ustolls,argiustolls,typic argiustolls,fine-loamy,44.5269432,-99.5116653,3998,6794
S1963TX049090,105965,4319,4319,S1963TX049090,1963,site_obsdate,1985,Developed,1,1,CONUS,v2025-11,7/3/1963 0:00,7/3/1963 0:00,mollisols,ustolls,argiustolls,vertic argiustolls,fine,31.9447231,-98.8683319,4000,6946
S1956CA073001,100143,2851,2851,S1956CA073001,1956,site_obsdate,1985,Developed,1,1,CONUS,v2025-11,5/31/1956 0:00,5/31/1956 0:00,mollisols,xerolls,argixerolls,oxyaquic argixerolls,fine-loamy,32.7928391,-117.2036362,3951,4485
S1973CA087002,99083,6061,6061,S1973CA087002,1973,site_obsdate,1985,Developed,1,1,CONUS,v2025-11,6/1/1973 0:00,6/1/1973 0:00,mollisols,xerolls,argixerolls,pachic argixerolls,fine-loamy,36.9869461,-121.9233322,3951,4492
S1968CA057030,108075,5525,5525,S1968CA057030,1968,site_obsdate,1985,Developed,1,1,CONUS,v2025-11,9/4/1968 0:00,9/4/1968 0:00,mollisols,xerolls,argixerolls,typic argixerolls,fine-loamy,39.2288895,-121.2013855,3951,4477
S1969CA071021,100114,5581,5581,S1969CA071021,1969,site_obsdate,1985,Developed,1,1,CONUS,v2025-11,6/9/1969 0:00,6/9/1969 0:00,mollisols,xerolls,argixerolls,typic argixerolls,fine-loamy,33.9516678,-117.660553,3951,4484
S1969CA071027,100118,5585,5585,S1969CA071027,1969,site_obsdate,1985,Developed,1,1,CONUS,v2025-11,6/11/1969 0:00,6/11/1969 0:00,mollisols,xerolls,argixerolls,typic argixerolls,fine-loamy,33.9833336,-117.7166672,3951,4484
78CA033021,119736,6919,6919,S1978CA033021,1978,site_obsdate,1985,Developed,1,1,CONUS,v2025-11,7/3/1978 0:00,7/1/1978 0:00,mollisols,xerolls,argixerolls,lithic argixerolls,clayey-skeletal,38.7640495,-122.5971832,3951,4465
05ca085641238,173496,34530,34316,05ca085641238,2005,site_obsdate,1985,Developed,1,0,CONUS,v2025-11,7/17/2005 0:00,7/17/2005 0:00,mollisols,xerolls,argixerolls,typic argixerolls,fine-loamy,37.3551611,-122.0247139,3951,4491
S1962OR047003,105197,785,785,S1962OR047003,1962,site_obsdate,1985,Developed,1,1,CONUS,v2025-11,10/30/1962 0:00,10/30/1962 0:00,mollisols,xerolls,argixerolls,aquultic argixerolls,fine-silty,45.2497215,-122.9424973,3991,6536
S1966OR035010,105105,806,806,S1966OR035010,1966,site_obsdate,1985,Developed,1,1,CONUS,v2025-11,5/19/1966 0:00,5/19/1966 0:00,mollisols,xerolls,argixerolls,lithic argixerolls,clayey-skeletal,42.3292885,-121.3988724,3991,6530
S2000OR003006,108518,25852,25852,00-DRJ-10,2000,site_obsdate,1985,Developed,1,0,CONUS,v2025-11,,6/28/2000 0:00,mollisols,xerolls,argixerolls,pachic ultic argixerolls,fine,44.6325836,-123.2589645,3991,6514
S1991WA077004,106887,18642,18642,S1991WA077004,1991,site_obsdate,1985,Developed,1,0,CONUS,v2025-11,8/30/1991 0:00,8/28/1991 0:00,mollisols,xerolls,argixerolls,andic argixerolls,loamy-skeletal,46.7022209,-121.0991669,4006,7406
S1965ND017002,47594,69452,67527,S1965ND017002,1965,site_obsdate,1985,Developed,1,1,CONUS,v2025-11,10/28/1965 0:00,10/28/1965 0:00,vertisols,aquerts,calciaquerts,typic calciaquerts,fine,46.9194275,-96.8314652,3981,6067
S1993MI069007,102658,20757,20757,S1993MI069007,1993,site_obsdate,1985,Developed,1,0,CONUS,v2025-11,11/11/1993 0:00,11/11/1993 0:00,mollisols,aquolls,calciaquolls,typic calciaquolls,coarse-loamy over sandy or sandy-skeletal,44.4442889,-83.3412583,3974,5565
1953ND017005,47322,8,8,1953ND017005,1953,site_obsdate,1985,Developed,1,1,CONUS,v2025-11,8/11/1953 0:00,8/11/1953 0:00,mollisols,aquolls,calciaquolls,aeric calciaquolls,,47.04999923706055,-97.0155556,3981,6067
S2007ND099-019,675440,34868,34654,2007ND099019,2007,site_obsdate,1985,Developed,1,0,CONUS,v2025-11,9/25/2007 0:00,9/25/2007 0:00,mollisols,aquolls,calciaquolls,aeric calciaquolls,,48.2672222,-97.3272222,3981,6108
S1956AZ017026,107822,671,671,S1956AZ017026,1956,site_obsdate,1985,Developed,1,1,CONUS,v2025-11,5/16/1956 0:00,5/16/1956 0:00,aridisols,argids,calciargids,ustic calciargids,fine-loamy,34.4652786,-110.0833359,3950,4443
S1969ID075007,167222,5664,5664,S1969ID075007,1969,site_obsdate,1985,Developed,1,1,CONUS,v2025-11,9/30/1969 0:00,9/30/1969 0:00,aridisols,orthids,calciorthids,aquic calciorthids,,43.9962578,-116.8290482,3964,4954
79WY029005,119945,7309,7309,S1979WY029005,1979,site_obsdate,1985,Developed,1,1,CONUS,v2025-11,6/1/1979 0:00,6/1/1979 0:00,aridisols,orthids,calciorthids,ustollic calciorthids,,44.5522232,-109.0952759,4009,7548
S1972MN0691503,675692,56664,55863,S1972MN0691503,2010,site_obsdate,1985,Developed,1,0,CONUS,v2025-11,11/23/2010 0:00,11/23/2010 0:00,mollisols,udolls,calciudolls,aquic calciudolls,sandy over loamy,48.63117599487305,-96.3882828,3975,5648
83TX215003,901094,10996,10996,S1983TX215003,1983,site_obsdate,1985,Developed,1,1,CONUS,v2025-11,6/1/1983 0:00,6/1/1983 0:00,mollisols,ustolls,calciustolls,typic calciustolls,fine-loamy,26.1958332,-98.0672226,4000,7029
S1956MT103007,103393,3348,3348,S1956MT103007,1956,site_obsdate,1985,Developed,1,1,CONUS,v2025-11,10/1/1956 0:00,10/1/1956 0:00,aridisols,orthids,camborthids,borollic camborthids,fine-silty,46.2643776,-107.2543259,3979,5953
82SD103015,121063,9784,9784,S1982SD103015,1982,site_obsdate,1985,Developed,1,1,CONUS,v2025-11,9/3/1982 0:00,9/1/1982 0:00,aridisols,orthids,camborthids,ustertic camborthids,fine,43.7208328,-102.0425034,3998,6811
90WA021103,126760,17271,17271,S1990WA021103,1990,site_obsdate,1985,Developed,1,0,CONUS,v2025-11,8/1/1990 0:00,8/1/1990 0:00,aridisols,orthids,camborthids,xerollic camborthids,coarse-loamy,46.5772209,-119.1313858,4006,7378
89LA115025A,125945,16263,16263,S1989LA115025A,1989,site_obsdate,1985,Developed,1,0,CONUS,v2025-11,9/3/1989 0:00,9/1/1989 0:00,vertisols,uderts,chromuderts,typic chromuderts,very-fine,31.0836105,-93.2755585,3969,5437
80MS083001,120268,7922,7922,S1980MS083001,1980,site_obsdate,1985,Developed,1,1,CONUS,v2025-11,6/1/1980 0:00,6/1/1980 0:00,vertisols,uderts,chromuderts,aquentic chromuderts,very-fine,33.6261101,-90.1586075,3978,5861
84MT015492,122877,12521,12521,S1984MT015492,1984,site_obsdate,1985,Developed,1,1,CONUS,v2025-11,11/3/1984 0:00,11/1/1984 0:00,vertisols,usterts,chromusterts,udorthentic chromusterts,fine,48.0813904,-111.3252792,3979,5909
87ID037004,124581,14523,14523,S1987ID037004,1987,site_obsdate,1985,Developed,1,0,CONUS,v2025-11,9/3/1987 0:00,9/1/1987 0:00,mollisols,aquolls,cryaquolls,calcic cryaquolls,fine-loamy,44.10138702392578,-113.8791656,3964,4935
82ID043019,121099,9848,9848,S1982ID043019,1982,site_obsdate,1985,Developed,1,1,CONUS,v2025-11,9/3/1982 0:00,9/1/1982 0:00,mollisols,borolls,cryoborolls,argic pachic cryoborolls,fine-silty,44.041111,-111.2327805,3964,4938
S2001ME005003,129333,28502,28441,ME-01-8-005-3U,2001,site_obsdate,1985,Developed,1,0,CONUS,v2025-11,8/22/2001 0:00,8/22/2001 0:00,,fluvents,cryofluvents,typic cryofluvents,silty,43.6599998,-70.2600021,3972,5484
S1958WA071001,1096331,983,983,S1958WA071001,1958,site_obsdate,1985,Developed,1,1,CONUS,v2025-11,10/3/1958 0:00,10/3/1958 0:00,mollisols,aquolls,duraquolls,typic duraquolls,,46.0238876,-118.3661118,4006,7403
S1955OR013021,104964,865,865,S1955OR013021,1955,site_obsdate,1985,Developed,1,1,CONUS,v2025-11,4/1/1955 0:00,4/1/1955 0:00,aridisols,argids,durargids,xerollic durargids,fine-loamy,44.3405571,-120.8616638,3991,6519
S1980WA037005,113922,7979,7979,S1980WA037005,1978,site_obsdate,1985,Developed,1,1,CONUS,v2025-11,10/3/1978 0:00,10/3/1978 0:00,andisols,cryands,duricryands,oxyaquic duricryand,medial-skeletal,47.418704986572266,-121.4106369,4006,7386
S1966CA073002,100170,2678,2678,S1966CA073002,1966,site_obsdate,1985,Developed,1,1,CONUS,v2025-11,6/10/1966 0:00,6/10/1966 0:00,alfisols,xeralfs,durixeralfs,abruptic durixeralfs,fine,32.8341675,-117.1377792,3951,4485
S1957CA065012,100092,2679,2679,S1957CA065012,1957,site_obsdate,1985,Developed,1,1,CONUS,v2025-11,6/6/1957 0:00,6/6/1957 0:00,alfisols,xeralfs,durixeralfs,abruptic durixeralfs,fine,33.9477768,-117.2566681,3951,4481
S1961CA097007,100244,2680,2680,S1961CA097007,1961,site_obsdate,1985,Developed,1,1,CONUS,v2025-11,6/23/1961 0:00,6/23/1961 0:00,alfisols,xeralfs,durixeralfs,abruptic haplic durixeralfs,fine-loamy,38.5194435,-122.7949982,3951,4497
S1969CA061010,108090,5563,5563,S1969CA061010,1969,site_obsdate,1985,Developed,1,1,CONUS,v2025-11,5/7/1969 0:00,5/7/1969 0:00,alfisols,xeralfs,durixeralfs,haplic durixeralfs,fine-loamy,38.8394432,-121.3075027,3951,4479
S1969CA061017,98980,5568,5568,S1969CA061017,1969,site_obsdate,1985,Developed,1,1,CONUS,v2025-11,6/1/1969 0:00,6/1/1969 0:00,alfisols,xeralfs,durixeralfs,haplic durixeralfs,fine-loamy,38.8105545,-121.3102798,3951,4479
82CA067009,121269,10161,10161,S1982CA067009,1982,site_obsdate,1985,Developed,1,1,CONUS,v2025-11,11/1/1982 0:00,11/1/1982 0:00,alfisols,xeralfs,durixeralfs,abruptic durixeralfs,fine-loamy over clayey,38.6038895,-121.3416672,3951,4482
S1966CA073001,100169,2674,2674,S1966CA073001,1966,site_obsdate,1985,Developed,1,1,CONUS,v2025-11,6/1/1966 0:00,6/1/1966 0:00,alfisols,xeralfs,durixeralfs,typic durixeralfs,fine-loamy,32.8341675,-117.1377792,3951,4485
82CA067008,121268,10160,10160,S1982CA067008,1982,site_obsdate,1985,Developed,1,1,CONUS,v2025-11,11/3/1982 0:00,11/1/1982 0:00,alfisols,xeralfs,durixeralfs,typic durixeralfs,fine-loamy,38.603611,-121.3411102,3951,4482
89WA017014,126263,16649,16649,S1989WA017014,1989,site_obsdate,1985,Developed,1,0,CONUS,v2025-11,6/3/1989 0:00,6/1/1989 0:00,mollisols,xerolls,durixerolls,vitritorrandic durixerolls,fine-loamy,47.7858315,-119.3638916,4006,7376
S1969CA061011,108091,5564,5564,S1969CA061011,1969,site_obsdate,1985,Developed,1,1,CONUS,v2025-11,5/7/1969 0:00,5/7/1969 0:00,inceptisols,ochrepts,durochrepts,entic durochrepts,coarse-loamy,38.8394432,-121.3075027,3951,4479
S1966CA073003,100171,2816,2816,S1966CA073003,1966,site_obsdate,1985,Developed,1,1,CONUS,v2025-11,6/10/1966 0:00,6/10/1966 0:00,inceptisols,ochrepts,durochrepts,typic durochrepts,coarse-loamy,32.8341675,-117.1377792,3951,4485
S1955OR013011,104955,872,872,S1955OR013011,1955,site_obsdate,1985,Developed,1,1,CONUS,v2025-11,4/1/1955 0:00,4/1/1955 0:00,aridisols,orthids,durorthids,xerollic durorthids,coarse-loamy,44.2963905,-120.8330536,3991,6519
S1958MS061001,1331306,4537,4537,S1958MS061001,1958,site_obsdate,1985,Developed,1,1,CONUS,v2025-11,5/23/1958 0:00,5/23/1958 0:00,vertisols,aquerts,dystraquerts,chromic dystraquerts,very-fine,32.2146225,-89.1597824,3978,5850
83GA089002,121336,10296,10296,S1983GA089002,1983,site_obsdate,1985,Developed,1,1,CONUS,v2025-11,3/1/1983 0:00,3/1/1983 0:00,inceptisols,ochrepts,dystrochrepts,typic dystrochrepts,,33.6705551,-84.1238861,3960,4696
S1993MA011002,102479,20427,20427,S1993MA011002,1993,site_obsdate,1985,Developed,1,0,CONUS,v2025-11,7/31/1993 0:00,7/29/1993 0:00,inceptisols,ochrepts,dystrochrepts,typic dystrochrepts,,42.5877762,-72.5363922,3970,5449
S1993MA011003A,1111415,20429,20429,S1993MA011003A,1993,site_obsdate,1985,Developed,1,0,CONUS,v2025-11,8/2/1993 0:00,8/2/1993 0:00,inceptisols,ochrepts,dystrochrepts,typic dystrochrepts,,42.6619453,-72.4602814,3970,5449
S1977ME027003,110137,3991,3991,S1977ME027003,1977,site_obsdate,1985,Developed,1,1,CONUS,v2025-11,7/29/1977 0:00,7/29/1977 0:00,inceptisols,ochrepts,dystrochrepts,typic dystrochrepts,coarse-loamy,44.6588364,-68.8843689,3972,5495
1995OR001001,1234799,22287,22287,S1995OR001001,1995,site_obsdate,1985,Developed,1,0,CONUS,v2025-11,11/5/1995 0:00,11/5/1995 0:00,inceptisols,ochrepts,dystrochrepts,andic dystrochrepts,,44.68972396850586,-118.1944427,3991,6513
90PA057008,127143,17739,17739,S1990PA057008,1990,site_obsdate,1985,Developed,1,0,CONUS,v2025-11,12/1/1990 0:00,12/1/1990 0:00,inceptisols,ochrepts,dystrochrepts,fluvaquentic dystrochrepts,,39.9641876,-78.0744247,3992,6577
1978PA071032,422227,54023,53222,485,1978,site_obsdate,1985,Developed,1,1,CONUS,v2025-11,8/2/1978 0:00,8/2/1978 0:00,inceptisols,ochrepts,dystrochrepts,fluvaquentic dystrochrepts,fine-loamy,40.2016667,-76.4666667,3992,6584
1966PA125008,422569,54403,53602,827,1966,site_obsdate,1985,Developed,1,1,CONUS,v2025-11,8/2/1966 0:00,8/2/1966 0:00,inceptisols,ochrepts,dystrochrepts,fluventic dystrochrepts,fine-loamy,40.2036111,-80.3855556,3992,6611
1965PA003004,980220,53683,52882,1965PA003004,1965,site_obsdate,1985,Developed,1,1,CONUS,v2025-11,6/28/1965 0:00,6/28/1965 0:00,inceptisols,ochrepts,dystrochrepts,lithic dystrochrepts,loamy-skeletal,40.5,-79.8777778,3992,6550
1964PA027015,421919,53680,52879,1964PA027015,1964,site_obsdate,1985,Developed,1,1,CONUS,v2025-11,3/19/1964 0:00,3/19/1964 0:00,inceptisols,ochrepts,dystrochrepts,typic dystrochrepts,loamy-skeletal,41.0066667,-77.6919444,3992,6562
1959PA037016,422039,53814,53013,297,1959,site_obsdate,1985,Developed,1,1,CONUS,v2025-11,8/28/1959 0:00,8/28/1959 0:00,inceptisols,ochrepts,dystrochrepts,typic dystrochrepts,loamy-skeletal,41.0183333,-76.3966667,3992,6567
1964PA051010,422091,53872,53071,1964PA051010,1964,site_obsdate,1985,Developed,1,1,CONUS,v2025-11,7/8/1964 0:00,7/8/1964 0:00,inceptisols,ochrepts,dystrochrepts,typic dystrochrepts,loamy-skeletal,39.7813889,-79.5116667,3992,6574
1966PA069007,422203,53997,53196,461,1966,site_obsdate,1985,Developed,1,1,CONUS,v2025-11,6/22/1966 0:00,6/22/1966 0:00,inceptisols,ochrepts,dystrochrepts,typic dystrochrepts,loamy-skeletal,41.3641667,-75.5672222,3992,6583
1957PA133006,422608,54446,53645,866,1957,site_obsdate,1985,Developed,1,1,CONUS,v2025-11,10/9/1957 0:00,10/9/1957 0:00,inceptisols,ochrepts,dystrochrepts,typic dystrochrepts,loamy-skeletal,39.7341667,-76.2713889,3992,6615
84ID049004,1260917,11570,11570,S1984ID049004,1984,site_obsdate,1985,Developed,1,1,CONUS,v2025-11,8/1/1984 0:00,8/1/1984 0:00,inceptisols,cryepts,dystrocryepts,andic dystrocryepts,sandy,45.545397,-116.027389,3964,4941
88MT081002,125228,15329,15329,S1988MT081002,1988,site_obsdate,1985,Developed,1,0,CONUS,v2025-11,7/1/1988 0:00,7/1/1988 0:00,inceptisols,cryepts,dystrocryepts,vitrandic dystrocryepts,sandy-skeletal,46.0596085,-113.8526001,3979,5942
91OK127001,104862,18880,18880,S1991OK127001,1991,site_obsdate,1985,Developed,1,0,CONUS,v2025-11,9/17/1991 0:00,9/17/1991 0:00,inceptisols,tropepts,dystropepts,lithic dystropepts,,34.6741676,-95.0425034,3990,6499
S2003AL089002,423018,33083,32941,S2003AL089002,2003,site_obsdate,1985,Developed,1,0,CONUS,v2025-11,7/27/2003 0:00,7/23/2003 0:00,inceptisols,udepts,dystrudepts,oxyaquic dystrudepts,,34.9377823,-86.7131195,3947,4331
1985AL011008,318758,39691,39072,1985AL011008,1985,site_obsdate,1985,Developed,1,0,CONUS,v2025-11,5/10/1985 0:00,5/10/1985 0:00,inceptisols,udepts,dystrudepts,fluventic dystrudepts,fine-loamy,32.192501068115234,-85.8755556,3947,4292
S07CA023008,295019,39549,38932,S2007CA605503,2007,site_obsdate,1985,Developed,1,0,CONUS,v2025-11,10/2/2007 0:00,10/2/2007 0:00,inceptisols,udepts,dystrudepts,oxyaquic dystrudepts,coarse-loamy,41.7763596,-124.1990585,3951,4460
S2004CT011003,873161,31745,31626,S2004CT011003,2004,site_obsdate,1985,Developed,1,0,CONUS,v2025-11,8/30/2004 0:00,8/30/2004 0:00,inceptisols,udepts,dystrudepts,typic dystrudepts,coarse-loamy over sandy or sandy-skeletal,41.5359154,-72.3102798,3953,4575
S09CT009001,360630,40442,39811,S2009CT009001,2009,site_obsdate,1985,Developed,1,0,CONUS,v2025-11,9/9/2009 0:00,9/9/2009 0:00,inceptisols,udepts,dystrudepts,typic dystrudepts,coarse-loamy,41.4082794,-72.90433502197266,3953,4574
83KY-195-018,518623,55247,54446,83KY-195-018,1983,site_obsdate,1985,Developed,1,1,CONUS,v2025-11,6/9/1983 0:00,6/9/1983 0:00,inceptisols,udepts,dystrudepts,typic dystrudepts,coarse-loamy,37.4778442,-82.40707397460938,3968,5357
S1954MA023006,791731,401,401,S1954MA023006,1954,site_obsdate,1985,Developed,1,1,CONUS,v2025-11,11/17/1954 0:00,11/17/1954 0:00,inceptisols,udepts,dystrudepts,typic dystrudepts,coarse-loamy,41.8471985,-70.9500198,3970,5455
56MA011003,791737,416,416,S1956MA011003,1956,site_obsdate,1985,Developed,1,1,CONUS,v2025-11,10/3/1956 0:00,10/3/1956 0:00,inceptisols,udepts,dystrudepts,typic dystrudepts,sandy,42.5491447,-72.5147858,3970,5449
S1958MA011002,791720,434,434,S1958MA011002,1958,site_obsdate,1985,Developed,1,1,CONUS,v2025-11,7/23/1958 0:00,7/23/1958 0:00,inceptisols,udepts,dystrudepts,typic dystrudepts,coarse-loamy over sandy or sandy-skeletal,42.5255318,-72.5272827,3970,5449
S1979MA027001,906384,70572,68599,S1979MA027001,1979,site_obsdate,1985,Developed,1,1,CONUS,v2025-11,10/26/1979 0:00,10/26/1979 0:00,inceptisols,udepts,dystrudepts,typic dystrudepts,coarse-loamy over sandy or sandy-skeletal,42.2937167,-71.6623861,3970,5457
91MA011001,828475,18241,18241,S1991MA011001,1991,site_obsdate,1985,Developed,1,0,CONUS,v2025-11,6/3/1991 0:00,6/1/1991 0:00,inceptisols,udepts,dystrudepts,oxyaquic dystrudepts,coarse-loamy,42.4736099,-72.5833359,3970,5449
S1988MD510005,821713,14885,14885,S1988MD510005,1988,site_obsdate,1985,Developed,1,0,CONUS,v2025-11,11/1/1988 0:00,11/1/1988 0:00,inceptisols,udepts,dystrudepts,typic dystrudepts,coarse-loamy,39.3125,-76.6852798,3971,5481
1999MO203034M,97212,47154,46440,1999MO203034M,1999,site_obsdate,1985,Developed,1,0,CONUS,v2025-11,2/25/1999 0:00,2/25/1999 0:00,inceptisols,udepts,dystrudepts,typic dystrudepts,loamy-skeletal,38.96722412,-92.34500122,3976,5801
62NH009005,691884,467,467,S1962NH009005,1962,site_obsdate,1985,Developed,1,1,CONUS,v2025-11,8/15/1962 0:00,8/15/1962 0:00,inceptisols,udepts,dystrudepts,fluventic dystrudepts,coarse-loamy over sandy or sandy-skeletal,43.8313904,-71.6547241,3983,6209
S1956NH013002,873235,460,460,S1956NH013002,1956,site_obsdate,1985,Developed,1,1,CONUS,v2025-11,7/20/1956 0:00,7/20/1956 0:00,inceptisols,udepts,dystrudepts,oxyaquic dystrudepts,coarse-loamy,43.4333344,-71.6305542,3983,6211
64NH015003,906307,3872,3872,S1964NH015003,1964,site_obsdate,1985,Developed,1,1,CONUS,v2025-11,9/16/1964 0:00,9/16/1964 0:00,inceptisols,udepts,dystrudepts,typic dystrudepts,sandy-skeletal,43.0172234,-70.8272247,3983,6212
1987NY103002,828302,14097,14097,S1987NY103002,1987,site_obsdate,1985,Developed,1,0,CONUS,v2025-11,5/1/1987 0:00,5/1/1987 0:00,inceptisols,udepts,dystrudepts,oxyaquic dystrudepts,coarse-loamy,40.9972229,-72.5824966,3988,6337
S1982NY061005,524595,10001,10001,S1982NY061005,1982,site_obsdate,1985,Developed,1,1,CONUS,v2025-11,11/1/1982 0:00,11/1/1982 0:00,inceptisols,udepts,dystrudepts,typic dystrudepts,coarse-loamy,40.7841644,-73.9684601,3988,6316
S1982NY061006,524596,10002,10002,S1982NY061006,1982,site_obsdate,1985,Developed,1,1,CONUS,v2025-11,11/1/1982 0:00,11/1/1982 0:00,inceptisols,udepts,dystrudepts,typic dystrudepts,coarse-loamy,40.7805557,-73.9706802,3988,6316
S1982NY061013,524598,10004,10004,S1982NY061013,1982,site_obsdate,1985,Developed,1,1,CONUS,v2025-11,11/1/1982 0:00,11/1/1982 0:00,inceptisols,udepts,dystrudepts,typic dystrudepts,coarse-silty,40.7772217,-73.9648438,3988,6316
1987NY103001,791724,14096,14096,S1987NY103001,1987,site_obsdate,1985,Developed,1,0,CONUS,v2025-11,5/1/1987 0:00,5/1/1987 0:00,inceptisols,udepts,dystrudepts,typic dystrudepts,coarse-loamy over sandy or sandy-skeletal,40.9625015,-72.7180557,3988,6337
S2000NY119002,1111474,26425,26426,S2000NY119002,2001,site_obsdate,1985,Developed,1,0,CONUS,v2025-11,8/31/2001 0:00,8/31/2001 0:00,inceptisols,udepts,dystrudepts,typic dystrudepts,coarse-loamy,40.9229806,-73.8496694,3988,6345
S2000NY119003,1111412,26426,26427,S2000NY119003,2001,site_obsdate,1985,Developed,1,0,CONUS,v2025-11,9/4/2001 0:00,9/4/2001 0:00,inceptisols,udepts,dystrudepts,typic dystrudepts,coarse-loamy,40.916675,-73.8363889,3988,6345
S2000NY005008,524611,26446,26447,S2000NY005008,2001,site_obsdate,1985,Developed,1,0,CONUS,v2025-11,9/10/2001 0:00,9/10/2001 0:00,inceptisols,udepts,dystrudepts,typic dystrudepts,coarse-loamy,40.8844528,-73.8815918,3988,6288
67PA123009,1079694,54391,53590,816,1967,site_obsdate,1985,Developed,1,1,CONUS,v2025-11,7/11/1967 0:00,7/11/1967 0:00,inceptisols,udepts,dystrudepts,fluventic dystrudepts,coarse-loamy,41.8963889,-79.1466667,3992,6610
1957PA133014,867388,54455,53654,874,1957,site_obsdate,1985,Developed,1,1,CONUS,v2025-11,10/10/1957 0:00,10/10/1957 0:00,inceptisols,udepts,dystrudepts,typic dystrudepts,coarse-loamy,39.8502778,-76.7188889,3992,6615
S1957PA025003,421884,53643,52842,S1957PA025003,1957,site_obsdate,1985,Developed,1,1,CONUS,v2025-11,5/7/2012 0:00,10/22/1957 0:00,inceptisols,udepts,dystrudepts,typic dystrudepts,loamy-skeletal,40.8547222,-75.5936111,3992,6561
S2004VA165001,200496,32231,32112,S2004VA165001,2004,site_obsdate,1985,Developed,1,0,CONUS,v2025-11,,9/15/2004 0:00,entisols,udepts,dystrudepts,typic dystrudepts,,38.3464737,-78.6837769,4003,7292
S1974VT011006,1094116,1280,1280,S1974VT011006,1974,site_obsdate,1985,Developed,1,1,CONUS,v2025-11,6/1/1974 0:00,6/1/1974 0:00,inceptisols,udepts,dystrudepts,aquic dystrudepts,coarse-loamy,44.9886093,-72.6736145,4005,7359
1978VT025001,791718,6803,6803,S1978VT025001,1978,site_obsdate,1985,Developed,1,1,CONUS,v2025-11,5/15/1978 0:00,5/15/1978 0:00,inceptisols,udepts,dystrudepts,oxic dystrudepts,sandy or sandy-skeletal,42.8747215,-72.5747223,4005,7366
S1978VT025009,828479,6811,6811,S1978VT025009,1978,site_obsdate,1985,Developed,1,1,CONUS,v2025-11,5/20/1978 0:00,5/18/1978 0:00,inceptisols,udepts,dystrudepts,lithic dystrudepts,loamy,43.190834045410156,-72.4583359,4005,7366
89WA045001,126053,16385,16385,S1989WA045001,1989,site_obsdate,1985,Developed,1,0,CONUS,v2025-11,8/1/1989 0:00,8/1/1989 0:00,inceptisols,udepts,dystrudepts,andic dystrudepts,loamy-skeletal,47.5416679,-123.1583328,4006,7390
S1979WI073006,1186892,7650,7650,S1979WI073006,1980,site_obsdate,1985,Developed,1,1,CONUS,v2025-11,10/9/1974 0:00,6/1/1980 0:00,inceptisols,udepts,dystrudepts,typic dystrudepts,loamy-skeletal,44.93424987792969,-89.56767272949219,4007,7443
S1955MS101002,1331305,4584,4584,S1955MS101002,1955,site_obsdate,1985,Developed,1,1,CONUS,v2025-11,1/1/1955 0:00,1/1/1955 0:00,vertisols,uderts,dystruderts,aquic dystruderts,very-fine,32.3061111,-89.2383333,3978,5870
1929IL157002,314981,35849,35234,1929IL157002,1929,site_obsdate,1985,Developed,1,1,CONUS,v2025-11,10/1/1929 0:00,10/1/1929 0:00,alfisols,aqualfs,endoaqualfs,aeric endoaqualfs,fine-silty,38.009881,-89.9084521,3965,5039
1958IL203001,966226,35952,35337,1958IL203001,1958,site_obsdate,1985,Developed,1,1,CONUS,v2025-11,7/1/1958 0:00,7/1/1958 0:00,alfisols,aqualfs,endoaqualfs,aeric endoaqualfs,fine,40.8113092,-89.4399568,3965,5062
1966IL061002,355147,36087,35472,1966IL061002,1967,site_obsdate,1985,Developed,1,1,CONUS,v2025-11,5/1/1967 0:00,5/1/1967 0:00,alfisols,aqualfs,endoaqualfs,aeric endoaqualfs,fine-silty,39.1888914,-90.3899913,3965,4991
1984IL183142,1008298,37261,36646,1984IL183142,1984,site_obsdate,1985,Developed,1,1,CONUS,v2025-11,12/1/1984 0:00,12/1/1984 0:00,alfisols,aqualfs,endoaqualfs,aeric endoaqualfs,fine,40.1399111,-87.5733417,3965,5052
1974IL163004,354924,36239,35624,1974IL163004,1974,site_obsdate,1985,Developed,1,1,CONUS,v2025-11,6/1/1974 0:00,6/1/1974 0:00,alfisols,aqualfs,endoaqualfs,udollic endoaqualfs,fine-silty,38.5927613,-89.8209555,3965,5042
S1977IL095082,1116507,36416,35801,S1977IL095082,1977,site_obsdate,1985,Developed,1,1,CONUS,v2025-11,11/1/1977 0:00,11/1/1977 0:00,alfisols,aqualfs,endoaqualfs,udollic endoaqualfs,fine,40.9963829,-89.9874732,3965,5008
S1959IN045006,101970,5032,5032,S1959IN045006,1959,site_obsdate,1985,Developed,1,1,CONUS,v2025-11,11/12/1959 0:00,11/12/1959 0:00,alfisols,aqualfs,endoaqualfs,aeric endoaqualfs,fine-silty,39.2862358,-85.9503784,3966,5085
S1959IN045007,101971,5033,5033,S1959IN045007,1959,site_obsdate,1985,Developed,1,1,CONUS,v2025-11,11/12/1959 0:00,11/12/1959 0:00,alfisols,aqualfs,endoaqualfs,aeric endoaqualfs,fine,39.2862358,-85.9503784,3966,5085
1975IN181010,922518,38927,38312,1975IN181010,1975,site_obsdate,1985,Developed,1,1,CONUS,v2025-11,3/26/1975 0:00,3/26/1975 0:00,alfisols,aqualfs,endoaqualfs,umbric endoaqualfs,fine-loamy,40.7997472,-86.8909306,3966,5153
S2005MI049002,212085,33476,33326,S2005MI049002,2005,site_obsdate,1985,Developed,1,0,CONUS,v2025-11,6/9/2005 0:00,6/9/2005 0:00,alfisols,aqualfs,endoaqualfs,udollic endoaqualfs,fine-loamy,43.0305444,-83.8123917,3974,5555
2006MO139050,664036,45954,45240,2006MO139050,2006,site_obsdate,1985,Developed,1,0,CONUS,v2025-11,1/30/2006 0:00,1/30/2006 0:00,alfisols,aqualfs,endoaqualfs,typic endoaqualfs,,38.8828611,-91.5810556,3976,5770
1991MO143003,201496,46459,45745,1991MO143003,1991,site_obsdate,1985,Developed,1,0,CONUS,v2025-11,8/20/1991 0:00,8/20/1991 0:00,alfisols,aqualfs,endoaqualfs,typic endoaqualfs,fine-silty,38.9672661,-92.3451691,3976,5772
2001MO179041,169652,46557,45843,2001MO179041,2001,site_obsdate,1985,Developed,1,0,CONUS,v2025-11,10/22/2001 0:00,10/22/2001 0:00,alfisols,aqualfs,endoaqualfs,typic endoaqualfs,fine-silty,38.96722412,-92.34500122,3976,5790
S2007OR047003,352525,39974,39355,07-DRJ-07,2007,site_obsdate,1985,Developed,1,0,CONUS,v2025-11,10/16/2007 0:00,10/16/2007 0:00,alfisols,aqualfs,endoaqualfs,typic endoaqualfs,fine,44.7493896,-123.0155869,3991,6536
V1992-VA810-372,363677,57262,56461,VPI-Acred-5,2009,site_obsdate,1985,Developed,1,0,CONUS,v2025-11,10/1/2009 0:00,10/1/2009 0:00,alfisols,aqualfs,endoaqualfs,typic endoaqualfs,,36.7600136,-76.01836395263672,4003,7346
2008MO087012,664537,41314,40600,2008MO087012,2008,site_obsdate,1985,Developed,1,0,CONUS,v2025-11,7/2/2008 0:00,7/2/2008 0:00,entisols,aquents,endoaquents,mollic endoaquents,,39.90850067138672,-95.1651111,3976,5744
S2005IN147001,192931,32394,32273,S2005IN147001,2005,site_obsdate,1985,Developed,1,0,CONUS,v2025-11,11/14/2005 0:00,11/14/2005 0:00,inceptisols,aquepts,endoaquepts,fluvaquentic endoaquepts,fine-silty,37.8313904,-87.0744476,3966,5136
S08ME003008.Aurelie,325965,39617,39000,S08ME003008,2008,site_obsdate,1985,Developed,1,0,CONUS,v2025-11,10/22/2008 0:00,10/22/2008 0:00,inceptisols,aquepts,endoaquepts,aeric endoaquepts,,46.7100278,-68.7455833,3972,5483
S2012MI163017,1114276,70032,68104,S2012MI163017,2012,site_obsdate,1985,Developed,1,0,CONUS,v2025-11,11/5/2012 0:00,11/5/2012 0:00,inceptisols,aquepts,endoaquepts,mollic endoaquepts,fine,42.2766306,-83.2363694,3974,5612
S1976MN0612212,678161,57001,56200,S1976MN0612212,2011,site_obsdate,1985,Developed,1,0,CONUS,v2025-11,2/1/2011 0:00,2/1/2011 0:00,inceptisols,aquepts,endoaquepts,aeric endoaquepts,coarse-loamy,47.0716667,-93.4163895,3975,5644
S1964NH017001,873285,3868,3868,S1964NH017001,1964,site_obsdate,1985,Developed,1,1,CONUS,v2025-11,9/15/1964 0:00,9/15/1964 0:00,inceptisols,aquepts,endoaquepts,typic endoaquepts,fine,43.2173064,-70.8775591,3983,6213
S2001NY037003,312755,27343,27315,S2001NY037003,2001,site_obsdate,1985,Developed,1,0,CONUS,v2025-11,10/29/2001 0:00,10/29/2001 0:00,inceptisols,aquepts,endoaquepts,fluvaquentic endoaquepts,,42.9486122,-78.2194443,3988,6304
S1964OH069082,969583,68161,66236,S1964OH069082,1964,site_obsdate,1985,Developed,1,1,CONUS,v2025-11,5/18/1964 0:00,10/13/1964 0:00,inceptisols,aquepts,endoaquepts,mollic endoaquepts,fine,41.410325,-84.1062778,3989,6382
S2001WA063005,111807,28894,28821,S2001WA063005,2001,site_obsdate,1985,Developed,1,0,CONUS,v2025-11,9/4/2001 0:00,9/4/2001 0:00,inceptisols,aquepts,endoaquepts,aquandic endoaquepts,ashy,47.7818413,-117.2617188,4006,7399
S1961CA097009,100246,2918,2918,S1961CA097009,1961,site_obsdate,1985,Developed,1,1,CONUS,v2025-11,6/26/1961 0:00,6/26/1961 0:00,vertisols,aquerts,endoaquerts,xeric endoaquerts,fine,38.24833297729492,-122.6086121,3951,4497
S1961CA097010,100247,2919,2919,S1961CA097010,1961,site_obsdate,1985,Developed,1,1,CONUS,v2025-11,6/27/1961 0:00,6/27/1961 0:00,vertisols,aquerts,endoaquerts,xeric endoaquerts,fine,38.2705574,-122.6438904,3951,4497
S1969CA071023,100115,5582,5582,S1969CA071023,1969,site_obsdate,1985,Developed,1,1,CONUS,v2025-11,6/10/1969 0:00,6/10/1969 0:00,mollisols,aquolls,endoaquolls,fluvaquentic endoaquolls,fine-silty,33.9905548,-117.6891632,3951,4484
05ca085641225,170334,34528,34314,05ca085641225,2005,site_obsdate,1985,Developed,1,0,CONUS,v2025-11,4/6/2005 0:00,4/6/2005 0:00,mollisols,aquolls,endoaquolls,cumulic vertic endoaquolls,fine,37.4079194,-122.098775,3951,4491
90CA029013,126465,16897,16897,S1990CA029013,1990,site_obsdate,1985,Developed,1,0,CONUS,v2025-11,4/3/1990 0:00,4/1/1990 0:00,mollisols,aquolls,endoaquolls,vertic endoaquolls,fine,35.1805573,-119.2755585,3951,4463
S1994IA041003,107417,21630,21630,S1994IA041003,1994,site_obsdate,1985,Developed,1,0,CONUS,v2025-11,4/4/1994 0:00,4/4/1994 0:00,mollisols,aquolls,endoaquolls,cumulic endoaquolls,,43.1538887,-95.1352768,3963,4838
S1965IA089901,1098264,71231,69255,S1965IA089901,2014,site_obsdate,1985,Developed,1,0,CONUS,v2025-11,12/9/2014 0:00,12/9/2014 0:00,mollisols,aquolls,endoaquolls,typic endoaquolls,,43.41828918457031,-92.4955062866211,3963,4862
1985IL149020,375118,37363,36748,1985IL149020,1985,site_obsdate,1985,Developed,1,0,CONUS,v2025-11,5/1/1985 0:00,5/1/1985 0:00,mollisols,aquolls,endoaquolls,fluvaquentic endoaquolls,fine-silty,39.7429056,-91.2628944,3965,5035
1966IL097002,824115,36089,35474,1966IL097002,1966,site_obsdate,1985,Developed,1,1,CONUS,v2025-11,10/1/1966 0:00,10/1/1966 0:00,mollisols,aquolls,endoaquolls,typic endoaquolls,fine-silty,42.4715401,-88.0203689,3965,5009
1968IL075002,355064,36132,35517,1968IL075002,1968,site_obsdate,1985,Developed,1,1,CONUS,v2025-11,7/1/1968 0:00,7/1/1968 0:00,mollisols,aquolls,endoaquolls,typic endoaquolls,sandy,40.8309764,-87.7505787,3965,4998
1977IL019013,846613,36323,35708,1977IL019013,1977,site_obsdate,1985,Developed,1,1,CONUS,v2025-11,1/1/1977 0:00,1/1/1977 0:00,mollisols,aquolls,endoaquolls,typic endoaquolls,fine-loamy,40.3260455,-88.279007,3965,4970
1976IL065004,354928,36289,35674,1976IL065004,1976,site_obsdate,1985,Developed,1,1,CONUS,v2025-11,12/1/1976 0:00,12/1/1976 0:00,mollisols,aquolls,endoaquolls,vertic endoaquolls,fine,37.9729797,-88.3881398,3965,4993
1977IL073005,354949,36347,35732,1977IL073005,1976,site_obsdate,1985,Developed,1,1,CONUS,v2025-11,7/1/1976 0:00,7/1/1976 0:00,mollisols,aquolls,endoaquolls,vertic endoaquolls,very-fine,41.5006412,-89.9876898,3965,4997
1980IL075001,1188713,9169,9169,1980IL075001,1980,site_obsdate,1985,Developed,1,1,CONUS,v2025-11,4/1/1980 0:00,4/2/1980 0:00,mollisols,aquolls,endoaquolls,vertic endoaquolls,fine,40.793074,-88.012754,3965,4998
S1992IN039002,101909,19076,19076,S1992IN039002,1992,site_obsdate,1985,Developed,1,0,CONUS,v2025-11,1/17/1992 0:00,1/15/1992 0:00,mollisols,aquolls,endoaquolls,typic endoaquolls,coarse-loamy,41.5086098,-85.9186096,3966,5082
S1993MI069004,102656,20755,20755,S1993MI069004,1993,site_obsdate,1985,Developed,1,0,CONUS,v2025-11,11/11/1993 0:00,11/11/1993 0:00,mollisols,aquolls,endoaquolls,typic endoaquolls,loamy,44.1760111,-83.8057889,3974,5565
S1979MN091-004 (2778),917193,56019,55218,S1979MN091004 (2778),1978,site_obsdate,1985,Developed,1,1,CONUS,v2025-11,10/2/1978 0:00,10/2/1978 0:00,mollisols,aquolls,endoaquolls,cumulic endoaquolls,fine-loamy,43.6625099,-94.4942169,3975,5659
75MN033001 (2124),1044865,56905,56104,S1975MN0332124,2011,site_obsdate,1985,Developed,1,0,CONUS,v2025-11,2/1/2011 0:00,2/1/2011 0:00,mollisols,aquolls,endoaquolls,cumulic endoaquolls,fine-loamy,44.1740761,-95.3819885,3975,5630
S1978MN0372558,683799,57030,56229,S1978MN0372558,2011,site_obsdate,1985,Developed,1,0,CONUS,v2025-11,2/4/2011 0:00,2/4/2011 0:00,mollisols,aquolls,endoaquolls,cumulic endoaquolls,fine-loamy,44.4714661,-93.1876602,3975,5632
S1971MN0831303,675631,56619,55818,S1971MN0831303,2010,site_obsdate,1985,Developed,1,0,CONUS,v2025-11,11/19/2010 0:00,11/19/2010 0:00,mollisols,aquolls,endoaquolls,cumulic vertic endoaquolls,fine,44.4286118,-95.7961349,3975,5655
S1965MN0031071,583665,56418,55617,S1965MN0031071,2010,site_obsdate,1985,Developed,1,0,CONUS,v2025-11,10/26/2010 0:00,10/26/2010 0:00,mollisols,aquolls,endoaquolls,typic endoaquolls,sandy,45.1996918,-93.2449417,3975,5615
S1971MN0031311,675638,56549,55748,S1971MN0031311,2010,site_obsdate,1985,Developed,1,0,CONUS,v2025-11,11/19/2010 0:00,11/19/2010 0:00,mollisols,aquolls,endoaquolls,typic endoaquolls,sandy over loamy,45.1653099,-93.0825424,3975,5615
S1972MN1451582,676457,56704,55903,S1972MN1451582,2010,site_obsdate,1985,Developed,1,0,CONUS,v2025-11,12/22/2010 0:00,12/22/2010 0:00,mollisols,aquolls,endoaquolls,typic endoaquolls,fine-loamy over sandy or sandy-skeletal,45.4556465,-95.0322495,3975,5686
S1980MN113009 (3240),583282,56128,55327,S1980MN113009 (3240),1980,site_obsdate,1985,Developed,1,1,CONUS,v2025-11,5/14/1980 0:00,5/14/1980 0:00,mollisols,aquolls,endoaquolls,vertic endoaquolls,clayey over loamy,48.0939178,-96.1985855,3975,5670
S1969MN013001,1044821,1687,1687,S1969MN013001,1969,site_obsdate,1985,Developed,1,1,CONUS,v2025-11,10/1/1969 0:00,10/1/1969 0:00,mollisols,aquolls,endoaquolls,vertic endoaquolls,fine,43.8819389,-94.1671906,3975,5620
2003MO117024,665918,41045,40331,2003MO117024,2003,site_obsdate,1985,Developed,1,0,CONUS,v2025-11,7/31/2003 0:00,7/31/2003 0:00,mollisols,aquolls,endoaquolls,vertic endoaquolls,,39.6919222,-93.3219083,3976,5759
S1974MO127001,110171,2528,2528,S1974MO127001,1974,site_obsdate,1985,Developed,1,1,CONUS,v2025-11,6/1/1974 0:00,6/1/1974 0:00,mollisols,aquolls,endoaquolls,fluvaquentic vertic endoaquolls,fine,39.8780861,-91.4640274,3976,5764
1974NE121043,788034,2052,2052,1974NE121043,1974,site_obsdate,1985,Developed,1,1,CONUS,v2025-11,5/14/1974 0:00,5/14/1974 0:00,mollisols,aquolls,endoaquolls,fluvaquentic endoaquolls,fine-silty,41.1911163,-97.8325729,3982,6172
S1956OH123001,969572,66852,64927,S1956OH123001,1956,site_obsdate,1985,Developed,1,1,CONUS,v2025-11,8/15/1956 0:00,8/15/1956 0:00,mollisols,aquolls,endoaquolls,typic endoaquolls,fine,41.4793722,-83.1318556,3989,6409
V1992-VA810-414,363713,57457,56656,VPI-Drags-11,2009,site_obsdate,1985,Developed,1,0,CONUS,v2025-11,9/29/2009 0:00,9/29/2009 0:00,ultisols,aquults,endoaquults,aeric endoaquults,,36.7809677,-76.0017242,4003,7346
V1992-VA810-411,363716,57460,56659,VPI-Drags-14,2009,site_obsdate,1985,Developed,1,0,CONUS,v2025-11,9/29/2009 0:00,9/29/2009 0:00,ultisols,aquults,endoaquults,aeric endoaquults,,36.8757172,-76.0402145,4003,7346
V1992-VA001-070,363653,57470,56669,VPI-Drags-9,2009,site_obsdate,1985,Developed,1,0,CONUS,v2025-11,9/22/2009 0:00,9/22/2009 0:00,ultisols,aquults,endoaquults,aeric endoaquults,,37.65052795410156,-75.7409668,4003,7214
V1992-VA001-102,363839,57566,56765,VPI-Nimmo-10,2009,site_obsdate,1985,Developed,1,0,CONUS,v2025-11,9/10/2009 0:00,9/10/2009 0:00,ultisols,aquults,endoaquults,typic endoaquults,,37.5537224,-75.8060379,4003,7214
1968IL043002,846598,36122,35507,1968IL043002,1968,site_obsdate,1985,Developed,1,1,CONUS,v2025-11,5/1/1968 0:00,5/1/1968 0:00,alfisols,aqualfs,epiaqualfs,aeric epiaqualfs,fine,41.7014988,-87.9919648,3965,4982
1988IL027069,314657,37567,36952,1988IL027069,1988,site_obsdate,1985,Developed,1,0,CONUS,v2025-11,5/1/1988 0:00,5/1/1988 0:00,alfisols,aqualfs,epiaqualfs,aeric fragic epiaqualfs,fine,38.71080017089844,-89.2223667,3965,4974
1988IL055001,314658,37584,36969,1988IL055001,1988,site_obsdate,1985,Developed,1,0,CONUS,v2025-11,9/1/1988 0:00,9/1/1988 0:00,alfisols,aqualfs,epiaqualfs,aeric fragic epiaqualfs,fine,37.9292167,-88.8174444,3965,4988
1968IL043003,354929,36123,35508,1968IL043003,1968,site_obsdate,1985,Developed,1,1,CONUS,v2025-11,5/1/1968 0:00,5/1/1968 0:00,alfisols,aqualfs,epiaqualfs,udollic epiaqualfs,fine,41.7012599,-87.9919648,3965,4982
S1992IL163012,101815,19205,19205,S1992IL163012,1992,site_obsdate,1985,Developed,1,0,CONUS,v2025-11,4/17/1992 0:00,4/15/1992 0:00,alfisols,aqualfs,epiaqualfs,aeric epiaqualfs,fine-silty,38.3763885,-89.7680588,3965,5042
90IL081007,126688,17162,17162,S1990IL081007,1990,site_obsdate,1985,Developed,1,0,CONUS,v2025-11,7/3/1990 0:00,7/1/1990 0:00,alfisols,aqualfs,epiaqualfs,typic epiaqualfs,fine-silty,38.2691650390625,-88.8405533,3965,5001
S1959IN157002,102112,4994,4994,S1959IN157002,1959,site_obsdate,1985,Developed,1,1,CONUS,v2025-11,12/2/1959 0:00,12/2/1959 0:00,alfisols,aqualfs,epiaqualfs,aeric epiaqualfs,fine-silty,40.432251,-86.7327347,3966,5141
S1955IN003008,101859,4995,4995,S1955IN003008,1955,site_obsdate,1985,Developed,1,1,CONUS,v2025-11,10/1/1955 0:00,10/1/1955 0:00,alfisols,aqualfs,epiaqualfs,aeric epiaqualfs,fine-silty,41.0858536,-84.9654846,3966,5064
S1993IN021003,101877,20869,20869,S1993IN021003,1993,site_obsdate,1985,Developed,1,0,CONUS,v2025-11,11/13/1993 0:00,11/11/1993 0:00,alfisols,aqualfs,epiaqualfs,typic epiaqualfs,fine-silty,39.4159012,-87.1162186,3966,5073
S1978MN137014 (2567),582931,55922,55121,S1978MN137014 (2567),1978,site_obsdate,1985,Developed,1,1,CONUS,v2025-11,5/23/1978 0:00,5/23/1978 0:00,alfisols,aqualfs,epiaqualfs,chromic vertic epiaqualfs,very-fine,47.7179604,-92.8256912,3975,5682
S1975MN1231989,678077,56958,56157,S1975MN1231989,2011,site_obsdate,1985,Developed,1,0,CONUS,v2025-11,1/24/2011 0:00,1/24/2011 0:00,alfisols,aqualfs,epiaqualfs,mollic epiaqualfs,fine-silty,45.0416451,-93.0760803,3975,5675
S1966MN1311064,583658,56420,55619,S1966MN1311064,2010,site_obsdate,1985,Developed,1,0,CONUS,v2025-11,10/26/2010 0:00,10/26/2010 0:00,alfisols,aqualfs,epiaqualfs,vertic epiaqualfs,fine,44.3412361,-93.4253006,3975,5679
2006MO173030,697221,41714,41000,2006MO173030,2006,site_obsdate,1985,Developed,1,0,CONUS,v2025-11,4/15/2006 0:00,4/15/2006 0:00,alfisols,aqualfs,epiaqualfs,aeric vertic epiaqualfs,,39.3565556,-91.6127778,3976,5787
2008MO027078,664635,45826,45112,2008MO027078,2008,site_obsdate,1985,Developed,1,0,CONUS,v2025-11,7/28/2008 0:00,7/28/2008 0:00,alfisols,aqualfs,epiaqualfs,aeric vertic epiaqualfs,,38.7651111,-91.7678889,3976,5714
2008MO027077,664639,45827,45113,2008MO027077,2008,site_obsdate,1985,Developed,1,0,CONUS,v2025-11,3/27/2008 0:00,3/27/2008 0:00,alfisols,aqualfs,epiaqualfs,aeric vertic epiaqualfs,,38.7751944,-91.7786944,3976,5714
2008MO027073,664632,45831,45117,2008MO027073,2008,site_obsdate,1985,Developed,1,0,CONUS,v2025-11,3/26/2008 0:00,3/26/2008 0:00,alfisols,aqualfs,epiaqualfs,aeric epiaqualfs,,38.7941111,-91.8103056,3976,5714
2008MO027071,664641,45833,45119,2008MO027071,2008,site_obsdate,1985,Developed,1,0,CONUS,v2025-11,3/25/2008 0:00,3/25/2008 0:00,alfisols,aqualfs,epiaqualfs,aeric vertic epiaqualfs,,38.7802778,-91.7967778,3976,5714
2008MO027067,664140,45837,45123,2008MO027067,2007,site_obsdate,1985,Developed,1,0,CONUS,v2025-11,10/22/2007 0:00,10/22/2007 0:00,alfisols,aqualfs,epiaqualfs,aeric vertic epiaqualfs,,38.93050003051758,-91.8775278,3976,5714
2008MO027052,664727,45851,45137,2008MO027052,2007,site_obsdate,1985,Developed,1,0,CONUS,v2025-11,10/16/2007 0:00,10/16/2007 0:00,alfisols,aqualfs,epiaqualfs,aeric vertic epiaqualfs,,38.9709722,-91.9913889,3976,5714
2008MO027051,664726,45852,45138,2008MO027051,2007,site_obsdate,1985,Developed,1,0,CONUS,v2025-11,10/14/2007 0:00,10/14/2007 0:00,alfisols,aqualfs,epiaqualfs,aeric vertic epiaqualfs,,38.98099899291992,-91.9446944,3976,5714
2008MO027050,664732,45853,45139,2008MO027050,2008,site_obsdate,1985,Developed,1,0,CONUS,v2025-11,7/28/2008 0:00,7/28/2008 0:00,alfisols,aqualfs,epiaqualfs,aeric vertic epiaqualfs,,38.9513056,-91.8808889,3976,5714
2007MO027071,664120,45890,45176,2007MO027071,2007,site_obsdate,1985,Developed,1,0,CONUS,v2025-11,3/29/2007 0:00,3/29/2007 0:00,alfisols,aqualfs,epiaqualfs,aeric vertic epiaqualfs,,38.8362778,-91.9979722,3976,5714
2007MO027069,664722,45892,45178,2007MO027069,2007,site_obsdate,1985,Developed,1,0,CONUS,v2025-11,3/27/2007 0:00,3/27/2007 0:00,alfisols,aqualfs,epiaqualfs,aeric vertic epiaqualfs,,38.7763056,-91.64949798583984,3976,5714
2007MO027061,664715,45900,45186,2007MO027061,2006,site_obsdate,1985,Developed,1,0,CONUS,v2025-11,11/8/2006 0:00,11/8/2006 0:00,alfisols,aqualfs,epiaqualfs,aeric epiaqualfs,,38.95800018310547,-91.7413056,3976,5714
2007MO027060,697317,45901,45187,2007MO027060,2006,site_obsdate,1985,Developed,1,0,CONUS,v2025-11,11/8/2006 0:00,11/8/2006 0:00,alfisols,aqualfs,epiaqualfs,aeric vertic epiaqualfs,,38.9293611,-91.7093333,3976,5714
2007MO027059,664712,45902,45188,2007MO027059,2006,site_obsdate,1985,Developed,1,0,CONUS,v2025-11,11/7/2006 0:00,11/7/2006 0:00,alfisols,aqualfs,epiaqualfs,aeric vertic epiaqualfs,,38.9068611,-91.6495833,3976,5714
2007MO027058,697315,45903,45189,2007MO027058,2006,site_obsdate,1985,Developed,1,0,CONUS,v2025-11,11/7/2006 0:00,11/7/2006 0:00,alfisols,aqualfs,epiaqualfs,aeric vertic epiaqualfs,,38.9251667,-91.7240833,3976,5714
2007MO027057,664711,45904,45190,2007MO027057,2006,site_obsdate,1985,Developed,1,0,CONUS,v2025-11,11/7/2006 0:00,11/7/2006 0:00,alfisols,aqualfs,epiaqualfs,aeric vertic epiaqualfs,,38.9185556,-91.7151944,3976,5714
2007MO027056,697313,45905,45191,2007MO027056,2006,site_obsdate,1985,Developed,1,0,CONUS,v2025-11,11/7/2006 0:00,11/7/2006 0:00,alfisols,aqualfs,epiaqualfs,aeric epiaqualfs,,38.9186667,-91.7388611,3976,5714
2007MO027050,664116,45910,45196,2007MO027050,2006,site_obsdate,1985,Developed,1,0,CONUS,v2025-11,10/19/2006 0:00,10/19/2006 0:00,alfisols,aqualfs,epiaqualfs,aeric vertic epiaqualfs,,38.9022222,-91.6432778,3976,5714
2006MO139084,664799,45922,45208,2006MO139084,2006,site_obsdate,1985,Developed,1,0,CONUS,v2025-11,5/31/2006 0:00,5/31/2006 0:00,alfisols,aqualfs,epiaqualfs,aeric vertic epiaqualfs,,38.9641389,-91.2789722,3976,5770
2006MO139077,664794,45929,45215,2006MO139077,2006,site_obsdate,1985,Developed,1,0,CONUS,v2025-11,5/1/2006 0:00,5/1/2006 0:00,alfisols,aqualfs,epiaqualfs,aeric vertic epiaqualfs,,38.9011667,-91.2889444,3976,5770
2006MO139072,664791,45933,45219,2006MO139072,2006,site_obsdate,1985,Developed,1,0,CONUS,v2025-11,4/17/2006 0:00,4/17/2006 0:00,alfisols,aqualfs,epiaqualfs,aeric vertic epiaqualfs,,38.8634167,-91.32050323486328,3976,5770
2006MO139071,664045,45934,45220,2006MO139071,2006,site_obsdate,1985,Developed,1,0,CONUS,v2025-11,1/31/2006 0:00,1/31/2006 0:00,alfisols,aqualfs,epiaqualfs,aeric vertic epiaqualfs,,38.9041111,-91.5536389,3976,5770
2006MO139063,664041,45942,45228,2006MO139063,2006,site_obsdate,1985,Developed,1,0,CONUS,v2025-11,2/22/2006 0:00,2/22/2006 0:00,alfisols,aqualfs,epiaqualfs,aeric vertic epiaqualfs,,39.0008056,-91.5277778,3976,5770
2006MO139055,664789,45950,45236,2006MO139055,2006,site_obsdate,1985,Developed,1,0,CONUS,v2025-11,2/7/2006 0:00,2/7/2006 0:00,alfisols,aqualfs,epiaqualfs,aeric vertic epiaqualfs,,38.9853333,-91.5367222,3976,5770
2006MO139054,664788,45951,45237,2006MO139054,2006,site_obsdate,1985,Developed,1,0,CONUS,v2025-11,2/6/2006 0:00,2/6/2006 0:00,alfisols,aqualfs,epiaqualfs,aeric vertic epiaqualfs,,38.9046667,-91.4904722,3976,5770
2005MO219062,697090,45966,45252,2005MO219062,2005,site_obsdate,1985,Developed,1,0,CONUS,v2025-11,4/12/2005 0:00,4/12/2005 0:00,alfisols,aqualfs,epiaqualfs,vertic epiaqualfs,,38.9244444,-91.1894444,3976,5809
2005MO219060,664161,45968,45254,2005MO219060,2005,site_obsdate,1985,Developed,1,0,CONUS,v2025-11,4/7/2005 0:00,4/7/2005 0:00,alfisols,aqualfs,epiaqualfs,aeric vertic epiaqualfs,,38.9708333,-91.2597222,3976,5809
2005MO139052,664783,46001,45287,2005MO139052,2005,site_obsdate,1985,Developed,1,0,CONUS,v2025-11,3/9/2005 0:00,3/9/2005 0:00,alfisols,aqualfs,epiaqualfs,aeric vertic epiaqualfs,,38.8822222,-91.3949966430664,3976,5770
2004MO183054,696946,46062,45348,2004MO183054,2004,site_obsdate,1985,Developed,1,0,CONUS,v2025-11,5/17/2004 0:00,5/17/2004 0:00,alfisols,aqualfs,epiaqualfs,aeric vertic epiaqualfs,,38.6767528,-90.9390944,3976,5792
2004MO139050,696934,46079,45365,2004MO139050,2004,site_obsdate,1985,Developed,1,0,CONUS,v2025-11,12/13/2004 0:00,12/13/2004 0:00,alfisols,aqualfs,epiaqualfs,vertic epiaqualfs,,38.8963528,-91.4435917,3976,5770
2005MO113054,182035,46510,45796,2005MO113054,2005,site_obsdate,1985,Developed,1,0,CONUS,v2025-11,4/27/2005 0:00,4/27/2005 0:00,alfisols,aqualfs,epiaqualfs,aeric vertic epiaqualfs,,38.9961128,-91.1774979,3976,5757
2005MO113052,182033,46512,45798,2005MO113052,2005,site_obsdate,1985,Developed,1,0,CONUS,v2025-11,4/19/2005 0:00,4/19/2005 0:00,alfisols,aqualfs,epiaqualfs,aeric vertic epiaqualfs,,38.9752769,-91.0066681,3976,5757
2007MO027055,664710,45906,45192,2007MO027055,2006,site_obsdate,1985,Developed,1,0,CONUS,v2025-11,11/6/2006 0:00,11/6/2006 0:00,alfisols,aqualfs,epiaqualfs,aeric vertic epiaqualfs,fine,38.9041111,-91.6440833,3976,5714
1954-OH125-050,748959,66488,64563,1954-OH125-050,1954,site_obsdate,1985,Developed,1,1,CONUS,v2025-11,5/14/1954 0:00,5/14/1954 0:00,alfisols,aqualfs,epiaqualfs,aeric epiaqualfs,fine-loamy,41.1804428,-84.4336929,3989,6410
1955-OH003-S04,748922,66582,64657,1955-OH003-S04,1955,site_obsdate,1985,Developed,1,1,CONUS,v2025-11,,11/9/1955 0:00,alfisols,aqualfs,epiaqualfs,aeric epiaqualfs,fine,40.686779,-84.0721359,3989,6349
1955-OH173-059,749082,66742,64817,1955-OH173-059,1955,site_obsdate,1985,Developed,1,1,CONUS,v2025-11,,8/2/1955 0:00,alfisols,aqualfs,epiaqualfs,aeric epiaqualfs,fine-loamy,41.1987228,-83.5115814,3989,6434
S1956OH161S06,770337,66887,64962,S1956OH161S06,1956,site_obsdate,1985,Developed,1,1,CONUS,v2025-11,9/12/1956 0:00,9/12/1956 0:00,alfisols,aqualfs,epiaqualfs,aeric epiaqualfs,fine,40.8533058,-84.6324463,3989,6428
1961-OH171-002,750578,67809,65884,1961-OH171-002,1961,site_obsdate,1985,Developed,1,1,CONUS,v2025-11,8/22/1961 0:00,8/22/1961 0:00,alfisols,aqualfs,epiaqualfs,aeric epiaqualfs,fine,41.4280052,-84.4786224,3989,6433
1962OH041047,842814,67888,65963,S1962OH041047,1962,site_obsdate,1985,Developed,1,1,CONUS,v2025-11,9/21/1962 0:00,9/21/1962 0:00,alfisols,aqualfs,epiaqualfs,aeric epiaqualfs,fine,40.1531982421875,-82.85199737548828,3989,6368
1965-OH103-014,751026,68251,66326,1965-OH103-014,1965,site_obsdate,1985,Developed,1,1,CONUS,v2025-11,,11/15/1965 0:00,alfisols,aqualfs,epiaqualfs,aeric epiaqualfs,fine,41.243133544921875,-81.853156,3989,6399
1967-OH137-025,751044,68377,66452,1967-OH137-025,1967,site_obsdate,1985,Developed,1,1,CONUS,v2025-11,,6/30/1967 0:00,alfisols,aqualfs,epiaqualfs,aeric epiaqualfs,fine,41.1146088,-83.9579773,3989,6416
1967-OH171-006,751073,68412,66487,1967-OH171-006,1967,site_obsdate,1985,Developed,1,1,CONUS,v2025-11,10/2/1967 0:00,10/2/1967 0:00,alfisols,aqualfs,epiaqualfs,aeric epiaqualfs,fine,41.6549263,-84.4763336,3989,6433
1969-OH171-013,751075,68505,66580,1969-OH171-013,1969,site_obsdate,1985,Developed,1,1,CONUS,v2025-11,8/21/1969 0:00,8/21/1969 0:00,alfisols,aqualfs,epiaqualfs,aeric epiaqualfs,fine,41.4276237,-84.3721771,3989,6433
1975-OH039-031,751641,68815,66890,1975-OH039-031,1975,site_obsdate,1985,Developed,1,1,CONUS,v2025-11,,12/1/1975 0:00,alfisols,aqualfs,epiaqualfs,aeric epiaqualfs,very-fine,41.2529984,-84.4478912,3989,6367
1959-OH063-011,749843,67311,65386,1959-OH063-011,1959,site_obsdate,1985,Developed,1,1,CONUS,v2025-11,4/12/1959 0:00,4/12/1959 0:00,alfisols,aqualfs,epiaqualfs,mollic epiaqualfs,fine,41.1088562,-83.5939789,3989,6379
1961-OH069-003,750460,67666,65741,1961-OH069-003,1961,site_obsdate,1985,Developed,1,1,CONUS,v2025-11,9/11/1961 0:00,9/11/1961 0:00,alfisols,aqualfs,epiaqualfs,mollic epiaqualfs,fine-loamy,41.4860344,-84.0640259,3989,6382
1962-OH137-008,750553,68082,66157,1962-OH137-008,1962,site_obsdate,1985,Developed,1,1,CONUS,v2025-11,,8/1/1962 0:00,alfisols,aqualfs,epiaqualfs,mollic epiaqualfs,fine,41.1519279,-84.0356827,3989,6416
1962-OH137-009,750554,68083,66158,1962-OH137-009,1962,site_obsdate,1985,Developed,1,1,CONUS,v2025-11,,8/1/1962 0:00,alfisols,aqualfs,epiaqualfs,mollic epiaqualfs,fine,41.1379776,-83.9764709,3989,6416
1962-OH137-011,750126,68085,66160,1962-OH137-011,1962,site_obsdate,1985,Developed,1,1,CONUS,v2025-11,,8/1/1962 0:00,alfisols,aqualfs,epiaqualfs,mollic epiaqualfs,fine,41.1241722,-83.9580841,3989,6416
1966-OH173-S19,751097,68348,66423,1966-OH173-S19,1966,site_obsdate,1985,Developed,1,1,CONUS,v2025-11,,7/28/1966 0:00,alfisols,aqualfs,epiaqualfs,mollic epiaqualfs,fine-loamy,41.2546959,-83.5545807,3989,6434
1972OH011002,842819,68662,66737,S1972OH011002,1972,site_obsdate,1985,Developed,1,1,CONUS,v2025-11,4/18/1972 0:00,4/18/1972 0:00,alfisols,aqualfs,epiaqualfs,aeric epiaqualfs,fine,40.6771972,-84.4086333,3989,6353
1982OH143020,842836,69095,67170,S1982OH143020,1982,site_obsdate,1985,Developed,1,1,CONUS,v2025-11,8/31/1982 0:00,8/31/1982 0:00,alfisols,aqualfs,epiaqualfs,aeric epiaqualfs,fine,41.2555444,-82.8418028,3989,6419
85AL011007-pgm,318757,39690,39071,85AL011007-pgm,1985,site_obsdate,1985,Developed,1,0,CONUS,v2025-11,5/10/1985 0:00,5/10/1985 0:00,inceptisols,aquepts,epiaquepts,vertic epiaquepts,fine,32.192501068115234,-85.8755556,3947,4292
S09ME021012.Roundabout,371021,43876,43162,S09ME021012.Roundabout,2009,site_obsdate,1985,Developed,1,0,CONUS,v2025-11,9/2/2009 0:00,9/2/2009 0:00,inceptisols,aquepts,epiaquepts,aeric epiaquepts,coarse-silty,45.8907222,-69.5778056,3972,5492
S2009MI091002,354812,40388,39757,S2009MI091002,2009,site_obsdate,1985,Developed,1,0,CONUS,v2025-11,6/23/2009 0:00,6/23/2009 0:00,inceptisols,aquepts,epiaquepts,mollic epiaquepts,fine,41.7204472,-83.8995056,3974,5576
S2007MI057009,308164,35265,35045,S2007MI057009,2007,site_obsdate,1985,Developed,1,0,CONUS,v2025-11,5/21/2007 0:00,5/21/2007 0:00,inceptisols,aquepts,epiaquepts,mollic epiaquepts,fine,43.1761139,-84.5532861,3974,5559
S2012MI163015,1114274,70030,68102,S2012MI163015,2012,site_obsdate,1985,Developed,1,0,CONUS,v2025-11,10/22/2012 0:00,10/22/2012 0:00,inceptisols,aquepts,epiaquepts,mollic epiaquepts,fine,42.4420278,-82.9343444,3974,5612
1991MO155003,201472,46462,45748,1991MO155003,1991,site_obsdate,1985,Developed,1,0,CONUS,v2025-11,8/21/1991 0:00,8/21/1991 0:00,inceptisols,aquepts,epiaquepts,fluvaquentic epiaquepts,clayey over loamy,36.1472778,-89.6621704,3976,5778
S1958NH017001,873243,442,442,S1958NH017001,1958,site_obsdate,1985,Developed,1,1,CONUS,v2025-11,10/23/1958 0:00,10/23/1958 0:00,inceptisols,aquepts,epiaquepts,aeric epiaquepts,coarse-loamy over clayey,43.141196,-70.944504,3983,6213
S1954OH039002,969504,66427,64502,1954-OH039-002,1954,site_obsdate,1985,Developed,1,1,CONUS,v2025-11,,8/24/1954 0:00,inceptisols,aquepts,epiaquepts,typic epiaquepts,very-fine,41.3552666,-84.3610077,3989,6367
1955-OH125-S32,749019,66709,64784,1955-OH125-S32,1955,site_obsdate,1985,Developed,1,1,CONUS,v2025-11,5/26/1955 0:00,5/26/1955 0:00,inceptisols,aquepts,epiaquepts,typic epiaquepts,very-fine,41.0629158,-84.4754181,3989,6410
S2009OH051001,355517,40390,39759,S2009OH051001,2009,site_obsdate,1985,Developed,1,0,CONUS,v2025-11,7/20/2009 0:00,7/20/2009 0:00,inceptisols,aquepts,epiaquepts,mollic epiaquepts,fine,41.7140998840332,-84.0515139,3989,6373
69KS017017,150449,52187,51461,69KS017017,1969,site_obsdate,1985,Developed,1,1,CONUS,v2025-11,12/1/1969 0:00,12/1/1969 0:00,vertisols,aquerts,epiaquerts,typic epiaquerts,,38.2729263,-96.8194351,3967,5163
1964ND017001,338864,69373,67448,S1964ND017001,1964,site_obsdate,1985,Developed,1,1,CONUS,v2025-11,10/7/1964 0:00,10/7/1964 0:00,vertisols,aquerts,epiaquerts,typic epiaquerts,fine,46.8988347,-96.8036969,3981,6067
S1998WI078936,109196,23994,23994,S1998WI078936,1998,site_obsdate,1985,Developed,1,0,CONUS,v2025-11,1/30/1998 0:00,1/30/1998 0:00,spodosols,aquods,epiaquods,alfic epiaquods,,44.8708344,-88.7188873,4007,7446
S1974MI063001,969552,1916,1916,S1974MI063001,1974,site_obsdate,1985,Developed,1,1,CONUS,v2025-11,10/8/1974 0:00,10/10/1974 0:00,mollisols,aquolls,epiaquolls,typic epiaquolls,fine-loamy,43.7128722,-83.3453222,3974,5562
S05NC001005,319376,40017,39398,S2005NC001005-MANDALE,2005,site_obsdate,1985,Developed,1,0,CONUS,v2025-11,7/5/2005 0:00,7/5/2005 0:00,ultisols,aquults,epiaquults,aeric epiaquults,,35.86425781,-79.45087433,3980,5959
S1969MT027004,103138,3497,3497,S1969MT027004,1969,site_obsdate,1985,Developed,1,1,CONUS,v2025-11,8/14/1969 0:00,8/14/1969 0:00,alfisols,boralfs,eutroboralfs,mollic eutroboralfs,fine,47.3299141,-110.0833282,3979,5915
S1961MT063003,103285,3146,3146,S1961MT063003,1961,site_obsdate,1985,Developed,1,1,CONUS,v2025-11,6/8/1961 0:00,6/8/1961 0:00,alfisols,boralfs,eutroboralfs,typic eutroboralfs,very-fine,47.059165954589844,-114.3983307,3979,5933
S1983IA105011,845197,70815,68843,S1983IA105011,1983,site_obsdate,1985,Developed,1,1,CONUS,v2025-11,7/14/1983 0:00,7/14/1983 0:00,inceptisols,ochrepts,eutrochrepts,dystric eutrochrepts,fine-silty,42.1079138,-91.1351272,3963,4870
1977IN031001,313883,38670,38055,1977IN031001,1977,site_obsdate,1985,Developed,1,1,CONUS,v2025-11,7/13/1977 0:00,7/13/1977 0:00,inceptisols,ochrepts,eutrochrepts,fluventic eutrochrepts,fine-loamy,39.246925354003906,-85.5322417,3966,5078
1981IN047018,314185,39114,38499,1981IN047018,1981,site_obsdate,1985,Developed,1,1,CONUS,v2025-11,8/10/1981 0:00,8/10/1981 0:00,inceptisols,ochrepts,eutrochrepts,lithic eutrochrepts,fine-silty,39.4715472,-85.2203222,3966,5086
90KY079002,958292,16984,16984,90KY079002,1990,site_obsdate,1985,Developed,1,0,CONUS,v2025-11,,6/1/1990 0:00,inceptisols,ochrepts,eutrochrepts,dystric eutrochrepts,,37.622501373291016,-84.5733333,3968,5299
S1960MA003008,102444,430,430,S1960MA003008,1960,site_obsdate,1985,Developed,1,1,CONUS,v2025-11,6/10/1960 0:00,6/10/1960 0:00,inceptisols,ochrepts,eutrochrepts,dystric eutrochrepts,coarse-loamy,42.281929,-73.2642593,3970,5445
2007MO195050,664672,41285,40571,2007MO195050,2007,site_obsdate,1985,Developed,1,0,CONUS,v2025-11,,4/30/2007 0:00,inceptisols,cryepts,eutrochrepts,dystric eutrochrepts,,39.3303333,-93.2188056,3976,5797
2007MO195052,695670,41286,40572,2007MO195052,2007,site_obsdate,1985,Developed,1,0,CONUS,v2025-11,,5/1/2007 0:00,inceptisols,cryepts,eutrochrepts,dystric eutrochrepts,,39.33024978637695,-93.2192222,3976,5797
2007MO195051,664673,41290,40576,2007MO195051,2007,site_obsdate,1985,Developed,1,0,CONUS,v2025-11,,5/1/2007 0:00,inceptisols,cryepts,eutrochrepts,dystric eutrochrepts,,39.3298611,-93.2191111,3976,5797
1988MO087006m,134960,46778,46064,1988MO087006m,1988,site_obsdate,1985,Developed,1,0,CONUS,v2025-11,3/1/1988 0:00,3/1/1988 0:00,inceptisols,ochrepts,eutrochrepts,dystric eutrochrepts,fine-silty,39.9719429,-95.0336075,3976,5744
1988MO087003m,134958,46779,46065,1988MO087003m,1988,site_obsdate,1985,Developed,1,0,CONUS,v2025-11,3/1/1988 0:00,3/1/1988 0:00,inceptisols,ochrepts,eutrochrepts,dystric eutrochrepts,fine-silty,39.93527603149414,-95.0402756,3976,5744
1977-OH039-040,751639,68890,66965,1977-OH039-040,1977,site_obsdate,1985,Developed,1,1,CONUS,v2025-11,,8/19/1977 0:00,inceptisols,ochrepts,eutrochrepts,fluventic eutrochrepts,fine-loamy,41.2937241,-84.323349,3989,6367
1977PA071020,422219,54014,53213,477,1977,site_obsdate,1985,Developed,1,1,CONUS,v2025-11,6/14/1977 0:00,6/14/1977 0:00,inceptisols,ochrepts,eutrochrepts,dystric eutrochrepts,coarse-loamy,39.9983333,-76.2638889,3992,6584
1980PA001020,409553,53607,52806,11,1980,site_obsdate,1985,Developed,1,1,CONUS,v2025-11,6/11/1980 0:00,6/11/1980 0:00,inceptisols,ochrepts,eutrochrepts,lithic eutrochrepts,coarse-loamy,39.7880556,-77.1330556,3992,6549
80VT021005,120314,7998,7998,S1980VT021005,1980,site_obsdate,1985,Developed,1,1,CONUS,v2025-11,7/1/1980 0:00,7/1/1980 0:00,inceptisols,ochrepts,eutrochrepts,aquic dystric eutrochrepts,fine-loamy,43.4436111,-73.2277756,4005,7364
S2002CA023012,116052,29220,29147,S2001CA600010N,2001,site_obsdate,1985,Developed,1,0,CONUS,v2025-11,4/1/2001 0:00,4/1/2001 0:00,inceptisols,udepts,eutrudepts,dystric fluventic eutrudepts,,40.5679169,-124.19561004638672,3951,4460
69CT009001,873164,1198,1198,S1969CT009001,1969,site_obsdate,1985,Developed,1,1,CONUS,v2025-11,7/1/1969 0:00,7/1/1969 0:00,inceptisols,udepts,eutrudepts,dystric eutrudepts,coarse-loamy,41.4297218,-72.7986145,3953,4574
S1973IA043004,934175,70717,68745,S1973IA043004,1973,site_obsdate,1985,Developed,1,1,CONUS,v2025-11,8/7/1973 0:00,8/7/1973 0:00,inceptisols,udepts,eutrudepts,dystric eutrudepts,fine-silty,42.8390738,-91.5656482,3963,4839
82IL143028,121237,10107,10107,S1982IL143028,1982,site_obsdate,1985,Developed,1,1,CONUS,v2025-11,3/3/1982 0:00,3/1/1982 0:00,inceptisols,udepts,eutrudepts,typic eutrudepts,fine-loamy,40.7844429,-89.6011124,3965,5032
1990IL045001,1163612,17398,17398,S1990IL045001,1990,site_obsdate,1985,Developed,1,0,CONUS,v2025-11,8/3/1990 0:00,8/1/1990 0:00,inceptisols,udepts,eutrudepts,typic eutrudepts,fine-loamy,39.5499992,-87.6833344,3965,4983
2003MO219007,696922,46021,45307,2003MO219007,2003,site_obsdate,1985,Developed,1,0,CONUS,v2025-11,9/22/2003 0:00,9/22/2003 0:00,inceptisols,udepts,eutrudepts,fluvaquentic eutrudepts,,38.6021917,-90.9987361,3976,5809
1998MO221166,87867,49394,48680,1998MO221166,1998,site_obsdate,1985,Developed,1,0,CONUS,v2025-11,,6/11/1998 0:00,inceptisols,udepts,eutrudepts,dystric fluventic eutrudepts,coarse-loamy,38.9672644,-92.3451678,3976,5810
S2011NE153002,570145,54817,54016,S2011NE153002,2011,site_obsdate,1985,Developed,1,0,CONUS,v2025-11,10/7/2011 0:00,10/7/2011 0:00,inceptisols,udepts,eutrudepts,dystric eutrudepts,,41.1616667,-95.9569444,3982,6188
S2004NY003004,164750,31394,31275,S2004NY003004,2004,site_obsdate,1985,Developed,1,0,CONUS,v2025-11,9/2/2004 0:00,9/2/2004 0:00,inceptisols,udepts,eutrudepts,aquic eutrudepts,,42.4137764,-77.7388611,3988,6287
S1998NY005002,524620,23797,23797,S1998NY005002,1998,site_obsdate,1985,Developed,1,0,CONUS,v2025-11,4/20/1998 0:00,4/20/1998 0:00,inceptisols,udepts,eutrudepts,aquic dystric eutrudepts,coarse-loamy,40.8804169,-73.8091965,3988,6288
S2005NY061004,524654,33487,33337,S2005NY061004,2005,site_obsdate,1985,Developed,1,0,CONUS,v2025-11,9/28/2005 0:00,9/28/2005 0:00,inceptisols,udepts,eutrudepts,dystric eutrudepts,coarse-loamy,40.7986572,-73.9661186,3988,6316
S2005NY061005,524649,33488,33338,S2005NY061005,2005,site_obsdate,1985,Developed,1,0,CONUS,v2025-11,9/28/2005 0:00,9/28/2005 0:00,inceptisols,udepts,eutrudepts,dystric eutrudepts,coarse-loamy,40.8024921,-73.9618485,3988,6316
S2005NY061010,524636,33493,33343,S2005NY061010,2005,site_obsdate,1985,Developed,1,0,CONUS,v2025-11,10/20/2005 0:00,10/20/2005 0:00,inceptisols,udepts,eutrudepts,dystric eutrudepts,coarse-loamy,40.8147004,-73.9450058,3988,6316
S2005NY061012,524635,33495,33345,S2005NY061012,2005,site_obsdate,1985,Developed,1,0,CONUS,v2025-11,10/28/2005 0:00,10/28/2005 0:00,inceptisols,udepts,eutrudepts,dystric eutrudepts,coarse-loamy,40.8668064,-73.9268539,3988,6316
S2006NY061005,524644,33505,33355,S2006NY061005,2006,site_obsdate,1985,Developed,1,0,CONUS,v2025-11,2/9/2006 0:00,2/9/2006 0:00,inceptisols,udepts,eutrudepts,dystric eutrudepts,coarse-loamy,40.7679813,-73.965434,3988,6316
S2005NY061006,524653,33489,33339,S2005NY061006,2005,site_obsdate,1985,Developed,1,0,CONUS,v2025-11,10/12/2005 0:00,10/12/2005 0:00,inceptisols,udepts,eutrudepts,typic eutrudepts,coarse-loamy,40.7084548,-74.0120635,3988,6316
S2005NY061014,524657,33497,33347,S2005NY061014,2005,site_obsdate,1985,Developed,1,0,CONUS,v2025-11,11/30/2005 0:00,11/30/2005 0:00,inceptisols,udepts,eutrudepts,typic eutrudepts,coarse-loamy over sandy or sandy-skeletal,40.8026729,-73.9439235,3988,6316
S2005NY061016,524646,33499,33349,S2005NY061016,2005,site_obsdate,1985,Developed,1,0,CONUS,v2025-11,,12/8/2005 0:00,inceptisols,udepts,eutrudepts,typic eutrudepts,coarse-loamy over sandy or sandy-skeletal,40.7088816,-74.0047787,3988,6316
S2005NY061017,524652,33500,33350,S2005NY061017,2005,site_obsdate,1985,Developed,1,0,CONUS,v2025-11,12/14/2005 0:00,12/14/2005 0:00,inceptisols,udepts,eutrudepts,typic eutrudepts,,40.8511773,-73.9293092,3988,6316
S2006NY061001,524639,33501,33351,S2006NY061001,2006,site_obsdate,1985,Developed,1,0,CONUS,v2025-11,1/25/2006 0:00,1/25/2006 0:00,inceptisols,udepts,eutrudepts,typic eutrudepts,coarse-loamy over sandy or sandy-skeletal,40.7489746,-73.9706644,3988,6316
S2006NY061002,524643,33502,33352,S2006NY061002,2006,site_obsdate,1985,Developed,1,0,CONUS,v2025-11,1/30/2006 0:00,1/30/2006 0:00,inceptisols,udepts,eutrudepts,typic eutrudepts,coarse-loamy,40.7838855,-73.957965,3988,6316
S2006NY061007,524638,33507,33357,S2006NY061007,2006,site_obsdate,1985,Developed,1,0,CONUS,v2025-11,3/14/2006 0:00,3/14/2006 0:00,inceptisols,udepts,eutrudepts,typic eutrudepts,coarse-loamy,40.7632905,-73.9560784,3988,6316
S2006NY061010,524641,33510,33360,S2006NY061010,2006,site_obsdate,1985,Developed,1,0,CONUS,v2025-11,5/2/2006 0:00,5/2/2006 0:00,inceptisols,udepts,eutrudepts,typic eutrudepts,coarse-loamy,40.7451517,-73.9859879,3988,6316
S1995NY085033,524615,22636,22636,S1995NY085033,1995,site_obsdate,1985,Developed,1,0,CONUS,v2025-11,8/9/1995 0:00,8/9/1995 0:00,inceptisols,udepts,eutrudepts,dystric eutrudepts,loamy-skeletal,40.5753899,-74.1623611,3988,6328
S1998NY061010,959562,24035,24035,S1998NY061010,1997,site_obsdate,1985,Developed,1,0,CONUS,v2025-11,9/14/1997 0:00,9/14/1997 0:00,inceptisols,udepts,eutrudepts,oxyaquic eutrudepts,coarse-loamy,40.7926941,-73.9556122,3988,6316
S2009NY005001,344464,39503,38886,S2009NY005001,2009,site_obsdate,1985,Developed,1,0,CONUS,v2025-11,4/27/2009 0:00,4/27/2009 0:00,inceptisols,udepts,eutrudepts,dystric eutrudepts,loamy,40.8192917,-73.8771028,3988,6288
S2003OH085001,138807,30329,30213,S2003OH085001,2003,site_obsdate,1985,Developed,1,0,CONUS,v2025-11,5/6/2003 0:00,5/6/2003 0:00,inceptisols,udepts,eutrudepts,oxyaquic eutrudepts,,41.80000687,-81.06667328,3989,6390
S2006FL087-002,656497,33771,33575,S06FL087002,2006,site_obsdate,1985,Developed,1,0,CONUS,v2025-11,3/6/2006 0:00,3/6/2006 0:00,entisols,aquents,fluvaquents,typic fluvaquents,,24.6812778,-81.4444444,3957,4625
87GA313006,124777,14768,14768,S1987GA313006,1987,site_obsdate,1985,Developed,1,0,CONUS,v2025-11,11/1/1987 0:00,11/1/1987 0:00,entisols,aquents,fluvaquents,typic fluvaquents,,34.9511108,-84.9777756,3960,4807
S1996IA193018,101330,22886,22886,S1996IA193018,1996,site_obsdate,1985,Developed,1,0,CONUS,v2025-11,,8/20/1996 0:00,entisols,aquents,fluvaquents,vertic fluvaquents,very-fine,42.23655700683594,-96.2708893,3963,4914
82IL-079-006,963422,36931,36316,82IL-079-006,1982,site_obsdate,1985,Developed,1,1,CONUS,v2025-11,,8/1/1982 0:00,entisols,aquents,fluvaquents,aeric fluvaquents,coarse-loamy,38.8911968,-88.2684003,3965,5000
1985IL191017,375332,37387,36772,1985IL191017,1985,site_obsdate,1985,Developed,1,0,CONUS,v2025-11,8/1/1985 0:00,8/1/1985 0:00,entisols,aquents,fluvaquents,typic fluvaquents,fine-silty,38.3484333,-88.4848167,3965,5056
S1994IL057178,101669,21744,21744,S1994IL057178,1995,site_obsdate,1985,Developed,1,0,CONUS,v2025-11,5/3/1995 0:00,5/1/1995 0:00,entisols,aquents,fluvaquents,mollic fluvaquents,fine,40.5180549621582,-89.8850021,3965,4989
1981IN049003,314138,39067,38452,1981IN049003,1981,site_obsdate,1985,Developed,1,1,CONUS,v2025-11,4/22/1981 0:00,4/22/1981 0:00,entisols,aquents,fluvaquents,aeric fluvaquents,fine-loamy,41.1419667,-86.20574951171875,3966,5087
1977IN021017,313452,38327,37712,1977IN021017,1976,site_obsdate,1985,Developed,1,1,CONUS,v2025-11,6/9/1976 0:00,6/9/1976 0:00,entisols,aquents,fluvaquents,typic fluvaquents,fine-silty,39.3008278,-87.1648944,3966,5073
S1900MN0552754,836413,55616,54815,S1900MN0552754,2009,site_obsdate,1985,Developed,1,0,CONUS,v2025-11,11/2/2009 0:00,11/2/2009 0:00,entisols,aquents,fluvaquents,mollic fluvaquents,fine-silty,43.7757797,-91.44664001464844,3975,5641
S1977MN091002(2395),582853,55777,54976,S1977MN091002(2395),1976,site_obsdate,1985,Developed,1,1,CONUS,v2025-11,1/27/1976 0:00,1/27/1976 0:00,entisols,aquents,fluvaquents,mollic fluvaquents,fine-silty,43.643589,-94.4467163,3975,5659
1986MO195009m,42933,49987,49273,1986MO195009m,1987,site_obsdate,1985,Developed,1,0,CONUS,v2025-11,4/10/1987 0:00,4/10/1987 0:00,entisols,aquents,fluvaquents,aeric fluvaquents,fine-silty,39.1394463,-93.43416595458984,3976,5797
1989MO087032m,134999,46768,46054,1989MO087032m,1989,site_obsdate,1985,Developed,1,0,CONUS,v2025-11,2/2/1989 0:00,2/2/1989 0:00,entisols,aquents,fluvaquents,vertic fluvaquents,very-fine,39.8705559,-95.0691681,3976,5744
1970-OH107-016,751133,68562,66637,1970OH107016,1970,site_obsdate,1985,Developed,1,1,CONUS,v2025-11,9/17/1970 0:00,9/17/1970 0:00,entisols,aquents,fluvaquents,aeric fluvaquents,fine,40.66600036621094,-84.46600341796875,3989,6401
S2001PA091001,98452,26462,26463,S2001PA091001,2001,site_obsdate,1985,Developed,1,0,CONUS,v2025-11,2/12/2001 0:00,2/12/2001 0:00,entisols,aquents,fluvaquents,aeric fluvaquents,,40.2847214,-75.5294418,3992,6594
1988PA107048,422452,54274,53473,1988PA107048,1988,site_obsdate,1985,Developed,1,0,CONUS,v2025-11,,10/12/1988 0:00,entisols,aquents,fluvaquents,typic fluvaquents,fine-loamy,40.7816667,-76.0902778,3992,6602
1991MO167182,92773,42865,42151,1991MO167182,1991,site_obsdate,1985,Developed,1,0,CONUS,v2025-11,3/28/1991 0:00,3/28/1991 0:00,alfisols,aqualfs,fragiaqualfs,umbric fragiaqualfs,fine,37.5912667,-93.4210222,3976,5784
1966-OH153-024,1069793,68341,66416,1966OH153024,1966,site_obsdate,1985,Developed,1,1,CONUS,v2025-11,,10/25/1966 0:00,alfisols,aqualfs,fragiaqualfs,aeric fragiaqualfs,fine-silty,41.2944444,-81.4661111,3989,6424
1968PA017011,421844,53599,52798,102,1968,site_obsdate,1985,Developed,1,1,CONUS,v2025-11,6/20/1968 0:00,6/20/1968 0:00,alfisols,aqualfs,fragiaqualfs,typic fragiaqualfs,fine-silty,40.2577778,-74.9133333,3992,6557
83ID035003,121686,10871,10871,S1983ID035003,1983,site_obsdate,1985,Developed,1,1,CONUS,v2025-11,9/1/1983 0:00,9/1/1983 0:00,alfisols,boralfs,fragiboralfs,andic fragiboralfs,fine-silty,46.4219437,-115.8961105,3964,4934
1966PA069002,422198,53991,53190,456,1966,site_obsdate,1985,Developed,1,1,CONUS,v2025-11,6/18/1966 0:00,6/18/1966 0:00,inceptisols,ochrepts,fragiochrepts,typic fragiochrepts,coarse-loamy,41.51250076293945,-75.7041667,3992,6583
S1951IL199003,101851,2566,2566,S1951IL199003,1951,site_obsdate,1985,Developed,1,1,CONUS,v2025-11,10/18/1951 0:00,10/18/1951 0:00,alfisols,udalfs,fragiudalfs,oxyaquic fragiudalfs,fine-silty,37.7900009,-88.836113,3965,5060
1928IL051001,314860,35834,35219,1928IL051001,1928,site_obsdate,1985,Developed,1,1,CONUS,v2025-11,10/1/1928 0:00,10/1/1928 0:00,alfisols,udalfs,fragiudalfs,oxyaquic fragiudalfs,fine-silty,38.9603343,-89.10122680664062,3965,4986
1987IL193017,375104,37555,36940,1987IL193017,1987,site_obsdate,1985,Developed,1,0,CONUS,v2025-11,7/1/1987 0:00,7/1/1987 0:00,alfisols,udalfs,fragiudalfs,oxyaquic fragiudalfs,fine-silty,37.9806806,-88.1679056,3965,5057
85IL173022,123178,12873,12873,S1985IL173022,1985,site_obsdate,1985,Developed,1,0,CONUS,v2025-11,10/3/1985 0:00,10/1/1985 0:00,alfisols,udalfs,fragiudalfs,typic fragiudalfs,fine-silty,39.3097229,-89.0255585,3965,5047
1976IN133060,312844,38160,37545,1976IN133060,1976,site_obsdate,1985,Developed,1,1,CONUS,v2025-11,7/26/1976 0:00,7/26/1976 0:00,alfisols,udalfs,fragiudalfs,typic fragiudalfs,fine-silty,39.5307278,-86.8772889,3966,5129
58KY177001,216642,54991,54190,58KY177001,1958,site_obsdate,1985,Developed,1,1,CONUS,v2025-11,6/1/1958 0:00,6/1/1958 0:00,alfisols,udalfs,fragiudalfs,glossic fragiudalfs,fine-silty,37.2070833,-87.2208056,3968,5348
56KY-075-002,507134,54982,54181,56KY-075-002,1956,site_obsdate,1985,Developed,1,1,CONUS,v2025-11,8/22/1956 0:00,8/22/1956 0:00,alfisols,udalfs,fragiudalfs,oxyaquic fragiudalfs,fine-silty,36.5125847,-88.887558,3968,5297
S1961LA033001,102349,1315,1315,S1961LA033001,1961,site_obsdate,1985,Developed,1,1,CONUS,v2025-11,5/9/1961 0:00,5/9/1961 0:00,alfisols,udalfs,fragiudalfs,aquic fragiudalfs,fine-silty,30.68694496154785,-91.2216644,3969,5396
75LA041017,955522,1320,1320,75LA041017,1975,site_obsdate,1985,Developed,1,1,CONUS,v2025-11,,6/1/1975 0:00,alfisols,udalfs,fragiudalfs,glossaquic fragiudalfs,fine-silty,32.1138889,-91.8438889,3969,5400
86MD510003,821725,13859,13859,S1986MD510003,1986,site_obsdate,1985,Developed,1,0,CONUS,v2025-11,,10/1/1986 0:00,alfisols,udalfs,fragiudalfs,typic fragiudalfs,,39.3708344,-76.7088852,3971,5481
2000MO055016,88069,49308,48594,2000MO055016,2000,site_obsdate,1985,Developed,1,0,CONUS,v2025-11,4/5/2000 0:00,4/5/2000 0:00,alfisols,udalfs,fragiudalfs,oxyaquic fragiudalfs,,38.9672222,-92.34500122070312,3976,5728
1999MO055028,87955,49365,48651,1999MO055028,1999,site_obsdate,1985,Developed,1,0,CONUS,v2025-11,9/14/1999 0:00,9/14/1999 0:00,alfisols,udalfs,fragiudalfs,typic fragiudalfs,,38.9672644,-92.3451678,3976,5728
1998MO055015,87748,49429,48715,1998MO055015,1998,site_obsdate,1985,Developed,1,0,CONUS,v2025-11,4/2/1998 0:00,4/2/1998 0:00,alfisols,udalfs,fragiudalfs,oxyaquic fragiudalfs,,38.9672644,-92.3451678,3976,5728
2006MO187005,207071,42276,41562,2006MO187005,2006,site_obsdate,1985,Developed,1,0,CONUS,v2025-11,11/9/2006 0:00,11/9/2006 0:00,alfisols,udalfs,fragiudalfs,oxyaquic fragiudalfs,fine-silty,37.6779444,-90.1789444,3976,5794
1999MO055036,87962,49361,48647,1999MO055036,1999,site_obsdate,1985,Developed,1,0,CONUS,v2025-11,12/21/1999 0:00,12/21/1999 0:00,alfisols,udalfs,fragiudalfs,oxyaquic fragiudalfs,fine,38.0879528,-91.290675,3976,5728
S1956MS049001,1171930,4546,4546,S1956MS049001,1956,site_obsdate,1985,Developed,1,1,CONUS,v2025-11,4/18/1956 0:00,4/18/1956 0:00,alfisols,udalfs,fragiudalfs,oxyaquic fragiudalfs,fine-silty,32.3985062,-90.2117615,3978,5844
98TN053UTK003,776952,72454,133194,98TN053UTK003,2009,site_obsdate,1985,Developed,1,0,CONUS,v2025-11,8/20/2009 0:00,8/22/2009 0:00,alfisols,udalfs,fragiudalfs,typic fragiudalfs,,35.9344444,-88.7216667,3999,6853
S1999NY085029,524631,25185,25185,S1999NY085029,1999,site_obsdate,1985,Developed,1,0,CONUS,v2025-11,11/17/1999 0:00,11/17/1999 0:00,inceptisols,udepts,fragiudepts,typic fragiudepts,coarse-loamy,40.52958297729492,-74.2216644,3988,6328
99AL065001-pgm,305227,39776,39157,99AL065001-pgm,1999,site_obsdate,1985,Developed,1,0,CONUS,v2025-11,7/19/1999 0:00,7/19/1999 0:00,ultisols,udults,fragiudults,typic fragiudults,fine-loamy,32.845001220703125,-87.7527778,3947,4319
2016IN093001,1108201,38908,38293,1978IN093008,1978,site_obsdate,1985,Developed,1,1,CONUS,v2025-11,9/15/1978 0:00,9/15/1978 0:00,ultisols,udults,fragiudults,aquic fragiudults,fine-silty,38.9474833,-86.6095361,3966,5109
2017IN137003,1221933,38909,38294,2017IN137001,1978,site_obsdate,1985,Developed,1,1,CONUS,v2025-11,11/1/1978 0:00,11/1/1978 0:00,ultisols,udults,fragiudults,aquic fragiudults,fine-silty,38.972131,-85.157077,3966,5131
01MD017014,804496,28491,28430,S2001MD017014,2001,site_obsdate,1985,Developed,1,0,CONUS,v2025-11,8/1/2001 0:00,8/1/2001 0:00,ultisols,udults,fragiudults,typic fragiudults,coarse-loamy,38.5468254,-76.7785416,3971,5465
1996MO071001,102920,22763,22763,1996MO071001S,1996,site_obsdate,1985,Developed,1,0,CONUS,v2025-11,7/23/1996 0:00,7/23/1996 0:00,ultisols,udults,fragiudults,typic fragiudults,,38.96726608,-92.34516907,3976,5736
1996MO071002,102921,22764,22764,1996MO071002S,1996,site_obsdate,1985,Developed,1,0,CONUS,v2025-11,7/23/1996 0:00,7/23/1996 0:00,ultisols,udults,fragiudults,typic fragiudults,,38.96726608,-92.34516907,3976,5736
1998MO055008,87727,49435,48721,1998MO055008,1998,site_obsdate,1985,Developed,1,0,CONUS,v2025-11,3/23/1998 0:00,3/23/1998 0:00,ultisols,udults,fragiudults,typic fragiudults,,38.9672644,-92.3451678,3976,5728
1998MO055007,87724,49436,48722,1998MO055007,1998,site_obsdate,1985,Developed,1,0,CONUS,v2025-11,3/31/1998 0:00,3/31/1998 0:00,ultisols,udults,fragiudults,typic fragiudults,,38.9672644,-92.3451678,3976,5728
1996MO071001,87316,49520,48806,1996MO071001,1996,site_obsdate,1985,Developed,1,0,CONUS,v2025-11,7/28/1996 0:00,7/28/1996 0:00,ultisols,udults,fragiudults,typic fragiudults,,38.9672644,-92.3451678,3976,5736
1996MO055002,87228,49528,48814,1996MO055002,1996,site_obsdate,1985,Developed,1,0,CONUS,v2025-11,3/14/1996 0:00,3/14/1996 0:00,ultisols,udults,fragiudults,aquic fragiudults,,38.9672644,-92.3451678,3976,5728
1999MO203030M,97208,47158,46444,1999MO203030M,1999,site_obsdate,1985,Developed,1,0,CONUS,v2025-11,2/24/1999 0:00,2/24/1999 0:00,ultisols,udults,fragiudults,typic fragiudults,fine-loamy,38.96722412,-92.34500122,3976,5801
1995MO091078,88974,49044,48330,1995MO091078,1995,site_obsdate,1985,Developed,1,0,CONUS,v2025-11,8/23/1995 0:00,8/23/1995 0:00,ultisols,udults,fragiudults,typic fragiudults,coarse-loamy,36.9007222,-91.9208139,3976,5746
1969PA019010,421860,53616,52815,118,1969,site_obsdate,1985,Developed,1,1,CONUS,v2025-11,7/11/1969 0:00,7/11/1969 0:00,ultisols,udults,fragiudults,aquic fragiudults,fine-loamy,40.7594444,-79.7794444,3992,6558
1959PA035018,422018,53791,52990,1959PA035018,1959,site_obsdate,1985,Developed,1,1,CONUS,v2025-11,5/5/1959 0:00,5/5/1959 0:00,ultisols,udults,fragiudults,typic fragiudults,fine-loamy,41.0511111,-77.1891667,3992,6566
1965PA089012,422336,54144,53343,594,1965,site_obsdate,1985,Developed,1,1,CONUS,v2025-11,6/8/1965 0:00,6/8/1965 0:00,ultisols,udults,fragiudults,typic fragiudults,fine-loamy,40.9522222,-75.50749969482422,3992,6593
1962PA129016,422596,54433,53632,854,1962,site_obsdate,1985,Developed,1,1,CONUS,v2025-11,6/14/1962 0:00,6/14/1962 0:00,ultisols,udults,fragiudults,typic fragiudults,fine-loamy,40.4558333,-79.3377778,3992,6613
S2005PA063766,275164,34829,34615,S2005PA063766,2005,site_obsdate,1985,Developed,1,0,CONUS,v2025-11,,11/3/2005 0:00,ultisols,udults,fragiudults,aquic fragiudults,fine-loamy,40.4858055,-79.4906082,3992,6580
67KY-035-010,507105,55027,54226,67KY-035-010,1967,site_obsdate,1985,Developed,1,1,CONUS,v2025-11,5/8/1967 0:00,5/8/1967 0:00,alfisols,udalfs,fraglossudalfs,aquic fraglossudalfs,fine-silty,36.6142502,-88.3425369,3968,5277
55KY-035-004,507109,54970,54169,55KY-035-004,1955,site_obsdate,1985,Developed,1,1,CONUS,v2025-11,9/1/1955 0:00,9/1/1955 0:00,alfisols,udalfs,fraglossudalfs,oxyaquic fraglossudalfs,fine-silty,36.6495285,-88.212532,3968,5277
S1961LA033008,102356,1284,1284,S1961LA033008,1961,site_obsdate,1985,Developed,1,1,CONUS,v2025-11,5/11/1961 0:00,5/11/1961 0:00,alfisols,aqualfs,glossaqualfs,typic glossaqualfs,fine-silty,30.3775005,-91.0916672,3969,5396
S1976MI073006,1111333,72464,133204,S1976MI073006,1976,site_obsdate,1985,Developed,1,1,CONUS,v2025-11,11/10/1976 0:00,11/12/1976 0:00,alfisols,aqualfs,glossaqualfs,aeric glossaqualfs,fine-loamy,43.5823139,-84.7499722,3974,5567
S96TX199005,53345,54587,53786,96TX199005,1996,site_obsdate,1985,Developed,1,0,CONUS,v2025-11,8/6/1996 0:00,8/6/1996 0:00,alfisols,aqualfs,glossaqualfs,typic glossaqualfs,,30.1825008392334,-94.2955278,4000,7021
97ID021007,101405,23484,23484,S1997ID021007,1997,site_obsdate,1985,Developed,1,0,CONUS,v2025-11,9/24/1997 0:00,9/24/1997 0:00,alfisols,boralfs,glossoboralfs,vitrandic glossoboralfs,,48.7281379699707,-116.3074417,3964,4927
82NY089005,121167,9983,9983,S1982NY089005,1982,site_obsdate,1985,Developed,1,1,CONUS,v2025-11,12/3/1982 0:00,12/1/1982 0:00,alfisols,boralfs,glossoboralfs,aquic glossoboralfs,fine-silty,44.4655571,-75.7602768,3988,6330
82NY089006,121168,9984,9984,S1982NY089006,1982,site_obsdate,1985,Developed,1,1,CONUS,v2025-11,12/3/1982 0:00,12/1/1982 0:00,alfisols,boralfs,glossoboralfs,aquic glossoboralfs,fine-silty,44.4655571,-75.7602768,3988,6330
S2008MI087002,315386,35273,35053,S2008MI087002,2008,site_obsdate,1985,Developed,1,0,CONUS,v2025-11,6/11/2008 0:00,6/11/2008 0:00,alfisols,udalfs,glossudalfs,aquic glossudalfs,fine-loamy,43.1868167,-83.4597917,3974,5574
S1982MN007001 (3603),583492,56257,55456,S1982MN007001 (3603),1982,site_obsdate,1985,Developed,1,1,CONUS,v2025-11,9/30/1982 0:00,9/30/1982 0:00,alfisols,udalfs,glossudalfs,aquic glossudalfs,coarse-loamy,47.4354515,-94.8008499,3975,5617
S1978MN137060 (2568),582932,55946,55145,S1978MN137060 (2568),1978,site_obsdate,1985,Developed,1,1,CONUS,v2025-11,5/24/1978 0:00,5/24/1978 0:00,alfisols,udalfs,glossudalfs,oxyaquic glossudalfs,fine-loamy,47.5526123,-92.942627,3975,5682
S1947WI005005,897213,1986,1986,S1947WI005005,1947,site_obsdate,1985,Developed,1,1,CONUS,v2025-11,9/14/1947 0:00,9/14/1947 0:00,alfisols,udalfs,glossudalfs,haplic glossudalfs,coarse-loamy,45.6100006,-91.7752762,4007,7409
S1992WI013001,244519,20185,20185,S1992WI013001,1992,site_obsdate,1985,Developed,1,0,CONUS,v2025-11,9/11/1992 0:00,9/9/1992 0:00,alfisols,udalfs,glossudalfs,oxyaquic glossudalfs,fine-loamy,45.7727776,-92.6902771,4007,7413
S1994WI007002,106925,21851,21851,S1994WI007002,1994,site_obsdate,1985,Developed,1,0,CONUS,v2025-11,10/22/1994 0:00,10/20/1994 0:00,alfisols,udalfs,glossudalfs,oxyaquic vertic glossudalfs,very-fine,46.4227791,-91.0544434,4007,7410
S1987WI005006,1186899,14699,14699,S1987WI005006,1987,site_obsdate,1985,Developed,1,0,CONUS,v2025-11,11/3/1987 0:00,11/1/1987 0:00,alfisols,udalfs,glossudalfs,haplic glossudalfs,fine-silty,45.5099983,-92.0066681,4007,7409
S1980NV003009,110468,7820,7820,S1980NV003009,1980,site_obsdate,1985,Developed,1,1,CONUS,v2025-11,6/3/1980 0:00,4/1/1980 0:00,aridisols,orthids,gypsiorthids,cambic gypsiorthids,fine-silty,36.1599998,-115.1572189,3987,6270
S1957ID045033,101504,1042,1042,S1957ID045033,1957,site_obsdate,1985,Developed,1,1,CONUS,v2025-11,5/2/1957 0:00,5/2/1957 0:00,inceptisols,aquepts,halaquepts,aeric halaquepts,coarse-loamy,43.8737602,-116.6120911,3964,4939
78TX389004,119916,7235,7235,S1978TX389004,1978,site_obsdate,1985,Developed,1,1,CONUS,v2025-11,1/1/1978 0:00,1/1/1978 0:00,inceptisols,aquepts,halaquepts,aeric halaquepts,fine-silty,31.3852787,-103.4775009,4000,7116
S1957ID045038,101509,1073,1073,S1957ID045038,1957,site_obsdate,1985,Developed,1,1,CONUS,v2025-11,7/24/1957 0:00,7/24/1957 0:00,inceptisols,aquepts,haplaquepts,typic haplaquepts,coarse-loamy,43.905426025390625,-116.6923752,3964,4939
1975IN129002,312961,38359,37744,1975IN129002,1975,site_obsdate,1985,Developed,1,1,CONUS,v2025-11,1/6/1975 0:00,1/6/1975 0:00,inceptisols,aquepts,haplaquepts,typic haplaquepts,fine,37.9288528,-87.9946056,3966,5127
88NY099003,125684,15909,15909,S1988NY099003,1988,site_obsdate,1985,Developed,1,0,CONUS,v2025-11,7/1/1988 0:00,7/1/1988 0:00,aridisols,aquepts,haplaquepts,aeric haplaquepts,fine-loamy,42.58611297607422,-76.7922211,3988,6335
82NY089010,121172,9988,9988,S1982NY089010,1982,site_obsdate,1985,Developed,1,1,CONUS,v2025-11,12/1/1982 0:00,12/1/1982 0:00,aridisols,aquepts,haplaquepts,mollic haplaquepts,fine,44.5869446,-75.5319443,3988,6330
86OR001004,123843,13706,13706,S1986OR001004,1986,site_obsdate,1985,Developed,1,0,CONUS,v2025-11,9/3/1986 0:00,9/1/1986 0:00,inceptisols,aquepts,haplaquepts,typic haplaquepts,fine-loamy,44.8761101,-117.8186111,3991,6513
S1976VT015007,110897,3746,3746,S1976VT015007,1976,site_obsdate,1985,Developed,1,1,CONUS,v2025-11,9/2/1976 0:00,9/2/1976 0:00,aridisols,aquepts,haplaquepts,typic haplaquepts,fine,44.5544434,-72.6144409,4005,7361
59NH013002,906323,472,472,S1959NH013002,1959,site_obsdate,1985,Developed,1,1,CONUS,v2025-11,9/14/1959 0:00,9/14/1959 0:00,spodosols,aquods,haplaquods,aeric haplaquods,sandy,43.125,-71.4416656,3983,6211
1987IL109068,859250,14585,14585,1987IL109068,1987,site_obsdate,1985,Developed,1,0,CONUS,v2025-11,9/1/1987 0:00,9/1/1987 0:00,mollisols,aquolls,haplaquolls,typic haplaquolls,fine-silty,40.4916649,-90.6894455,3965,5015
1978IN135001,313539,38520,37905,1978IN135001,1978,site_obsdate,1985,Developed,1,1,CONUS,v2025-11,8/28/1978 0:00,8/28/1978 0:00,mollisols,aquolls,haplaquolls,fluvaquentic haplaquolls,fine-loamy,40.2364833,-85.0359583,3966,5130
1981IN125011,314031,38960,38345,1981IN125011,1979,site_obsdate,1985,Developed,1,1,CONUS,v2025-11,7/3/1979 0:00,7/3/1979 0:00,mollisols,aquolls,haplaquolls,fluvaquentic haplaquolls,fine-silty,38.4857861,-87.27954864501953,3966,5125
1977IN159002,313042,38229,37614,1977IN159002,1977,site_obsdate,1985,Developed,1,1,CONUS,v2025-11,8/24/1977 0:00,8/24/1977 0:00,mollisols,aquolls,haplaquolls,typic haplaquolls,fine-silty,40.3187972,-85.9946833,3966,5142
1978IN107001,313508,38480,37865,1978IN107001,1977,site_obsdate,1985,Developed,1,1,CONUS,v2025-11,11/4/1977 0:00,11/4/1977 0:00,mollisols,aquolls,haplaquolls,typic haplaquolls,fine-silty,40.1858417,-86.8348389,3966,5116
1979IN073009,313860,38647,38032,1979IN073009,1979,site_obsdate,1985,Developed,1,1,CONUS,v2025-11,5/2/1979 0:00,5/2/1979 0:00,mollisols,aquolls,haplaquolls,typic haplaquolls,sandy,41.217899322509766,-87.0639333,3966,5099
1984IN157014,313969,39223,38608,1984IN157014,1983,site_obsdate,1985,Developed,1,1,CONUS,v2025-11,10/18/1983 0:00,10/18/1983 0:00,mollisols,aquolls,haplaquolls,typic haplaquolls,fine-silty,40.3974583,-86.7966306,3966,5141
1983IN111048,314401,39385,38770,1983IN111048,1983,site_obsdate,1985,Developed,1,1,CONUS,v2025-11,10/13/1983 0:00,10/13/1983 0:00,mollisols,aquolls,haplaquolls,typic haplaquolls,fine-loamy,40.7912778,-87.4398278,3966,5118
1963PA027008,421912,53673,52872,1963PA027008,1963,site_obsdate,1985,Developed,1,1,CONUS,v2025-11,10/29/1963 0:00,10/29/1963 0:00,mollisols,aquolls,haplaquolls,fluventic haplaquolls,fine,40.814998626708984,-77.6416667,3992,6562
S2004AZ013001,253448,32578,32453,S2004AZ013001,2003,site_obsdate,1985,Developed,1,0,CONUS,v2025-11,12/2/2003 0:00,12/2/2003 0:00,aridisols,argids,haplargids,typic haplargids,,33.3106918,-111.6817169,3950,4441
S2004AZ013002,253545,32579,32454,S2004AZ013002,2003,site_obsdate,1985,Developed,1,0,CONUS,v2025-11,12/2/2003 0:00,12/2/2003 0:00,aridisols,argids,haplargids,typic haplargids,,33.312191,-111.6787109,3950,4441
S2004AZ013004,335724,32580,32455,S2004AZ013004,2003,site_obsdate,1985,Developed,1,0,CONUS,v2025-11,12/3/2003 0:00,12/3/2003 0:00,aridisols,argids,haplargids,typic haplargids,,33.3122749,-111.6817169,3950,4441
S2004AZ013005,336235,32581,32456,S2004AZ013005,2003,site_obsdate,1985,Developed,1,0,CONUS,v2025-11,12/10/2003 0:00,12/10/2003 0:00,aridisols,argids,haplargids,typic haplargids,,33.3142738,-111.6817169,3950,4441
S1969AZ019004,107834,5732,5732,S1969AZ019004,1969,site_obsdate,1985,Developed,1,1,CONUS,v2025-11,10/2/1969 0:00,10/2/1969 0:00,aridisols,argids,haplargids,lithic haplargids,clayey-skeletal,32.1769447,-111.0336075,3950,4444
03CO085005,272525,31473,31354,S2003CO677005-JH,2003,site_obsdate,1985,Developed,1,0,CONUS,v2025-11,10/9/2003 0:00,10/9/2003 0:00,aridisols,argids,haplargids,vertic haplargids,,38.3404961,-107.7967300415039,3952,4549
S2012CO085015,802308,69908,67980,S2012CO085009,2012,site_obsdate,1985,Developed,1,0,CONUS,v2025-11,8/31/2012 0:00,8/29/2012 0:00,aridisols,argids,haplargids,typic haplargids,,38.6102421,-107.9467923,3952,4549
S1956ID045012,101490,1018,1018,S1956ID045012,1956,site_obsdate,1985,Developed,1,1,CONUS,v2025-11,7/23/1956 0:00,7/23/1956 0:00,aridisols,argids,haplargids,aquic haplargids,fine-loamy over sandy or sandy-skeletal,43.8826523,-116.4784775,3964,4939
S1969ID075014,101554,5663,5663,S1969ID075014,1969,site_obsdate,1985,Developed,1,1,CONUS,v2025-11,10/8/1969 0:00,10/8/1969 0:00,aridisols,argids,haplargids,xerollic haplargids,fine-loamy,44.0791664,-116.6924973,3964,4954
S1971NM001003,161950,5871,5871,S1971NM001003,1971,site_obsdate,1985,Developed,1,1,CONUS,v2025-11,11/3/1971 0:00,11/3/1971 0:00,aridisols,argids,haplargids,typic haplargids,fine-loamy,35.1147881,-106.513916015625,3986,6236
S1959NV005010,104546,2993,2993,S1959NV005010,1959,site_obsdate,1985,Developed,1,1,CONUS,v2025-11,10/5/1959 0:00,10/5/1959 0:00,aridisols,argids,haplargids,xerollic haplargids,loamy-skeletal,38.9019432,-119.7402802,3987,6271
S1975NV031006,110555,3237,3237,S1975NV031006,1975,site_obsdate,1985,Developed,1,1,CONUS,v2025-11,10/7/1975 0:00,10/7/1975 0:00,aridisols,argids,haplargids,xerollic haplargids,loamy-skeletal,39.5121155,-119.9382324,3987,6283
1977NV019002,254235,6484,6484,1977NV019002,1977,site_obsdate,1985,Developed,1,1,CONUS,v2025-11,2/1/1977 0:00,2/1/1977 0:00,aridisols,argids,haplargids,typic haplargids,sandy,39.3319444,-119.2369444,3987,6278
S1955OR013016,104959,868,868,S1955OR013016,1955,site_obsdate,1985,Developed,1,1,CONUS,v2025-11,7/1/1955 0:00,7/1/1955 0:00,aridisols,argids,haplargids,xerollic haplargids,fine-loamy,44.3405571,-120.8616638,3991,6519
92ID035033,101442,19816,19816,S1992ID035033,1992,site_obsdate,1985,Developed,1,0,CONUS,v2025-11,8/4/1992 0:00,8/4/1992 0:00,mollisols,borolls,haploborolls,typic haploborolls,,46.3499985,-115.9263916,3964,4934
89MT0391278,127864,18829,18829,S1989MT0391278,1989,site_obsdate,1985,Developed,1,0,CONUS,v2025-11,8/1/1989 0:00,8/1/1989 0:00,mollisols,borolls,haploborolls,aquic haploborolls,,46.5713882,-113.2694473,3979,5921
S1965MT029002,196268,3459,3459,S1965MT029002,1965,site_obsdate,1985,Developed,1,1,CONUS,v2025-11,6/1/1965 0:00,6/1/1965 0:00,mollisols,borolls,haploborolls,aquic haploborolls,fine-silty over sandy or sandy-skeletal,48.1313896,-114.1583328,3979,5916
S1956MT111004,103436,3336,3336,S1956MT111004,1956,site_obsdate,1985,Developed,1,1,CONUS,v2025-11,9/25/1956 0:00,9/25/1956 0:00,mollisols,borolls,haploborolls,aridic haploborolls,fine-silty,45.74075698852539,-108.69964599609375,3979,5957
S1951MT111007,103411,3327,3327,S1951MT111007,1951,site_obsdate,1985,Developed,1,1,CONUS,v2025-11,8/9/1951 0:00,8/9/1951 0:00,mollisols,borolls,haploborolls,typic haploborolls,fine-loamy,45.9485397,-108.0862961,3979,5957
85MT007005,122827,12462,12462,S1985MT007005,1985,site_obsdate,1985,Developed,1,0,CONUS,v2025-11,7/3/1985 0:00,7/1/1985 0:00,mollisols,borolls,haploborolls,aridic haploborolls,coarse-loamy,46.1427765,-111.4755554,3979,5905
92MT041002,103182,19349,19349,S1992MT041002,1992,site_obsdate,1985,Developed,1,0,CONUS,v2025-11,5/28/1992 0:00,5/26/1992 0:00,mollisols,borolls,haploborolls,pachic haploborolls,fine-loamy,48.3608322,-109.6816635,3979,5922
92ND015001,47088,20032,20032,92ND015001,1992,site_obsdate,1985,Developed,1,0,CONUS,v2025-11,,9/14/1992 0:00,mollisols,borolls,haploborolls,pachic haploborolls,,46.7674675,-100.7646637,3981,6066
53ND003001,47307,4937,4937,53ND003001,1953,site_obsdate,1985,Developed,1,1,CONUS,v2025-11,9/9/1953 0:00,9/9/1953 0:00,mollisols,borolls,haploborolls,udic haploborolls,fine-loamy,47.0944252,-97.79066467,3981,6060
S1967AZ013008,107801,5450,5450,S1967AZ013008,1967,site_obsdate,1985,Developed,1,1,CONUS,v2025-11,10/11/1967 0:00,10/11/1967 0:00,aridisols,calcids,haplocalcids,typic haplocalcids,coarse-loamy,33.6027794,-112.2977753,3950,4441
S1967AZ013013,107806,5451,5451,S1967AZ013013,1967,site_obsdate,1985,Developed,1,1,CONUS,v2025-11,10/12/1967 0:00,10/12/1967 0:00,aridisols,calcids,haplocalcids,typic haplocalcids,coarse-loamy,33.3655548,-112.1861115,3950,4441
S1967AZ013009,107802,5454,5454,S1967AZ013009,1967,site_obsdate,1985,Developed,1,1,CONUS,v2025-11,10/13/1967 0:00,10/13/1967 0:00,aridisols,calcids,haplocalcids,typic haplocalcids,coarse-loamy,33.6105537,-112.2699966,3950,4441
S1967AZ013010,107803,5455,5455,S1967AZ013010,1967,site_obsdate,1985,Developed,1,1,CONUS,v2025-11,10/13/1967 0:00,10/13/1967 0:00,aridisols,calcids,haplocalcids,typic haplocalcids,coarse-loamy,33.6386108,-112.2619476,3950,4441
2018NM013240,1306451,727,727,2018NM013240,1960,site_obsdate,1985,Developed,1,1,CONUS,v2025-11,11/1/2018 0:00,4/13/1960 0:00,aridisols,calcids,haplocalcids,typic haplocalcids,sandy,32.288675,-106.7347417,3986,6243
S1958-TX389-090-copy,1145904,4245,4245,S1958-TX389-090-copy,1958,site_obsdate,1985,Developed,1,1,CONUS,v2025-11,6/6/1958 0:00,6/6/1958 0:00,aridisols,calcids,haplocalcids,ustic haplocalcids,fine-silty,31.2742472,-103.6101583,4000,7116
93UT047003,106477,20305,20305,S1993UT047003,1993,site_obsdate,1985,Developed,1,0,CONUS,v2025-11,6/4/1993 0:00,6/2/1993 0:00,aridisols,calcids,haplocalcids,aquic haplocalcids,coarse-loamy,40.3861122,-109.4986115,4002,7208
S2005WA005001,175879,31938,31819,05-KDL-01,2005,site_obsdate,1985,Developed,1,0,CONUS,v2025-11,6/28/2005 0:00,6/28/2005 0:00,aridisols,cambids,haplocambids,xeric haplocambids,,46.2404442,-119.47311401367188,4006,7370
89WA017114,125503,15701,15701,S1989WA017114,1989,site_obsdate,1985,Developed,1,0,CONUS,v2025-11,9/3/1989 0:00,9/1/1989 0:00,aridisols,cambids,haplocambids,vitrixerandic haplocambids,ashy over sandy or sandy-skeletal,47.7716675,-119.6544418,4006,7376
89WA017121,126270,16656,16656,S1989WA017121,1989,site_obsdate,1985,Developed,1,0,CONUS,v2025-11,7/3/1989 0:00,7/1/1989 0:00,aridisols,cambids,haplocambids,vitrixerandic haplocambids,sandy or sandy-skeletal,47.7863884,-119.4483337,4006,7376
S2001ME005004,129336,28503,28442,ME-01-8-005-4U,2001,site_obsdate,1985,Developed,1,0,CONUS,v2025-11,8/22/2001 0:00,8/22/2001 0:00,,cryods,haplocryods,typic haplocryods,silty,43.6608315,-70.2574997,3972,5484
90CO083001,126786,17308,17308,S1990CO083001,1990,site_obsdate,1985,Developed,1,0,CONUS,v2025-11,6/3/1990 0:00,6/1/1990 0:00,mollisols,cryolls,haplocryolls,pachic haplocryolls,loamy-skeletal,37.4799995,-108.1791687,3952,4548
S2010ID027002,570107,53540,52739,S2010ID027002,2010,site_obsdate,1985,Developed,1,0,CONUS,v2025-11,8/26/2010 0:00,8/26/2010 0:00,aridisols,durids,haplodurids,xereptic haplodurids,,43.4430556,-116.6733333,3964,4930
93NM035003,104453,20241,20241,S1993NM035003,1993,site_obsdate,1985,Developed,1,0,CONUS,v2025-11,4/22/1993 0:00,4/22/1993 0:00,aridisols,gypsids,haplogypsids,typic haplogypsids,fine-silty,33.0913887,-106.015831,3986,6255
S1980MN0073226,683852,57094,56293,S1980MN0073226,2011,site_obsdate,1985,Developed,1,0,CONUS,v2025-11,2/9/2011 0:00,2/9/2011 0:00,histosols,hemists,haplohemists,terric haplohemists,loamy,48.2368011,-94.5533295,3975,5617
64-CA-08-007,533231,52748,52022,S1964-CA-08-007,2008,site_obsdate,1985,Developed,1,0,CONUS,v2025-11,10/21/2008 0:00,10/21/2008 0:00,ultisols,humults,haplohumults,oxyaquic haplohumults,,41.8658676,-124.1591492,3951,4456
ME-55-10-019-06,168290,396,396,S1955ME019003,1955,site_obsdate,1985,Developed,1,1,CONUS,v2025-11,10/11/1955 0:00,10/11/1955 0:00,spodosols,orthods,haplorthods,oxyaquic haplorthods,loamy,44.9027252,-68.6615829,3972,5491
S08ME021013.Perham,323238,39632,39015,S08ME021013,2008,site_obsdate,1985,Developed,1,0,CONUS,v2025-11,10/5/2008 0:00,10/5/2008 0:00,spodosols,orthods,haplorthods,aquic haplorthods,fine-loamy,46.0163167,-69.1354167,3972,5492
S2009ME003007,366584,43859,43145,S2009ME003007,2009,site_obsdate,1985,Developed,1,0,CONUS,v2025-11,9/24/2009 0:00,9/24/2009 0:00,spodosols,orthods,haplorthods,aquic haplorthods,sandy-skeletal,46.8086389,-69.5206111,3972,5483
S08ME021004.Hermon,319342,39623,39006,S08ME021004,2008,site_obsdate,1985,Developed,1,0,CONUS,v2025-11,9/3/2008 0:00,9/3/2008 0:00,spodosols,orthods,haplorthods,typic haplorthods,sandy-skeletal,45.6364167,-69.0162222,3972,5492
S1966MI061003,102642,1933,1933,S1966MI061003,1966,site_obsdate,1985,Developed,1,1,CONUS,v2025-11,10/10/1966 0:00,10/10/1966 0:00,spodosols,orthods,haplorthods,typic haplorthods,,47.1111107,-88.5914459,3974,5561
70NH007001,955509,1196,1196,70NH007001,1970,site_obsdate,1985,Developed,1,1,CONUS,v2025-11,,6/1/1970 0:00,spodosols,orthods,haplorthods,typic haplorthods,coarse-silty over sandy or sandy-skeletal,44.2933333,-71.2766667,3983,6208
77NY041003,119646,6596,6596,S1977NY041003,1977,site_obsdate,1985,Developed,1,1,CONUS,v2025-11,9/1/1977 0:00,9/1/1977 0:00,spodosols,orthods,haplorthods,typic haplorthods,coarse-loamy,43.8836098,-74.4266663,3988,6306
S1974OR011018,156858,6306,6306,74-FWG-14,1974,site_obsdate,1985,Developed,1,1,CONUS,v2025-11,7/22/1974 0:00,7/22/1974 0:00,spodosols,orthods,haplorthods,aquentic haplorthods,sandy,43.577857971191406,-124.1645279,3991,6518
S1974OR011016,204236,6304,6304,S1974OR011022,1974,site_obsdate,1985,Developed,1,1,CONUS,v2025-11,9/10/1974 0:00,9/10/1974 0:00,spodosols,orthods,haplorthods,typic haplorthods,sandy,43.4002762,-124.2572250366211,3991,6518
S1974OR011022,104936,6308,6308,S1974OR011022,1974,site_obsdate,1985,Developed,1,1,CONUS,v2025-11,9/10/1974 0:00,9/10/1974 0:00,spodosols,orthods,haplorthods,typic haplorthods,sandy,43.4002762,-124.2572250366211,3991,6518
1963PA027011,421915,53676,52875,1963PA027011,1963,site_obsdate,1985,Developed,1,1,CONUS,v2025-11,10/30/1963 0:00,10/30/1963 0:00,spodosols,orthods,haplorthods,entic haplorthods,sandy,40.8169444,-77.9338889,3992,6562
1978PA027086,421964,53732,52931,1978PA027086,1978,site_obsdate,1985,Developed,1,1,CONUS,v2025-11,6/15/1978 0:00,6/15/1978 0:00,spodosols,orthods,haplorthods,entic haplorthods,sandy,40.810001373291016,-77.9297222,3992,6562
S1957WI053001,897176,1482,1482,S1957WI053001,1957,site_obsdate,1985,Developed,1,1,CONUS,v2025-11,1/31/1957 0:00,1/31/1957 0:00,spodosols,orthods,haplorthods,entic haplorthods,sandy,44.26972198486328,-90.7977753,4007,7433
1987WI037004,1253070,14691,14691,S1987WI037004,1987,site_obsdate,1985,Developed,1,0,CONUS,v2025-11,9/1/1987 0:00,9/1/1987 0:00,spodosols,orthods,haplorthods,alfic oxyaquic haplorthods,coarse-silty,45.9566650390625,-88.5619431,4007,7425
04NV003003,152978,31776,31657,S2004NV003003,2004,site_obsdate,1985,Developed,1,0,CONUS,v2025-11,4/16/2003 0:00,5/4/2004 0:00,aridisols,salids,haplosalids,typic haplosalids,,36.6811104,-114.2847214,3987,6270
S1978MN1372863,683819,57059,56258,S1978MN1372863,2011,site_obsdate,1985,Developed,1,0,CONUS,v2025-11,2/7/2011 0:00,2/7/2011 0:00,histosols,saprists,haplosaprists,terric haplosaprists,loamy,47.4552155,-92.7595901,3975,5682
S1984NY071005,858012,11528,11528,S1984NY071005,1984,site_obsdate,1985,Developed,1,1,CONUS,v2025-11,2/1/1993 0:00,6/1/1984 0:00,histosols,saprists,haplosaprists,typic haplosaprists,,41.3370387,-74.4554351,3988,6321
790451,112367,27938,27889,790451,2001,site_obsdate,1985,Developed,1,0,CONUS,v2025-11,10/23/2001 0:00,10/23/2001 0:00,alfisols,xeralfs,haploxeralfs,ultic haploxeralfs,,37.6721479,-119.7982022,3951,4470
S1961CA017004,107995,2736,2736,S1961CA017004,1961,site_obsdate,1985,Developed,1,1,CONUS,v2025-11,6/1/1961 0:00,6/1/1961 0:00,alfisols,xeralfs,haploxeralfs,mollic haploxeralfs,fine-loamy,38.8297234,-120.980278,3951,4457
S1955CA065015,100080,2692,2692,S1955CA065015,1955,site_obsdate,1985,Developed,1,1,CONUS,v2025-11,12/9/1955 0:00,12/9/1955 0:00,alfisols,xeralfs,haploxeralfs,typic haploxeralfs,fine-loamy,33.5175018,-117.1575012,3951,4481
78CA033023,119738,6921,6921,S1978CA033023,1978,site_obsdate,1985,Developed,1,1,CONUS,v2025-11,7/3/1978 0:00,7/1/1978 0:00,alfisols,xeralfs,haploxeralfs,ultic haploxeralfs,loamy-skeletal,38.9382095,-122.7394104,3951,4465
S1959OR067004,105317,897,897,S1959OR067004,1959,site_obsdate,1985,Developed,1,1,CONUS,v2025-11,7/26/1959 0:00,7/26/1959 0:00,alfisols,xeralfs,haploxeralfs,ultic haploxeralfs,fine-silty,45.3952789,-122.8122253,3991,6546
S1958WA039004,106729,965,965,S1958WA039004,1958,site_obsdate,1985,Developed,1,1,CONUS,v2025-11,4/22/1958 0:00,4/22/1958 0:00,alfisols,xeralfs,haploxeralfs,ultic haploxeralfs,fine-loamy,45.7808342,-120.8427811,4006,7387
S1964CA073001,1212203,188,188,S1964CA073001,1964,site_obsdate,1985,Developed,1,1,CONUS,v2025-11,2/17/1964 0:00,2/17/1964 0:00,inceptisols,xerepts,haploxerepts,typic haploxerepts,coarse-loamy,33.3491669,-117.2399979,3951,4485
66-CA-05-006x,533667,52799,52073,S1966-CA-05-006x,2009,site_obsdate,1985,Developed,1,0,CONUS,v2025-11,1/23/2009 0:00,1/23/2009 0:00,inceptisols,xerepts,haploxerepts,lithic haploxerepts,loamy,37.898274,-120.5825566,3951,4453
08ID057011,426852,39559,38942,S2008ID057011,2008,site_obsdate,1985,Developed,1,0,CONUS,v2025-11,7/30/2008 0:00,7/30/2008 0:00,inceptisols,xerepts,haploxerepts,aquandic haploxerepts,coarse-loamy,46.8193054,-116.5971146,3964,4945
S1999WA063007,9684,25477,25477,S1999WA063007,1999,site_obsdate,1985,Developed,1,0,CONUS,v2025-11,10/13/1999 0:00,10/13/1999 0:00,inceptisols,xerepts,haploxerepts,typic haploxerepts,coarse-loamy,47.5636101,-117.6490249633789,4006,7399
85CA021003,122890,12534,12534,S1985CA021003,1985,site_obsdate,1985,Developed,1,0,CONUS,v2025-11,6/3/1985 0:00,6/1/1985 0:00,vertisols,xererts,haploxererts,aridic haploxererts,fine,39.5472221,-122.351387,3951,4459
S1969CA071026,100117,5584,5584,S1969CA071026,1969,site_obsdate,1985,Developed,1,1,CONUS,v2025-11,6/11/1969 0:00,6/11/1969 0:00,vertisols,xererts,haploxererts,aridic haploxererts,fine,33.9900017,-117.723053,3951,4484
S2013CA037001,853525,70411,68438,S2013CA037001,2013,site_obsdate,1985,Developed,1,0,CONUS,v2025-11,4/6/2010 0:00,4/2/2013 0:00,vertisols,xererts,haploxererts,aridic haploxererts,fine,34.0305556,-117.9247222,3951,4467
S1976CA037106,171360,3177,3177,S1976CA037106,1976,site_obsdate,1985,Developed,1,1,CONUS,v2025-11,11/1/1976 0:00,11/1/1976 0:00,mollisols,xerolls,haploxerolls,vertic haploxerolls,,34.3769455,-118.4205551,3951,4467
S1957CA065006,100086,2883,2883,S1957CA065006,1957,site_obsdate,1985,Developed,1,1,CONUS,v2025-11,6/4/1957 0:00,6/4/1957 0:00,mollisols,xerolls,haploxerolls,oxyaquic haploxerolls,fine,33.7727776,-117.1991653,3951,4481
S1969CA061022,108097,5572,5572,S1969CA061022,1969,site_obsdate,1985,Developed,1,1,CONUS,v2025-11,5/9/1969 0:00,5/9/1969 0:00,mollisols,xerolls,haploxerolls,typic haploxerolls,coarse-loamy,38.7438889,-121.1975021,3951,4479
87CA107008,124486,14408,14408,S1987CA107008,1987,site_obsdate,1985,Developed,1,0,CONUS,v2025-11,4/3/1987 0:00,4/1/1987 0:00,mollisols,xerolls,haploxerolls,entic haploxerolls,coarse-loamy,36.4118996,-119.1326141,3951,4502
91CA055001,127430,18187,18187,S1991CA055001,1991,site_obsdate,1985,Developed,1,0,CONUS,v2025-11,6/1/1991 0:00,6/1/1991 0:00,mollisols,xerolls,haploxerolls,cumulic ultic haploxerolls,fine-loamy,38.2566681,-122.3713913,3951,4476
90ID073002,958343,17229,17229,90ID073002,1990,site_obsdate,1985,Developed,1,0,CONUS,v2025-11,,6/1/1990 0:00,mollisols,xerolls,haploxerolls,vitrandic haploxerolls,ashy-skeletal,42.6908333,-116.4069444,3964,4953
89ID023001,125886,16188,16188,S1989ID023001,1989,site_obsdate,1985,Developed,1,0,CONUS,v2025-11,7/1/1989 0:00,7/1/1989 0:00,mollisols,xerolls,haploxerolls,aridic haploxerolls,sandy,43.5880547,-113.2877808,3964,4928
91MT089005,127538,18305,18305,S1991MT089005,1991,site_obsdate,1985,Developed,1,0,CONUS,v2025-11,5/3/1991 0:00,5/1/1991 0:00,mollisols,xerolls,haploxerolls,typic haploxerolls,loamy-skeletal,47.5736122,-115.2816696,3979,5946
S1997OR023026,109365,23681,23681,S1997OR023026,1997,site_obsdate,1985,Developed,1,0,CONUS,v2025-11,10/1/1997 0:00,10/1/1997 0:00,mollisols,xerolls,haploxerolls,pachic ultic haploxerolls,,44.6836128,-119.1116638,3991,6524
S1957OR065006,105284,840,840,S1957OR065006,1957,site_obsdate,1985,Developed,1,1,CONUS,v2025-11,5/1/1957 0:00,5/1/1957 0:00,mollisols,xerolls,haploxerolls,calcic haploxerolls,coarse-loamy,45.4627762,-121.08555603027344,3991,6545
S1957OR065005,105283,839,839,S1957OR065005,1957,site_obsdate,1985,Developed,1,1,CONUS,v2025-11,5/1/1957 0:00,5/1/1957 0:00,mollisols,xerolls,haploxerolls,typic haploxerolls,coarse-silty,45.5791664,-121.0102768,3991,6545
S1957OR055001,105213,854,854,S1957OR055001,1957,site_obsdate,1985,Developed,1,1,CONUS,v2025-11,5/8/1957 0:00,5/8/1957 0:00,mollisols,xerolls,haploxerolls,typic haploxerolls,fine-silty,45.2724991,-120.7038879,3991,6540
S1967OR035006,105113,5435,5435,S1967OR035006,1967,site_obsdate,1985,Developed,1,1,CONUS,v2025-11,9/13/1967 0:00,9/13/1967 0:00,mollisols,xerolls,haploxerolls,typic haploxerolls,fine-loamy,42.1952782,-121.4508362,3991,6530
S10UT029001,603684,66100,64175,S10UT029001,2010,site_obsdate,1985,Developed,1,0,CONUS,v2025-11,,6/15/2010 0:00,mollisols,xerolls,haploxerolls,fluvaquentic haploxerolls,,41.22154998779297,-111.3594694,4002,7199
86WA075007,123578,13371,13371,S1986WA075007,1986,site_obsdate,1985,Developed,1,0,CONUS,v2025-11,9/1/1986 0:00,9/1/1986 0:00,mollisols,xerolls,haploxerolls,calcic haploxerolls,,46.7629051,-117.9855194,4006,7405
S1996WA007005,106622,22859,22859,S1996WA007005,1996,site_obsdate,1985,Developed,1,0,CONUS,v2025-11,8/13/1996 0:00,8/13/1996 0:00,mollisols,xerolls,haploxerolls,vitritorrandic haploxerolls,,47.8905563,-120.0788879,4006,7371
S2004WA001001,160471,31989,31870,S2004WA001001,2004,site_obsdate,1985,Developed,1,0,CONUS,v2025-11,9/30/2004 0:00,9/30/2004 0:00,mollisols,xerolls,haploxerolls,typic haploxerolls,,46.7666512,-118.3420639,4006,7368
S2018WA075006,1378467,75278,135874,S2018WA075006,2018,site_obsdate,1985,Developed,1,0,CONUS,v2025-11,9/27/2018 0:00,9/29/2018 0:00,mollisols,xerolls,haploxerolls,pachic ultic haploxerolls,,46.78929901123047,-117.4389028,4006,7405
S2008WA063003,308037,39522,38905,S2008WA063003,2008,site_obsdate,1985,Developed,1,0,CONUS,v2025-11,8/19/2008 0:00,8/19/2008 0:00,mollisols,xerolls,haploxerolls,vitrandic haploxerolls,coarse-loamy,47.623023986816406,-117.3703003,4006,7399
S1991WA001005,106604,18700,18700,S1991WA001005,1991,site_obsdate,1985,Developed,1,0,CONUS,v2025-11,8/22/1991 0:00,8/20/1991 0:00,mollisols,xerolls,haploxerolls,calciorthidic haploxerolls,coarse-silty,47.1958351,-118.4944458,4006,7368
S2008WA063004,318394,39523,38906,S2008WA063004,2008,site_obsdate,1985,Developed,1,0,CONUS,v2025-11,8/20/2008 0:00,8/20/2008 0:00,mollisols,xerolls,haploxerolls,entic ultic haploxerolls,coarse-loamy,47.6449814,-117.4446793,4006,7399
S1969WA023017,113916,10171,10171,S1969WA023017,1969,site_obsdate,1985,Developed,1,1,CONUS,v2025-11,6/1/1969 0:00,6/1/1969 0:00,mollisols,xerolls,haploxerolls,pachic haploxerolls,fine-silty,46.6465225,-117.4930038,4006,7379
S2008WA063001,282188,34796,34582,S2008WA063001,2008,site_obsdate,1985,Developed,1,0,CONUS,v2025-11,4/11/2008 0:00,4/11/2008 0:00,mollisols,xerolls,haploxerolls,vitrandic haploxerolls,loamy-skeletal,47.6663972,-117.4408306,4006,7399
S2008WA063002,282181,34797,34583,S2008WA063002,2008,site_obsdate,1985,Developed,1,0,CONUS,v2025-11,4/16/2008 0:00,4/16/2008 0:00,mollisols,xerolls,haploxerolls,vitrandic haploxerolls,ashy,47.6431236,-117.3950958,4006,7399
S2008WA063005,318408,39524,38907,S2008WA063005,2008,site_obsdate,1985,Developed,1,0,CONUS,v2025-11,8/19/2008 0:00,8/19/2008 0:00,mollisols,xerolls,haploxerolls,calcic haploxerolls,sandy-skeletal,47.6569939,-117.4481506,4006,7399
S2008WA063006,318974,39525,38908,S2008WA063006,2008,site_obsdate,1985,Developed,1,0,CONUS,v2025-11,8/26/2008 0:00,8/26/2008 0:00,mollisols,xerolls,haploxerolls,entic haploxerolls,sandy-skeletal,47.6402512,-117.3774414,4006,7399
S2004AR001001,159100,32242,32123,AR001 SCAN_Dewitt-Stuttgart,2004,site_obsdate,1985,Developed,1,0,CONUS,v2025-11,5/11/2004 0:00,5/11/2004 0:00,alfisols,udalfs,hapludalfs,albaquultic hapludalfs,fine,34.2833328,-91.3499985,3948,4354
1972AR07502,816442,58894,58091,1972AR07502,1972,site_obsdate,1985,Developed,1,1,CONUS,v2025-11,9/18/2017 0:00,6/1/1972 0:00,alfisols,udalfs,hapludalfs,typic hapludalfs,fine-loamy,35.944698333740234,-91.3386001586914,3948,4391
S1992DE001003,1046814,19999,19999,S1992DE001003,1990,site_obsdate,1985,Developed,1,0,CONUS,v2025-11,11/11/1990 0:00,11/11/1990 0:00,alfisols,udalfs,hapludalfs,ultic hapludalfs,coarse-loamy,39.2166672,-75.6280594,3956,4579
S1965IA089925,1098291,71252,69276,S1965IA089925,2014,site_obsdate,1985,Developed,1,0,CONUS,v2025-11,12/10/2014 0:00,12/10/2014 0:00,alfisols,udalfs,hapludalfs,aquollic hapludalfs,,43.334571838378906,-92.55413055419922,3963,4862
S1953IA165003,101279,1429,1429,S1953IA165003,1953,site_obsdate,1985,Developed,1,1,CONUS,v2025-11,8/1/1953 0:00,8/1/1953 0:00,alfisols,udalfs,hapludalfs,mollic hapludalfs,fine,41.6744461,-95.3441696,3963,4900
S1944IA097001,1239598,1365,1365,S1944IA097001,1944,site_obsdate,1985,Developed,1,1,CONUS,v2025-11,10/3/1944 0:00,10/3/1944 0:00,alfisols,udalfs,hapludalfs,typic hapludalfs,fine-silty,42.1922226,-90.5691681,3963,4866
84IA1210021,122443,12023,12023,S1984IA1210021,1984,site_obsdate,1985,Developed,1,1,CONUS,v2025-11,11/3/1984 0:00,11/1/1984 0:00,alfisols,udalfs,hapludalfs,aquic hapludalfs,fine-loamy,41.2669449,-93.9844437,3963,4878
84IA1210022,122444,12024,12024,S1984IA1210022,1984,site_obsdate,1985,Developed,1,1,CONUS,v2025-11,11/3/1984 0:00,11/1/1984 0:00,alfisols,udalfs,hapludalfs,aquollic hapludalfs,fine-loamy,41.2694435,-93.9844437,3963,4878
85IA1350041,123350,13062,13062,S1985IA135041,1985,site_obsdate,1985,Developed,1,0,CONUS,v2025-11,11/3/1985 0:00,11/1/1985 0:00,alfisols,udalfs,hapludalfs,aquollic hapludalfs,fine-silty,41.0277786,-92.8000031,3963,4885
83IA107001,121916,11185,11185,S1983IA107001,1983,site_obsdate,1985,Developed,1,1,CONUS,v2025-11,10/1/1983 0:00,10/1/1983 0:00,alfisols,udalfs,hapludalfs,typic hapludalfs,fine-loamy,41.3400002,-92.269722,3963,4871
S1982IA097003,836516,70767,68795,S1982IA097003,1983,site_obsdate,1985,Developed,1,1,CONUS,v2025-11,8/1/1983 0:00,8/1/1983 0:00,alfisols,udalfs,hapludalfs,lithic hapludalfs,loamy,42.0990696,-90.3066746,3963,4866
S1984IA065034,1048993,12168,12168,S1984IA065034,1984,site_obsdate,1985,Developed,1,1,CONUS,v2025-11,11/6/1984 0:00,11/1/1984 0:00,alfisols,udalfs,hapludalfs,mollic hapludalfs,fine-silty,42.9661102,-91.7699966,3963,4850
S1969IA089002,845213,70667,68695,S1969IA089002,1963,site_obsdate,1985,Developed,1,1,CONUS,v2025-11,7/10/1963 0:00,7/10/1963 0:00,alfisols,udalfs,hapludalfs,mollic hapludalfs,fine-silty,43.4862592,-92.1003444,3963,4862
S1959IA191034,947358,71153,69177,S1959IA191034,2013,site_obsdate,1985,Developed,1,0,CONUS,v2025-11,12/10/2013 0:00,12/10/2013 0:00,alfisols,udalfs,hapludalfs,mollic hapludalfs,fine-silty,43.1834519,-91.6927883,3963,4913
S1975IA043010,1080248,71288,69312,S1975IA043010,1975,site_obsdate,1985,Developed,1,1,CONUS,v2025-11,7/17/1975 0:00,7/17/1975 0:00,alfisols,udalfs,hapludalfs,mollic hapludalfs,fine-silty,43.081067,-91.3305639,3963,4839
S2006IA065003,1239595,33682,33500,S2006IA065003,2006,site_obsdate,1985,Developed,1,0,CONUS,v2025-11,10/31/2006 0:00,10/31/2006 0:00,alfisols,udalfs,hapludalfs,typic hapludalfs,fine-silty,42.900115966796875,-91.6911697,3963,4850
S1969IA043004,934168,70662,68690,S1969IA043004,1969,site_obsdate,1985,Developed,1,1,CONUS,v2025-11,7/9/1969 0:00,7/9/1969 0:00,alfisols,udalfs,hapludalfs,typic hapludalfs,fine-silty,42.6902068,-91.2012002,3963,4839
S1972IA065006,845239,71283,69307,S1972IA065006,1972,site_obsdate,1985,Developed,1,1,CONUS,v2025-11,11/20/1972 0:00,11/20/1972 0:00,alfisols,udalfs,hapludalfs,typic hapludalfs,fine-silty,42.9962928,-91.6618123,3963,4850
93ID035003,101449,20760,20760,S1993ID035003,1993,site_obsdate,1985,Developed,1,0,CONUS,v2025-11,7/22/1993 0:00,7/20/1993 0:00,alfisols,udalfs,hapludalfs,vitrandic hapludalfs,loamy-skeletal,46.4666672,-116.1727753,3964,4934
1979IL133005,375582,36559,35944,1979IL133005,1978,site_obsdate,1985,Developed,1,1,CONUS,v2025-11,11/1/1978 0:00,11/1/1978 0:00,alfisols,udalfs,hapludalfs,aquic hapludalfs,fine-silty,38.3988971,-90.2219653,3965,5027
1978IL005006,375711,36428,35813,1978IL005006,1978,site_obsdate,1985,Developed,1,1,CONUS,v2025-11,8/1/1978 0:00,8/1/1978 0:00,alfisols,udalfs,hapludalfs,aquollic hapludalfs,fine,38.8076114,-89.267838,3965,4963
1982IL011062,350959,36878,36263,1982IL011062,1981,site_obsdate,1985,Developed,1,1,CONUS,v2025-11,11/1/1981 0:00,11/1/1981 0:00,alfisols,udalfs,hapludalfs,lamellic hapludalfs,sandy,41.4882303,-89.7810857,3965,4966
1982IL171005,350960,36898,36283,1982IL171005,1981,site_obsdate,1985,Developed,1,1,CONUS,v2025-11,1/1/1981 0:00,1/1/1981 0:00,alfisols,udalfs,hapludalfs,lamellic hapludalfs,sandy,39.6058498,-90.5005344,3965,5046
1948IL129002,973570,2609,2609,1948IL129002,1948,site_obsdate,1985,Developed,1,1,CONUS,v2025-11,8/10/1948 0:00,8/10/1948 0:00,alfisols,udalfs,hapludalfs,mollic hapludalfs,fine-silty,39.98861111,-89.86916667,3965,5025
83IL-115-010,963510,37019,36404,83IL-115-010,1982,site_obsdate,1985,Developed,1,1,CONUS,v2025-11,,12/1/1982 0:00,alfisols,udalfs,hapludalfs,mollic hapludalfs,fine-loamy,39.7860903,-89.1163646,3965,5018
1952IL099001,315065,35824,35209,1952IL099001,1952,site_obsdate,1985,Developed,1,1,CONUS,v2025-11,6/1/1952 0:00,6/1/1952 0:00,alfisols,udalfs,hapludalfs,oxyaquic hapludalfs,fine,41.3376351,-88.7075691,3965,5010
1977IL073018,375675,36381,35766,1977IL073018,1977,site_obsdate,1985,Developed,1,1,CONUS,v2025-11,11/1/1977 0:00,11/1/1977 0:00,alfisols,udalfs,hapludalfs,oxyaquic hapludalfs,fine-silty,41.3177427,-90.1252136,3965,4997
S1953IL101008,101733,2573,2573,S1953IL101008,1953,site_obsdate,1985,Developed,1,1,CONUS,v2025-11,9/17/1953 0:00,9/17/1953 0:00,alfisols,udalfs,hapludalfs,typic hapludalfs,fine-silty,38.7672234,-87.7452774,3965,5011
1928IL163001,315055,35841,35226,1928IL163001,1928,site_obsdate,1985,Developed,1,1,CONUS,v2025-11,10/1/1928 0:00,10/1/1928 0:00,alfisols,udalfs,hapludalfs,typic hapludalfs,fine-silty,38.65276336669922,-90.0117812,3965,5042
1940IL187002,314888,35902,35287,1940IL187002,1940,site_obsdate,1985,Developed,1,1,CONUS,v2025-11,11/1/1940 0:00,11/1/1940 0:00,alfisols,udalfs,hapludalfs,typic hapludalfs,fine,40.8017585,-90.4811441,3965,5054
1976IL085002,355126,36299,35684,1976IL085002,1976,site_obsdate,1985,Developed,1,1,CONUS,v2025-11,7/1/1976 0:00,7/1/1976 0:00,alfisols,udalfs,hapludalfs,typic hapludalfs,fine-silty,42.4772639,-90.087325,3965,5003
1977IL073003,355060,36345,35730,1977IL073003,1976,site_obsdate,1985,Developed,1,1,CONUS,v2025-11,11/1/1976 0:00,11/1/1976 0:00,alfisols,udalfs,hapludalfs,typic hapludalfs,fine-silty,41.2880154,-89.88619995117188,3965,4997
1980IL171060,351052,36753,36138,1980IL171060,1980,site_obsdate,1985,Developed,1,1,CONUS,v2025-11,8/1/1980 0:00,8/1/1980 0:00,alfisols,udalfs,hapludalfs,typic hapludalfs,coarse-loamy,39.5704503,-90.5239379,3965,5046
1984IL029108,375230,37179,36564,1984IL029108,1984,site_obsdate,1985,Developed,1,1,CONUS,v2025-11,2/1/1984 0:00,2/1/1984 0:00,alfisols,udalfs,hapludalfs,typic hapludalfs,fine-loamy,39.3737889,-88.4532694,3965,4975
1986IL193069,314769,37504,36889,1986IL193069,1986,site_obsdate,1985,Developed,1,0,CONUS,v2025-11,2/1/1986 0:00,2/1/1986 0:00,alfisols,udalfs,hapludalfs,typic hapludalfs,fine-loamy,37.9477056,-88.1078028,3965,5057
1983IL067001,314494,37689,37074,1983IL067001,2007,site_obsdate,1985,Developed,1,0,CONUS,v2025-11,9/28/2007 0:00,9/28/2007 0:00,alfisols,udalfs,hapludalfs,typic hapludalfs,fine-silty,40.3005556,-90.9288889,3965,4994
1984IL041006,375358,37715,37100,1984IL041006,1985,site_obsdate,1985,Developed,1,0,CONUS,v2025-11,1/1/1985 0:00,1/1/1985 0:00,alfisols,udalfs,hapludalfs,typic hapludalfs,fine-silty,39.7055833,-88.0274083,3965,4981
1928IL133002,314850,35840,35225,1928IL133002,1928,site_obsdate,1985,Developed,1,1,CONUS,v2025-11,8/1/1928 0:00,8/1/1928 0:00,alfisols,udalfs,hapludalfs,ultic hapludalfs,fine-silty,38.454488,-90.2173069,3965,5027
1938IL163002,314853,35877,35262,1938IL163002,1938,site_obsdate,1985,Developed,1,1,CONUS,v2025-11,11/1/1938 0:00,11/1/1938 0:00,alfisols,udalfs,hapludalfs,ultic hapludalfs,fine-silty,38.6345355,-90.0020225,3965,5042
70IL-163-001,963368,36184,35569,70IL-163-001,1970,site_obsdate,1985,Developed,1,1,CONUS,v2025-11,,8/1/1970 0:00,alfisols,udalfs,hapludalfs,ultic hapludalfs,fine-silty,38.6089609,-90.0199203,3965,5042
1981IL145029,351144,36848,36233,1981IL145029,1981,site_obsdate,1985,Developed,1,1,CONUS,v2025-11,1/1/1981 0:00,1/1/1981 0:00,alfisols,udalfs,hapludalfs,ultic hapludalfs,fine-silty,38.1543876,-89.1570477,3965,5033
1985IL173011,846634,37375,36760,1985IL173011,1985,site_obsdate,1985,Developed,1,0,CONUS,v2025-11,6/1/1985 0:00,6/1/1985 0:00,alfisols,udalfs,hapludalfs,aquic hapludalfs,fine,39.4875528,-88.7207028,3965,5047
84IL121050,123465,13194,13194,S1984IL121050,1984,site_obsdate,1985,Developed,1,1,CONUS,v2025-11,4/3/1984 0:00,4/1/1984 0:00,alfisols,udalfs,hapludalfs,mollic hapludalfs,fine-silty,38.53888702392578,-88.9397202,3965,5021
90IL111003a,274534,17623,17623,90IL111003a,1990,site_obsdate,1985,Developed,1,0,CONUS,v2025-11,11/1/1990 0:00,11/1/1990 0:00,alfisols,udalfs,hapludalfs,mollic hapludalfs,fine-loamy,42.3855656,-88.3819867,3965,5016
1968IL043001,824168,36121,35506,1968IL043001,1968,site_obsdate,1985,Developed,1,1,CONUS,v2025-11,5/1/1968 0:00,5/1/1968 0:00,alfisols,udalfs,hapludalfs,oxyaquic hapludalfs,fine,41.7016889,-87.9923361,3965,4982
S1992IL111035,101757,20362,20362,S1992IL111035,1992,site_obsdate,1985,Developed,1,0,CONUS,v2025-11,12/3/1992 0:00,12/1/1992 0:00,alfisols,udalfs,hapludalfs,typic hapludalfs,fine-loamy,42.3852882,-88.3311539,3965,5016
1978IN049004,313901,38751,38136,1978IN049004,1978,site_obsdate,1985,Developed,1,1,CONUS,v2025-11,8/23/1978 0:00,8/23/1978 0:00,alfisols,udalfs,hapludalfs,aquic arenic hapludalfs,loamy,41.0175472,-86.4149861,3966,5087
1984IN035002,313985,39239,38624,1984IN035002,1984,site_obsdate,1985,Developed,1,1,CONUS,v2025-11,11/17/1984 0:00,11/17/1984 0:00,alfisols,udalfs,hapludalfs,aquic hapludalfs,fine,40.3505556,-85.4438778,3966,5080
1986IN157007,314358,39342,38727,1986IN157007,1986,site_obsdate,1985,Developed,1,0,CONUS,v2025-11,5/28/1986 0:00,5/28/1986 0:00,alfisols,udalfs,hapludalfs,mollic hapludalfs,fine-silty,40.3463222,-86.9014139,3966,5141
S1955IN003017,101868,5017,5017,S1955IN003017,1955,site_obsdate,1985,Developed,1,1,CONUS,v2025-11,10/1/1955 0:00,10/1/1955 0:00,alfisols,udalfs,hapludalfs,oxyaquic hapludalfs,fine,40.9930763,-85.0565948,3966,5064
1983IN051013,314284,39213,38598,1983IN051013,1983,site_obsdate,1985,Developed,1,1,CONUS,v2025-11,11/1/1983 0:00,11/1/1983 0:00,alfisols,udalfs,hapludalfs,psammentic hapludalfs,mesic,38.2745583,-87.7601306,3966,5088
1977IN169010,312874,38190,37575,1977IN169010,1977,site_obsdate,1985,Developed,1,1,CONUS,v2025-11,7/23/1977 0:00,7/23/1977 0:00,alfisols,udalfs,hapludalfs,typic hapludalfs,fine-loamy,41.0210583,-85.7221667,3966,5147
1976IN103001,313463,38338,37723,1976IN103001,1976,site_obsdate,1985,Developed,1,1,CONUS,v2025-11,9/13/1976 0:00,9/13/1976 0:00,alfisols,udalfs,hapludalfs,typic hapludalfs,fine-loamy,40.9819806,-86.1368333,3966,5114
1978IN169007,313498,38470,37855,1978IN169007,1978,site_obsdate,1985,Developed,1,1,CONUS,v2025-11,8/17/1978 0:00,8/17/1978 0:00,alfisols,udalfs,hapludalfs,typic hapludalfs,fine-loamy,41.0035167,-85.8014528,3966,5147
1979IN077012,313785,38572,37957,1979IN077012,1979,site_obsdate,1985,Developed,1,1,CONUS,v2025-11,8/23/1979 0:00,8/23/1979 0:00,alfisols,udalfs,hapludalfs,typic hapludalfs,fine,38.7638333,-85.3087778,3966,5101
1977IN099001,313640,38685,38070,1977IN099001,1977,site_obsdate,1985,Developed,1,1,CONUS,v2025-11,5/18/1977 0:00,5/18/1977 0:00,alfisols,udalfs,hapludalfs,typic hapludalfs,fine-silty,41.1764444,-86.3708583,3966,5112
1979IN135033,313641,38686,38071,1979IN135033,1979,site_obsdate,1985,Developed,1,1,CONUS,v2025-11,10/2/1979 0:00,10/2/1979 0:00,alfisols,udalfs,hapludalfs,typic hapludalfs,fine-loamy,40.1569111,-85.0548694,3966,5130
1979IN049006,313701,38866,38251,1979IN049006,1979,site_obsdate,1985,Developed,1,1,CONUS,v2025-11,9/21/1979 0:00,9/21/1979 0:00,alfisols,udalfs,hapludalfs,typic hapludalfs,fine-loamy,41.1528389,-86.2038333,3966,5087
1981IN047006,314206,39135,38520,1981IN047006,1980,site_obsdate,1985,Developed,1,1,CONUS,v2025-11,8/12/1980 0:00,8/12/1980 0:00,alfisols,udalfs,hapludalfs,typic hapludalfs,fine,39.4215472,-85.1667722,3966,5086
1983IN051009,314292,39276,38661,1983IN051009,1983,site_obsdate,1985,Developed,1,1,CONUS,v2025-11,7/20/1983 0:00,7/20/1983 0:00,alfisols,udalfs,hapludalfs,typic hapludalfs,fine-loamy,38.3430667,-87.6115333,3966,5088
1985IN051004,314301,39285,38670,1985IN051004,1985,site_obsdate,1985,Developed,1,0,CONUS,v2025-11,3/15/1985 0:00,3/15/1985 0:00,alfisols,udalfs,hapludalfs,typic hapludalfs,fine-loamy,38.3799444,-87.7462306,3966,5088
1977IN021044,313390,38217,37602,1977IN021044,1977,site_obsdate,1985,Developed,1,1,CONUS,v2025-11,9/6/1977 0:00,9/6/1977 0:00,alfisols,udalfs,hapludalfs,ultic hapludalfs,fine-loamy,39.5575528,-87.0509111,3966,5073
1978IN031015,313241,38412,37797,1978IN031015,1978,site_obsdate,1985,Developed,1,1,CONUS,v2025-11,6/22/1978 0:00,6/22/1978 0:00,alfisols,udalfs,hapludalfs,ultic hapludalfs,fine-silty,39.3201861,-85.2984306,3966,5078
1979IN077021,313663,38720,38105,1979IN077021,1979,site_obsdate,1985,Developed,1,1,CONUS,v2025-11,9/17/1979 0:00,9/17/1979 0:00,alfisols,udalfs,hapludalfs,ultic hapludalfs,fine-loamy,38.8061944,-85.6729444,3966,5101
1980IN055003,314156,39085,38470,1980IN055003,1980,site_obsdate,1985,Developed,1,1,CONUS,v2025-11,9/3/1980 0:00,9/3/1980 0:00,alfisols,udalfs,hapludalfs,ultic hapludalfs,fine-silty,39.154624938964844,-87.0331278,3966,5090
82IN159018,957349,11056,11056,82IN159018,1984,site_obsdate,1985,Developed,1,1,CONUS,v2025-11,9/3/2000 0:00,6/1/1984 0:00,alfisols,udalfs,hapludalfs,aquic hapludalfs,loamy,40.2316966,-86.1182999,3966,5142
S1993IN021001,101875,20870,20870,S1993IN021001,1993,site_obsdate,1985,Developed,1,0,CONUS,v2025-11,11/13/1993 0:00,11/11/1993 0:00,alfisols,udalfs,hapludalfs,aquic hapludalfs,fine-silty,39.504817962646484,-87.1628647,3966,5073
94IN039020,35721,21508,21508,94IN039020,1994,site_obsdate,1985,Developed,1,0,CONUS,v2025-11,10/20/1994 0:00,10/18/1994 0:00,alfisols,udalfs,hapludalfs,aquic hapludalfs,fine-loamy,41.54666667,-85.92083333,3966,5082
85IN157001,122917,12571,12571,S1985IN157001,1985,site_obsdate,1985,Developed,1,0,CONUS,v2025-11,7/1/1985 0:00,7/1/1985 0:00,alfisols,udalfs,hapludalfs,mollic hapludalfs,fine-loamy over sandy or sandy-skeletal,40.4583321,-86.8319473,3966,5141
S1994IN039007,101931,21653,21653,S1994IN039007,1994,site_obsdate,1985,Developed,1,0,CONUS,v2025-11,11/2/1994 0:00,10/31/1994 0:00,alfisols,udalfs,hapludalfs,typic hapludalfs,fine,41.5311127,-85.6944427,3966,5082
2020IN105002,1393696,37984,37369,1975IN105001,1975,site_obsdate,1985,Developed,1,1,CONUS,v2025-11,3/17/1975 0:00,3/17/1975 0:00,alfisols,udalfs,hapludalfs,typic hapludalfs,fine,39.1621194,-86.562575,3966,5115
2020IN105004,1393698,37986,37371,1975IN105003,1975,site_obsdate,1985,Developed,1,1,CONUS,v2025-11,3/18/1975 0:00,3/18/1975 0:00,alfisols,udalfs,hapludalfs,typic hapludalfs,fine,39.16415023803711,-86.5709306,3966,5115
S1993KS207002,915699,52292,51566,93KS207002,1993,site_obsdate,1985,Developed,1,0,CONUS,v2025-11,,9/15/1993 0:00,alfisols,udalfs,hapludalfs,typic hapludalfs,fine-loamy,37.7963905,-95.7616653,3967,5258
77KY211 Shelbyville-OSD,359003,55166,54365,77KY211 Shelbyville-OSD,2009,site_obsdate,1985,Developed,1,0,CONUS,v2025-11,9/9/2009 0:00,9/9/2009 0:00,alfisols,udalfs,hapludalfs,mollic hapludalfs,fine-silty,38.2082443,-85.1744461,3968,5365
61KY085001,242487,54996,54195,61KY085001,1961,site_obsdate,1985,Developed,1,1,CONUS,v2025-11,6/15/1961 0:00,6/15/1961 0:00,alfisols,udalfs,hapludalfs,ultic hapludalfs,fine-loamy,37.4861944,-86.3063611,3968,5302
S1963LA083005,102399,1304,1304,S1963LA083005,1963,site_obsdate,1985,Developed,1,1,CONUS,v2025-11,11/1/1963 0:00,11/1/1963 0:00,alfisols,udalfs,hapludalfs,ultic hapludalfs,fine-silty,32.3161125,-91.8697205,3969,5421
S2006LA037001,273432,33863,33666,S2006LA037001-Kentwood,2006,site_obsdate,1985,Developed,1,0,CONUS,v2025-11,5/26/2006 0:00,5/25/2006 0:00,alfisols,udalfs,hapludalfs,ultic hapludalfs,fine-loamy,30.7456951,-90.8583603,3969,5398
88MD510011,821712,14884,14884,S1988MD510011,1988,site_obsdate,1985,Developed,1,0,CONUS,v2025-11,,11/1/1988 0:00,alfisols,udalfs,hapludalfs,aquic hapludalfs,,39.3455544,-76.7024994,3971,5481
S1985MD031013,796768,13058,13058,S1985MD031013,1985,site_obsdate,1985,Developed,1,0,CONUS,v2025-11,11/1/1985 0:00,11/1/1985 0:00,alfisols,udalfs,hapludalfs,typic hapludalfs,loamy-skeletal,39.2883339,-77.2330551,3971,5472
S1999MD005003,796777,24776,24776,S1999MD005003,1999,site_obsdate,1985,Developed,1,0,CONUS,v2025-11,9/29/1999 0:00,9/29/1999 0:00,alfisols,udalfs,hapludalfs,typic hapludalfs,fine-loamy,39.4478222,-76.7733278,3971,5460
86MD510002,821724,13858,13858,S1986MD510002,1986,site_obsdate,1985,Developed,1,0,CONUS,v2025-11,,10/1/1986 0:00,alfisols,udalfs,hapludalfs,ultic hapludalfs,fine-loamy,39.3676028,-76.6605222,3971,5481
86MD510004,821708,13860,13860,S1986MD510004,1986,site_obsdate,1985,Developed,1,0,CONUS,v2025-11,,10/1/1986 0:00,alfisols,udalfs,hapludalfs,ultic hapludalfs,fine,39.3444722,-76.7082611,3971,5481
S1986MD031009,796767,13573,13573,S1986MD031009,1986,site_obsdate,1985,Developed,1,0,CONUS,v2025-11,,7/1/1986 0:00,alfisols,udalfs,hapludalfs,typic hapludalfs,fine,39.1532028,-77.1581667,3971,5472
S1999MI003001,97985,25617,25617,H99MI003-1,1998,site_obsdate,1985,Developed,1,0,CONUS,v2025-11,6/5/1998 0:00,6/5/1998 0:00,alfisols,udalfs,hapludalfs,typic hapludalfs,,46.385807037353516,-86.9167633,3974,5532
S1971MI125001,102716,1869,1869,S1971MI125001,1971,site_obsdate,1985,Developed,1,1,CONUS,v2025-11,10/10/1971 0:00,10/10/1971 0:00,alfisols,udalfs,hapludalfs,glossoboric hapludalfs,fine-loamy,42.8491707,-83.2501449584961,3974,5593
S1975MI075003,102661,1860,1860,S1975MI075003,1975,site_obsdate,1985,Developed,1,1,CONUS,v2025-11,10/10/1975 0:00,10/10/1975 0:00,alfisols,udalfs,hapludalfs,typic hapludalfs,loamy-skeletal,42.2900085,-84.3957367,3974,5568
S2008MI049001,315488,35269,35049,S2008MI049001,2008,site_obsdate,1985,Developed,1,0,CONUS,v2025-11,4/25/2008 0:00,4/25/2008 0:00,alfisols,udalfs,hapludalfs,aquic hapludalfs,fine-loamy,42.9649806,-83.8994917,3974,5555
S2009MI091006,355610,40391,39760,S2009MI091006,2009,site_obsdate,1985,Developed,1,0,CONUS,v2025-11,7/20/2009 0:00,7/20/2009 0:00,alfisols,udalfs,hapludalfs,aquic hapludalfs,fine,41.7167583,-84.0178917,3974,5576
S1992MI077002,102664,19763,19763,S1992MI077002,1992,site_obsdate,1985,Developed,1,0,CONUS,v2025-11,11/24/1992 0:00,11/24/1992 0:00,alfisols,udalfs,hapludalfs,psammentic hapludalfs,,42.4058342,-85.3747253,3974,5569
S1992MI077001,1111245,19762,19762,S1992MI077001,1992,site_obsdate,1985,Developed,1,0,CONUS,v2025-11,11/24/1992 0:00,11/24/1992 0:00,alfisols,udalfs,hapludalfs,typic hapludalfs,fine-loamy over sandy or sandy-skeletal,42.4058418,-85.3679962,3974,5569
S1982MN159040 (3550),583464,56310,55509,S1982MN159040 (3550),1982,site_obsdate,1985,Developed,1,1,CONUS,v2025-11,9/29/1982 0:00,9/29/1982 0:00,alfisols,udalfs,hapludalfs,aquic arenic hapludalfs,loamy,46.4961205,-94.9893112,3975,5693
S1900MN0073141,583230,55602,54801,S1900MN0073141,1979,site_obsdate,1985,Developed,1,1,CONUS,v2025-11,10/17/1979 0:00,10/17/1979 0:00,alfisols,udalfs,hapludalfs,aquic hapludalfs,fine,47.6441803,-95.1203308,3975,5617
S1900MN007901,548650,55615,54814,S1900MN007901,1969,site_obsdate,1985,Developed,1,1,CONUS,v2025-11,8/8/1969 0:00,8/8/1969 0:00,alfisols,udalfs,hapludalfs,aquic hapludalfs,fine-loamy,47.7691498,-95.08658599853516,3975,5617
S1977MN0292507,582911,55773,54972,S1977MN0292507,1977,site_obsdate,1985,Developed,1,1,CONUS,v2025-11,8/18/1977 0:00,8/18/1977 0:00,alfisols,udalfs,hapludalfs,aquic hapludalfs,fine-loamy,47.9251175,-95.3857269,3975,5628
S1979MN0993112,583214,56040,55239,S1979MN0993112,1979,site_obsdate,1985,Developed,1,1,CONUS,v2025-11,10/17/1979 0:00,10/17/1979 0:00,alfisols,udalfs,hapludalfs,aquic hapludalfs,fine-loamy,43.8335991,-92.9698105,3975,5663
S1967MN0031380,675679,56422,55621,S1967MN0031380,2010,site_obsdate,1985,Developed,1,0,CONUS,v2025-11,11/23/2010 0:00,11/23/2010 0:00,alfisols,udalfs,hapludalfs,aquic hapludalfs,coarse-loamy,45.3776131,-93.4909058,3975,5615
S1973MN1451691,676518,56766,55965,S1973MN1451691,2011,site_obsdate,1985,Developed,1,0,CONUS,v2025-11,1/5/2011 0:00,1/5/2011 0:00,alfisols,udalfs,hapludalfs,aquic hapludalfs,coarse-loamy,45.6142426,-94.2076187,3975,5686
S1980MN099008 (3384),583348,56188,55387,S1980MN099008 (3384),1980,site_obsdate,1985,Developed,1,1,CONUS,v2025-11,9/1/1980 0:00,9/1/1980 0:00,alfisols,udalfs,hapludalfs,aquollic hapludalfs,fine-loamy,43.8409691,-92.9869843,3975,5663
S1978MN0612876,583119,55833,55032,S1978MN0612876,1978,site_obsdate,1985,Developed,1,1,CONUS,v2025-11,11/24/1978 0:00,11/24/1978 0:00,alfisols,udalfs,hapludalfs,arenic hapludalfs,fine-loamy,47.7786407,-93.0950851,3975,5644
S1965MN0031072,583666,56414,55613,S1965MN0031072,2010,site_obsdate,1985,Developed,1,0,CONUS,v2025-11,10/26/2010 0:00,10/26/2010 0:00,alfisols,udalfs,hapludalfs,arenic hapludalfs,loamy,45.1459007,-93.0811462,3975,5615
S1972MN1631569,676449,56716,55915,S1972MN1631569,2010,site_obsdate,1985,Developed,1,0,CONUS,v2025-11,12/17/2010 0:00,12/17/2010 0:00,alfisols,udalfs,hapludalfs,arenic hapludalfs,loamy,45.2572784,-92.9287643,3975,5695
S1970MN0031224,583781,56433,55632,S1970MN0031224,2010,site_obsdate,1985,Developed,1,0,CONUS,v2025-11,11/16/2010 0:00,11/16/2010 0:00,alfisols,udalfs,hapludalfs,lamellic hapludalfs,coarse-loamy,45.3010712,-93.3061371,3975,5615
S1980MN097033 (3362),583330,56173,55372,S1980MN097033 (3362),1980,site_obsdate,1985,Developed,1,1,CONUS,v2025-11,8/12/1980 0:00,8/12/1980 0:00,alfisols,udalfs,hapludalfs,mollic hapludalfs,coarse-loamy,46.1932793,-94.5483475,3975,5662
S1981MN1693012,583188,56250,55449,S1981MN1693012,1979,site_obsdate,1985,Developed,1,1,CONUS,v2025-11,8/21/1979 0:00,8/21/1979 0:00,alfisols,udalfs,hapludalfs,mollic hapludalfs,fine-loamy,43.96595001220703,-91.9540176,3975,5698
S1972MN1091545,676436,56694,55893,S1972MN1091545,2010,site_obsdate,1985,Developed,1,0,CONUS,v2025-11,12/16/2010 0:00,12/16/2010 0:00,alfisols,udalfs,hapludalfs,mollic hapludalfs,fine-loamy,44.1352043,-92.458519,3975,5668
S1975MN1092035,678108,56956,56155,S1975MN1092035,2011,site_obsdate,1985,Developed,1,0,CONUS,v2025-11,1/26/2011 0:00,1/26/2011 0:00,alfisols,udalfs,hapludalfs,mollic hapludalfs,fine-loamy,44.063839,-92.1359787,3975,5668
S1972MN1631575,676454,56721,55920,S1972MN1631575,2010,site_obsdate,1985,Developed,1,0,CONUS,v2025-11,12/17/2010 0:00,12/17/2010 0:00,alfisols,udalfs,hapludalfs,oxyaquic hapludalfs,fine-loamy,45.2566757,-92.9796295,3975,5695
S1944MN045001,1239600,1639,1639,S1944MN045001,1944,site_obsdate,1985,Developed,1,1,CONUS,v2025-11,8/2/1944 0:00,8/2/1944 0:00,alfisols,udalfs,hapludalfs,typic hapludalfs,fine-silty,43.5802765,-91.9771118,3975,5636
S1990MN029813 (4469),583586,56351,55550,S1990MN029813 (4469),1990,site_obsdate,1985,Developed,1,0,CONUS,v2025-11,11/20/1990 0:00,11/20/1990 0:00,alfisols,udalfs,hapludalfs,typic hapludalfs,fine-loamy,47.3776321,-95.3290405,3975,5628
S1971MN0031234,583788,56548,55747,S1971MN0031234,2010,site_obsdate,1985,Developed,1,0,CONUS,v2025-11,11/17/2010 0:00,11/17/2010 0:00,alfisols,udalfs,hapludalfs,typic hapludalfs,coarse-loamy,45.3994598,-93.4598846,3975,5615
S1972MN1091559,676442,56700,55899,S1972MN1091559,2010,site_obsdate,1985,Developed,1,0,CONUS,v2025-11,12/17/2010 0:00,12/17/2010 0:00,alfisols,udalfs,hapludalfs,typic hapludalfs,coarse-loamy,44.1441536,-92.5537567,3975,5668
S1970MN0491218,548663,55641,54840,S1970MN0491218,1970,site_obsdate,1985,Developed,1,1,CONUS,v2025-11,9/1/1970 0:00,9/1/1970 0:00,alfisols,udalfs,hapludalfs,mollic hapludalfs,fine-silty,44.4634018,-92.8207779,3975,5638
S1979MN1693011,583187,56108,55307,S1979MN1693011,1979,site_obsdate,1985,Developed,1,1,CONUS,v2025-11,8/22/1979 0:00,8/22/1979 0:00,alfisols,udalfs,hapludalfs,mollic hapludalfs,fine-silty,44.1689377,-91.9294662,3975,5698
S1977MN0372527,780518,72766,133499,S1977MN0372527,1977,site_obsdate,1985,Developed,1,1,CONUS,v2025-11,11/3/1977 0:00,11/5/1977 0:00,alfisols,udalfs,hapludalfs,mollic hapludalfs,fine-loamy,44.529605865478516,-93.217649,3975,5632
S1976MN0552383,780512,72755,133488,S1976MN0552383,2012,site_obsdate,1985,Developed,1,0,CONUS,v2025-11,7/16/2016 0:00,7/18/2012 0:00,alfisols,udalfs,hapludalfs,typic hapludalfs,,43.6229515,-91.43955993652344,3975,5641
1992MO019021,90415,41976,41262,1992MO019021,1991,site_obsdate,1985,Developed,1,0,CONUS,v2025-11,,11/25/1991 0:00,alfisols,udalfs,hapludalfs,albaquic hapludalfs,,39.21898651123047,-92.1406878,3976,5710
1992MO019018,90412,41998,41284,1992MO019018,1991,site_obsdate,1985,Developed,1,0,CONUS,v2025-11,,11/26/1991 0:00,alfisols,udalfs,hapludalfs,albaquic hapludalfs,,39.2117281,-92.1461044,3976,5710
1992MO019050,90441,42879,42165,1992MO019050,1992,site_obsdate,1985,Developed,1,0,CONUS,v2025-11,,4/8/1992 0:00,alfisols,udalfs,hapludalfs,typic hapludalfs,,38.6623082,-92.2648477,3976,5710
1994MO099223,88504,43068,42354,1994MO099223,1994,site_obsdate,1985,Developed,1,0,CONUS,v2025-11,,3/22/1994 0:00,alfisols,udalfs,hapludalfs,typic hapludalfs,,38.2542214,-90.3914928,3976,5750
1998MO039167,94946,43430,42716,1998MO039167,1998,site_obsdate,1985,Developed,1,0,CONUS,v2025-11,5/11/1998 0:00,5/11/1998 0:00,alfisols,udalfs,hapludalfs,oxyaquic hapludalfs,,37.6940722,-93.7680222,3976,5720
1998MO051146,91978,43438,42724,1998MO051146,1998,site_obsdate,1985,Developed,1,0,CONUS,v2025-11,,8/26/1998 0:00,alfisols,udalfs,hapludalfs,typic hapludalfs,,38.6521664,-92.2860969,3976,5726
1990MO019032,90263,43749,43035,1990MO019032,1990,site_obsdate,1985,Developed,1,0,CONUS,v2025-11,,7/31/1990 0:00,alfisols,udalfs,hapludalfs,aquic hapludalfs,,38.7947668,-92.3454452,3976,5710
1994MO125001,90672,44104,43390,1994MO125001,1994,site_obsdate,1985,Developed,1,0,CONUS,v2025-11,8/10/1994 0:00,8/10/1994 0:00,alfisols,udalfs,hapludalfs,oxyaquic hapludalfs,,38.2794444,-91.6483333,3976,5763
2008MO027079,664634,45825,45111,2008MO027079,2008,site_obsdate,1985,Developed,1,0,CONUS,v2025-11,4/1/2008 0:00,4/1/2008 0:00,alfisols,udalfs,hapludalfs,aquertic chromic hapludalfs,,38.8306111,-91.8173056,3976,5714
2008MO027069,684713,45835,45121,2008MO027069,2007,site_obsdate,1985,Developed,1,0,CONUS,v2025-11,11/7/2007 0:00,11/7/2007 0:00,alfisols,udalfs,hapludalfs,aquertic chromic hapludalfs,,38.9405556,-91.7635556,3976,5714
2008MO027068,664141,45836,45122,2008MO027068,2007,site_obsdate,1985,Developed,1,0,CONUS,v2025-11,11/6/2007 0:00,11/6/2007 0:00,alfisols,udalfs,hapludalfs,aquertic chromic hapludalfs,,38.9630556,-91.7866667,3976,5714
2008MO027065,664139,45839,45125,2008MO027065,2007,site_obsdate,1985,Developed,1,0,CONUS,v2025-11,10/31/2007 0:00,10/31/2007 0:00,alfisols,udalfs,hapludalfs,mollic hapludalfs,,38.9210278,-91.7620278,3976,5714
2008MO027064,664138,45840,45126,2008MO027064,2007,site_obsdate,1985,Developed,1,0,CONUS,v2025-11,10/29/2007 0:00,10/29/2007 0:00,alfisols,udalfs,hapludalfs,aquertic chromic hapludalfs,,38.9936667,-91.7870556,3976,5714
2008MO027063,684704,45841,45127,2008MO027063,2007,site_obsdate,1985,Developed,1,0,CONUS,v2025-11,10/25/2007 0:00,10/25/2007 0:00,alfisols,udalfs,hapludalfs,aquertic chromic hapludalfs,,38.9863333,-91.78800201416016,3976,5714
2008MO027062,664137,45842,45128,2008MO027062,2007,site_obsdate,1985,Developed,1,0,CONUS,v2025-11,10/24/2007 0:00,10/24/2007 0:00,alfisols,udalfs,hapludalfs,aquertic chromic hapludalfs,,38.9865556,-91.7939722,3976,5714
2008MO027060,664135,45844,45130,2008MO027060,2007,site_obsdate,1985,Developed,1,0,CONUS,v2025-11,10/23/2007 0:00,10/23/2007 0:00,alfisols,udalfs,hapludalfs,aquertic hapludalfs,,38.9705278,-91.9681944,3976,5714
2007MO183054,697574,45860,45146,2007MO183054,2007,site_obsdate,1985,Developed,1,0,CONUS,v2025-11,11/14/2007 0:00,11/14/2007 0:00,alfisols,udalfs,hapludalfs,typic hapludalfs,,38.6375278,-90.7816944,3976,5792
2007MO139083,664047,45864,45150,2007MO139083,2007,site_obsdate,1985,Developed,1,0,CONUS,v2025-11,10/19/2007 0:00,10/19/2007 0:00,alfisols,udalfs,hapludalfs,aquertic chromic hapludalfs,,38.8966944,-91.6324167,3976,5770
2007MO027085,664723,45876,45162,2007MO027085,2007,site_obsdate,1985,Developed,1,0,CONUS,v2025-11,4/7/2007 0:00,4/7/2007 0:00,alfisols,udalfs,hapludalfs,aquertic chromic hapludalfs,,38.9589167,-91.6661944,3976,5714
2007MO027084,664130,45877,45163,2007MO027084,2007,site_obsdate,1985,Developed,1,0,CONUS,v2025-11,4/23/2007 0:00,4/23/2007 0:00,alfisols,udalfs,hapludalfs,aquertic chromic hapludalfs,,38.9601667,-91.6809722,3976,5714
2007MO027083,664129,45878,45164,2007MO027083,2007,site_obsdate,1985,Developed,1,0,CONUS,v2025-11,8/29/2007 0:00,8/29/2007 0:00,alfisols,udalfs,hapludalfs,aquertic hapludalfs,,38.9613056,-91.6840833,3976,5714
2007MO027079,664126,45882,45168,2007MO027079,2007,site_obsdate,1985,Developed,1,0,CONUS,v2025-11,4/16/2007 0:00,4/16/2007 0:00,alfisols,udalfs,hapludalfs,aquertic chromic hapludalfs,,38.8613889,-91.8862778,3976,5714
2007MO027072,664121,45889,45175,2007MO027072,2007,site_obsdate,1985,Developed,1,0,CONUS,v2025-11,3/29/2007 0:00,3/29/2007 0:00,alfisols,udalfs,hapludalfs,aquertic chromic hapludalfs,,38.8084722,-91.9896111,3976,5714
2007MO027062,664716,45899,45185,2007MO027062,2006,site_obsdate,1985,Developed,1,0,CONUS,v2025-11,11/8/2006 0:00,11/8/2006 0:00,alfisols,udalfs,hapludalfs,aquertic chromic hapludalfs,,38.9928056,-91.7409444,3976,5714
2006MO139078,664795,45928,45214,2006MO139078,2006,site_obsdate,1985,Developed,1,0,CONUS,v2025-11,5/30/2006 0:00,5/30/2006 0:00,alfisols,udalfs,hapludalfs,oxyaquic vertic hapludalfs,,38.8110556,-91.6124444,3976,5770
2006MO139068,697266,45937,45223,2006MO139068,2006,site_obsdate,1985,Developed,1,0,CONUS,v2025-11,2/23/2006 0:00,2/23/2006 0:00,alfisols,udalfs,hapludalfs,aquertic chromic hapludalfs,,38.8735556,-91.5354167,3976,5770
2006MO139059,697201,45946,45232,2006MO139059,2006,site_obsdate,1985,Developed,1,0,CONUS,v2025-11,2/14/2006 0:00,2/14/2006 0:00,alfisols,udalfs,hapludalfs,oxyaquic hapludalfs,,38.7568889,-91.5165833,3976,5770
2005MO219052,697088,45976,45262,2005MO219052,2005,site_obsdate,1985,Developed,1,0,CONUS,v2025-11,2/14/2005 0:00,2/14/2005 0:00,alfisols,udalfs,hapludalfs,aquertic chromic hapludalfs,,38.7791667,-91.2894444,3976,5809
2005MO219051,697087,45977,45263,2005MO219051,2005,site_obsdate,1985,Developed,1,0,CONUS,v2025-11,2/14/2005 0:00,2/14/2005 0:00,alfisols,udalfs,hapludalfs,aquertic hapludalfs,,38.7972222,-91.2811111,3976,5809
2005MO219050,664160,45978,45264,2005MO219050,2005,site_obsdate,1985,Developed,1,0,CONUS,v2025-11,1/25/2005 0:00,1/25/2005 0:00,alfisols,udalfs,hapludalfs,aquertic chromic hapludalfs,,38.8219444,-91.2619444,3976,5809
2004MO219050,696947,46060,45346,2004MO219050,2004,site_obsdate,1985,Developed,1,0,CONUS,v2025-11,1/14/2004 0:00,1/14/2004 0:00,alfisols,udalfs,hapludalfs,albaquic hapludalfs,,38.8228389,-90.9979861,3976,5809
2004MO183051,696944,46065,45351,2004MO183051,2004,site_obsdate,1985,Developed,1,0,CONUS,v2025-11,2/25/2004 0:00,2/25/2004 0:00,alfisols,udalfs,hapludalfs,fragic oxyaquic hapludalfs,,38.6264778,-90.9134167,3976,5792
2003MO11301,696883,46140,45426,2003MO11301,2003,site_obsdate,1985,Developed,1,0,CONUS,v2025-11,9/24/2003 0:00,9/24/2003 0:00,alfisols,udalfs,hapludalfs,oxyaquic vertic hapludalfs,,38.8734528,-91.0840306,3976,5757
2005MO113053,182034,46511,45797,2005MO113053,2005,site_obsdate,1985,Developed,1,0,CONUS,v2025-11,4/21/2005 0:00,4/21/2005 0:00,alfisols,udalfs,hapludalfs,aquertic hapludalfs,,38.8774986,-91.0430527,3976,5757
1995MO125019,90819,48687,47973,1995MO125019,1995,site_obsdate,1985,Developed,1,0,CONUS,v2025-11,9/6/1995 0:00,9/6/1995 0:00,alfisols,udalfs,hapludalfs,oxyaquic hapludalfs,,38.9672644,-92.3446122,3976,5763
1995MO125016,90816,48690,47976,1995MO125016,1995,site_obsdate,1985,Developed,1,0,CONUS,v2025-11,9/6/1995 0:00,9/6/1995 0:00,alfisols,udalfs,hapludalfs,typic hapludalfs,,38.9672644,-92.3451678,3976,5763
1992MO099155,88391,49140,48426,1992MO099155,1992,site_obsdate,1985,Developed,1,0,CONUS,v2025-11,11/24/1992 0:00,11/24/1992 0:00,alfisols,udalfs,hapludalfs,typic hapludalfs,,38.2497769,-90.5084409,3976,5750
2000MO221262,88102,49283,48569,2000MO221262,2000,site_obsdate,1985,Developed,1,0,CONUS,v2025-11,4/5/2000 0:00,4/5/2000 0:00,alfisols,udalfs,hapludalfs,typic hapludalfs,,38.9672222,-92.34500122070312,3976,5810
1999MO221248,88018,49322,48608,1999MO221248,1999,site_obsdate,1985,Developed,1,0,CONUS,v2025-11,10/27/1999 0:00,10/27/1999 0:00,alfisols,udalfs,hapludalfs,aquic hapludalfs,,38.9672644,-92.3451678,3976,5810
1999MO221221,87995,49339,48625,1999MO221221,1999,site_obsdate,1985,Developed,1,0,CONUS,v2025-11,9/1/1999 0:00,9/1/1999 0:00,alfisols,udalfs,hapludalfs,fragic oxyaquic hapludalfs,,38.9672644,-92.3451678,3976,5810
1999MO055029,87956,49364,48650,1999MO055029,1999,site_obsdate,1985,Developed,1,0,CONUS,v2025-11,10/20/1999 0:00,10/20/1999 0:00,alfisols,udalfs,hapludalfs,typic hapludalfs,,38.9672644,-92.3451678,3976,5728
1999MO055012,87935,49372,48658,1999MO055012,1999,site_obsdate,1985,Developed,1,0,CONUS,v2025-11,4/19/1999 0:00,4/19/1999 0:00,alfisols,udalfs,hapludalfs,mollic hapludalfs,,38.9672644,-92.3451678,3976,5728
1999MO055008,87928,49376,48662,1999MO055008,1999,site_obsdate,1985,Developed,1,0,CONUS,v2025-11,4/16/1999 0:00,4/16/1999 0:00,alfisols,udalfs,hapludalfs,mollic hapludalfs,,38.9672644,-92.3451678,3976,5728
1999MO055006,87924,49377,48663,1999MO055006,1999,site_obsdate,1985,Developed,1,0,CONUS,v2025-11,3/31/1999 0:00,3/31/1999 0:00,alfisols,udalfs,hapludalfs,typic hapludalfs,,38.9672644,-92.3451678,3976,5728
1998MO221180,87881,49390,48676,1998MO221180,1998,site_obsdate,1985,Developed,1,0,CONUS,v2025-11,11/4/1998 0:00,11/4/1998 0:00,alfisols,udalfs,hapludalfs,typic hapludalfs,,38.9672644,-92.3451678,3976,5810
1998MO055001,87706,49439,48725,1998MO055001,1998,site_obsdate,1985,Developed,1,0,CONUS,v2025-11,1/23/1998 0:00,1/23/1998 0:00,alfisols,udalfs,hapludalfs,typic hapludalfs,,38.9672644,-92.3451678,3976,5728
1995MO169004,87143,49538,48824,1995MO169004,1995,site_obsdate,1985,Developed,1,0,CONUS,v2025-11,12/28/1995 0:00,12/28/1995 0:00,alfisols,udalfs,hapludalfs,mollic hapludalfs,,38.9672644,-92.3451678,3976,5785
1995MO169003,87142,49539,48825,1995MO169003,1995,site_obsdate,1985,Developed,1,0,CONUS,v2025-11,12/28/1995 0:00,12/28/1995 0:00,alfisols,udalfs,hapludalfs,mollic hapludalfs,,38.9672644,-92.3451678,3976,5785
1995MO169001,87140,49541,48827,1995MO169001,1995,site_obsdate,1985,Developed,1,0,CONUS,v2025-11,12/28/1995 0:00,12/28/1995 0:00,alfisols,udalfs,hapludalfs,aquollic hapludalfs,,38.9672644,-92.3451678,3976,5785
1995MO097011,94238,48140,47426,1995MO097011,1995,site_obsdate,1985,Developed,1,0,CONUS,v2025-11,3/23/1995 0:00,3/23/1995 0:00,alfisols,udalfs,hapludalfs,oxyaquic hapludalfs,fine,37.3244444,-94.27349853515625,3976,5749
1993MO167334,93599,48272,47558,1993MO167334,1993,site_obsdate,1985,Developed,1,0,CONUS,v2025-11,1/14/1993 0:00,1/14/1993 0:00,alfisols,udalfs,hapludalfs,oxyaquic hapludalfs,fine,37.4302778,-93.30500030517578,3976,5784
1991MO143004,201477,46460,45746,1991MO143004,1991,site_obsdate,1985,Developed,1,0,CONUS,v2025-11,8/20/1991 0:00,8/20/1991 0:00,alfisols,udalfs,hapludalfs,typic hapludalfs,fine-silty,38.9672203,-92.3450012,3976,5772
2001MO179034,169462,46564,45850,2001MO179034,2001,site_obsdate,1985,Developed,1,0,CONUS,v2025-11,10/4/2001 0:00,10/4/2001 0:00,alfisols,udalfs,hapludalfs,typic hapludalfs,fine,38.96722412,-92.34500122,3976,5790
1999MO203054M,97227,47143,46429,1999MO203054M,1999,site_obsdate,1985,Developed,1,0,CONUS,v2025-11,3/16/1999 0:00,3/16/1999 0:00,alfisols,udalfs,hapludalfs,typic hapludalfs,fine-loamy,38.96722412,-92.34500122,3976,5801
1995MO067059,85747,49868,49154,1995MO067059,1995,site_obsdate,1985,Developed,1,0,CONUS,v2025-11,8/3/1995 0:00,8/3/1995 0:00,alfisols,udalfs,hapludalfs,typic hapludalfs,loamy-skeletal over clayey,37.0250721,-92.6251722,3976,5734
2007MO023002,268409,46345,45631,2007MO023002,2007,site_obsdate,1985,Developed,1,0,CONUS,v2025-11,3/8/2007 0:00,3/8/2007 0:00,alfisols,udalfs,hapludalfs,ultic hapludalfs,coarse-loamy,36.5920278,-90.5590278,3976,5712
1996MO097020,94454,48087,47373,1996MO097020,1996,site_obsdate,1985,Developed,1,0,CONUS,v2025-11,8/8/1996 0:00,8/8/1996 0:00,alfisols,udalfs,hapludalfs,ultic hapludalfs,fine,37.1969444,-94.1877778,3976,5749
1999MO203053M,97226,47144,46430,1999MO203053M,1999,site_obsdate,1985,Developed,1,0,CONUS,v2025-11,3/15/1999 0:00,3/15/1999 0:00,alfisols,udalfs,hapludalfs,mollic hapludalfs,very-fine,38.96722412,-92.34500122,3976,5801
2006MO027095,642592,41858,41144,2006MO027095,2006,site_obsdate,1985,Developed,1,0,CONUS,v2025-11,8/2/2006 0:00,8/2/2006 0:00,alfisols,udalfs,hapludalfs,oxyaquic hapludalfs,fine-silty,38.7243056,-91.7820278,3976,5714
1990MO167161,92521,42061,41347,1990MO167161,1990,site_obsdate,1985,Developed,1,0,CONUS,v2025-11,6/30/1990 0:00,6/30/1990 0:00,alfisols,udalfs,hapludalfs,oxyaquic hapludalfs,fine,37.43000030517578,-93.3048972,3976,5784
1995MO067058,85746,43196,42482,1995MO067058,1995,site_obsdate,1985,Developed,1,0,CONUS,v2025-11,8/2/1995 0:00,8/2/1995 0:00,alfisols,udalfs,hapludalfs,oxyaquic hapludalfs,very-fine,37.0250721,-92.6251722,3976,5734
2007MO023005,249492,42279,41565,2007MO023005,2007,site_obsdate,1985,Developed,1,0,CONUS,v2025-11,6/25/2007 0:00,6/25/2007 0:00,alfisols,udalfs,hapludalfs,psammentic hapludalfs,,36.5766678,-90.5569458,3976,5712
2006MO179004,684498,41609,40895,2006MO179004,2006,site_obsdate,1985,Developed,1,0,CONUS,v2025-11,10/17/2006 0:00,10/17/2006 0:00,alfisols,udalfs,hapludalfs,typic hapludalfs,loamy-skeletal,37.5422167,-90.8447389,3976,5790
1993MO209230,93772,43161,42447,1993MO209230,1993,site_obsdate,1985,Developed,1,0,CONUS,v2025-11,7/8/1993 0:00,7/8/1993 0:00,alfisols,udalfs,hapludalfs,typic hapludalfs,loamy-skeletal over clayey,36.7276833,-93.5027972,3976,5804
1995MO067064,85752,43200,42486,1995MO067064,1995,site_obsdate,1985,Developed,1,0,CONUS,v2025-11,8/10/1995 0:00,8/10/1995 0:00,alfisols,udalfs,hapludalfs,typic hapludalfs,loamy-skeletal over clayey,37.0000724,-92.6521174,3976,5734
1995MO051059,90751,48722,48008,1995MO051059,1995,site_obsdate,1985,Developed,1,0,CONUS,v2025-11,3/14/1995 0:00,3/14/1995 0:00,alfisols,udalfs,hapludalfs,typic hapludalfs,fine,38.530637,-92.1812658,3976,5726
90NC021001,127087,17652,17652,S1990NC021001,1990,site_obsdate,1985,Developed,1,0,CONUS,v2025-11,11/3/1990 0:00,11/1/1990 0:00,alfisols,udalfs,hapludalfs,vertic hapludalfs,fine,35.6972237,-82.6347198,3980,5969
92NJ041003,104271,19231,19231,S1992NJ041003,1992,site_obsdate,1985,Developed,1,0,CONUS,v2025-11,4/1/1992 0:00,4/1/1992 0:00,alfisols,udalfs,hapludalfs,typic hapludalfs,,40.940834045410156,-74.8236084,3984,6235
S1993NJ005001,804486,20769,20769,S1993NJ005001,1993,site_obsdate,1985,Developed,1,0,CONUS,v2025-11,4/30/2013 0:00,11/30/1993 0:00,alfisols,udalfs,hapludalfs,typic hapludalfs,coarse-loamy,39.8040278,-74.736825,3984,6217
S01NY003004,454637,29849,29764,S2001NY003004,2001,site_obsdate,1985,Developed,1,0,CONUS,v2025-11,7/27/2001 0:00,7/27/2001 0:00,alfisols,udalfs,hapludalfs,glossaquic hapludalfs,,42.3038902,-78.0741653,3988,6287
1961-OH147-015,750562,67771,65846,1961-OH147-015,1961,site_obsdate,1985,Developed,1,1,CONUS,v2025-11,,7/20/1961 0:00,alfisols,udalfs,hapludalfs,aquic hapludalfs,fine,41.0374451,-83.0181427,3989,6421
1963-OH099-034,847078,68125,66200,1963OH099034,1963,site_obsdate,1985,Developed,1,1,CONUS,v2025-11,,8/9/1963 0:00,alfisols,udalfs,hapludalfs,aquic hapludalfs,fine,41.1012778,-80.8236667,3989,6397
S1958OH003103,907430,67054,65129,S1958OH003103,1958,site_obsdate,1985,Developed,1,1,CONUS,v2025-11,10/15/1958 0:00,10/15/1958 0:00,alfisols,udalfs,hapludalfs,oxyaquic hapludalfs,fine,40.6675568,-83.9608917,3989,6349
S1968OH171011,907434,68462,66537,S1968OH171011,1968,site_obsdate,1985,Developed,1,1,CONUS,v2025-11,,6/7/1968 0:00,alfisols,udalfs,hapludalfs,oxyaquic hapludalfs,fine,41.6203117,-84.770401,3989,6433
1958-OH173-110,749925,67229,65304,1958-OH173-110,1958,site_obsdate,1985,Developed,1,1,CONUS,v2025-11,4/30/1958 0:00,4/30/1958 0:00,alfisols,udalfs,hapludalfs,psammentic hapludalfs,sandy,41.3491249,-83.7230453,3989,6434
1955-OH125-053,748974,66697,64772,1955-OH125-053,1955,site_obsdate,1985,Developed,1,1,CONUS,v2025-11,4/28/1955 0:00,4/28/1955 0:00,alfisols,udalfs,hapludalfs,typic hapludalfs,fine-loamy,40.9923058,-84.7883911,3989,6410
1958-OH003-104,749264,67055,65130,1958-OH003-104,1958,site_obsdate,1985,Developed,1,1,CONUS,v2025-11,10/15/1958 0:00,10/15/1958 0:00,alfisols,udalfs,hapludalfs,typic hapludalfs,fine-loamy,40.6674461,-83.9608612,3989,6349
1961-OH175-007,750592,67811,65886,1961-OH175-007,1961,site_obsdate,1985,Developed,1,1,CONUS,v2025-11,8/2/1961 0:00,8/2/1961 0:00,alfisols,udalfs,hapludalfs,typic hapludalfs,fine-loamy,40.9243431,-83.236908,3989,6435
S1969OH171012,907312,68504,66579,S1969OH171012,1969,site_obsdate,1985,Developed,1,1,CONUS,v2025-11,8/20/1969 0:00,8/20/1969 0:00,alfisols,udalfs,hapludalfs,typic hapludalfs,coarse-loamy,41.4278972,-84.7682889,3989,6433
78-OK099-50-1,800124,71584,132269,78-OK099-50-1,2008,site_obsdate,1985,Developed,1,0,CONUS,v2025-11,,2/24/2008 0:00,alfisols,udalfs,hapludalfs,vertic hapludalfs,fine,34.4769833,-97.0408667,3990,6485
99PA027095,109059,24539,24539,S1999PA027095,1999,site_obsdate,1985,Developed,1,0,CONUS,v2025-11,5/1/1999 0:00,5/1/1999 0:00,alfisols,udalfs,hapludalfs,ultic hapludalfs,,40.7166672,-77.9333344,3992,6562
01PA029007,112950,26751,26747,S2001PA029007 - Nottingham County Park Progress Field Review,2001,site_obsdate,1985,Developed,1,0,CONUS,v2025-11,5/10/2001 0:00,5/10/2001 0:00,alfisols,udalfs,hapludalfs,aquultic hapludalfs,,39.7363892,-76.0322189,3992,6563
S2004PA027012,165690,32599,32474,Plowden Yard,2004,site_obsdate,1985,Developed,1,0,CONUS,v2025-11,11/9/2004 0:00,11/9/2004 0:00,alfisols,udalfs,hapludalfs,typic hapludalfs,,40.81083297729492,-77.8858337,3992,6562
S2013PA011001,942955,70342,68369,S2013PA011001,2013,site_obsdate,1985,Developed,1,0,CONUS,v2025-11,11/22/2013 0:00,11/22/2013 0:00,alfisols,udalfs,hapludalfs,ultic hapludalfs,,40.3346389,-82.0602611,3992,6554
1959PA077008,1043483,54053,53252,1959PA077008,1959,site_obsdate,1985,Developed,1,1,CONUS,v2025-11,7/15/1959 0:00,7/15/1959 0:00,alfisols,udalfs,hapludalfs,ultic hapludalfs,fine-loamy,40.5772222,-75.625,3992,6587
1961PA091015,1043303,54174,53373,620,1961,site_obsdate,1985,Developed,1,1,CONUS,v2025-11,4/3/1961 0:00,4/3/1961 0:00,alfisols,udalfs,hapludalfs,ultic hapludalfs,fine-loamy,40.2091667,-75.4841667,3992,6594
S1966PA125011,800299,54407,53606,830,1966,site_obsdate,1985,Developed,1,1,CONUS,v2025-11,8/3/1966 0:00,8/3/1966 0:00,alfisols,udalfs,hapludalfs,ultic hapludalfs,fine-loamy,40.2094444,-80.3316667,3992,6611
1959PA045005,868902,53855,53054,1959PA045005,1959,site_obsdate,1985,Developed,1,1,CONUS,v2025-11,4/24/1959 0:00,4/24/1959 0:00,alfisols,ustalfs,hapludalfs,typic hapludalfs,fine,39.9753444,-75.4329667,3992,6571
S2009TX241001,364574,43956,43242,S2009TX241001,2009,site_obsdate,1985,Developed,1,0,CONUS,v2025-11,9/1/2009 0:00,9/1/2009 0:00,alfisols,udalfs,hapludalfs,oxyaquic hapludalfs,clayey,31.0381451,-94.1825027,4000,7042
S1954WI103001,107127,1979,1979,S1954WI103001,1954,site_obsdate,1985,Developed,1,1,CONUS,v2025-11,8/24/1954 0:00,8/24/1954 0:00,alfisols,udalfs,hapludalfs,mollic hapludalfs,coarse-loamy,43.2741661,-90.29722595214844,4007,7459
S1959WI139002,107191,1528,1528,S1959WI139002,1959,site_obsdate,1985,Developed,1,1,CONUS,v2025-11,9/4/1959 0:00,9/4/1959 0:00,alfisols,udalfs,hapludalfs,oxyaquic hapludalfs,very-fine,44.1622238,-88.4844437,4007,7477
S1974WI087001,110995,5267,5267,S1974WI087001,1974,site_obsdate,1985,Developed,1,1,CONUS,v2025-11,6/3/1974 0:00,6/3/1974 0:00,alfisols,udalfs,hapludalfs,oxyaquic hapludalfs,fine-silty,44.2983322,-88.2875366,4007,7451
S1979WI135005,109088,24516,24516,S1979WI135005,1979,site_obsdate,1985,Developed,1,1,CONUS,v2025-11,10/3/1979 0:00,10/1/1979 0:00,alfisols,udalfs,hapludalfs,aquollic hapludalfs,fine-loamy,44.4752769,-88.8841629,4007,7475
1992WI081002,58701,19742,19742,S1992WI081002,1992,site_obsdate,1985,Developed,1,0,CONUS,v2025-11,5/6/1992 0:00,5/25/1992 0:00,alfisols,udalfs,hapludalfs,mollic hapludalfs,coarse-loamy,44.0175018,-90.5186081,4007,7448
1992WI081001,58700,19741,19741,S1992WI081001,1992,site_obsdate,1985,Developed,1,0,CONUS,v2025-11,4/30/1992 0:00,5/25/1992 0:00,alfisols,udalfs,hapludalfs,ultic hapludalfs,coarse-loamy,43.9324989,-90.8608322,4007,7448
S1973IA045003,947404,70728,68756,S1973IA045003,1973,site_obsdate,1985,Developed,1,1,CONUS,v2025-11,10/18/1973 0:00,10/18/1973 0:00,mollisols,udolls,hapludolls,entic hapludolls,,41.7915832,-90.2640523,3963,4840
S1965IA089903,1098261,71233,69257,S1965IA089903,2014,site_obsdate,1985,Developed,1,0,CONUS,v2025-11,12/9/2014 0:00,12/9/2014 0:00,mollisols,udolls,hapludolls,typic hapludolls,,43.299041748046875,-92.47371673583984,3963,4862
S1965IA089932,1099098,71258,69282,S1965IA089932,1964,site_obsdate,1985,Developed,1,1,CONUS,v2025-11,12/8/1964 0:00,9/8/1964 0:00,mollisols,udolls,hapludolls,cumulic hapludolls,,43.367469787597656,-92.08027648925781,3963,4862
S1959IA191033,1071437,71152,69176,S1959IA191033,2014,site_obsdate,1985,Developed,1,0,CONUS,v2025-11,7/21/2014 0:00,7/17/2014 0:00,mollisols,udolls,hapludolls,cumulic hapludolls,fine-loamy,43.2416254,-91.9897876,3963,4913
S1969IA089006,845217,71273,69297,S1969IA089006,2013,site_obsdate,1985,Developed,1,0,CONUS,v2025-11,,2/20/2013 0:00,mollisols,udolls,hapludolls,fluvaquentic hapludolls,fine-silty,43.4723962,-92.1002323,3963,4862
S1951IA153007,101277,1421,1421,S1951IA153007,1951,site_obsdate,1985,Developed,1,1,CONUS,v2025-11,12/6/1951 0:00,12/6/1951 0:00,mollisols,udolls,hapludolls,typic hapludolls,fine,41.5294456,-93.703331,3963,4894
1972IA055062,430753,70638,68666,1972IA055062,2010,site_obsdate,1985,Developed,1,0,CONUS,v2025-11,4/28/2010 0:00,4/28/2010 0:00,mollisols,udolls,hapludolls,typic hapludolls,fine-loamy,42.4856529,-91.4370499,3963,4845
84IA1210023,122445,12025,12025,S1984IA1210023,1985,site_obsdate,1985,Developed,1,0,CONUS,v2025-11,11/3/1985 0:00,11/1/1985 0:00,mollisols,udolls,hapludolls,aquic hapludolls,fine-silty,41.2655563,-93.9844437,3963,4878
83IA003004,121875,11144,11144,S1983IA003004,1983,site_obsdate,1985,Developed,1,1,CONUS,v2025-11,3/1/1983 0:00,3/1/1983 0:00,mollisols,udolls,hapludolls,typic hapludolls,fine,41.0780563,-94.6611099,3963,4819
S1988IA097047,917190,71364,69385,S1988IA097047,1986,site_obsdate,1985,Developed,1,0,CONUS,v2025-11,8/13/1986 0:00,8/13/1986 0:00,mollisols,udolls,hapludolls,cumulic hapludolls,fine-loamy,42.0736421,-90.6464024,3963,4866
S1972IA045021,947403,70712,68740,S1972IA045021,1972,site_obsdate,1985,Developed,1,1,CONUS,v2025-11,9/15/1972 0:00,9/15/1972 0:00,mollisols,udolls,hapludolls,entic hapludolls,sandy,41.796517,-90.2575043,3963,4840
S1988IA097045,836529,70923,68951,S1988IA097045,1984,site_obsdate,1985,Developed,1,1,CONUS,v2025-11,9/11/1984 0:00,9/11/1984 0:00,mollisols,udolls,hapludolls,entic hapludolls,sandy,42.2754315,-90.8896015,3963,4866
84IA1410021,122596,12190,12190,S1984IA1410021,1984,site_obsdate,1985,Developed,1,1,CONUS,v2025-11,11/3/1984 0:00,11/1/1984 0:00,mollisols,udolls,hapludolls,typic hapludolls,fine-silty,43.0250015,-95.5138855,3963,4888
84IA1410022,122597,12191,12191,S1984IA1410022,1984,site_obsdate,1985,Developed,1,1,CONUS,v2025-11,11/3/1984 0:00,11/1/1984 0:00,mollisols,udolls,hapludolls,typic hapludolls,fine-silty,43.0250015,-95.5138855,3963,4888
84IA1410023,122598,12192,12192,S1984IA1410023,1984,site_obsdate,1985,Developed,1,1,CONUS,v2025-11,11/3/1984 0:00,11/1/1984 0:00,mollisols,udolls,hapludolls,typic hapludolls,fine-silty,43.0250015,-95.5138855,3963,4888
87IA133001A,124317,14214,14214,S1987IA133001A,1987,site_obsdate,1985,Developed,1,0,CONUS,v2025-11,5/3/1987 0:00,5/1/1987 0:00,mollisols,udolls,hapludolls,typic hapludolls,fine-silty,42.0636101,-95.836113,3963,4884
S1973IA043003,934165,70716,68744,S1973IA043003,1973,site_obsdate,1985,Developed,1,1,CONUS,v2025-11,7/19/1973 0:00,7/19/1973 0:00,mollisols,udolls,hapludolls,typic hapludolls,fine-silty,42.9284075,-91.2883515,3963,4839
1978IL133015,375520,36527,35912,1978IL133015,1978,site_obsdate,1985,Developed,1,1,CONUS,v2025-11,8/1/1978 0:00,8/1/1978 0:00,mollisols,udolls,hapludolls,aquertic hapludolls,fine,38.200401306152344,-90.3019232,3965,5027
1964IL019002,863409,36016,35401,1964IL019002,1964,site_obsdate,1985,Developed,1,1,CONUS,v2025-11,10/1/1964 0:00,10/1/1964 0:00,mollisols,udolls,hapludolls,aquic hapludolls,fine,40.1038175,-88.2268802,3965,4970
1964IL019006,863413,36020,35405,1964IL019006,1964,site_obsdate,1985,Developed,1,1,CONUS,v2025-11,10/1/1964 0:00,10/1/1964 0:00,mollisols,udolls,hapludolls,aquic hapludolls,fine,40.1038175,-88.2268802,3965,4970
73IL-031-021,963375,36211,35596,73IL-031-021,1973,site_obsdate,1985,Developed,1,1,CONUS,v2025-11,,5/1/1973 0:00,mollisols,udolls,hapludolls,aquic hapludolls,coarse-loamy,41.5869249,-87.6851989,3965,4976
1978IL075004,375488,36480,35865,1978IL075004,1978,site_obsdate,1985,Developed,1,1,CONUS,v2025-11,9/1/1978 0:00,9/1/1978 0:00,mollisols,udolls,hapludolls,aquic hapludolls,coarse-loamy,40.9740389,-87.5992487,3965,4998
83IL-195-152,963548,37057,36442,83IL-195-152,1983,site_obsdate,1985,Developed,1,1,CONUS,v2025-11,,6/1/1983 0:00,mollisols,udolls,hapludolls,aquic hapludolls,fine-loamy over sandy or sandy-skeletal,41.6858611,-89.8145028,3965,5058
1984IL183041,375307,37254,36639,1984IL183041,1984,site_obsdate,1985,Developed,1,1,CONUS,v2025-11,7/1/1984 0:00,7/1/1984 0:00,mollisols,udolls,hapludolls,entic hapludolls,sandy,40.355350494384766,-87.6777722,3965,5052
1971IL161003,355109,36198,35583,1971IL161003,1971,site_obsdate,1985,Developed,1,1,CONUS,v2025-11,3/1/1971 0:00,3/1/1971 0:00,mollisols,udolls,hapludolls,typic hapludolls,fine-silty,41.6131594,-90.192133,3965,5041
1982IL011066,351141,36879,36264,1982IL011066,1981,site_obsdate,1985,Developed,1,1,CONUS,v2025-11,12/1/1981 0:00,12/1/1981 0:00,mollisols,udolls,hapludolls,typic hapludolls,fine-silty over sandy or sandy-skeletal,41.5536436,-89.771541,3965,4966
83IL195225,122329,11762,11762,S1983IL195225,1983,site_obsdate,1985,Developed,1,1,CONUS,v2025-11,6/3/1983 0:00,6/1/1983 0:00,mollisols,udolls,hapludolls,typic hapludolls,fine-silty,41.8391685,-90.0338898,3965,5058
1985IN015004,314334,39318,38703,1985IN015004,1985,site_obsdate,1985,Developed,1,0,CONUS,v2025-11,12/10/1985 0:00,12/10/1985 0:00,mollisols,udolls,hapludolls,fluvaquentic hapludolls,mesic,40.5677639,-86.4491583,3966,5070
1986IN157005,314409,39393,38778,1986IN157005,1986,site_obsdate,1985,Developed,1,0,CONUS,v2025-11,5/20/1986 0:00,5/20/1986 0:00,mollisols,udolls,hapludolls,fluvaquentic hapludolls,fine-silty,40.488250732421875,-86.818925,3966,5141
1981IN155014,314209,39138,38523,1981IN155014,1981,site_obsdate,1985,Developed,1,1,CONUS,v2025-11,11/4/1981 0:00,11/4/1981 0:00,mollisols,udolls,hapludolls,fluventic hapludolls,fine-silty,38.7044972,-85.1390611,3966,5140
1981IN155016,314210,39139,38524,1981IN155016,1981,site_obsdate,1985,Developed,1,1,CONUS,v2025-11,11/12/1981 0:00,11/12/1981 0:00,mollisols,udolls,hapludolls,fluventic hapludolls,fine-silty,38.7363611,-85.08589935302734,3966,5140
94KS087550s,15522,52302,51576,94KS087550s,1998,site_obsdate,1985,Developed,1,0,CONUS,v2025-11,6/1/1998 0:00,6/1/1998 0:00,mollisols,udolls,hapludolls,fluventic hapludolls,,39.0533333,-95.5677795,3967,5198
53KS087002,128082,1794,1794,S1953KS087002,1953,site_obsdate,1985,Developed,1,1,CONUS,v2025-11,6/1/1953 0:00,6/1/1953 0:00,mollisols,udolls,hapludolls,typic hapludolls,coarse-silty,39.0875015,-95.5752792,3967,5198
98KY111041,72838,55460,54659,98KY111041,1998,site_obsdate,1985,Developed,1,0,CONUS,v2025-11,10/27/1998 0:00,10/27/1998 0:00,mollisols,udolls,hapludolls,fluventic hapludolls,coarse-loamy,38.102500915527344,-85.8986111,3968,5315
S2012MI163014,1114277,70029,68101,S2012MI163014,2012,site_obsdate,1985,Developed,1,0,CONUS,v2025-11,9/25/2012 0:00,9/25/2012 0:00,mollisols,udolls,hapludolls,oxyaquic hapludolls,sandy,42.3294028,-83.07630157470703,3974,5612
S2012MI163012,1114275,70027,68099,S2012MI163012,2012,site_obsdate,1985,Developed,1,0,CONUS,v2025-11,6/15/2012 0:00,6/15/2012 0:00,mollisols,udolls,hapludolls,oxyaquic hapludolls,sandy,42.4003833,-83.0926361,3974,5612
S1988MN1314484,780563,72827,133560,S1988MN1314484,1988,site_obsdate,1985,Developed,1,0,CONUS,v2025-11,6/8/1988 0:00,6/10/1988 0:00,mollisols,udolls,hapludolls,aquic hapludolls,,44.1967964,-93.0655288,3975,5679
S1980MN099117,583345,56180,55379,S1980MN099117,1980,site_obsdate,1985,Developed,1,1,CONUS,v2025-11,9/1/1980 0:00,9/1/1980 0:00,mollisols,udolls,hapludolls,aquic hapludolls,fine-loamy,43.8194313,-93.0193863,3975,5663
S1980MN167040 (3372),583337,56210,55409,S1980MN167040 (3372),1980,site_obsdate,1985,Developed,1,1,CONUS,v2025-11,8/27/1980 0:00,8/27/1980 0:00,mollisols,udolls,hapludolls,aquic hapludolls,coarse-silty,46.6167603,-96.3224106,3975,5697
S1972MN1451522,675707,56703,55902,S1972MN1451522,2010,site_obsdate,1985,Developed,1,0,CONUS,v2025-11,11/24/2010 0:00,11/24/2010 0:00,mollisols,udolls,hapludolls,aquic hapludolls,fine-loamy,45.7298241,-95.0566254,3975,5686
S1978MN153060 (2806),583076,55961,55160,S1978MN153060 (2806),1978,site_obsdate,1985,Developed,1,1,CONUS,v2025-11,10/18/1978 0:00,10/18/1978 0:00,mollisols,udolls,hapludolls,calcic hapludolls,fine-loamy,45.79617691040039,-95.077086,3975,5690
S1973MN1271648,676500,56748,55947,S1973MN1271648,2011,site_obsdate,1985,Developed,1,0,CONUS,v2025-11,1/4/2011 0:00,1/4/2011 0:00,mollisols,udolls,hapludolls,calcic hapludolls,fine-loamy,44.4150543,-95.4728928,3975,5677
S1974MN0271755,676552,56789,55988,S1974MN0271755,2011,site_obsdate,1985,Developed,1,0,CONUS,v2025-11,1/11/2011 0:00,1/11/2011 0:00,mollisols,udolls,hapludolls,calcic hapludolls,fine-loamy,46.9767227,-96.3002853,3975,5627
S1972MN1571389,675684,56709,55908,S1972MN1571389,2010,site_obsdate,1985,Developed,1,0,CONUS,v2025-11,11/23/2010 0:00,11/23/2010 0:00,mollisols,udolls,hapludolls,cumulic hapludolls,coarse-silty,44.1587029,-92.1716156,3975,5692
S1960MN171004,102871,1999,1999,S1960MN171004,1960,site_obsdate,1985,Developed,1,1,CONUS,v2025-11,9/3/1960 0:00,9/3/1960 0:00,mollisols,udolls,hapludolls,entic hapludolls,sandy,45.3216591,-93.8474579,3975,5699
S1988MN141116 (4486),583589,56343,55542,S1988MN141116 (4486),1991,site_obsdate,1985,Developed,1,0,CONUS,v2025-11,4/29/1991 0:00,4/29/1991 0:00,mollisols,udolls,hapludolls,entic hapludolls,sandy,45.336326599121094,-93.7373046875,3975,5684
S1970MN0691194,583756,56488,55687,S1970MN0691194,2010,site_obsdate,1985,Developed,1,0,CONUS,v2025-11,11/15/2010 0:00,11/15/2010 0:00,mollisols,udolls,hapludolls,entic hapludolls,sandy,48.5864334,-96.5461807,3975,5648
S1971MN0491355,1242620,56570,55769,S1971MN0491355,2010,site_obsdate,1985,Developed,1,0,CONUS,v2025-11,11/23/2010 0:00,11/23/2010 0:00,mollisols,udolls,hapludolls,entic hapludolls,sandy,44.4979362,-92.4818649,3975,5638
S1971MN0491365,675674,56574,55773,S1971MN0491365,2010,site_obsdate,1985,Developed,1,0,CONUS,v2025-11,11/23/2010 0:00,11/23/2010 0:00,mollisols,udolls,hapludolls,entic hapludolls,sandy,44.4688148,-92.9222794,3975,5638
S1973MN1451669,676504,56752,55951,S1973MN1451669,2011,site_obsdate,1985,Developed,1,0,CONUS,v2025-11,1/4/2011 0:00,1/4/2011 0:00,mollisols,udolls,hapludolls,entic hapludolls,sandy,45.539205,-94.162524,3975,5686
S1974MN1451717,676527,56839,56038,S1974MN1451717,2011,site_obsdate,1985,Developed,1,0,CONUS,v2025-11,1/6/2011 0:00,1/6/2011 0:00,mollisols,udolls,hapludolls,entic hapludolls,sandy,45.4113007,-94.1228409,3975,5686
S1975MN0372174,678153,56916,56115,S1975MN0372174,2011,site_obsdate,1985,Developed,1,0,CONUS,v2025-11,2/1/2011 0:00,2/1/2011 0:00,mollisols,udolls,hapludolls,entic hapludolls,sandy,44.8600006,-93.1462173,3975,5632
67MN107004,128021,1673,1673,S1967MN107004,1967,site_obsdate,1985,Developed,1,1,CONUS,v2025-11,10/1/1967 0:00,10/1/1967 0:00,mollisols,udolls,hapludolls,oxyaquic hapludolls,sandy,47.4555549621582,-96.2816696,3975,5667
S1971MN1091238,583790,56625,55824,S1971MN1091238,2010,site_obsdate,1985,Developed,1,0,CONUS,v2025-11,11/17/2010 0:00,11/17/2010 0:00,mollisols,udolls,hapludolls,oxyaquic hapludolls,fine-loamy,43.9909325,-92.4561234,3975,5668
S1972MN069005,675689,56661,55860,S1972MN069005,2010,site_obsdate,1985,Developed,1,0,CONUS,v2025-11,11/23/2010 0:00,11/23/2010 0:00,mollisols,udolls,hapludolls,oxyaquic hapludolls,sandy,48.5865288,-96.5458298,3975,5648
S1973MN0331619,676482,56727,55926,S1973MN0331619,2011,site_obsdate,1985,Developed,1,0,CONUS,v2025-11,1/3/2011 0:00,1/3/2011 0:00,mollisols,udolls,hapludolls,oxyaquic hapludolls,sandy,43.9202957,-95.2612305,3975,5630
S1974MN145009 (1814),548678,55665,54864,S1974MN145009 (1814),1974,site_obsdate,1985,Developed,1,1,CONUS,v2025-11,10/9/1974 0:00,10/9/1974 0:00,mollisols,udolls,hapludolls,typic hapludolls,sandy,45.3995628,-94.26848602294922,3975,5686
S1977MN037053 (2529),582925,55736,54935,S1977MN037053 (2529),1977,site_obsdate,1985,Developed,1,1,CONUS,v2025-11,11/1/1977 0:00,11/1/1977 0:00,mollisols,udolls,hapludolls,typic hapludolls,fine-loamy over sandy or sandy-skeletal,44.6595306,-93.0149536,3975,5632
S1977MN037008 (2415),582868,55756,54955,S1977MN037008 (2415),1977,site_obsdate,1985,Developed,1,1,CONUS,v2025-11,5/17/1977 0:00,5/17/1977 0:00,mollisols,udolls,hapludolls,typic hapludolls,sandy,44.6927872,-92.7672729,3975,5632
S1978MN091002(2576),582938,55898,55097,S1978MN091002(2576),1978,site_obsdate,1985,Developed,1,1,CONUS,v2025-11,5/2/1978 0:00,5/2/1978 0:00,mollisols,udolls,hapludolls,typic hapludolls,fine-loamy,43.7472687,-94.7515869,3975,5659
S1970MN1091126,583707,56513,55712,S1970MN1091126,2010,site_obsdate,1985,Developed,1,0,CONUS,v2025-11,11/8/2010 0:00,11/8/2010 0:00,mollisols,udolls,hapludolls,typic hapludolls,fine-loamy,43.8564377,-92.4729233,3975,5668
S1970MN131(1058),917167,56538,55737,S1970MN1311058,2010,site_obsdate,1985,Developed,1,0,CONUS,v2025-11,10/25/2010 0:00,10/25/2010 0:00,mollisols,udolls,hapludolls,typic hapludolls,sandy,44.3105316,-93.285141,3975,5679
S1976MN0372188,678158,56995,56194,S1976MN0372188,2011,site_obsdate,1985,Developed,1,0,CONUS,v2025-11,2/1/2011 0:00,2/1/2011 0:00,mollisols,udolls,hapludolls,typic hapludolls,fine-silty over sandy or sandy-skeletal,44.7247009,-93.2177429,3975,5632
S1977MN0372422,678179,57021,56220,S1977MN0372422,2011,site_obsdate,1985,Developed,1,0,CONUS,v2025-11,2/3/2011 0:00,2/3/2011 0:00,mollisols,udolls,hapludolls,typic hapludolls,coarse-loamy,44.59852600097656,-93.0113297,3975,5632
S1992MN0934646,683918,57168,56367,S1992MN0934646,2011,site_obsdate,1985,Developed,1,0,CONUS,v2025-11,2/15/2011 0:00,2/15/2011 0:00,mollisols,udolls,hapludolls,typic hapludolls,coarse-loamy,45.2108917,-94.6456451,3975,5660
1993MO099195,88456,43009,42295,1993MO099195,1993,site_obsdate,1985,Developed,1,0,CONUS,v2025-11,9/24/1993 0:00,9/24/1993 0:00,mollisols,udolls,hapludolls,lithic hapludolls,,38.2847762,-90.6240002,3976,5750
1990MO073025,474065,44792,44078,1990MO073025,1990,site_obsdate,1985,Developed,1,0,CONUS,v2025-11,1/25/2011 0:00,9/10/1990 0:00,mollisols,udolls,hapludolls,lithic hapludolls,,38.9672203,-92.3450012,3976,5737
1990MO073005,474045,44812,44098,1990MO073005,1990,site_obsdate,1985,Developed,1,0,CONUS,v2025-11,1/25/2011 0:00,7/23/1990 0:00,mollisols,udolls,hapludolls,lithic hapludolls,,38.9672203,-92.3450012,3976,5737
2008MO027058,664134,45846,45132,2008MO027058,2007,site_obsdate,1985,Developed,1,0,CONUS,v2025-11,10/18/2007 0:00,10/18/2007 0:00,mollisols,udolls,hapludolls,fluventic hapludolls,,38.9396111,-91.8771944,3976,5714
2007MO027077,664124,45884,45170,2007MO027077,2007,site_obsdate,1985,Developed,1,0,CONUS,v2025-11,4/5/2007 0:00,4/5/2007 0:00,mollisols,udolls,hapludolls,aquic hapludolls,,38.8657778,-91.6630833,3976,5714
1998MO055033,87793,49422,48708,1998MO055033,1998,site_obsdate,1985,Developed,1,0,CONUS,v2025-11,10/7/1998 0:00,10/7/1998 0:00,mollisols,udolls,hapludolls,cumulic hapludolls,,38.9672644,-92.3451678,3976,5728
1995MO169002,87141,49540,48826,1995MO169002,1995,site_obsdate,1985,Developed,1,0,CONUS,v2025-11,12/28/1995 0:00,12/28/1995 0:00,mollisols,udolls,hapludolls,cumulic hapludolls,,38.9672644,-92.3451678,3976,5785
S1976MO201001,169661,2535,2535,S1976MO201001,1976,site_obsdate,1985,Developed,1,1,CONUS,v2025-11,6/1/1976 0:00,6/1/1976 0:00,mollisols,udolls,hapludolls,aquic hapludolls,sandy,37.026741,-89.6211853,3976,5800
1991MO151062,474398,44903,44189,1991MO151062,1991,site_obsdate,1985,Developed,1,0,CONUS,v2025-11,1/25/2011 0:00,8/5/1991 0:00,mollisols,udolls,hapludolls,lithic hapludolls,loamy-skeletal,38.9672203,-92.3450012,3976,5776
1991MO151052,474392,44909,44195,1991MO151052,1991,site_obsdate,1985,Developed,1,0,CONUS,v2025-11,1/25/2011 0:00,7/25/1991 0:00,mollisols,udolls,hapludolls,lithic hapludolls,loamy-skeletal,38.9672203,-92.3450012,3976,5776
1994MO209278,94008,48182,47468,1994MO209278,1994,site_obsdate,1985,Developed,1,0,CONUS,v2025-11,3/22/1994 0:00,3/22/1994 0:00,mollisols,udolls,hapludolls,lithic hapludolls,clayey-skeletal,36.5508194,-93.48605346679688,3976,5804
1993MO209260,93828,48232,47518,1993MO209260,1993,site_obsdate,1985,Developed,1,0,CONUS,v2025-11,10/19/1993 0:00,10/19/1993 0:00,mollisols,udolls,hapludolls,lithic hapludolls,loamy-skeletal,36.6217778,-93.3440833,3976,5804
1989MO183005,126329,16744,16744,S1989MO183005,1989,site_obsdate,1985,Developed,1,0,CONUS,v2025-11,11/3/1989 0:00,11/1/1989 0:00,mollisols,udolls,hapludolls,fluvaquentic hapludolls,coarse-silty,38.8619461,-90.1933365,3976,5792
1987MO195027m,42952,42755,42041,1987MO195027m,1987,site_obsdate,1985,Developed,1,0,CONUS,v2025-11,2/13/1987 0:00,2/13/1987 0:00,mollisols,udolls,hapludolls,fluvaquentic hapludolls,clayey over loamy,39.2711111,-93.3236111,3976,5797
1999MO203098M,1367639,43735,43021,1999MO203098M,1999,site_obsdate,1985,Developed,1,0,CONUS,v2025-11,7/21/1999 0:00,7/21/1999 0:00,mollisols,udolls,hapludolls,lithic hapludolls,sandy-skeletal,37.3164583,-91.4093833,3976,5801
1995MO051021,474977,44082,43368,1995MO051021,1995,site_obsdate,1985,Developed,1,0,CONUS,v2025-11,1/25/2011 0:00,3/9/1995 0:00,mollisols,udolls,hapludolls,lithic hapludolls,loamy-skeletal,38.9672203,-92.3450012,3976,5726
1991MO151023,474375,44926,44212,1991MO151023,1991,site_obsdate,1985,Developed,1,0,CONUS,v2025-11,1/25/2011 0:00,3/27/1991 0:00,mollisols,udolls,hapludolls,lithic hapludolls,clayey-skeletal,38.9672203,-92.3450012,3976,5776
1991MO105082,474349,44952,44238,1991MO105082,1996,site_obsdate,1985,Developed,1,0,CONUS,v2025-11,1/25/2011 0:00,8/21/1996 0:00,mollisols,udolls,hapludolls,lithic hapludolls,loamy-skeletal,38.9672203,-92.3450012,3976,5753
1987MO213009,473352,45514,44800,1987MO213009,2011,site_obsdate,1985,Developed,1,0,CONUS,v2025-11,1/25/2011 0:00,10/30/2011 0:00,mollisols,udolls,hapludolls,lithic hapludolls,loamy-skeletal,36.540199279785156,-93.28620147705078,3976,5806
1996MO097037,94471,42669,41955,1996MO097037,1996,site_obsdate,1985,Developed,1,0,CONUS,v2025-11,10/4/1996 0:00,10/4/1996 0:00,mollisols,udolls,hapludolls,typic hapludolls,loamy-skeletal,37.1551722,-94.2845139,3976,5749
1987MO005031m,43006,42894,42180,1987MO005031m,1987,site_obsdate,1985,Developed,1,0,CONUS,v2025-11,11/1/1987 0:00,11/1/1987 0:00,mollisols,udolls,hapludolls,typic hapludolls,fine-silty,40.51750183105469,-95.3152778,3976,5703
87NE109002,124389,14289,14289,S1987NE109002,1987,site_obsdate,1985,Developed,1,0,CONUS,v2025-11,5/1/1987 0:00,5/1/1987 0:00,mollisols,udolls,hapludolls,cumulic hapludolls,fine-silty,40.8349991,-96.6883316,3982,6166
87NE109003,124390,14290,14290,S1987NE109003,1987,site_obsdate,1985,Developed,1,0,CONUS,v2025-11,6/1/1987 0:00,6/1/1987 0:00,mollisols,udolls,hapludolls,cumulic hapludolls,fine,40.8349991,-96.6883316,3982,6166
YYYY-OH003-127,751847,69290,67365,YYYY-OH003-127,2002,site_obsdate,1985,Developed,1,0,CONUS,v2025-11,2/4/2002 0:00,2/4/2002 0:00,mollisols,udolls,hapludolls,fluvaquentic hapludolls,fine-loamy,40.6925011,-83.9705582,3989,6349
73AL009003-pgm,318743,39676,39057,73AL009003-pgm,1973,site_obsdate,1985,Developed,1,1,CONUS,v2025-11,6/1/1973 0:00,6/1/1973 0:00,ultisols,udults,hapludults,typic hapludults,fine,33.97195053,-86.75222778,3947,4291
89AL087005-pgm,305252,39812,39193,89AL087005-pgm,1989,site_obsdate,1985,Developed,1,0,CONUS,v2025-11,3/27/1989 0:00,3/27/1989 0:00,ultisols,udults,hapludults,typic hapludults,fine-loamy,32.4966667,-85.62000274658203,3947,4330
S1972AL097001,318782,39847,39228,S1972AL097001,1972,site_obsdate,1985,Developed,1,1,CONUS,v2025-11,7/17/1972 0:00,7/17/1972 0:00,ultisols,udults,hapludults,typic hapludults,fine-loamy,30.5628333,-88.2133611,3947,4335
S1997AL123001,774203,39917,39298,S1997AL123001,1997,site_obsdate,1985,Developed,1,0,CONUS,v2025-11,11/26/1997 0:00,11/26/1997 0:00,ultisols,udults,hapludults,typic hapludults,fine-loamy,32.7803778,-85.8481694,3947,4348
78AL099011,119774,6958,6958,S1978AL099011,1978,site_obsdate,1985,Developed,1,1,CONUS,v2025-11,6/1/1978 0:00,6/1/1978 0:00,ultisols,udults,hapludults,typic hapludults,fine-loamy,31.4922218,-87.3225021,3947,4336
S1957DE001006,804490,3959,3959,S1957DE001006,1957,site_obsdate,1985,Developed,1,1,CONUS,v2025-11,6/1/1957 0:00,6/1/1957 0:00,ultisols,udults,hapludults,inceptic hapludults,fine-loamy,39.0121117,-75.5916138,3956,4579
S1957DE001012,804494,3958,3958,S1957DE001012,1957,site_obsdate,1985,Developed,1,1,CONUS,v2025-11,11/5/1957 0:00,11/5/1957 0:00,ultisols,udults,hapludults,typic hapludults,coarse-loamy,39.0855827,-75.5932388,3956,4579
86MD510007,123993,13863,13863,S1986MD510007,1986,site_obsdate,1985,Developed,1,0,CONUS,v2025-11,12/1/1986 0:00,12/1/1986 0:00,ultisols,udults,hapludults,typic hapludults,,39.2530237,-76.6342561,3971,5481
86MD510008,123994,13864,13864,S1986MD510008,1986,site_obsdate,1985,Developed,1,0,CONUS,v2025-11,12/1/1986 0:00,12/1/1986 0:00,ultisols,udults,hapludults,typic hapludults,,39.2549816,-76.6264715,3971,5481
S2003MD005012,1162051,31199,31080,S2003MD005012,2003,site_obsdate,1985,Developed,1,0,CONUS,v2025-11,7/24/2003 0:00,7/22/2003 0:00,ultisols,udults,hapludults,aquic hapludults,fine-loamy,39.3085556,-76.5277222,3971,5460
86MD510006,804500,13862,13862,S1986MD510006,1986,site_obsdate,1985,Developed,1,0,CONUS,v2025-11,12/1/1986 0:00,12/1/1986 0:00,ultisols,udults,hapludults,inceptic hapludults,sandy,39.2457133,-76.61997985839844,3971,5481
S1983MD019006,1100375,10774,10774,S1983MD019006,1983,site_obsdate,1985,Developed,1,1,CONUS,v2025-11,9/3/1983 0:00,9/1/1983 0:00,ultisols,udults,hapludults,psammentic hapludults,sandy,38.61750030517578,-75.8277778,3971,5466
88MD510006,804505,14886,14886,S1988MD510006,1988,site_obsdate,1985,Developed,1,0,CONUS,v2025-11,11/1/1988 0:00,11/1/1988 0:00,ultisols,udults,hapludults,typic hapludults,coarse-loamy,39.2638893,-76.6616669,3971,5481
2000MO221279,88119,49274,48560,2000MO221279,2000,site_obsdate,1985,Developed,1,0,CONUS,v2025-11,6/28/2000 0:00,6/28/2000 0:00,ultisols,udults,hapludults,lithic hapludults,,38.9672222,-92.34500122070312,3976,5810
2000MO055040,88093,49288,48574,2000MO055040,2000,site_obsdate,1985,Developed,1,0,CONUS,v2025-11,11/1/2000 0:00,11/1/2000 0:00,ultisols,udults,hapludults,typic hapludults,,38.9672222,-92.34500122070312,3976,5728
2000MO055039,88092,49289,48575,2000MO055039,2000,site_obsdate,1985,Developed,1,0,CONUS,v2025-11,11/1/2000 0:00,11/1/2000 0:00,ultisols,udults,hapludults,typic hapludults,,38.9672222,-92.34500122070312,3976,5728
1999MO203057M,97230,47140,46426,1999MO203057M,1999,site_obsdate,1985,Developed,1,0,CONUS,v2025-11,3/17/1999 0:00,3/17/1999 0:00,ultisols,udults,hapludults,aquic hapludults,fine-loamy,38.96722412,-92.34500122,3976,5801
1990MO215038,698752,44638,43924,1990MO215038,1990,site_obsdate,1985,Developed,1,0,CONUS,v2025-11,6/21/1990 0:00,6/21/1990 0:00,ultisols,udults,hapludults,typic hapludults,fine-loamy,37.5982861,-91.6645667,3976,5807
2001MO179036,169460,46565,45851,2001MO179036,2001,site_obsdate,1985,Developed,1,0,CONUS,v2025-11,10/4/2001 0:00,10/4/2001 0:00,ultisols,udults,hapludults,typic hapludults,fine-silty,38.96722412,-92.34500122,3976,5790
1995MO091076,88972,49045,48331,1995MO091076,1995,site_obsdate,1985,Developed,1,0,CONUS,v2025-11,8/22/1995 0:00,8/22/1995 0:00,ultisols,udults,hapludults,typic hapludults,fine-loamy,36.901625,-91.9209139,3976,5746
1999MO203029M,97207,47159,46445,1999MO203029M,1999,site_obsdate,1985,Developed,1,0,CONUS,v2025-11,2/24/1999 0:00,2/24/1999 0:00,ultisols,udults,hapludults,typic hapludults,loamy-skeletal,38.96722412,-92.34500122,3976,5801
1999MO203050M,97223,47147,46433,1999MO203050M,1999,site_obsdate,1985,Developed,1,0,CONUS,v2025-11,3/15/1999 0:00,3/15/1999 0:00,ultisols,udults,hapludults,typic hapludults,loamy-skeletal,38.96722412,-92.34500122,3976,5801
S2013MS153001,916838,70516,68543,2013MS153001,2013,site_obsdate,1985,Developed,1,0,CONUS,v2025-11,6/28/2013 0:00,6/28/2013 0:00,ultisols,udults,hapludults,typic hapludults,fine-loamy,31.77375030517578,-88.6315833,3978,5896
S2004NC105001,435307,32320,32201,S2004NC105001,2004,site_obsdate,1985,Developed,1,0,CONUS,v2025-11,4/7/2004 0:00,4/7/2004 0:00,ultisols,udults,hapludults,aquic hapludults,,35.5950546,-79.0711136,3980,6011
S1965NC145005,110251,3850,3850,S1965NC145005,1965,site_obsdate,1985,Developed,1,1,CONUS,v2025-11,11/19/1965 0:00,11/19/1965 0:00,ultisols,udults,hapludults,aquic hapludults,fine,36.3067474,-78.9353027,3980,6031
S1965NC163002,110262,3859,3859,S1965NC163002,1965,site_obsdate,1985,Developed,1,1,CONUS,v2025-11,6/1/1965 0:00,6/1/1965 0:00,ultisols,udults,hapludults,typic hapludults,fine-loamy,35.23306274,-78.36500549,3980,6040
87NC153004,124200,14085,14085,S1987NC153004,1987,site_obsdate,1985,Developed,1,0,CONUS,v2025-11,5/3/1987 0:00,5/1/1987 0:00,ultisols,udults,hapludults,aquic hapludults,fine-loamy,35.0155563,-79.5705566,3980,6035
96NC171008,103488,23248,23248,S1996NC171008,1996,site_obsdate,1985,Developed,1,0,CONUS,v2025-11,2/5/1996 0:00,2/3/1996 0:00,ultisols,udults,hapludults,typic hapludults,fine,36.4602776,-80.6583328,3980,6044
S1958NJ005002,1100379,333,333,S1958NJ005002,1958,site_obsdate,1985,Developed,1,1,CONUS,v2025-11,4/1/1958 0:00,4/1/1958 0:00,ultisols,udults,hapludults,psammentic hapludults,,40.0488892,-74.9202805,3984,6217
S1991NJ033004,1100472,18990,18990,S1991NJ033004,1991,site_obsdate,1985,Developed,1,0,CONUS,v2025-11,11/19/1991 0:00,11/19/1991 0:00,ultisols,udults,hapludults,oxyaquic hapludults,fine-loamy,39.6603889,-75.3729722,3984,6231
S1985NJ033010,804483,12949,12949,S1985NJ033010,1985,site_obsdate,1985,Developed,1,0,CONUS,v2025-11,9/1/1985 0:00,9/1/1985 0:00,ultisols,udults,hapludults,typic hapludults,coarse-loamy,39.6063881,-75.3088913,3984,6231
93NJ005003,804405,20771,20771,S1993NJ005003,1993,site_obsdate,1985,Developed,1,0,CONUS,v2025-11,12/1/1993 0:00,12/1/1993 0:00,ultisols,udults,hapludults,typic hapludults,fine-loamy,40.0944443,-74.6127777,3984,6217
S2004PA029006,155771,32343,32224,S2004PA029006,2004,site_obsdate,1985,Developed,1,0,CONUS,v2025-11,10/19/2004 0:00,10/19/2004 0:00,ultisols,udults,hapludults,typic hapludults,,39.80891799926758,-75.9264984,3992,6563
1958PA065010,422177,53968,53167,435,1958,site_obsdate,1985,Developed,1,1,CONUS,v2025-11,6/18/1958 0:00,6/18/1958 0:00,ultisols,udults,hapludults,aquic hapludults,fine-loamy,41.1780556,-79.0972222,3992,6581
1972PA075008,422240,54037,53236,1972PA075008,1972,site_obsdate,1985,Developed,1,1,CONUS,v2025-11,7/18/1972 0:00,7/18/1972 0:00,ultisols,udults,hapludults,aquic hapludults,fine-silty,40.2972222,-76.3083333,3992,6586
1969PA109006,422465,54288,53487,1969PA109006,1969,site_obsdate,1985,Developed,1,1,CONUS,v2025-11,6/8/1969 0:00,6/8/1969 0:00,ultisols,udults,hapludults,aquic hapludults,fine,40.727500915527344,-77.0241667,3992,6603
1965PA003003,409559,53672,52871,17,1965,site_obsdate,1985,Developed,1,1,CONUS,v2025-11,6/28/1965 0:00,6/28/1965 0:00,ultisols,udults,hapludults,typic hapludults,fine-loamy,40.5591667,-79.9930556,3992,6550
1965PA003008,409564,53729,52928,22,1965,site_obsdate,1985,Developed,1,1,CONUS,v2025-11,6/29/1965 0:00,6/29/1965 0:00,ultisols,udults,hapludults,typic hapludults,fine-loamy,40.3080556,-80.0619444,3992,6550
1959PA035019,422019,53792,52991,1959PA035019,1959,site_obsdate,1985,Developed,1,1,CONUS,v2025-11,5/7/1959 0:00,5/7/1959 0:00,ultisols,udults,hapludults,typic hapludults,fine-loamy,40.9900016784668,-77.4258333,3992,6566
1959PA037014,422037,53812,53011,1959PA037014,1959,site_obsdate,1985,Developed,1,1,CONUS,v2025-11,8/27/1959 0:00,8/27/1959 0:00,ultisols,udults,hapludults,typic hapludults,loamy-skeletal,40.9847222,-76.3991667,3992,6567
S1959PA045001,1162028,53850,53049,329,1959,site_obsdate,1985,Developed,1,1,CONUS,v2025-11,4/23/1959 0:00,4/23/1959 0:00,ultisols,udults,hapludults,typic hapludults,fine-loamy,39.8472222,-75.52249908447266,3992,6571
S1959PA045002,868901,53852,53051,330,1959,site_obsdate,1985,Developed,1,1,CONUS,v2025-11,4/23/1959 0:00,4/23/1959 0:00,ultisols,udults,hapludults,typic hapludults,fine-loamy,39.8866667,-75.5433333,3992,6571
1962PA057011,422119,53903,53102,1962PA057011,1962,site_obsdate,1985,Developed,1,1,CONUS,v2025-11,8/28/1962 0:00,8/28/1962 0:00,ultisols,udults,hapludults,typic hapludults,loamy-skeletal,40.0797222,-78.1319444,3992,6577
1970PA067012,422195,53988,53187,1970PA067012,1970,site_obsdate,1985,Developed,1,1,CONUS,v2025-11,6/12/1970 0:00,6/12/1970 0:00,ultisols,udults,hapludults,typic hapludults,loamy-skeletal,40.6236111,-77.2463889,3992,6582
1977PA081042,422283,54086,53285,1977PA081042,1977,site_obsdate,1985,Developed,1,1,CONUS,v2025-11,8/12/1977 0:00,8/12/1977 0:00,ultisols,udults,hapludults,typic hapludults,fine-loamy,41.1555556,-76.9338889,3992,6589
1960PA091001,868910,54159,53358,607,1960,site_obsdate,1985,Developed,1,1,CONUS,v2025-11,5/31/1960 0:00,5/31/1960 0:00,ultisols,udults,hapludults,typic hapludults,fine-loamy,40.1977778,-75.1694444,3992,6594
1960PA091004,868911,54163,53362,610,1960,site_obsdate,1985,Developed,1,1,CONUS,v2025-11,6/1/1960 0:00,6/1/1960 0:00,ultisols,udults,hapludults,typic hapludults,fine-loamy,40.1349983215332,-75.3330556,3992,6594
1969PA109007,422466,54289,53488,1969PA109007,1969,site_obsdate,1985,Developed,1,1,CONUS,v2025-11,6/10/1969 0:00,6/10/1969 0:00,ultisols,udults,hapludults,typic hapludults,fine,40.8594444,-77.0644444,3992,6603
S01SC-019-014,961345,28384,28326,S01SC-690-014,2001,site_obsdate,1985,Developed,1,0,CONUS,v2025-11,7/16/2010 0:00,6/25/2001 0:00,ultisols,udults,hapludults,aquic hapludults,,32.6611111,-80.06500244140625,3997,6724
S1987SC025706,476973,73029,133762,S1987SC025706,1987,site_obsdate,1985,Developed,1,0,CONUS,v2025-11,2/10/1987 0:00,2/12/1987 0:00,ultisols,udults,hapludults,typic hapludults,,34.731739,-80.0740204,3997,6727
03TN129001,145417,30211,30095,S2003TN129001,2003,site_obsdate,1985,Developed,1,0,CONUS,v2025-11,5/16/2003 0:00,5/16/2003 0:00,ultisols,udults,hapludults,typic hapludults,,36.1033325,-84.5897217,3999,6891
S1972TX423001,865729,4370,4370,S1972TX423001,1972,site_obsdate,1985,Developed,1,1,CONUS,v2025-11,6/1/1972 0:00,6/1/1972 0:00,ultisols,udults,hapludults,typic hapludults,fine,32.25,-95.25,4000,7133
V1992-VA001-031,363625,57319,56518,VPI-Bojac-11,2009,site_obsdate,1985,Developed,1,0,CONUS,v2025-11,9/22/2009 0:00,9/22/2009 0:00,ultisols,udults,hapludults,typic hapludults,,37.6996231,-75.6688156,4003,7214
V1992-VA001-036,363629,57323,56522,VPI-Bojac-15,2009,site_obsdate,1985,Developed,1,0,CONUS,v2025-11,9/22/2009 0:00,9/22/2009 0:00,ultisols,udults,hapludults,typic hapludults,,37.8279915,-75.58263397216797,4003,7214
V1992-VA001-038,363631,57325,56524,VPI-Bojac-17,2009,site_obsdate,1985,Developed,1,0,CONUS,v2025-11,9/22/2009 0:00,9/22/2009 0:00,ultisols,udults,hapludults,typic hapludults,,37.7236252,-75.6937256,4003,7214
V1992-VA001-025,363618,57350,56549,VPI-Bojac-4,2009,site_obsdate,1985,Developed,1,0,CONUS,v2025-11,9/22/2009 0:00,9/22/2009 0:00,ultisols,udults,hapludults,typic hapludults,,37.6509819,-75.7380676,4003,7214
V1992-VA001-026,363619,57353,56552,VPI-Bojac-5,2009,site_obsdate,1985,Developed,1,0,CONUS,v2025-11,9/22/2009 0:00,9/22/2009 0:00,ultisols,udults,hapludults,typic hapludults,,37.6123238,-75.7677841,4003,7214
V1992-VA810-429,363734,57549,56748,VPI-Munde-15,2009,site_obsdate,1985,Developed,1,0,CONUS,v2025-11,9/27/2009 0:00,9/27/2009 0:00,ultisols,udults,hapludults,aquic hapludults,,36.7038841,-76.0223236,4003,7346
V1992-VA810-458,363761,57633,56832,VPI-Rumfo-1,2009,site_obsdate,1985,Developed,1,0,CONUS,v2025-11,10/1/2009 0:00,10/1/2009 0:00,ultisols,udults,hapludults,typic hapludults,,36.8757401,-76.1707306,4003,7346
V1992-VA810-462,363762,57651,56850,VPI-State-3,2009,site_obsdate,1985,Developed,1,0,CONUS,v2025-11,10/1/2009 0:00,10/1/2009 0:00,ultisols,udults,hapludults,typic hapludults,,36.8659401,-76.0286331,4003,7346
V1992-VA810-466,363769,57675,56874,VPI-Tetot-4,2009,site_obsdate,1985,Developed,1,0,CONUS,v2025-11,10/1/2009 0:00,10/1/2009 0:00,ultisols,udults,hapludults,aquic hapludults,,36.8855209,-76.052948,4003,7346
V1992-VA810-475,363774,57719,56918,VPI-Yeopi-0,2009,site_obsdate,1985,Developed,1,0,CONUS,v2025-11,10/1/2009 0:00,10/1/2009 0:00,ultisols,udults,hapludults,aquic hapludults,,36.8718872,-76.0189056,4003,7346
V1992-VA810-472,363775,57720,56919,VPI-Yeopi-1,2009,site_obsdate,1985,Developed,1,0,CONUS,v2025-11,10/1/2009 0:00,10/1/2009 0:00,ultisols,udults,hapludults,aquic hapludults,,36.8415871,-76.0037155,4003,7346
V1992-VA810-473,363776,57721,56920,VPI-Yeopi-2,2009,site_obsdate,1985,Developed,1,0,CONUS,v2025-11,10/1/2009 0:00,10/1/2009 0:00,ultisols,udults,hapludults,aquic hapludults,,36.8745461,-76.0806198,4003,7346
03VA059004,157882,30573,30457,Glenelg S03-VA059-4-2,2003,site_obsdate,1985,Developed,1,0,CONUS,v2025-11,11/20/2003 0:00,11/20/2003 0:00,ultisols,udults,hapludults,typic hapludults,fine-loamy,38.8519783,-77.3649673,4003,7242
80WV067006,1079706,7939,7939,S1980WV067006,1980,site_obsdate,1985,Developed,1,1,CONUS,v2025-11,6/3/1980 0:00,6/1/1980 0:00,ultisols,udults,hapludults,typic hapludults,fine-loamy,38.16388702392578,-80.8652802,4008,7512
80-OK027-14-36,800249,71616,132301,80-OK027-14-36,2014,site_obsdate,1985,Developed,1,0,CONUS,v2025-11,,9/18/2014 0:00,alfisols,ustalfs,haplustalfs,udic haplustalfs,fine-loamy over clayey,35.2321556,-97.188125,3990,6449
78-OK099-50-5,800113,71586,132271,78-OK099-50-5,2008,site_obsdate,1985,Developed,1,0,CONUS,v2025-11,,2/21/2008 0:00,alfisols,ustalfs,haplustalfs,ultic haplustalfs,loamy-skeletal,34.4065944,-97.0428694,3990,6485
79-OK109-55-1,800237,71597,132282,79-OK109-55-1,2014,site_obsdate,1985,Developed,1,0,CONUS,v2025-11,,9/18/2014 0:00,alfisols,ustalfs,haplustalfs,ultic haplustalfs,fine-loamy,35.6521722,-97.3891417,3990,6490
80-OK049-49-21,800213,71620,132305,80-OK049-49-21,2014,site_obsdate,1985,Developed,1,0,CONUS,v2025-11,,9/18/2014 0:00,alfisols,ustalfs,haplustalfs,ultic haplustalfs,fine-loamy,34.8366833,-96.9677278,3990,6460
57TX263090,248575,4239,4239,S57TX263090,1957,site_obsdate,1985,Developed,1,1,CONUS,v2025-11,7/7/1957 0:00,7/7/1957 0:00,alfisols,ustalfs,haplustalfs,typic haplustalfs,fine-loamy,33.2584724,-100.5758362,4000,7053
S1975TX113004,110748,4412,4412,S1975TX113004,1975,site_obsdate,1985,Developed,1,1,CONUS,v2025-11,6/1/1975 0:00,6/1/1975 0:00,alfisols,ustalfs,haplustalfs,ultic haplustalfs,fine-loamy,32.9232063,-96.91695404052734,4000,6978
79TX143002,119932,7278,7278,S1979TX143002,1979,site_obsdate,1985,Developed,1,1,CONUS,v2025-11,6/3/1979 0:00,6/1/1979 0:00,alfisols,ustalfs,haplustalfs,typic haplustalfs,fine,32.4411125,-98.3605576,4000,6993
S2000OK009001,50750,26027,26027,S2000OK009001,2000,site_obsdate,1985,Developed,1,0,CONUS,v2025-11,7/18/2000 0:00,7/18/2000 0:00,inceptisols,ustepts,haplustepts,fluventic haplustepts,fine,35.1324944,-99.6397861,3990,6440
S99TX099004,49074,73428,134161,S99TX099004,1999,site_obsdate,1985,Developed,1,0,CONUS,v2025-11,10/25/1999 0:00,10/27/1999 0:00,inceptisols,ustepts,haplustepts,udic haplustepts,fine,31.3534832,-97.7659073,4000,6971
S99TX029002,54879,73421,134154,S99TX029002,1999,site_obsdate,1985,Developed,1,0,CONUS,v2025-11,12/14/1999 0:00,12/16/1999 0:00,vertisols,usterts,haplusterts,leptic udic haplusterts,,29.7409439,-98.5699463,4000,6936
S78TX027009,202199,54711,53910,S78TX027009,1978,site_obsdate,1985,Developed,1,1,CONUS,v2025-11,10/12/1978 0:00,10/12/1978 0:00,vertisols,usterts,haplusterts,sodic haplusterts,fine,31.056612014770508,-97.2116089,4000,6935
S81TX217004,220474,54746,53945,S81TX217004,1981,site_obsdate,1985,Developed,1,1,CONUS,v2025-11,7/22/1981 0:00,7/22/1981 0:00,vertisols,usterts,haplusterts,udic haplusterts,fine,31.8630944,-96.9609472,4000,7030
S99TX099002,49069,73426,134159,S99TX099002,1999,site_obsdate,1985,Developed,1,0,CONUS,v2025-11,10/25/1999 0:00,10/27/1999 0:00,vertisols,usterts,haplusterts,udic haplusterts,fine,31.3611641,-97.7540436,4000,6971
S1968AZ003007,107721,5548,5548,S1968AZ003007,1968,site_obsdate,1985,Developed,1,1,CONUS,v2025-11,10/17/1968 0:00,10/17/1968 0:00,mollisols,ustolls,haplustolls,lithic haplustolls,loamy-skeletal,31.4283333,-110.4388885,3950,4435
68KS051006,128115,1830,1830,S1968KS051006,1968,site_obsdate,1985,Developed,1,1,CONUS,v2025-11,6/1/1968 0:00,6/1/1968 0:00,mollisols,ustolls,haplustolls,entic haplustolls,fine-silty,38.9752769,-99.5577774,3967,5180
53KS141006,128091,1804,1804,S1953KS141006,1953,site_obsdate,1985,Developed,1,1,CONUS,v2025-11,6/1/1953 0:00,6/1/1953 0:00,mollisols,ustolls,haplustolls,pachic haplustolls,fine-silty,39.4527779,-98.7666702,3967,5225
S1978MN133008 (2736),583034,55912,55111,S1978MN133008 (2736),1978,site_obsdate,1985,Developed,1,1,CONUS,v2025-11,6/20/1978 0:00,6/20/1978 0:00,mollisols,ustolls,haplustolls,udic haplustolls,fine-silty,43.674511,-96.4098358,3975,5680
93NE147018,104000,21001,21001,S1993NE147018,1993,site_obsdate,1985,Developed,1,0,CONUS,v2025-11,9/30/1993 0:00,9/30/1993 0:00,mollisols,ustolls,haplustolls,cumulic haplustolls,fine-silty,40.0297432,-96.0241776,3982,6185
79NE037134,120506,8464,8464,S1979NE037134,1979,site_obsdate,1985,Developed,1,1,CONUS,v2025-11,6/3/1979 0:00,6/1/1979 0:00,mollisols,ustolls,haplustolls,cumulic haplustolls,fine-silty,41.4850006,-97.0397186,3982,6130
1980NE121165,251599,8003,8003,1980NE121165,1980,site_obsdate,1985,Developed,1,1,CONUS,v2025-11,8/19/1980 0:00,8/19/1980 0:00,mollisols,ustolls,haplustolls,pachic haplustolls,coarse-loamy,41.2177778,-98.0019444,3982,6172
S1976NE167025,1097701,6642,6642,S1976NE167025,1976,site_obsdate,1985,Developed,1,1,CONUS,v2025-11,6/3/1976 0:00,10/26/1976 0:00,mollisols,ustolls,haplustolls,udic haplustolls,fine,41.8011093,-97.2816696,3982,6195
S1987-NM015-012-copy,1216759,14929,14929,S1987NM015012,1987,site_obsdate,1985,Developed,1,0,CONUS,v2025-11,11/1/1987 0:00,11/1/1987 0:00,mollisols,ustolls,haplustolls,aridic lithic haplustolls,loamy-skeletal,32.4133339,-104.3300018,3986,6244
75-OK119-60-3,800230,71527,132212,75-OK119-60-3,2008,site_obsdate,1985,Developed,1,0,CONUS,v2025-11,,3/26/2008 0:00,mollisols,ustolls,haplustolls,udertic haplustolls,fine,36.1013528,-97.08744812011719,3990,6495
S1957SD099005,105707,2421,2421,S1957SD099005,1957,site_obsdate,1985,Developed,1,1,CONUS,v2025-11,8/13/1957 0:00,8/13/1957 0:00,mollisols,ustolls,haplustolls,cumulic haplustolls,fine-loamy,43.5583344,-96.5888901,3998,6809
93SD099103,105714,20973,20973,S1993SD099103,1993,site_obsdate,1985,Developed,1,0,CONUS,v2025-11,11/18/1993 0:00,11/16/1993 0:00,mollisols,ustolls,haplustolls,udic haplustolls,fine-loamy,43.8461113,-96.5717239,3998,6809
81TX015002,120546,8558,8558,S1981TX015002,1981,site_obsdate,1985,Developed,1,1,CONUS,v2025-11,4/3/1981 0:00,4/1/1981 0:00,ultisols,ustults,haplustults,arenic haplustults,loamy,29.8805561,-96.3930588,4000,6929
57-CA-52-005,533109,52589,51863,S1957-CA-52-005,2009,site_obsdate,1985,Developed,1,0,CONUS,v2025-11,2/11/2009 0:00,2/11/2009 0:00,inceptisols,aquepts,humaquepts,fluvaquentic humaquepts,,40.3420296,-121.437912,3951,4500
S1980MN137001 (3387),583351,56189,55388,S1980MN137001 (3387),1980,site_obsdate,1985,Developed,1,1,CONUS,v2025-11,7/2/1980 0:00,7/2/1980 0:00,inceptisols,aquepts,humaquepts,histic humaquepts,fine-loamy,47.4526291,-92.1962662,3975,5682
S1970MN0011108,583690,56436,55635,S1970MN0011108,2010,site_obsdate,1985,Developed,1,0,CONUS,v2025-11,10/29/2010 0:00,10/29/2010 0:00,inceptisols,aquepts,humaquepts,histic humaquepts,coarse-loamy,46.5367432,-93.6864166,3975,5614
S1970MN0691196,583758,56489,55688,S1970MN0691196,2010,site_obsdate,1985,Developed,1,0,CONUS,v2025-11,11/15/2010 0:00,11/15/2010 0:00,inceptisols,aquepts,humaquepts,histic humaquepts,sandy over clayey,48.7529716,-96.5081406,3975,5648
86NC099003,123756,13608,13608,S1986NC099003,1986,site_obsdate,1985,Developed,1,0,CONUS,v2025-11,9/1/1986 0:00,9/1/1986 0:00,inceptisols,aquepts,humaquepts,fluvaquentic humaquepts,fine-loamy over sandy or sandy-skeletal,35.28888702392578,-83.1800003,3980,6008
S1962NH001002,1094132,471,471,S1962NH001002,1962,site_obsdate,1985,Developed,1,1,CONUS,v2025-11,8/16/1962 0:00,8/16/1962 0:00,inceptisols,aquepts,humaquepts,aeric humaquepts,loamy,43.4541664,-71.5194473,3983,6205
S1964NH015001,791722,3870,3870,S1964NH015001,1964,site_obsdate,1985,Developed,1,1,CONUS,v2025-11,9/14/1964 0:00,9/14/1964 0:00,inceptisols,aquepts,humaquepts,histic humaquepts,sandy,42.9094429,-71.0161133,3983,6212
88NJ025001,125129,15202,15202,S1988NJ025001,1988,site_obsdate,1985,Developed,1,0,CONUS,v2025-11,6/1/1988 0:00,6/1/1988 0:00,inceptisols,aquepts,humaquepts,aeric humaquepts,coarse-loamy,40.1427765,-74.2113876,3984,6227
90CA009108,1161632,18139,18139,S1990CA009108,1990,site_obsdate,1985,Developed,1,0,CONUS,v2025-11,7/1/1990 0:00,7/1/1990 0:00,inceptisols,xerepts,humixerepts,andic humixerepts,medial-skeletal,38.3499985,-120.0999985,3951,4453
84SC043001,122007,11288,11288,S1984SC043001,1984,site_obsdate,1985,Developed,1,1,CONUS,v2025-11,4/1/1984 0:00,4/1/1984 0:00,entisols,aquents,hydraquents,typic hydraquents,,33.3855553,-79.3027802,3997,6736
S2007NC183001,242177,34093,33896,S2007NC183001-Appomattox,2007,site_obsdate,1985,Developed,1,0,CONUS,v2025-11,3/19/2007 0:00,3/19/2007 0:00,ultisols,udults,kandiudults,oxyaquic kandiudults,,35.9086113,-78.7288895,3980,6050
81NC101003,120702,8902,8902,S1981NC101003,1981,site_obsdate,1985,Developed,1,1,CONUS,v2025-11,9/3/1981 0:00,9/1/1981 0:00,ultisols,udults,kandiudults,arenic kandiudults,loamy,35.5000954,-78.3330612,3980,6009
81NC101002,120701,8901,8901,S1981NC101002,1981,site_obsdate,1985,Developed,1,1,CONUS,v2025-11,9/3/1981 0:00,9/1/1981 0:00,ultisols,udults,kandiudults,plinthic kandiudults,fine-loamy,35.5000954,-78.3330612,3980,6009
86NC083001,123429,13157,13157,S1986NC083001,1986,site_obsdate,1985,Developed,1,0,CONUS,v2025-11,2/3/1986 0:00,2/1/1986 0:00,ultisols,udults,kandiudults,typic kandiudults,fine,36.3875008,-77.5911102,3980,6000
S1993SC017015,1118093,73066,133799,S1993SC017015,2015,site_obsdate,1985,Developed,1,0,CONUS,v2025-11,1/1/1989 0:00,8/5/2015 0:00,ultisols,udults,kandiudults,arenic kandiudults,loamy,33.6727193,-80.7663706,3997,6723
S1989SC017720,575600,73045,133778,S1989SC017720,2011,site_obsdate,1985,Developed,1,0,CONUS,v2025-11,8/19/2011 0:00,8/21/2011 0:00,ultisols,udults,kandiudults,grossarenic kandiudults,loamy,33.6356961,-80.8731449,3997,6723
S1993SC017012,1118090,73064,133797,S1993SC017012,2015,site_obsdate,1985,Developed,1,0,CONUS,v2025-11,1/1/1989 0:00,8/1/2015 0:00,ultisols,udults,kandiudults,rhodic kandiudults,fine,33.7103856,-80.6654823,3997,6723
S1993SC017009,1118087,73062,133795,S1993SC017009,2015,site_obsdate,1985,Developed,1,0,CONUS,v2025-11,1/1/1989 0:00,8/1/2015 0:00,ultisols,udults,kandiudults,typic kandiudults,fine,33.6616982,-80.7392138,3997,6723
S2006SC061002,1094726,33416,33267,S2006SC061002,2006,site_obsdate,1985,Developed,1,0,CONUS,v2025-11,5/15/2006 0:00,5/15/2006 0:00,ultisols,udults,kandiudults,plinthic kandiudults,fine-loamy,34.3341675,-80.3327789,3997,6745
S2007SC061003,273448,34642,34428,"S2007SC061003- Dothan, RCP",2007,site_obsdate,1985,Developed,1,0,CONUS,v2025-11,6/28/2007 0:00,6/28/2007 0:00,ultisols,udults,kandiudults,plinthic kandiudults,fine-loamy,34.2272224,-80.2383347,3997,6745
92AL123005-pgm,308403,39903,39284,92AL123005-pgm,1992,site_obsdate,1985,Developed,1,0,CONUS,v2025-11,11/3/1992 0:00,11/3/1992 0:00,ultisols,udults,kanhapludults,typic kanhapludults,fine,32.8138889,-85.6344444,3947,4348
96AL123001-pgm,308412,39913,39294,96AL123001-pgm,1996,site_obsdate,1985,Developed,1,0,CONUS,v2025-11,11/12/1996 0:00,11/12/1996 0:00,ultisols,udults,kanhapludults,typic kanhapludults,fine,33.0891667,-85.9625015258789,3947,4348
86GA321001,123642,13492,13492,S1986GA321001,1986,site_obsdate,1985,Developed,1,0,CONUS,v2025-11,7/1/1986 0:00,7/1/1986 0:00,ultisols,udults,kanhapludults,typic kanhapludults,,31.5002785,-83.8758316,3960,4811
S2000NC097003,422997,25645,25645,S2000NC097003,2000,site_obsdate,1985,Developed,1,0,CONUS,v2025-11,3/8/2000 0:00,3/8/2000 0:00,ultisols,udults,kanhapludults,typic kanhapludults,,35.5175018,-80.9191666,3980,6007
S2001NC119003,117716,27434,27406,S2001NC119003,2002,site_obsdate,1985,Developed,1,0,CONUS,v2025-11,6/21/2001 0:00,2/12/2002 0:00,ultisols,udults,kanhapludults,typic kanhapludults,,35.13605499267578,-80.8448334,3980,6018
S2001NC119004,117733,27435,27407,S2001NC119004,2002,site_obsdate,1985,Developed,1,0,CONUS,v2025-11,6/21/2001 0:00,2/12/2002 0:00,ultisols,udults,kanhapludults,typic kanhapludults,,35.1361122,-80.8448029,3980,6018
2005NC033750,1096287,40018,39399,2005NC033750,2005,site_obsdate,1985,Developed,1,0,CONUS,v2025-11,2/8/2005 0:00,2/8/2005 0:00,ultisols,udults,kanhapludults,typic kanhapludults,,36.2549706,-79.5197525,3980,5975
88NC159002,125013,15026,15026,S1988NC159002,1988,site_obsdate,1985,Developed,1,0,CONUS,v2025-11,3/3/1988 0:00,3/1/1988 0:00,ultisols,udults,kanhapludults,typic kanhapludults,clayey,35.64694595336914,-80.5611115,3980,6038
S2021SC045001,,76290,136884,S2021SC045001,2021,site_obsdate,1985,Developed,1,0,CONUS,v2025-11,9/26/2021 0:00,9/26/2021 0:00,ultisols,udults,kanhapludults,typic kanhapludults,,34.84556961,-82.42466736,3997,6737
S2006SC061007,1094724,33421,33272,S2006SC061007,2006,site_obsdate,1985,Developed,1,0,CONUS,v2025-11,5/12/2006 0:00,5/12/2006 0:00,ultisols,udults,kanhapludults,plinthic kanhapludults,fine-loamy,34.2719154,-80.3601913,3997,6745
V1984-VA081-290,363525,57685,56884,VPI-Uchee-5,2009,site_obsdate,1985,Developed,1,0,CONUS,v2025-11,9/24/2009 0:00,9/24/2009 0:00,ultisols,udults,kanhapludults,arenic kanhapludults,,36.6399994,-77.6204605,4003,7253
S1971LA051013,102383,3887,3887,S1971LA051013,1971,site_obsdate,1985,Developed,1,1,CONUS,v2025-11,6/17/1971 0:00,6/17/1971 0:00,histosols,saprists,medisaprists,fluvaquentic medisaprists,,30.0113888,-90.2458344,3969,5405
S1971LA051004,102376,3877,3877,S1971LA051004,1971,site_obsdate,1985,Developed,1,1,CONUS,v2025-11,6/9/1971 0:00,6/9/1971 0:00,histosols,saprists,medisaprists,typic medisaprists,,30.0341663,-90.2441635,3969,5405
S1971LA071002,102393,3880,3880,S1971LA071002,1971,site_obsdate,1985,Developed,1,1,CONUS,v2025-11,6/14/1971 0:00,6/14/1971 0:00,histosols,saprists,medisaprists,typic medisaprists,,30.1077785,-89.8949966,3969,5415
S1968LA095006,107456,3881,3881,S1968LA095006,1968,site_obsdate,1985,Developed,1,1,CONUS,v2025-11,7/17/1968 0:00,7/17/1968 0:00,histosols,saprists,medisaprists,typic medisaprists,,30.2416668,-90.4072189,3969,5427
S1969LA051002,102372,3884,3884,S1969LA051002,1969,site_obsdate,1985,Developed,1,1,CONUS,v2025-11,10/2/1969 0:00,10/2/1969 0:00,histosols,saprists,medisaprists,typic medisaprists,,30.0438881,-90.2527771,3969,5405
S2004WA053003,154084,30831,30714,04-MPR-08,1999,site_obsdate,1985,Developed,1,0,CONUS,v2025-11,5/19/1999 0:00,5/19/1999 0:00,andisols,xerands,melanoxerands,pachic melanoxerands,,47.1183815,-122.5654449,4006,7394
S2004WA053002,154086,30833,30716,04-MPR-07,1999,site_obsdate,1985,Developed,1,0,CONUS,v2025-11,5/6/1999 0:00,5/6/1999 0:00,andisols,xerands,melanoxerands,typic melanoxerands,,47.1195183,-122.5605774,4006,7394
1958IL079001,314961,35948,35333,1958IL079001,1958,site_obsdate,1985,Developed,1,1,CONUS,v2025-11,7/1/1958 0:00,7/1/1958 0:00,alfisols,aqualfs,natraqualfs,typic natraqualfs,fine-silty,38.9800233,-88.1887173,3965,5000
75LA041012,955535,1333,1333,75LA041012,1975,site_obsdate,1985,Developed,1,1,CONUS,v2025-11,,6/1/1975 0:00,alfisols,aqualfs,natraqualfs,albic glossic natraqualfs,fine-silty,32.3191667,-91.6097222,3969,5400
S1961LA033009,102357,1289,1289,S1961LA033009,1961,site_obsdate,1985,Developed,1,1,CONUS,v2025-11,5/11/1961 0:00,5/11/1961 0:00,alfisols,aqualfs,natraqualfs,glossic natraqualfs,fine-silty,30.4663887,-91.0547256,3969,5396
S1961LA033010,102358,1290,1290,S1961LA033010,1961,site_obsdate,1985,Developed,1,1,CONUS,v2025-11,5/11/1961 0:00,5/11/1961 0:00,alfisols,aqualfs,natraqualfs,glossic natraqualfs,fine-silty,30.4611111,-91.038887,3969,5396
68-OK143-72-2,800122,71454,132139,68-OK143-72-2,1968,site_obsdate,1985,Developed,1,1,CONUS,v2025-11,,11/2/1968 0:00,alfisols,aqualfs,natraqualfs,albic natraqualfs,fine,36.1518028,-95.7975667,3990,6507
80TX005010,120236,7811,7811,S1980TX005010,1980,site_obsdate,1985,Developed,1,1,CONUS,v2025-11,4/3/1980 0:00,4/1/1980 0:00,alfisols,aqualfs,natraqualfs,albic glossic natraqualfs,fine-loamy,31.2611103,-94.711113,4000,6924
S1967ND077002,47638,2660,2660,S1967ND077002,1967,site_obsdate,1985,Developed,1,1,CONUS,v2025-11,,10/9/1967 0:00,mollisols,aquolls,natraquolls,typic natraquolls,coarse-loamy,46.4275016784668,-97.1408333,3981,6097
S1967AZ013017,107810,5459,5459,S1967AZ013017,1967,site_obsdate,1985,Developed,1,1,CONUS,v2025-11,10/14/1967 0:00,10/14/1967 0:00,aridisols,argids,natrargids,vertic natrargids,fine,33.3424988,-111.7633362,3950,4441
S1973CA049009,98899,6138,6138,S1973CA049009,1973,site_obsdate,1985,Developed,1,1,CONUS,v2025-11,9/17/1973 0:00,9/17/1973 0:00,aridisols,argids,natrargids,xeric natrargids,fine-loamy,41.4563904,-120.871109,3951,4473
79ID039006,120061,7439,7439,S1979ID039006,1979,site_obsdate,1985,Developed,1,1,CONUS,v2025-11,6/1/1979 0:00,6/1/1979 0:00,aridisols,argids,natrargids,xerollic natrargids,fine,43.1236115,-115.7083359,3964,4936
S1969MT027007,103141,3504,3504,S1969MT027007,1969,site_obsdate,1985,Developed,1,1,CONUS,v2025-11,1/1/1969 0:00,1/1/1969 0:00,aridisols,argids,natrargids,borollic natrargids,fine,47.3415833,-110.0855484,3979,5915
S1959NV005001,104537,3002,3002,S1959NV005001,1959,site_obsdate,1985,Developed,1,1,CONUS,v2025-11,9/29/1959 0:00,9/29/1959 0:00,aridisols,argids,natrargids,durixerollic natrargids,fine,39.0024986,-119.7586136,3987,6271
S1964CA095008,100237,2746,2746,S1964CA095008,1964,site_obsdate,1985,Developed,1,1,CONUS,v2025-11,10/8/1964 0:00,10/8/1964 0:00,alfisols,xeralfs,natrixeralfs,typic natrixeralfs,fine,38.2444458,-122.0013885,3951,4496
78CA095002,119908,7186,7186,S1978CA095002,1978,site_obsdate,1985,Developed,1,1,CONUS,v2025-11,5/1/1978 0:00,5/1/1978 0:00,alfisols,xeralfs,natrixeralfs,typic natrixeralfs,fine,38.244339,-122.0052109,3951,4496
S1964CA095005,100234,2751,2751,S1964CA095005,1964,site_obsdate,1985,Developed,1,1,CONUS,v2025-11,10/7/1964 0:00,10/7/1964 0:00,alfisols,xeralfs,natrixeralfs,vertic natrixeralfs,,38.3074989,-121.8138885,3951,4496
S2002IL145001,309292,28836,28763,S2002IL145001,2002,site_obsdate,1985,Developed,1,0,CONUS,v2025-11,3/13/2002 0:00,3/13/2002 0:00,alfisols,udalfs,natrudalfs,typic natrudalfs,,37.97908401489258,-89.2202759,3965,5033
1925IL191001,315081,35832,35217,1925IL191001,1925,site_obsdate,1985,Developed,1,1,CONUS,v2025-11,10/29/2007 0:00,11/1/1925 0:00,alfisols,udalfs,natrudalfs,aquic natrudalfs,fine-silty,38.5185298,-88.4382973,3965,5056
1925IL191002,315082,35833,35218,1925IL191002,1925,site_obsdate,1985,Developed,1,1,CONUS,v2025-11,10/31/2007 0:00,11/1/1925 0:00,alfisols,udalfs,natrudalfs,aquic natrudalfs,fine-silty,38.5185048,-88.438175,3965,5056
1979IL145002,375464,36625,36010,1979IL145002,1979,site_obsdate,1985,Developed,1,1,CONUS,v2025-11,6/1/1979 0:00,6/1/1979 0:00,alfisols,udalfs,natrudalfs,aquic natrudalfs,fine,37.9658766,-89.2195551,3965,5033
1986IL051100,314662,37416,36801,1986IL051100,1986,site_obsdate,1985,Developed,1,0,CONUS,v2025-11,9/1/1986 0:00,9/1/1986 0:00,alfisols,udalfs,natrudalfs,aquic natrudalfs,fine-silty,39.025225,-88.8992694,3965,4986
1989IL027185,314698,37641,37026,1989IL027185,1989,site_obsdate,1985,Developed,1,0,CONUS,v2025-11,8/1/1989 0:00,8/1/1989 0:00,alfisols,udalfs,natrudalfs,aquic natrudalfs,fine-silty,38.571075439453125,-89.5444028,3965,4974
1979IL119083,375465,36558,35943,1979IL119083,1979,site_obsdate,1985,Developed,1,1,CONUS,v2025-11,3/1/1979 0:00,3/1/1979 0:00,alfisols,udalfs,natrudalfs,typic natrudalfs,fine,38.8740658,-89.6094018,3965,5020
S1956ND081007,47397,27,27,S1956ND081007,1956,site_obsdate,1985,Developed,1,1,CONUS,v2025-11,7/11/1956 0:00,7/11/1956 0:00,mollisols,udolls,natrudolls,leptic natrudolls,,46.262229919433594,-97.321533203125,3981,6099
99KS171002,108475,24761,24761,S1999KS171002,1999,site_obsdate,1985,Developed,1,0,CONUS,v2025-11,6/24/1999 0:00,6/24/1999 0:00,alfisols,ustalfs,natrustalfs,aridic natrustalfs,,38.3000259,-100.7582474,3967,5240
1950NE019003,788090,2154,2154,1950NE019003,1950,site_obsdate,1985,Developed,1,1,CONUS,v2025-11,7/15/1950 0:00,7/13/1950 0:00,mollisols,ustolls,natrustolls,typic natrustolls,fine,40.7427788,-98.7900009,3982,6121
S1987IA005013,836446,70890,68918,S1987IA005013,1987,site_obsdate,1985,Developed,1,0,CONUS,v2025-11,10/23/1987 0:00,10/23/1987 0:00,alfisols,aqualfs,ochraqualfs,udollic ochraqualfs,fine-silty,43.1888889,-91.3522222,3963,4820
83IL-195-151,963547,37056,36441,83IL-195-151,1983,site_obsdate,1985,Developed,1,1,CONUS,v2025-11,,6/1/1983 0:00,alfisols,aqualfs,ochraqualfs,mollic ochraqualfs,fine-loamy over sandy or sandy-skeletal,41.7046306,-89.7669889,3965,5058
1977IN069006,313524,38496,37881,1977IN069006,1977,site_obsdate,1985,Developed,1,1,CONUS,v2025-11,5/10/1977 0:00,5/10/1977 0:00,alfisols,aqualfs,ochraqualfs,aeric ochraqualfs,fine,40.8650639,-85.6223444,3966,5097
1977IN169012,313593,38791,38176,1977IN169012,1977,site_obsdate,1985,Developed,1,1,CONUS,v2025-11,7/27/1977 0:00,7/27/1977 0:00,alfisols,aqualfs,ochraqualfs,aeric ochraqualfs,fine-loamy,40.8843083,-85.792075,3966,5147
1982IN075003,313986,39240,38625,1982IN075003,1982,site_obsdate,1985,Developed,1,1,CONUS,v2025-11,8/31/1982 0:00,8/31/1982 0:00,alfisols,aqualfs,ochraqualfs,aeric ochraqualfs,fine,40.3599028,-84.9815444,3966,5100
1976IN181019,313430,38305,37690,1976IN181019,1974,site_obsdate,1985,Developed,1,1,CONUS,v2025-11,9/9/1974 0:00,9/9/1974 0:00,alfisols,aqualfs,ochraqualfs,mollic ochraqualfs,coarse-loamy,40.8103528,-86.9488917,3966,5153
S1971IN079004,110004,5090,5090,S1971IN079004,1971,site_obsdate,1985,Developed,1,1,CONUS,v2025-11,10/6/1971 0:00,10/6/1971 0:00,alfisols,aqualfs,ochraqualfs,typic ochraqualfs,fine-loamy,38.9261093,-85.6083298,3966,5102
1976IN133081,313392,38219,37604,1976IN133081,1976,site_obsdate,1985,Developed,1,1,CONUS,v2025-11,10/6/1976 0:00,10/6/1976 0:00,alfisols,aqualfs,ochraqualfs,typic ochraqualfs,fine-silty,39.5291528,-86.7718583,3966,5129
1977IN133009,313874,38661,38046,1977IN133009,1977,site_obsdate,1985,Developed,1,1,CONUS,v2025-11,3/3/1977 0:00,3/3/1977 0:00,alfisols,aqualfs,ochraqualfs,typic ochraqualfs,fine-silty,39.4963528,-86.6875833,3966,5129
S1957LA053002,102385,3776,3776,S1957LA053002,1957,site_obsdate,1985,Developed,1,1,CONUS,v2025-11,11/14/1957 0:00,11/14/1957 0:00,alfisols,aqualfs,ochraqualfs,typic ochraqualfs,fine-silty,30.43861198425293,-92.707222,3969,5406
S1976NY045002,110614,1147,1147,S1976NY045002,1976,site_obsdate,1985,Developed,1,1,CONUS,v2025-11,7/14/1976 0:00,7/14/1976 0:00,alfisols,aqualfs,ochraqualfs,aeric ochraqualfs,very-fine,44.0475006,-76.1008301,3988,6308
82NY089009,121171,9987,9987,S1982NY089009,1982,site_obsdate,1985,Developed,1,1,CONUS,v2025-11,12/1/1982 0:00,12/1/1982 0:00,alfisols,aqualfs,ochraqualfs,aeric ochraqualfs,fine,44.5869446,-75.5319443,3988,6330
88TX347001,125425,15580,15580,S1988TX347001,1988,site_obsdate,1985,Developed,1,0,CONUS,v2025-11,11/3/1988 0:00,11/1/1988 0:00,alfisols,aqualfs,ochraqualfs,aeric ochraqualfs,fine,31.6138897,-94.5124969,4000,7095
S1955CA035003,108021,2777,2777,S1955CA035003,1955,site_obsdate,1985,Developed,1,1,CONUS,v2025-11,8/1/1955 0:00,8/1/1955 0:00,aridisols,argids,paleargids,calcic paleargids,fine,40.4011116,-120.50333404541016,3951,4466
2018NM013258,1306469,713,713,2018NM013258,1966,site_obsdate,1985,Developed,1,1,CONUS,v2025-11,11/6/2018 0:00,11/8/1966 0:00,aridisols,argids,paleargids,petrocalcic paleargids,loamy,32.28292465209961,-106.9203944,3986,6243
85KY-013-001,521315,55262,54461,85KY-013-001,1985,site_obsdate,1985,Developed,1,0,CONUS,v2025-11,8/27/1985 0:00,8/27/1985 0:00,ultisols,humults,palehumults,typic palehumults,fine-silty,36.7720222,-83.7198944,3968,5266
89OR015004,125483,15681,15681,S1989OR015004,1989,site_obsdate,1985,Developed,1,0,CONUS,v2025-11,10/3/1989 0:00,10/1/1989 0:00,ultisols,humults,palehumults,typic palehumults,fine-loamy,42.0752792,-124.2916641,3991,6520
89AL005003-pgm,305163,39649,39030,89AL005003-pgm,1987,site_obsdate,1985,Developed,1,0,CONUS,v2025-11,11/18/1987 0:00,11/18/1987 0:00,alfisols,udalfs,paleudalfs,typic paleudalfs,coarse-loamy,31.82028389,-85.16333771,3947,4289
89AL105001-pgm,318773,39872,39253,89AL105001-pgm,1989,site_obsdate,1985,Developed,1,0,CONUS,v2025-11,1/25/1989 0:00,1/25/1989 0:00,alfisols,udalfs,paleudalfs,vertic paleudalfs,fine,32.3380556,-87.5086111,3947,4339
S2002FL121003,135369,29161,29088,S2002FL121003,2002,site_obsdate,1985,Developed,1,0,CONUS,v2025-11,5/14/2002 0:00,5/14/2002 0:00,alfisols,udalfs,paleudalfs,vertic paleudalfs,,30.2899914,-83.1344223,3957,4642
96KY-227-008,520965,55430,54629,96KY-227-008,1996,site_obsdate,1985,Developed,1,0,CONUS,v2025-11,8/22/1996 0:00,8/22/1996 0:00,alfisols,udalfs,paleudalfs,rhodic paleudalfs,fine-silty,36.9961891,-86.4635925,3968,5373
1980KY033001,872414,8259,8259,S1980KY033001,1980,site_obsdate,1985,Developed,1,1,CONUS,v2025-11,11/1/1980 0:00,11/1/1980 0:00,alfisols,udalfs,paleudalfs,mollic paleudalfs,fine-silty,37.0999985,-87.8833313,3968,5276
S1955LA015001,102330,3782,3782,S1955LA015001,1955,site_obsdate,1985,Developed,1,1,CONUS,v2025-11,11/8/1955 0:00,11/8/1955 0:00,alfisols,udalfs,paleudalfs,typic paleudalfs,coarse-loamy,32.39861297607422,-93.5005569,3969,5387
S1974LA017011,102347,3791,3791,S1974LA017011,1973,site_obsdate,1985,Developed,1,1,CONUS,v2025-11,8/6/1973 0:00,8/6/1973 0:00,alfisols,udalfs,paleudalfs,vertic paleudalfs,very-fine,32.5258331,-93.8274994,3969,5388
06LA017 Keithville OSD,199651,33860,33663,06LA017 Keithville OSD,2006,site_obsdate,1985,Developed,1,0,CONUS,v2025-11,5/22/2006 0:00,5/22/2006 0:00,alfisols,udalfs,paleudalfs,glossaquic paleudalfs,fine-silty,32.2783333,-93.8617222,3969,5388
87LA073001,957878,14376,14376,87LA073001,1987,site_obsdate,1985,Developed,1,0,CONUS,v2025-11,7/3/1992 0:00,6/1/1987 0:00,alfisols,udalfs,paleudalfs,typic paleudalfs,coarse-loamy,32.4163889,-92.3677778,3969,5416
99MD001005,108620,25233,25233,S1999MD001005,1999,site_obsdate,1985,Developed,1,0,CONUS,v2025-11,11/10/1999 0:00,11/10/1999 0:00,alfisols,udalfs,paleudalfs,fragiaquic paleudalfs,,39.5413322,-78.6126633,3971,5458
2008MO157005,664654,41428,40714,2008MO157005,2008,site_obsdate,1985,Developed,1,0,CONUS,v2025-11,5/21/2008 0:00,5/21/2008 0:00,alfisols,udalfs,paleudalfs,oxyaquic paleudalfs,,37.7166111,-89.81099700927734,3976,5779
1993MO099209,88470,43065,42351,1993MO099209,1993,site_obsdate,1985,Developed,1,0,CONUS,v2025-11,2/3/1993 0:00,2/3/1993 0:00,alfisols,udalfs,paleudalfs,typic paleudalfs,,38.1570006,-90.3564915,3976,5750
1995MO221002,87146,43234,42520,1995MO221002,1995,site_obsdate,1985,Developed,1,0,CONUS,v2025-11,12/11/1995 0:00,12/11/1995 0:00,alfisols,udalfs,paleudalfs,typic paleudalfs,,38.9833333,-91.04499816894531,3976,5810
2006MO139069,664044,45936,45222,2006MO139069,2006,site_obsdate,1985,Developed,1,0,CONUS,v2025-11,2/1/2006 0:00,2/1/2006 0:00,alfisols,udalfs,paleudalfs,typic paleudalfs,,38.8951944,-91.6106667,3976,5770
1999MO051161,92137,48605,47891,1999MO051161,1999,site_obsdate,1985,Developed,1,0,CONUS,v2025-11,6/29/1999 0:00,6/29/1999 0:00,alfisols,udalfs,paleudalfs,aquic paleudalfs,,38.9672644,-92.3451678,3976,5726
2000MO221289,88128,49267,48553,2000MO221289,2000,site_obsdate,1985,Developed,1,0,CONUS,v2025-11,11/20/2000 0:00,11/20/2000 0:00,alfisols,udalfs,paleudalfs,typic paleudalfs,,38.9672222,-92.34500122070312,3976,5810
1999MO221247,88017,49323,48609,1999MO221247,1999,site_obsdate,1985,Developed,1,0,CONUS,v2025-11,11/3/1999 0:00,11/3/1999 0:00,alfisols,udalfs,paleudalfs,rhodic paleudalfs,,38.9672644,-92.3451678,3976,5810
1996MO221046,87351,49507,48793,1996MO221046,1996,site_obsdate,1985,Developed,1,0,CONUS,v2025-11,11/7/1996 0:00,11/7/1996 0:00,alfisols,udalfs,paleudalfs,typic paleudalfs,,38.9672644,-92.3451678,3976,5810
1999MO055007,87926,54524,53723,1999MO055007,1999,site_obsdate,1985,Developed,1,0,CONUS,v2025-11,3/31/1999 0:00,3/31/1999 0:00,alfisols,udalfs,paleudalfs,oxyaquic paleudalfs,,38.96722412,-92.34500122,3976,5728
1999MO203056M,97229,47141,46427,1999MO203056M,1999,site_obsdate,1985,Developed,1,0,CONUS,v2025-11,3/16/1999 0:00,3/16/1999 0:00,alfisols,udalfs,paleudalfs,typic paleudalfs,fine-loamy over clayey,38.96722412,-92.34500122,3976,5801
1999MO203055M,97228,47142,46428,1999MO203055M,1999,site_obsdate,1985,Developed,1,0,CONUS,v2025-11,3/16/1999 0:00,3/16/1999 0:00,alfisols,udalfs,paleudalfs,typic paleudalfs,loamy-skeletal,38.96722412,-92.34500122,3976,5801
1999MO203032M,97210,47156,46442,1999MO203032M,1999,site_obsdate,1985,Developed,1,0,CONUS,v2025-11,2/25/1999 0:00,2/25/1999 0:00,alfisols,udalfs,paleudalfs,typic paleudalfs,very-fine,38.96722412,-92.34500122,3976,5801
1999MO203026M,97204,47162,46448,1999MO203026M,1999,site_obsdate,1985,Developed,1,0,CONUS,v2025-11,2/24/1999 0:00,2/24/1999 0:00,alfisols,udalfs,paleudalfs,typic paleudalfs,loamy-skeletal,38.96722412,-92.34500122,3976,5801
1990MO167119,92515,48517,47803,1990MO167119,1990,site_obsdate,1985,Developed,1,0,CONUS,v2025-11,10/5/1990 0:00,10/5/1990 0:00,alfisols,udalfs,paleudalfs,typic paleudalfs,fine,38.9672222,-92.34500122070312,3976,5784
2007MO209009,642241,41670,40956,2007MO209009,2007,site_obsdate,1985,Developed,1,0,CONUS,v2025-11,11/20/2007 0:00,11/20/2007 0:00,alfisols,udalfs,paleudalfs,typic paleudalfs,loamy-skeletal,36.7222778,-93.5297778,3976,5804
2000MO221288,88127,49268,48554,2000MO221288,2000,site_obsdate,1985,Developed,1,0,CONUS,v2025-11,11/20/2000 0:00,11/20/2000 0:00,alfisols,udalfs,paleudalfs,typic paleudalfs,clayey-skeletal,38.9672222,-92.34500122070312,3976,5810
1964PA043006,1118799,53845,53044,1964PA043006,1964,site_obsdate,1985,Developed,1,1,CONUS,v2025-11,6/23/1964 0:00,6/23/1964 0:00,alfisols,udalfs,paleudalfs,typic paleudalfs,fine,40.285278,-76.667222,3992,6570
S2001TX201001,112292,30178,30062,P01TX201-001,2001,site_obsdate,1985,Developed,1,0,CONUS,v2025-11,11/19/2001 0:00,11/19/2001 0:00,alfisols,udalfs,paleudalfs,aquic paleudalfs,,29.9352779,-95.6822205,4000,7022
S1989WI111002,897120,16887,16887,S1989WI111002,1989,site_obsdate,1985,Developed,1,0,CONUS,v2025-11,9/1/1989 0:00,9/1/1989 0:00,alfisols,udalfs,paleudalfs,mollic paleudalfs,fine-silty over clayey,43.5813904,-90.2963867,4007,7463
2005MO145001,182479,45984,45270,2005MO145001,2005,site_obsdate,1985,Developed,1,0,CONUS,v2025-11,12/13/2005 0:00,12/13/2005 0:00,mollisols,udolls,paleudolls,typic paleudolls,,36.876825,-94.1788333,3976,5773
1996MO039106,94421,49991,49277,1996MO039106,2006,site_obsdate,1985,Developed,1,0,CONUS,v2025-11,6/10/2006 0:00,6/10/2006 0:00,mollisols,udolls,paleudolls,typic paleudolls,,37.6874417,-93.8024333,3976,5720
S1972AL097004,318785,39850,39231,S1972AL097004,1972,site_obsdate,1985,Developed,1,1,CONUS,v2025-11,7/18/1972 0:00,7/18/1972 0:00,ultisols,udults,paleudults,aquic paleudults,fine,31.1338889,-88.1022222,3947,4335
89AL005001-pgm,305164,39650,39031,89AL005001-pgm,2008,site_obsdate,1985,Developed,1,0,CONUS,v2025-11,2/13/2008 0:00,2/13/2008 0:00,ultisols,udults,paleudults,grossarenic plinthic paleudults,loamy,31.4069444,-85.4069444,3947,4289
S1972AL097009,318788,39853,39234,S1972AL097009,1972,site_obsdate,1985,Developed,1,1,CONUS,v2025-11,7/19/1972 0:00,7/19/1972 0:00,ultisols,udults,paleudults,plinthic paleudults,fine-loamy,30.5309722,-88.2372222,3947,4335
77AL033002-pgm,305213,39737,39118,77AL033002-pgm,1977,site_obsdate,1985,Developed,1,1,CONUS,v2025-11,3/21/1977 0:00,3/21/1977 0:00,ultisols,udults,paleudults,rhodic paleudults,fine,34.72528458,-87.68055725,3947,4303
77AL033006-pgm,305217,39741,39122,77AL033006-pgm,1977,site_obsdate,1985,Developed,1,1,CONUS,v2025-11,4/27/1977 0:00,4/27/1977 0:00,ultisols,udults,paleudults,rhodic paleudults,fine,34.83000565,-87.97666931,3947,4303
75AL065001-pgm,305221,39772,39153,75AL065001-pgm,1975,site_obsdate,1985,Developed,1,1,CONUS,v2025-11,5/6/1975 0:00,5/6/1975 0:00,ultisols,udults,paleudults,rhodic paleudults,fine-loamy,32.91222763,-87.64028168,3947,4319
S1973AL097001,318778,39857,39238,S1973AL097001,1973,site_obsdate,1985,Developed,1,1,CONUS,v2025-11,2/22/1973 0:00,2/22/1973 0:00,ultisols,udults,paleudults,rhodic paleudults,fine-loamy,31.0988889,-88.2391667,3947,4335
74AL055005-pgm,308469,39766,39147,74AL055005-pgm,1974,site_obsdate,1985,Developed,1,1,CONUS,v2025-11,8/26/1974 0:00,8/26/1974 0:00,ultisols,udults,paleudults,typic paleudults,fine-loamy,33.9805603,-85.95278168,3947,4314
04AL089001-pgm,308382,39831,39212,04AL089001-pgm,2003,site_obsdate,1985,Developed,1,0,CONUS,v2025-11,10/9/2003 0:00,10/9/2003 0:00,ultisols,udults,paleudults,typic paleudults,fine,34.7561111,-86.4855556,3947,4331
S2010AL003001,713880,55484,54683,2010 MLRA15-3 AL003 101,2010,site_obsdate,1985,Developed,1,0,CONUS,v2025-11,4/23/2010 0:00,4/23/2010 0:00,ultisols,udults,paleudults,typic paleudults,fine-loamy,30.5238333,-87.6979722,3947,4288
81AL131001,120514,8473,8473,S1981AL131001,1981,site_obsdate,1985,Developed,1,1,CONUS,v2025-11,3/3/1981 0:00,3/1/1981 0:00,ultisols,udults,paleudults,plinthic paleudults,fine-loamy,32.0238876,-87.316391,3947,4352
82AL001001,107616,9351,9351,S1982AL001001,1982,site_obsdate,1985,Developed,1,1,CONUS,v2025-11,8/3/1982 0:00,8/1/1982 0:00,ultisols,udults,paleudults,rhodic paleudults,fine-loamy,32.4147224,-86.4897232,3947,4287
S2003AL089005,817797,30508,30392,S2003AL089005,2003,site_obsdate,1985,Developed,1,0,CONUS,v2025-11,6/17/2002 0:00,6/17/2003 0:00,ultisols,udults,paleudults,rhodic paleudults,fine,34.8937222,-86.60250091552734,3947,4331
04AR069001,156921,31334,31215,AR069 SCAN_UAPB,2004,site_obsdate,1985,Developed,1,0,CONUS,v2025-11,2/4/2004 0:00,2/4/2004 0:00,ultisols,udults,paleudults,aquic paleudults,,34.25,-92.0166702,3948,4388
08DC001001,270885,34807,34593,S2008DC001001,2008,site_obsdate,1985,Developed,1,0,CONUS,v2025-11,1/28/2008 0:00,1/28/2008 0:00,ultisols,udults,paleudults,aquic paleudults,,38.9080009,-76.9708023,3955,4578
S1980GA243003,100951,7792,7792,S1980GA243003,1981,site_obsdate,1985,Developed,1,1,CONUS,v2025-11,,8/1/1981 0:00,ultisols,udults,paleudults,grossarenic paleudults,,33.3870926,-82.0998459,3960,4772
1987KY045004,872430,14382,14382,S1987KY045004,1987,site_obsdate,1985,Developed,1,0,CONUS,v2025-11,6/1/1987 0:00,6/1/1987 0:00,ultisols,udults,paleudults,typic paleudults,,37.2772217,-84.9588852,3968,5282
90LA011020,1180381,17323,17323,S1990LA011020,1990,site_obsdate,1985,Developed,1,0,CONUS,v2025-11,8/3/1990 0:00,8/1/1990 0:00,ultisols,udults,paleudults,typic paleudults,coarse-silty,30.5300007,-93.2233353,3969,5385
87LA079001,110090,14378,14378,S1987LA079001,1987,site_obsdate,1985,Developed,1,0,CONUS,v2025-11,6/3/1987 0:00,6/1/1987 0:00,ultisols,udults,paleudults,typic paleudults,fine-loamy,31.1680565,-92.538887,3969,5419
86MD510009,123995,13865,13865,S1986MD510009,1986,site_obsdate,1985,Developed,1,0,CONUS,v2025-11,12/1/1986 0:00,12/1/1986 0:00,ultisols,udults,paleudults,typic paleudults,,39.2533067,-76.6275918,3971,5481
1984MO215008,122056,11358,11358,1984MO215008S,1984,site_obsdate,1985,Developed,1,1,CONUS,v2025-11,6/1/1984 0:00,6/1/1984 0:00,ultisols,udults,paleudults,typic paleudults,,37.1213875,-92.0986099,3976,5807
1987MO161009,126043,16375,16375,1987MO161009S,1987,site_obsdate,1985,Developed,1,0,CONUS,v2025-11,8/1/1987 0:00,8/1/1987 0:00,ultisols,udults,paleudults,aquic paleudults,,37.6261101,-91.913887,3976,5781
1996MO071002,87317,49519,48805,1996MO071002,1996,site_obsdate,1985,Developed,1,0,CONUS,v2025-11,7/28/1996 0:00,7/28/1996 0:00,ultisols,udults,paleudults,typic paleudults,,38.9672644,-92.3451678,3976,5736
1995MO221003,87147,49537,48823,1995MO221003,1995,site_obsdate,1985,Developed,1,0,CONUS,v2025-11,12/12/1995 0:00,12/12/1995 0:00,ultisols,udults,paleudults,typic paleudults,,38.9828213,-91.0448482,3976,5810
1999MO203052M,97225,47145,46431,1999MO203052M,1999,site_obsdate,1985,Developed,1,0,CONUS,v2025-11,3/15/1999 0:00,3/15/1999 0:00,ultisols,udults,paleudults,typic paleudults,loamy-skeletal,38.96722412,-92.34500122,3976,5801
1999MO203051M,97224,47146,46432,1999MO203051M,1999,site_obsdate,1985,Developed,1,0,CONUS,v2025-11,3/15/1999 0:00,3/15/1999 0:00,ultisols,udults,paleudults,typic paleudults,fine,38.96722412,-92.34500122,3976,5801
1999MO203033M,97211,47155,46441,1999MO203033M,1999,site_obsdate,1985,Developed,1,0,CONUS,v2025-11,2/25/1999 0:00,2/25/1999 0:00,ultisols,udults,paleudults,typic paleudults,loamy-skeletal over clayey,38.96722412,-92.34500122,3976,5801
1995MO067062,642308,49867,49153,1995MO067062,2008,site_obsdate,1985,Developed,1,0,CONUS,v2025-11,12/24/2008 0:00,12/24/2008 0:00,ultisols,udults,paleudults,typic paleudults,fine-loamy,37.0011389,-92.6519444,3976,5734
1991MO215008,698871,44462,43748,1991MO215008,1990,site_obsdate,1985,Developed,1,0,CONUS,v2025-11,8/24/1990 0:00,8/24/1990 0:00,ultisols,udults,paleudults,aquic paleudults,fine-silty,37.4611694,-91.8445944,3976,5807
1999MO203028M,97206,47160,46446,1999MO203028M,1999,site_obsdate,1985,Developed,1,0,CONUS,v2025-11,2/24/1999 0:00,2/24/1999 0:00,ultisols,udults,paleudults,typic paleudults,loamy-skeletal,38.96722412,-92.34500122,3976,5801
S2012MS023001,916839,70513,68540,2012MS023001,2011,site_obsdate,1985,Developed,1,0,CONUS,v2025-11,6/24/2011 0:00,6/24/2011 0:00,ultisols,udults,paleudults,aquic paleudults,fine-loamy,31.8604167,-88.7231389,3978,5831
S1981NC101001,1130408,8900,8900,S1981NC101001,1981,site_obsdate,1985,Developed,1,1,CONUS,v2025-11,9/3/1981 0:00,9/1/1981 0:00,ultisols,udults,paleudults,typic paleudults,fine-loamy,35.5000954,-78.3330612,3980,6009
02TN121001,134124,29880,29795,S2002TN121001,2002,site_obsdate,1985,Developed,1,0,CONUS,v2025-11,4/30/2002 0:00,4/30/2002 0:00,ultisols,udults,paleudults,typic paleudults,,35.3504524,-84.88591003417969,3999,6887
V1985-VA023-312,363578,57309,56508,VPI-BO-2C,2009,site_obsdate,1985,Developed,1,0,CONUS,v2025-11,9/23/2009 0:00,9/23/2009 0:00,ultisols,udults,paleudults,typic paleudults,,37.4006917,-79.9082556,4003,7225
V1985-VA163-321,363808,57612,56811,VPI-RB-1C,2009,site_obsdate,1985,Developed,1,0,CONUS,v2025-11,9/23/2009 0:00,9/23/2009 0:00,ultisols,udults,paleudults,typic paleudults,,37.6467472,-79.5345028,4003,7291
S1956AZ017030,107826,663,663,S1956AZ017030,1956,site_obsdate,1985,Developed,1,1,CONUS,v2025-11,5/17/1956 0:00,5/17/1956 0:00,alfisols,ustalfs,paleustalfs,typic paleustalfs,fine,34.2247238,-110.0288925,3950,4443
80-OK049-49-3,800212,71621,132306,80-OK049-49-3,2014,site_obsdate,1985,Developed,1,0,CONUS,v2025-11,,9/18/2014 0:00,alfisols,ustalfs,paleustalfs,udic paleustalfs,fine-loamy,34.7773111,-97.2300667,3990,6460
S1962TX021090,105943,4237,4237,S1962TX021090,1962,site_obsdate,1985,Developed,1,1,CONUS,v2025-11,5/28/1962 0:00,5/28/1962 0:00,alfisols,ustalfs,paleustalfs,udertic paleustalfs,,30.0511112,-97.3741684,4000,6932
S1961TX497090,106233,4243,4243,S1961TX497090,1961,site_obsdate,1985,Developed,1,1,CONUS,v2025-11,6/7/1961 0:00,6/7/1961 0:00,alfisols,ustalfs,paleustalfs,udic paleustalfs,,33.3833351,-97.6999969,4000,7170
S2002TX041001,202204,54712,53911,S2002TX041001,1978,site_obsdate,1985,Developed,1,1,CONUS,v2025-11,1/1/1978 0:00,1/1/1978 0:00,alfisols,ustalfs,paleustalfs,udertic paleustalfs,fine,30.6110001,-96.3481674,4000,6942
S2002TX041003,202205,54714,53913,S2002TX041003,1978,site_obsdate,1985,Developed,1,1,CONUS,v2025-11,8/1/1978 0:00,8/1/1978 0:00,alfisols,ustalfs,paleustalfs,udertic paleustalfs,fine,30.6109161,-96.3481979,4000,6942
S2002TX041004,202206,54715,53914,S2002TX041004,1979,site_obsdate,1985,Developed,1,1,CONUS,v2025-11,1/3/1979 0:00,1/3/1979 0:00,alfisols,ustalfs,paleustalfs,udertic paleustalfs,fine,30.6109447,-96.3481369,4000,6942
S1974TX367001,863713,4384,4384,S1974TX367001,1974,site_obsdate,1985,Developed,1,1,CONUS,v2025-11,10/16/1977 0:00,6/1/1974 0:00,alfisols,ustalfs,paleustalfs,udic paleustalfs,fine,32.7288895,-97.8766632,4000,7105
S1953OK117036,927039,4476,4476,S1953OK117036,1953,site_obsdate,1985,Developed,1,1,CONUS,v2025-11,11/1/1953 0:00,11/1/1953 0:00,mollisols,ustolls,paleustolls,udertic paleustolls,fine,36.4055557,-97.0008316,3990,6494
74-OK119-60-2,800205,71504,132189,74-OK119-60-2,2014,site_obsdate,1985,Developed,1,0,CONUS,v2025-11,,9/18/2014 0:00,mollisols,ustolls,paleustolls,udertic paleustolls,fine,36.1159361,-97.1274528,3990,6495
S1995OK109005,50002,18329,18329,S1995OK109005,1991,site_obsdate,1985,Developed,1,0,CONUS,v2025-11,8/30/1995 0:00,7/1/1991 0:00,mollisols,ustolls,paleustolls,pachic paleustolls,fine,35.6941681,-97.6208344,3990,6490
S1964CA073003,100162,2761,2761,S1964CA073003,1964,site_obsdate,1985,Developed,1,1,CONUS,v2025-11,2/18/1964 0:00,2/18/1964 0:00,alfisols,xeralfs,palexeralfs,natric palexeralfs,fine,33.3491669,-117.2377777,3951,4485
S1945CA021012,108143,2754,2754,S1945CA021012,1945,site_obsdate,1985,Developed,1,1,CONUS,v2025-11,4/5/1945 0:00,4/5/1945 0:00,alfisols,xeralfs,palexeralfs,typic palexeralfs,fine-loamy,39.7975006,-122.1663895,3951,4459
S1971CA059010,1161820,5881,5881,S1971CA059010,1971,site_obsdate,1985,Developed,1,1,CONUS,v2025-11,6/1/1971 0:00,6/1/1971 0:00,alfisols,xeralfs,palexeralfs,typic palexeralfs,fine-loamy,33.6458321,-117.703331,3951,4478
89LA115025,125944,16262,16262,S1989LA115025,1989,site_obsdate,1985,Developed,1,0,CONUS,v2025-11,9/3/1989 0:00,9/1/1989 0:00,vertisols,uderts,pelluderts,typic pelluderts,very-fine,31.0836105,-93.2755585,3969,5437
S1955TX239090,106093,4311,4311,S1955TX239090,1955,site_obsdate,1985,Developed,1,1,CONUS,v2025-11,8/8/1955 0:00,8/8/1955 0:00,vertisols,uderts,pelluderts,typic pelluderts,very-fine,28.9308338,-96.7394409,4000,7041
S1959KS015002,102123,1748,1748,S1959KS015002,1959,site_obsdate,1985,Developed,1,1,CONUS,v2025-11,5/11/1959 0:00,5/11/1959 0:00,vertisols,usterts,pellusterts,udic pellusterts,fine,37.9647217,-97.1347198,3967,5162
S1955TX025090,105944,4326,4326,S1955TX025090,1955,site_obsdate,1985,Developed,1,1,CONUS,v2025-11,8/8/1955 0:00,8/8/1955 0:00,vertisols,usterts,pellusterts,typic pellusterts,fine,28.1875,-97.7783356,4000,6934
S1954TX309090,106150,4329,4329,S1954TX309090,1954,site_obsdate,1985,Developed,1,1,CONUS,v2025-11,4/4/1954 0:00,4/4/1954 0:00,vertisols,usterts,pellusterts,udic pellusterts,fine,31.5141659,-97.1849976,4000,7076
S1956TX085004,105993,4338,4338,S1956TX085004,1956,site_obsdate,1985,Developed,1,1,CONUS,v2025-11,10/10/1956 0:00,10/10/1956 0:00,vertisols,usterts,pellusterts,udic pellusterts,fine,33.1713905,-96.4916687,4000,6964
S1956TX085003,105992,4341,4341,S1956TX085003,1956,site_obsdate,1985,Developed,1,1,CONUS,v2025-11,10/10/1956 0:00,10/10/1956 0:00,vertisols,usterts,pellusterts,udic pellusterts,fine,33.1736107,-96.4883347,4000,6964
78TX027003,119751,6935,6935,S1978TX027003,1978,site_obsdate,1985,Developed,1,1,CONUS,v2025-11,7/3/1978 0:00,7/1/1978 0:00,vertisols,usterts,pellusterts,udic pellusterts,fine,31.0333328,-97.3499985,4000,6935
S2001WA027008,111145,26358,26358,S2001WA027008,2001,site_obsdate,1985,Developed,1,0,CONUS,v2025-11,10/24/2001 0:00,10/24/2001 0:00,inceptisols,aquepts,petraquepts,placic petraquepts,loamy,47.36777778,-124.3005556,4006,7381
S1961-TX389-004-copy,1216707,4251,4251,S1961-TX389-004-copy,1961,site_obsdate,1985,Developed,1,1,CONUS,v2025-11,10/26/1961 0:00,10/26/1961 0:00,aridisols,gypsids,petrogypsids,calcic petrogypsids,fine-silty,31.3736115,-103.5283356,4000,7116
78NH005020,828310,7038,7038,S1978NH005020,1978,site_obsdate,1985,Developed,1,1,CONUS,v2025-11,9/1/1978 0:00,9/1/1978 0:00,spodosols,aquods,placaquods,typic placaquods,sandy,42.8694458,-72.3305588,3983,6207
S1999NY047002,380583,24596,24596,S1999NY047002,1999,site_obsdate,1985,Developed,1,0,CONUS,v2025-11,8/8/1999 0:00,8/8/1999 0:00,entisols,aquents,psammaquents,typic psammaquents,,40.603611,-73.8886108,3988,6309
89FL045005,125789,16065,16065,S1989FL045005,1989,site_obsdate,1985,Developed,1,0,CONUS,v2025-11,5/1/1989 0:00,5/1/1989 0:00,entisols,psamments,quartzipsamments,spodic quartzipsamments,,29.8208332,-85.2586136,3957,4604
1993MD047017,732496,20196,20196,S1993MD047017,1993,site_obsdate,1985,Developed,1,0,CONUS,v2025-11,4/14/1993 0:00,4/14/1993 0:00,entisols,psamments,quartzipsamments,aquic quartzipsamments,,38.2166667,-75.1500015258789,3971,5480
S1958NJ005005,1100362,296,296,S1958NJ005005,1958,site_obsdate,1985,Developed,1,1,CONUS,v2025-11,8/19/1958 0:00,8/19/1958 0:00,entisols,psamments,quartzipsamments,typic quartzipsamments,,40.0445528,-74.8976667,3984,6217
S10TX289009,806586,50410,49684,S2010TX289009,2010,site_obsdate,1985,Developed,1,0,CONUS,v2025-11,6/7/2010 0:00,6/7/2010 0:00,entisols,psamments,quartzipsamments,ustic quartzipsamments,,31.0735806,-96.1979056,4000,7066
88NC153001,126486,16918,16918,S1988NC153001,1988,site_obsdate,1985,Developed,1,0,CONUS,v2025-11,12/3/1988 0:00,12/1/1988 0:00,alfisols,udalfs,rhodudalfs,typic rhodudalfs,very-fine,35.1372223,-79.8850021,3980,6035
77AL117001,979193,6551,6551,1977AL117001,1978,site_obsdate,1985,Developed,1,1,CONUS,v2025-11,3/3/1982 0:00,6/1/1978 0:00,ultisols,udults,rhodudults,typic rhodudults,fine,34.0050694,-86.5808528,3947,4291
S1970OR005002,104909,5805,5805,S1970OR005002,1970,site_obsdate,1985,Developed,1,1,CONUS,v2025-11,9/8/1970 0:00,9/8/1970 0:00,ultisols,udults,rhodudults,typic rhodudults,clayey,45.3761978,-122.3072891,3991,6515
74TX363009,955728,4398,4398,74TX363009,1974,site_obsdate,1985,Developed,1,1,CONUS,v2025-11,,6/1/1974 0:00,alfisols,ustalfs,rhodustalfs,lithic rhodustalfs,loamy,32.7747222,-98.2630556,4000,7103
84AZ013008,121986,11267,11267,S1984AZ013008,1984,site_obsdate,1985,Developed,1,1,CONUS,v2025-11,2/3/1984 0:00,2/1/1984 0:00,aridisols,orthids,salorthids,aquollic salorthids,fine-silty,33.3525009,-112.2547226,3950,4441
81AZ015001,120518,8477,8477,S1981AZ015001,1981,site_obsdate,1985,Developed,1,1,CONUS,v2025-11,3/1/1981 0:00,3/1/1981 0:00,entisols,fluvents,torrifluvents,typic torrifluvents,,34.8908348,-114.558609,3950,4442
81AZ015002,120519,8478,8478,S1981AZ015002,1981,site_obsdate,1985,Developed,1,1,CONUS,v2025-11,3/1/1981 0:00,3/1/1981 0:00,entisols,fluvents,torrifluvents,typic torrifluvents,,34.9294434,-114.578331,3950,4442
82AZ015005,120747,9039,9039,S1982AZ015005,1982,site_obsdate,1985,Developed,1,1,CONUS,v2025-11,9/1/1982 0:00,9/1/1982 0:00,entisols,fluvents,torrifluvents,typic torrifluvents,,34.9383316,-114.598053,3950,4442
S1974AZ019011,109738,6347,6347,S1974AZ019011,1974,site_obsdate,1985,Developed,1,1,CONUS,v2025-11,12/20/1974 0:00,12/20/1974 0:00,entisols,fluvents,torrifluvents,anthropic torrifluvents,coarse-loamy,32.2658348,-111.0022202,3950,4444
84CO077004,122011,11307,11307,S1984CO077004,1984,site_obsdate,1985,Developed,1,1,CONUS,v2025-11,4/3/1984 0:00,4/1/1984 0:00,entisols,fluvents,torrifluvents,typic torrifluvents,fine-silty,39.2738876,-108.9016647,3952,4545
S1956NV003005,104517,3029,3029,S1956NV003005,1956,site_obsdate,1985,Developed,1,1,CONUS,v2025-11,2/1/1956 0:00,2/1/1956 0:00,entisols,fluvents,torrifluvents,typic torrifluvents,coarse-silty,36.1805458,-115.0666656,3987,6270
S1967TX141003,106025,178,178,S1967TX141003,1967,site_obsdate,1985,Developed,1,1,CONUS,v2025-11,3/2/1967 0:00,3/2/1967 0:00,entisols,fluvents,torrifluvents,typic torrifluvents,coarse-loamy,31.54166603088379,-106.1919479,4000,6992
S07UT015001,820701,34110,33913,S07UT015001,2007,site_obsdate,1985,Developed,1,0,CONUS,v2025-11,5/8/2007 0:00,5/8/2007 0:00,entisols,fluvents,torrifluvents,typic torrifluvents,,39.0183334,-110.1627808,4002,7192
92UT041002,356919,19768,19768,92UT041002,1992,site_obsdate,1985,Developed,1,0,CONUS,v2025-11,7/7/1992 0:00,7/7/1992 0:00,entisols,fluvents,torrifluvents,xeric torrifluvents,loamy over sandy or sandy-skeletal,38.6088889,-112.2141667,4002,7205
S1955CA071006,100108,2791,2791,S1955CA071006,1955,site_obsdate,1985,Developed,1,1,CONUS,v2025-11,1/1/1955 0:00,1/1/1955 0:00,entisols,orthents,torriorthents,typic torriorthents,fine-loamy,34.9222221,-117.1197205,3951,4484
85CO043002,957558,11955,11955,85CO043002,1985,site_obsdate,1985,Developed,1,0,CONUS,v2025-11,9/3/1985 0:00,6/1/1985 0:00,entisols,orthents,torriorthents,ustertic torriorthents,fine,38.4477778,-105.1947222,3952,4528
S1960CO099007,100453,3715,3715,S1960CO099007,1960,site_obsdate,1985,Developed,1,1,CONUS,v2025-11,3/7/2008 0:00,9/1/1960 0:00,entisols,orthents,torriorthents,ustic torriorthents,fine-silty,38.0538902,-102.2469406,3952,4556
S1966ID075008,101543,1051,1051,S1966ID075008,1966,site_obsdate,1985,Developed,1,1,CONUS,v2025-11,7/21/1966 0:00,7/21/1966 0:00,entisols,orthents,torriorthents,xeric torriorthents,coarse-loamy,44.0380554,-116.9252777,3964,4954
85MT007006,122828,12463,12463,S1985MT007006,1985,site_obsdate,1985,Developed,1,0,CONUS,v2025-11,7/1/1985 0:00,7/1/1985 0:00,entisols,orthents,torriorthents,ustic torriorthents,,46.1047211,-111.5136108,3979,5905
S1971UT021005,110813,6025,6025,S1971UT021005,1971,site_obsdate,1985,Developed,1,1,CONUS,v2025-11,6/1/1971 0:00,6/1/1971 0:00,entisols,orthents,torriorthents,xeric torriorthents,fine-loamy,37.6749763,-113.064682,4002,7195
91UT041004,106460,18600,18600,S1991UT041004,1991,site_obsdate,1985,Developed,1,0,CONUS,v2025-11,9/3/1991 0:00,9/3/1991 0:00,entisols,orthents,torriorthents,xeric torriorthents,fine-loamy,38.6413879,-112.1505585,4002,7205
1978IL095037,375457,36493,35878,1978IL095037,1978,site_obsdate,1985,Developed,1,1,CONUS,v2025-11,10/1/1978 0:00,10/1/1978 0:00,entisols,arents,udarents,alfic udarents,fine-silty,41.0258039,-90.0367936,3965,5008
1980IL145025,351123,36737,36122,1980IL145025,1980,site_obsdate,1985,Developed,1,1,CONUS,v2025-11,1/1/1980 0:00,1/1/1980 0:00,entisols,arents,udarents,alfic udarents,fine-silty,37.9748568,-89.5495267,3965,5033
1978IL073123,375536,36566,35951,1978IL073123,1978,site_obsdate,1985,Developed,1,1,CONUS,v2025-11,8/1/1978 0:00,8/1/1978 0:00,entisols,arents,udarents,haplic udarents,fine-loamy,41.4156141,-90.0001429,3965,4997
1978AR065001,119929,7251,7251,1978AR065001S,1978,site_obsdate,1985,Developed,1,1,CONUS,v2025-11,6/3/1978 0:00,6/1/1978 0:00,entisols,fluvents,udifluvents,typic udifluvents,sandy,36.1144447,-91.9661102,3948,4386
S2007CA023006,371566,33819,33623,S2007CA600006,2007,site_obsdate,1985,Developed,1,0,CONUS,v2025-11,1/23/2007 0:00,1/23/2007 0:00,entisols,fluvents,udifluvents,typic udifluvents,,40.6060367,-124.2087289,3951,4460
S2001CT005007,165796,28485,28424,S2001CT005007,2001,site_obsdate,1985,Developed,1,0,CONUS,v2025-11,8/1/2001 0:00,8/1/2001 0:00,entisols,fluvents,udifluvents,aquic udifluvents,,42.0374832,-73.299263,3953,4572
1977IN169011,1118624,38638,38023,1977IN169011,1977,site_obsdate,1985,Developed,1,1,CONUS,v2025-11,7/27/1977 0:00,7/27/1977 0:00,entisols,fluvents,udifluvents,typic udifluvents,fine-loamy,40.8067472,-85.8103111,3966,5147
1977IN177010,313952,38937,38322,1977IN177010,1977,site_obsdate,1985,Developed,1,1,CONUS,v2025-11,10/5/1977 0:00,10/5/1977 0:00,entisols,fluvents,udifluvents,typic udifluvents,sandy,39.7950167,-84.8911833,3966,5151
94LA015011,102343,21772,21772,S1994LA015011,1994,site_obsdate,1985,Developed,1,0,CONUS,v2025-11,10/4/1994 0:00,10/4/1994 0:00,entisols,fluvents,udifluvents,oxyaquic udifluvents,,32.3941650390625,-93.6055527,3969,5387
99MD001004,108619,25232,25232,S1999MD001004,1999,site_obsdate,1985,Developed,1,0,CONUS,v2025-11,11/10/1999 0:00,11/10/1999 0:00,entisols,fluvents,udifluvents,mollic udifluvents,,39.5327797,-78.6005554,3971,5458
S1970MN0551207,583767,56478,55677,S1970MN0551207,2010,site_obsdate,1985,Developed,1,0,CONUS,v2025-11,11/16/2010 0:00,11/16/2010 0:00,entisols,fluvents,udifluvents,oxyaquic udifluvents,fine-silty,43.7803879,-91.4452057,3975,5641
1990MO019007,92155,42210,41496,1990MO019007,1990,site_obsdate,1985,Developed,1,0,CONUS,v2025-11,,4/24/1990 0:00,entisols,fluvents,udifluvents,aquic udifluvents,,38.8328891,-92.4424818,3976,5710
2003MO219008,696923,46020,45306,2003MO219008,2003,site_obsdate,1985,Developed,1,0,CONUS,v2025-11,9/9/2003 0:00,9/9/2003 0:00,entisols,fluvents,udifluvents,aquic udifluvents,,38.6047444,-90.9962778,3976,5809
1990MO099007,88182,49253,48539,1990MO099007,1990,site_obsdate,1985,Developed,1,0,CONUS,v2025-11,10/9/1990 0:00,10/9/1990 0:00,entisols,fluvents,udifluvents,aquic udifluvents,,38.9672644,-92.3451678,3976,5750
1992MO123018M,97724,46987,46273,1992MO123018M,1992,site_obsdate,1985,Developed,1,0,CONUS,v2025-11,10/20/1992 0:00,10/20/1992 0:00,entisols,fluvents,udifluvents,typic udifluvents,sandy-skeletal,37.4316673,-90.1730576,3976,5762
2005CT003002,594608,32837,32695,S2005CT003002,2005,site_obsdate,1985,Developed,1,0,CONUS,v2025-11,8/10/2005 0:00,8/10/2005 0:00,entisols,psamments,udipsamments,aquic udipsamments,,41.7512207,-72.6092224,3953,4571
89DE005004,958174,16108,16108,89DE005004,1989,site_obsdate,1985,Developed,1,0,CONUS,v2025-11,,6/1/1989 0:00,entisols,psamments,udipsamments,aquic udipsamments,,38.63750076293945,-75.4533333,3956,4581
1978IN073004,313798,38585,37970,1978IN073004,1978,site_obsdate,1985,Developed,1,1,CONUS,v2025-11,11/14/1978 0:00,11/14/1978 0:00,entisols,psamments,udipsamments,aquic udipsamments,mesic,41.1862833,-87.1125806,3966,5099
S1972IN099008,1106801,37851,37236,S1972IN099008,1972,site_obsdate,1985,Developed,1,1,CONUS,v2025-11,10/19/1972 0:00,10/19/1972 0:00,entisols,psamments,udipsamments,oxyaquic udipsamments,,41.1787944,-86.4542306,3966,5112
90IN039003,126906,17446,17446,S1990IN039003,1990,site_obsdate,1985,Developed,1,0,CONUS,v2025-11,8/3/1990 0:00,8/1/1990 0:00,entisols,psamments,udipsamments,typic udipsamments,,41.7369461,-86.0616684,3966,5082
1973MA005004,791703,490,490,S1973MA005004,1973,site_obsdate,1985,Developed,1,1,CONUS,v2025-11,6/28/1973 0:00,6/28/1973 0:00,entisols,psamments,udipsamments,typic udipsamments,,41.9352778,-71.0311111,3970,5446
S2013MA001001,873184,70419,68446,S2013MA001001,2013,site_obsdate,1985,Developed,1,0,CONUS,v2025-11,6/18/2013 0:00,6/18/2013 0:00,entisols,psamments,udipsamments,typic udipsamments,,42.0681389,-70.2129167,3970,5444
87ME009001,124369,14268,14268,S1987ME009001,1987,site_obsdate,1985,Developed,1,0,CONUS,v2025-11,6/3/1987 0:00,6/1/1987 0:00,entisols,psamments,udipsamments,typic udipsamments,sandy,44.7972221,-68.2083359,3972,5486
S1966MI041001,102622,1882,1882,S1966MI041001,1966,site_obsdate,1985,Developed,1,1,CONUS,v2025-11,10/10/1966 0:00,10/10/1966 0:00,entisols,psamments,udipsamments,typic udipsamments,,45.8994408,-86.9227676,3974,5551
F2006MI121004,204544,33834,33638,F2006MI121004,2006,site_obsdate,1985,Developed,1,0,CONUS,v2025-11,10/3/2006 0:00,10/3/2006 0:00,entisols,psamments,udipsamments,typic udipsamments,,43.4296111,-86.2398611,3974,5591
S1978MN0612812,583081,55830,55029,S1978MN0612812,1978,site_obsdate,1985,Developed,1,1,CONUS,v2025-11,8/18/1978 0:00,8/18/1978 0:00,entisols,psamments,udipsamments,lamellic udipsamments,,47.210331,-93.474823,3975,5644
S1980MN137019 (3393),583357,56195,55394,S1980MN137019 (3393),1980,site_obsdate,1985,Developed,1,1,CONUS,v2025-11,7/10/1980 0:00,7/10/1980 0:00,entisols,psamments,udipsamments,oxyaquic udipsamments,,47.4058495,-92.7391357,3975,5682
S1970MN0691200,583762,56493,55692,S1970MN0691200,2010,site_obsdate,1985,Developed,1,0,CONUS,v2025-11,11/15/2010 0:00,11/15/2010 0:00,entisols,psamments,udipsamments,oxyaquic udipsamments,,48.6080017,-96.549202,3975,5648
S1980MN097028 (3365),583333,56172,55371,S1980MN097028 (3365),1980,site_obsdate,1985,Developed,1,1,CONUS,v2025-11,7/31/1980 0:00,7/31/1980 0:00,entisols,psamments,udipsamments,typic udipsamments,,45.8961983,-94.2809143,3975,5662
S1978MN0612811,780520,72770,133503,S1978MN0612811,1978,site_obsdate,1985,Developed,1,1,CONUS,v2025-11,8/18/1978 0:00,8/20/1978 0:00,entisols,psamments,udipsamments,lamellic udipsamments,,47.2047049,-93.4748949,3975,5644
1989MO201001,200974,46475,45761,1989MO201001,2006,site_obsdate,1985,Developed,1,0,CONUS,v2025-11,7/25/2006 0:00,7/25/2006 0:00,entisols,psamments,udipsamments,typic udipsamments,,38.9672661,-92.3451691,3976,5800
64NH017004,791707,3875,3875,S1964NH017004,1964,site_obsdate,1985,Developed,1,1,CONUS,v2025-11,9/17/1964 0:00,9/17/1964 0:00,entisols,psamments,udipsamments,typic udipsamments,,43.2286111,-70.8319444,3983,6213
S1997NY081004,386111,23511,23511,S1997NY081004,1997,site_obsdate,1985,Developed,1,0,CONUS,v2025-11,1/30/1997 0:00,1/30/1997 0:00,entisols,psamments,udipsamments,typic udipsamments,,40.6616669,-73.7402802,3988,6326
S2006NY061009,524632,33509,33359,S2006NY061009,2006,site_obsdate,1985,Developed,1,0,CONUS,v2025-11,5/2/2006 0:00,5/2/2006 0:00,entisols,psamments,udipsamments,typic udipsamments,sandy,40.7794721,-73.9748166,3988,6316
88NY035011,873153,16436,16436,S1988NY035011,1988,site_obsdate,1985,Developed,1,0,CONUS,v2025-11,5/3/1988 0:00,5/1/1988 0:00,entisols,psamments,udipsamments,typic udipsamments,,43.0830574,-74.1272202,3988,6303
1961-OH051-016,750573,67656,65731,1961-OH051-016,1961,site_obsdate,1985,Developed,1,1,CONUS,v2025-11,9/18/1961 0:00,9/18/1961 0:00,entisols,psamments,udipsamments,aquic udipsamments,,41.5205002,-83.902359,3989,6373
V1992-VA001-013,363596,57283,56482,VPI-Assat-2,2009,site_obsdate,1985,Developed,1,0,CONUS,v2025-11,9/22/2009 0:00,9/22/2009 0:00,entisols,psamments,udipsamments,typic udipsamments,,37.9199639,-75.3766111,4003,7214
V1992-VA001-126,363854,57639,56838,VPI-Seabr-5,2009,site_obsdate,1985,Developed,1,0,CONUS,v2025-11,9/10/2009 0:00,9/10/2009 0:00,entisols,psamments,udipsamments,aquic udipsamments,,37.6516037,-75.7393036,4003,7214
V1992-VA001-129,363857,57642,56841,VPI-Seabr-8,2009,site_obsdate,1985,Developed,1,0,CONUS,v2025-11,9/10/2009 0:00,9/10/2009 0:00,entisols,psamments,udipsamments,aquic udipsamments,,37.5553055,-75.8186264,4003,7214
S1979WI073002,897288,7646,7646,S1979WI073002,1980,site_obsdate,1985,Developed,1,1,CONUS,v2025-11,,6/1/1980 0:00,entisols,psamments,udipsamments,typic udipsamments,,44.84830856323242,-89.61920928955078,4007,7443
S1992WI013002,106934,20186,20186,S1992WI013002,1992,site_obsdate,1985,Developed,1,0,CONUS,v2025-11,5/7/1992 0:00,5/5/1992 0:00,entisols,psamments,udipsamments,oxyaquic udipsamments,,45.8175011,-92.3397217,4007,7413
S1992WI013011,106941,20193,20193,S1992WI013011,1992,site_obsdate,1985,Developed,1,0,CONUS,v2025-11,5/7/1992 0:00,5/5/1992 0:00,entisols,psamments,udipsamments,oxyaquic udipsamments,,45.8230553,-92.3125,4007,7413
08DC001003,271073,34809,34595,S2008DC001003,2008,site_obsdate,1985,Developed,1,0,CONUS,v2025-11,,1/31/2008 0:00,entisols,orthents,udorthents,aquic udorthents,,38.8827209,-76.9241104,3955,4578
1995IA047005L,59915,22518,22518,S1995IA047005,1995,site_obsdate,1985,Developed,1,0,CONUS,v2025-11,10/20/1995 0:00,10/20/1995 0:00,entisols,orthents,udorthents,typic udorthents,fine-silty,42.1826401,-95.6615677,3963,4841
1992IL031026,1334727,19772,19772,1992IL031026,1992,site_obsdate,1985,Developed,1,0,CONUS,v2025-11,9/16/1992 0:00,9/16/1992 0:00,entisols,orthents,udorthents,anthroportic udorthents,fine-loamy,41.8777919,-87.6194607,3965,4976
1992IL031029,1334725,19775,19775,1992IL031029,1992,site_obsdate,1985,Developed,1,0,CONUS,v2025-11,9/17/1992 0:00,9/17/1992 0:00,entisols,orthents,udorthents,anthroportic udorthents,coarse-loamy,41.8786252,-87.6194607,3965,4976
1993IL031002,1334721,20666,20666,1993IL031002,1993,site_obsdate,1985,Developed,1,0,CONUS,v2025-11,10/1/1993 0:00,10/1/1993 0:00,entisols,orthents,udorthents,anthroportic udorthents,fine,41.8589031,-87.6994634,3965,4976
1993IL031001,1334726,20665,20665,1993IL031001,1993,site_obsdate,1985,Developed,1,0,CONUS,v2025-11,10/1/1993 0:00,10/1/1993 0:00,entisols,orthents,udorthents,anthroportic udorthents,sandy,42.012513,-87.6625177,3965,4976
1992IL031027,1334723,19773,19773,1992IL031027,1992,site_obsdate,1985,Developed,1,0,CONUS,v2025-11,9/16/1992 0:00,9/16/1992 0:00,entisols,orthents,udorthents,anthroportic udorthents,fine,41.8736252,-87.6180717,3965,4976
1992IL031028,1334724,19774,19774,1992IL031028,1992,site_obsdate,1985,Developed,1,0,CONUS,v2025-11,9/16/1992 0:00,9/16/1992 0:00,entisols,orthents,udorthents,anthroportic udorthents,fine-loamy,41.8722364,-87.6180717,3965,4976
1978IN021005,313244,38415,37800,1978IN021005,1978,site_obsdate,1985,Developed,1,1,CONUS,v2025-11,7/26/1978 0:00,7/26/1978 0:00,entisols,orthents,udorthents,typic udorthents,loamy-skeletal,39.4723556,-87.1973028,3966,5073
82KY195002,121506,10554,10554,S1982KY195002,1982,site_obsdate,1985,Developed,1,1,CONUS,v2025-11,5/1/1982 0:00,5/1/1982 0:00,entisols,orthents,udorthents,typic udorthents,,37.486454010009766,-82.5884705,3968,5357
S1973MA009004,791743,486,486,S1973MA009004,1973,site_obsdate,1985,Developed,1,1,CONUS,v2025-11,6/26/1973 0:00,6/26/1973 0:00,entisols,orthents,udorthents,typic udorthents,sandy-skeletal,42.6249695,-71.1800156,3970,5448
S1973MA005005,791739,491,491,S1973MA005005,1973,site_obsdate,1985,Developed,1,1,CONUS,v2025-11,6/29/1973 0:00,6/29/1973 0:00,entisols,orthents,udorthents,typic udorthents,sandy-skeletal,41.929141998291016,-71.0428009,3970,5446
S1992MI079005,1131179,20536,20536,S1992MI079005,1993,site_obsdate,1985,Developed,1,0,CONUS,v2025-11,10/8/1992 0:00,8/1/1993 0:00,entisols,orthents,udorthents,typic udorthents,sandy,44.6262111,-85.2157111,3974,5570
S2012MI163013,1114278,70028,68100,S2012MI163013,2012,site_obsdate,1985,Developed,1,0,CONUS,v2025-11,7/27/2012 0:00,7/27/2012 0:00,entisols,orthents,udorthents,anthroportic udorthents,sandy,42.3142194,-83.1077472,3974,5612
S2012MI163016,1114843,70031,68103,S2012MI163016,2012,site_obsdate,1985,Developed,1,0,CONUS,v2025-11,11/17/2015 0:00,11/1/2012 0:00,entisols,orthents,udorthents,anthroportic udorthents,fine-loamy,42.3450556,-83.0487472,3974,5612
S1978MI107004,568029,69677,67752,S1978MI107004,2013,site_obsdate,1985,Developed,1,0,CONUS,v2025-11,1/1/1978 0:00,3/15/2013 0:00,entisols,orthents,udorthents,typic udorthents,sandy-skeletal,43.6102222,-85.4940833,3974,5584
S1979MN0912781,780537,72786,133519,S1979MN0912781,1978,site_obsdate,1985,Developed,1,1,CONUS,v2025-11,10/3/1978 0:00,10/5/1978 0:00,entisols,orthents,udorthents,typic udorthents,,43.83246994018555,-94.4791183,3975,5659
S1998NY085001,524625,23802,23802,S1998NY085001,1999,site_obsdate,1985,Developed,1,0,CONUS,v2025-11,4/20/1999 0:00,4/20/1999 0:00,entisols,orthents,udorthents,anthropic udorthents,coarse-loamy,40.5220083,-74.2415194,3988,6328
S2005NY061002,524640,33485,33335,S2005NY061002,2005,site_obsdate,1985,Developed,1,0,CONUS,v2025-11,8/8/2005 0:00,8/8/2005 0:00,entisols,orthents,udorthents,anthropic udorthents,sandy,40.7335263,-73.9854631,3988,6316
S2005NY061003,524659,33486,33336,S2005NY061003,2005,site_obsdate,1985,Developed,1,0,CONUS,v2025-11,,8/24/2005 0:00,entisols,orthents,udorthents,anthropic udorthents,sandy,40.8414466,-73.940795,3988,6316
S2005NY061007,524647,33490,33340,S2005NY061007,2005,site_obsdate,1985,Developed,1,0,CONUS,v2025-11,10/12/2005 0:00,10/12/2005 0:00,entisols,orthents,udorthents,anthropic udorthents,sandy-skeletal,40.8337412,-73.9489134,3988,6316
S2005NY061008,524658,33491,33341,S2005NY061008,2005,site_obsdate,1985,Developed,1,0,CONUS,v2025-11,10/20/2005 0:00,10/20/2005 0:00,entisols,orthents,udorthents,anthropic udorthents,coarse-loamy over sandy or sandy-skeletal,40.7452486,-74.0038134,3988,6316
S2005NY061009,524645,33492,33342,S2005NY061009,2005,site_obsdate,1985,Developed,1,0,CONUS,v2025-11,10/20/2005 0:00,10/20/2005 0:00,entisols,orthents,udorthents,aquic udorthents,sandy-skeletal,40.7487188,-73.9975156,3988,6316
S2005NY061013,524650,33496,33346,S2005NY061013,2005,site_obsdate,1985,Developed,1,0,CONUS,v2025-11,,11/30/2005 0:00,entisols,orthents,udorthents,aquic udorthents,sandy over loamy,40.7625753,-73.9918649,3988,6316
S2005NY061001,524656,33484,33334,S2005NY061001,2005,site_obsdate,1985,Developed,1,0,CONUS,v2025-11,,8/8/2005 0:00,entisols,orthents,udorthents,typic udorthents,,40.7245832,-73.9890569,3988,6316
S2005NY061011,524648,33494,33344,S2005NY061011,2005,site_obsdate,1985,Developed,1,0,CONUS,v2025-11,,10/20/2005 0:00,entisols,orthents,udorthents,typic udorthents,sandy-skeletal,40.8090336,-73.941221,3988,6316
S2005NY061015,524642,33498,33348,S2005NY061015,2005,site_obsdate,1985,Developed,1,0,CONUS,v2025-11,12/8/2005 0:00,12/8/2005 0:00,entisols,orthents,udorthents,typic udorthents,sandy-skeletal,40.7909379,-73.9409721,3988,6316
S2006NY061003,524655,33503,33353,S2006NY061003,2006,site_obsdate,1985,Developed,1,0,CONUS,v2025-11,1/30/2006 0:00,1/30/2006 0:00,entisols,orthents,udorthents,typic udorthents,coarse-loamy,40.8558763,-73.9357131,3988,6316
S2006NY061004,524637,33504,33354,S2006NY061004,2006,site_obsdate,1985,Developed,1,0,CONUS,v2025-11,2/9/2006 0:00,2/9/2006 0:00,entisols,orthents,udorthents,typic udorthents,coarse-loamy,40.737028,-74.0010439,3988,6316
S2006NY061006,524660,33506,33356,S2006NY061006,2006,site_obsdate,1985,Developed,1,0,CONUS,v2025-11,3/3/2006 0:00,3/3/2006 0:00,entisols,orthents,udorthents,typic udorthents,sandy-skeletal,40.7575037,-73.9599498,3988,6316
S2006NY061008,524651,33508,33358,S2006NY061008,2006,site_obsdate,1985,Developed,1,0,CONUS,v2025-11,3/14/2006 0:00,3/14/2006 0:00,entisols,orthents,udorthents,typic udorthents,sandy-skeletal,40.7156333,-73.98660278320312,3988,6316
S1995NY085013,381066,22631,22631,S1995NY085013,1995,site_obsdate,1985,Developed,1,0,CONUS,v2025-11,7/8/1995 0:00,7/8/1995 0:00,entisols,orthents,udorthents,anthrodensic udorthents,loamy,40.5761139,-74.1602889,3988,6328
S2009NY005002,344465,39504,38887,S2009NY005002,2009,site_obsdate,1985,Developed,1,0,CONUS,v2025-11,4/27/2009 0:00,4/27/2009 0:00,entisols,orthents,udorthents,anthropic udorthents,loamy-skeletal,40.818851470947266,-73.8771694,3988,6288
S1982NY061011,524597,10003,10003,S1982NY061011,1982,site_obsdate,1985,Developed,1,1,CONUS,v2025-11,11/1/1982 0:00,11/1/1982 0:00,entisols,orthents,udorthents,aquic udorthents,coarse-loamy,40.7827759,-73.97706604003906,3988,6316
S2000NY005001,524605,26427,26428,S2000NY005001,2001,site_obsdate,1985,Developed,1,0,CONUS,v2025-11,9/4/2001 0:00,9/4/2001 0:00,entisols,orthents,udorthents,typic udorthents,sandy-skeletal,40.8192825,-73.8708496,3988,6288
S2000NY005005,524609,26443,26444,S2000NY005005,2001,site_obsdate,1985,Developed,1,0,CONUS,v2025-11,9/7/2001 0:00,9/7/2001 0:00,entisols,orthents,udorthents,typic udorthents,coarse-loamy,40.8320236,-73.8832092,3988,6288
S2000NY005007,381063,26445,26446,S2000NY005007,2001,site_obsdate,1985,Developed,1,0,CONUS,v2025-11,9/10/2001 0:00,9/10/2001 0:00,entisols,orthents,udorthents,typic udorthents,coarse-loamy,40.8283653,-73.8739319,3988,6288
S2011NY061001,524527,65356,63542,S2011NY061001,2011,site_obsdate,1985,Developed,1,0,CONUS,v2025-11,6/21/2011 0:00,6/21/2011 0:00,entisols,orthents,udorthents,typic udorthents,loamy-skeletal,40.83224868774414,-73.9511389,3988,6316
1988OH067004,151681,69226,67301,1988OH067004,1988,site_obsdate,1985,Developed,1,0,CONUS,v2025-11,8/4/1987 0:00,8/16/1988 0:00,entisols,orthents,udorthents,typic udorthents,loamy-skeletal,40.26277542114258,-81.015775,3989,6381
02OR011001,137399,29272,29199,02-KDL-22,2002,site_obsdate,1985,Developed,1,0,CONUS,v2025-11,2/5/2002 0:00,2/5/2002 0:00,entisols,orthents,udorthents,typic udorthents,,43.1053581,-124.4345245,3991,6518
02OR015002,137412,29274,29201,02-MHF-03,2002,site_obsdate,1985,Developed,1,0,CONUS,v2025-11,2/6/2002 0:00,2/6/2002 0:00,entisols,orthents,udorthents,typic udorthents,,42.4631424,-124.4250717,3991,6520
1973PA033020,421984,53754,52953,242,1973,site_obsdate,1985,Developed,1,1,CONUS,v2025-11,5/23/1973 0:00,5/23/1973 0:00,entisols,orthents,udorthents,typic udorthents,loamy-skeletal,41.0580556,-78.4402778,3992,6565
1974PA047008,422078,53858,53057,336,1974,site_obsdate,1985,Developed,1,1,CONUS,v2025-11,8/20/1974 0:00,8/20/1974 0:00,entisols,orthents,udorthents,typic udorthents,loamy-skeletal,41.2863889,-78.6652778,3992,6572
1974PA065017,422184,53976,53175,442,1974,site_obsdate,1985,Developed,1,1,CONUS,v2025-11,6/16/1974 0:00,6/16/1974 0:00,entisols,orthents,udorthents,typic udorthents,loamy-skeletal,41.1822222,-79.2052778,3992,6581
1974PA125049,422579,54414,53613,837,1974,site_obsdate,1985,Developed,1,1,CONUS,v2025-11,8/13/1974 0:00,8/13/1974 0:00,entisols,orthents,udorthents,typic udorthents,loamy-skeletal,40.4572222,-80.4205556,3992,6611
S2012TX2017130,802211,70167,68200,S12TX2017130,2012,site_obsdate,1985,Developed,1,0,CONUS,v2025-11,5/6/2012 0:00,5/4/2012 0:00,entisols,orthents,udorthents,oxyaquic udorthents,,30.0291861,-95.3297472,4000,7022
S04VA059014-2,256798,32807,32665,S2004-VA059-14-2,2007,site_obsdate,1985,Developed,1,0,CONUS,v2025-11,9/24/2007 0:00,9/24/2007 0:00,entisols,orthents,udorthents,typic udorthents,,38.8603134,-77.4377975,4003,7242
S04VA059021-1,257123,32811,32669,S2004-VA059-21-1,2007,site_obsdate,1985,Developed,1,0,CONUS,v2025-11,9/28/2007 0:00,9/28/2007 0:00,entisols,orthents,udorthents,typic udorthents,,38.8230896,-77.4121857,4003,7242
S05WV001001,272947,32864,32722,S2005WV001001,2005,site_obsdate,1985,Developed,1,0,CONUS,v2025-11,,8/11/2005 0:00,entisols,orthents,udorthents,typic udorthents,loamy-skeletal,39.1086121,-80.1391678,4008,7479
80SC089009,120301,7975,7975,S1980SC089009,1980,site_obsdate,1985,Developed,1,1,CONUS,v2025-11,10/1/1980 0:00,10/1/1980 0:00,ultisols,aquults,umbraquults,typic umbraquults,,33.4970856,-79.7306137,3997,6759
S1994ND053446,103642,21686,21686,S1994ND053446,1994,site_obsdate,1985,Developed,1,0,CONUS,v2025-11,10/26/1994 0:00,10/26/1994 0:00,entisols,fluvents,ustifluvents,typic ustifluvents,,47.8777771,-103.9674988,3981,6085
S1996ND053496,103645,23232,23232,S1996ND053496,1996,site_obsdate,1985,Developed,1,0,CONUS,v2025-11,10/28/1996 0:00,10/28/1996 0:00,entisols,fluvents,ustifluvents,typic ustifluvents,,47.9297218,-104.0011139,3981,6085
S04SD081-001,198450,32530,32405,S2004SD081-001,2004,site_obsdate,1985,Developed,1,0,CONUS,v2025-11,7/9/2004 0:00,7/9/2004 0:00,entisols,fluvents,ustifluvents,udic ustifluvents,,44.4056396,-103.8981094,3998,6800
91NE031023,103798,18971,18971,S1991NE031023,1991,site_obsdate,1985,Developed,1,0,CONUS,v2025-11,9/10/1991 0:00,9/10/1991 0:00,entisols,psamments,ustipsamments,aquic ustipsamments,sandy,42.8633347,-101.871109,3982,6127
92OK151003,104878,20132,20132,S1992OK151003,1992,site_obsdate,1985,Developed,1,0,CONUS,v2025-11,7/11/1992 0:00,7/9/1992 0:00,entisols,psamments,ustipsamments,typic ustipsamments,sandy,36.5169449,-98.8413925,3990,6511
S1974TX363003,110783,4387,4387,S1974TX363003,1974,site_obsdate,1985,Developed,1,1,CONUS,v2025-11,6/1/1974 0:00,6/1/1974 0:00,inceptisols,ochrepts,ustochrepts,udic ustochrepts,coarse-silty,32.6455574,-98.0966644,4000,7103
MLRA78-Vernon-TX253-001,248532,7863,7863,S80-TX253-001,1980,site_obsdate,1985,Developed,1,1,CONUS,v2025-11,5/1/1980 0:00,5/1/1980 0:00,inceptisols,ochrepts,ustochrepts,typic ustochrepts,fine,32.7505569,-99.6816635,4000,7048
94ID043006,101484,21556,21556,S1994ID043006,1994,site_obsdate,1985,Developed,1,0,CONUS,v2025-11,9/23/1994 0:00,9/23/1994 0:00,andisols,cryands,vitricryands,alfic vitricryands,,44.5286102,-111.18416595458984,3964,4938
90CA009109,1161633,18140,18140,S1990CA009109,1990,site_obsdate,1985,Developed,1,0,CONUS,v2025-11,7/3/1990 0:00,7/1/1990 0:00,andisols,xerands,vitrixerands,humic vitrixerands,medial-skeletal,38.3499985,-120.0999985,3951,4453
S1961OR027010,1112627,813,813,S1961OR027010,1961,site_obsdate,1985,Developed,1,1,CONUS,v2025-11,10/31/1961 0:00,10/31/1961 0:00,andisols,xerands,vitrixerands,humic vitrixerands,ashy,45.5111122,-121.5863876,3991,6526
S1961OR027009,105053,814,814,S1961OR027009,1961,site_obsdate,1985,Developed,1,1,CONUS,v2025-11,10/31/1961 0:00,10/31/1961 0:00,andisols,xerands,vitrixerands,humic vitrixerands,ashy,45.5299988,-121.5994415,3991,6526
86OR017003,123767,13619,13619,S1986OR017003,1986,site_obsdate,1985,Developed,1,0,CONUS,v2025-11,7/3/1986 0:00,7/1/1986 0:00,andisols,xerands,vitrixerands,mollic vitrixerands,ashy,44.2916679,-121.5500031,3991,6521
54-CA-17-020x,533614,52509,51783,S1954-CA-17-020x,2008,site_obsdate,1985,Developed,1,0,CONUS,v2025-11,10/21/2008 0:00,10/21/2008 0:00,inceptisols,ochrepts,xerochrepts,dystric xerochrepts,,39.0238266,-122.6781082,3951,4465
72-CA-53-012x,533331,52974,52248,S1972-CA-53-012x,2009,site_obsdate,1985,Developed,1,0,CONUS,v2025-11,2/27/2009 0:00,2/27/2009 0:00,inceptisols,ochrepts,xerochrepts,typic xerochrepts,,40.6551895,-122.7630615,3951,4501
78CA013000,119903,7181,7181,S1978CA013000,1978,site_obsdate,1985,Developed,1,1,CONUS,v2025-11,1/1/1978 0:00,1/1/1978 0:00,inceptisols,ochrepts,xerochrepts,typic xerochrepts,fine-loamy,37.9299049,-121.6932526,3951,4455
83CA105001,99021,10919,10919,S1983CA105001,1983,site_obsdate,1985,Developed,1,1,CONUS,v2025-11,6/3/1983 0:00,6/1/1983 0:00,inceptisols,ochrepts,xerochrepts,typic xerochrepts,loamy-skeletal,40.5847206,-122.9977798,3951,4501
91MT089017,127517,18284,18284,S1991MT089017,1991,site_obsdate,1985,Developed,1,0,CONUS,v2025-11,6/1/1991 0:00,6/1/1991 0:00,inceptisols,ochrepts,xerochrepts,andic xerochrepts,,47.7180557,-115.4566650390625,3979,5946
S1970OR051008,105206,5800,5800,S1970OR051008,1970,site_obsdate,1985,Developed,1,1,CONUS,v2025-11,9/23/1970 0:00,9/23/1970 0:00,inceptisols,ochrepts,xerochrepts,dystric xerochrepts,coarse-loamy over sandy or sandy-skeletal,45.4906425,-122.4778519,3991,6538
S1970OR005004,104911,5799,5799,S1970OR005004,1970,site_obsdate,1985,Developed,1,1,CONUS,v2025-11,9/8/1970 0:00,9/8/1970 0:00,inceptisols,ochrepts,xerochrepts,dystric xerochrepts,fine-silty,45.4142532,-122.3833999633789,3991,6515
S1971CA059004,1161819,5876,5876,S1971CA059004,1971,site_obsdate,1985,Developed,1,1,CONUS,v2025-11,6/1/1971 0:00,6/1/1971 0:00,entisols,fluvents,xerofluvents,aquic xerofluvents,fine-silty,33.6577797,-117.9713898,3951,4478
S1971CA059005,98964,5879,5879,S1971CA059005,1971,site_obsdate,1985,Developed,1,1,CONUS,v2025-11,6/1/1971 0:00,6/1/1971 0:00,entisols,fluvents,xerofluvents,oxyaquic xerofluvents,coarse-loamy,33.6944427,-117.9780579,3951,4478
S2013CA037003,853527,70413,68440,S2013CA037003,2013,site_obsdate,1985,Developed,1,0,CONUS,v2025-11,4/16/2013 0:00,4/16/2013 0:00,entisols,fluvents,xerofluvents,typic xerofluvents,coarse-loamy,33.8454722,-118.1032778,3951,4467
1956NV027011,253267,3036,3036,1956NV027011,1956,site_obsdate,1985,Developed,1,1,CONUS,v2025-11,7/1/1956 0:00,7/1/1956 0:00,entisols,fluvents,xerofluvents,aquic xerofluvents,fine-silty,40.1875,-118.4563889,3987,6281
S1962CA083008,100207,2805,2805,S1962CA083008,1962,site_obsdate,1985,Developed,1,1,CONUS,v2025-11,4/18/1962 0:00,4/18/1962 0:00,entisols,psamments,xeropsamments,aquic durorthidic xeropsamments,,34.7194443,-120.5694427,3951,4490
S68CA017022,113483,5494,5494,68CA693-005,1968,site_obsdate,1985,Developed,1,1,CONUS,v2025-11,8/7/1968 0:00,8/7/1968 0:00,entisols,psamments,xeropsamments,dystric xeropsamments,,38.9332083,-119.9726278,3951,4457
S2013CA037007,853531,70417,68444,S2013CA037007,2013,site_obsdate,1985,Developed,1,0,CONUS,v2025-11,4/18/2013 0:00,4/18/2013 0:00,entisols,psamments,xeropsamments,typic xeropsamments,,34.1606667,-118.3821667,3951,4467
S2001WA063007,1196799,28896,28823,S2001WA063007,2001,site_obsdate,1985,Developed,1,0,CONUS,v2025-11,5/15/2001 0:00,5/15/2001 0:00,entisols,psamments,xeropsamments,lamellic xeropsamments,,47.90396499633789,-117.4169159,4006,7399
S2001WA063008,111868,28897,28824,S2001WA063008,2001,site_obsdate,1985,Developed,1,0,CONUS,v2025-11,9/19/2001 0:00,9/19/2001 0:00,entisols,psamments,xeropsamments,lamellic xeropsamments,,47.8007469,-117.3270874,4006,7399
S2002CA105002,139013,29530,29456,S2002CA105002,2002,site_obsdate,1985,Developed,1,0,CONUS,v2025-11,8/23/2002 0:00,8/23/2002 0:00,entisols,orthents,xerorthents,dystric xerorthents,,40.2561111,-123.2494431,3951,4501
58-CA-52-037,533715,52634,51908,S1958-CA-52-037,2009,site_obsdate,1985,Developed,1,0,CONUS,v2025-11,2/9/2009 0:00,2/9/2009 0:00,entisols,orthents,xerorthents,dystric xerorthents,,40.3420296,-121.437912,3951,4500
S2013CA037006,853530,70416,68443,S2013CA037006,2012,site_obsdate,1985,Developed,1,0,CONUS,v2025-11,4/17/2013 0:00,12/20/2012 0:00,entisols,orthels,xerorthents,anthraltic xerorthents,coarse-loamy,34.1778441,-118.3815215,3951,4467
86CA051010,123803,13655,13655,S1986CA051010,1986,site_obsdate,1985,Developed,1,0,CONUS,v2025-11,9/1/1986 0:00,9/1/1986 0:00,entisols,orthents,xerorthents,vitrandic xerorthents,ashy-skeletal,37.6991005,-118.9642944,3951,4474
S1954CA035001,108016,2871,2871,S1954CA035001,1954,site_obsdate,1985,Developed,1,1,CONUS,v2025-11,10/18/1954 0:00,10/18/1954 0:00,inceptisols,umbrepts,xerumbrepts,typic xerumbrepts,fine-silty,40.3722229,-120.5299988,3951,4466
RC2006IN023SH010003,426584,72088,132828,RC2006IN023SH010003,2006,samp_classdate,1985,Developed,1,0,CONUS,v2025-11,8/9/2006 0:00,,mollisols,aquolls,argiaquolls,typic argiaquolls,fine-silty,40.3726959,-86.3187027,3966,
TR0012006IN023SH026007,426589,72109,132849,TR0012006IN023SH026007,2006,samp_classdate,1985,Developed,1,0,CONUS,v2025-11,7/6/2006 0:00,,mollisols,aquolls,argiaquolls,typic argiaquolls,fine-silty,40.2581167,-86.3233472,3966,5074
RC2006IN023SH032001,426553,72110,132850,RC2006IN023SH032001,2006,samp_classdate,1985,Developed,1,0,CONUS,v2025-11,8/10/2006 0:00,,mollisols,aquolls,argiaquolls,typic argiaquolls,fine-silty,40.2024422,-86.2475662,3966,
S1983WI043050,1049067,71854,132539,S1983WI043050,1983,samp_classdate,1985,Developed,1,1,CONUS,v2025-11,6/1/1983 0:00,,mollisols,udolls,argiudolls,typic argiudolls,fine-silty,42.8802566,-90.9778713,4007,7428
S2015CA037003,1080665,72141,132881,S2015CA037003,2015,samp_classdate,1985,Developed,1,0,CONUS,v2025-11,3/6/2015 0:00,,mollisols,xerolls,argixerolls,calcic argixerolls,fine-loamy,33.9731111,-118.3443889,3951,4467
S2014CA037003,882851,71914,132599,S2014CA037003,2016,samp_classdate,1985,Developed,1,0,CONUS,v2025-11,5/6/2016 0:00,,mollisols,xerolls,argixerolls,typic argixerolls,fine-loamy,34.0110833,-118.1155278,3951,4467
RC2006IN023SH015005,426562,72091,132831,RC2006IN023SH015005,2006,samp_classdate,1985,Developed,1,0,CONUS,v2025-11,11/27/2006 0:00,,mollisols,aquolls,endoaquolls,typic endoaquolls,fine-silty,40.3097878,-86.2993393,3966,5074
TR0032006IN023SH021007,426587,72099,132839,TR0032006IN023SH021007,2006,samp_classdate,1985,Developed,1,0,CONUS,v2025-11,6/29/2006 0:00,,mollisols,aquolls,endoaquolls,typic endoaquolls,fine-silty,40.2868423,-86.3221207,3966,
RC2006IN023SH021020,426586,72103,132843,RC2006IN023SH021020,2006,samp_classdate,1985,Developed,1,0,CONUS,v2025-11,8/8/2006 0:00,,mollisols,aquolls,endoaquolls,typic endoaquolls,fine-silty,40.3013344,-86.333931,3966,
S2014MI163029,1079104,72866,133599,S2014MI163029,2014,samp_classdate,1985,Developed,1,0,CONUS,v2025-11,10/9/2014 0:00,,inceptisols,aquepts,epiaquepts,aeric epiaquepts,fine-loamy,42.3729611,-83.0679694,3974,5612
S2016CA113001,1119220,73891,134536,S2016CA113001,2016,samp_classdate,1985,Developed,1,0,CONUS,v2025-11,5/5/2016 0:00,,inceptisols,xerepts,haploxerepts,fluventic haploxerepts,,38.7923611,-121.7315833,3951,4505
S2014CA037002,882852,71913,132598,S2014CA037002,2014,samp_classdate,1985,Developed,1,0,CONUS,v2025-11,4/28/2014 0:00,,mollisols,xerolls,haploxerolls,oxyaquic haploxerolls,fine-loamy,33.8530556,-118.1618333,3951,4467
S2014CA037006,1080662,71911,132596,S2014CA037006,2014,samp_classdate,1985,Developed,1,0,CONUS,v2025-11,5/5/2014 0:00,,mollisols,xerolls,haploxerolls,pachic haploxerolls,fine-loamy,34.053619384765625,-118.444666,3951,4467
S2014CA037005,882850,71916,132601,S2014CA037005,2014,samp_classdate,1985,Developed,1,0,CONUS,v2025-11,4/29/2014 0:00,,mollisols,xerolls,haploxerolls,pachic haploxerolls,fine,34.0594167,-118.4080278,3951,4467
S2017ID061001,1203190,74121,134766,S2017ID061001,2017,samp_classdate,1985,Developed,1,0,CONUS,v2025-11,9/11/2017 0:00,,mollisols,xerolls,haploxerolls,pachic haploxerolls,,46.2345139,-116.0335444,3964,4947
S2017MI155001,1184008,74079,134724,S2017MI155001,2017,samp_classdate,1985,Developed,1,0,CONUS,v2025-11,11/13/2017 0:00,,alfisols,udalfs,hapludalfs,aquic hapludalfs,,43.0408972,-84.3049556,3974,5608
S2015MI127001,1275595,73311,134044,S2015MI127001,2015,samp_classdate,1985,Developed,1,0,CONUS,v2025-11,10/15/2015 0:00,,alfisols,udalfs,hapludalfs,aquic arenic hapludalfs,clayey,43.81224822998047,-86.3936944,3974,5594
S1983WI043031,1049053,71835,132520,S1983WI043031,1983,samp_classdate,1985,Developed,1,1,CONUS,v2025-11,5/11/1983 0:00,,alfisols,udalfs,hapludalfs,mollic hapludalfs,fine-silty,42.9019295,-90.9798072,4007,7428
S2016FL107016,1163010,74800,135396,S2016FL107016,2016,samp_classdate,1985,Developed,1,0,CONUS,v2025-11,3/30/2016 0:00,,inceptisols,aquepts,humaquepts,typic humaquepts,,29.6822083,-81.96769714355469,3957,4635
S2012GA007002,979143,74294,134890,S2012GA007002,2012,samp_classdate,1985,Developed,1,0,CONUS,v2025-11,12/10/2012 0:00,,ultisols,udults,kandiudults,arenic kandiudults,,31.1960694,-84.4664694,3960,4656
S2015GA007008,1103926,74732,135328,S2015GA007008,2015,samp_classdate,1985,Developed,1,0,CONUS,v2025-11,11/13/2015 0:00,,ultisols,udults,kandiudults,grossarenic kandiudults,,31.2022705078125,-84.4646987915039,3960,4656
S2015GA007011,1103923,74735,135331,S2015GA007011,2015,samp_classdate,1985,Developed,1,0,CONUS,v2025-11,11/13/2015 0:00,,ultisols,udults,kandiudults,grossarenic kandiudults,,31.196269989013672,-84.46430206298828,3960,4656
S2015GA007015,1176395,74738,135334,S2015GA007015,2015,samp_classdate,1985,Developed,1,0,CONUS,v2025-11,10/13/2015 0:00,,ultisols,udults,kandiudults,grossarenic kandiudults,,31.1873639,-84.45600128173828,3960,4656
S2015GA007026,1162999,74746,135342,S2015GA007026,2015,samp_classdate,1985,Developed,1,0,CONUS,v2025-11,10/17/2015 0:00,,ultisols,udults,kandiudults,arenic kandiudults,loamy,31.1867333,-84.4646056,3960,4656
S2016FL107018,1176092,74802,135398,S2016FL107018,2016,samp_classdate,1985,Developed,1,0,CONUS,v2025-11,3/25/2016 0:00,,ultisols,udults,paleudults,grossarenic paleudults,,29.6864528,-81.9429167,3957,4635
S2013MI163017,969538,72868,133601,S2013MI163017,2013,samp_classdate,1985,Developed,1,0,CONUS,v2025-11,8/2/2013 0:00,,entisols,orthents,udorthents,anthroportic udorthents,fine-loamy,42.4131472,-83.01775360107422,3974,5612
S2014MI163032,1079105,72867,133600,S2014MI163032,2016,samp_classdate,1985,Developed,1,0,CONUS,v2025-11,6/20/2016 0:00,,entisols,orthents,udorthents,aquic udorthents,sandy,42.4372722,-83.0294639,3974,5612
S2015MI163016,1278657,73500,134233,S2015MI163016,2015,samp_classdate,1985,Developed,1,0,CONUS,v2025-11,7/24/2015 0:00,,entisols,orthents,udorthents,aquic udorthents,sandy over loamy,42.3949389,-83.1844639,3974,5612
S2016WA075002,1195620,74062,134707,S2016WA075002,2016,samp_classdate,1985,Developed,1,0,CONUS,v2025-11,6/7/2016 0:00,,andisols,xerands,vitrixerands,humic vitrixerands,ashy,46.593448638916016,-118.09481048583984,4006,7405
S2015CA037004,1080666,72142,132882,S2015CA037004,2015,samp_classdate,1985,Developed,1,0,CONUS,v2025-11,3/6/2015 0:00,,entisols,psamments,xeropsamments,lamellic xeropsamments,,33.8291389,-118.3733333,3951,4467
S2014CA037001,882849,71912,132597,S2014CA037001,2014,samp_classdate,1985,Developed,1,0,CONUS,v2025-11,4/29/2014 0:00,,entisols,orthents,xerorthents,typic xerorthents,fine-loamy,33.7823056,-118.1342222,3951,4467
S2015CA037001,1080663,72139,132879,S2015CA037001,2015,samp_classdate,1985,Developed,1,0,CONUS,v2025-11,3/30/2015 0:00,,entisols,orthents,xerorthents,typic xerorthents,fine-loamy,34.045501708984375,-118.4121667,3951,4467
1999MO055030,964026,43967,43253,1999MO055030,2014,site_obsdate,1985,Developed,1,0,CONUS,v2025-11,11/7/2017 0:00,1/15/2014 0:00,,,,,,38.9672222,-92.34500122070312,3976,5728
1996MO135002,964028,44029,43315,1996MO135002,2014,site_obsdate,1985,Developed,1,0,CONUS,v2025-11,,1/15/2014 0:00,,,,,,38.9672222,-92.34500122070312,3976,5707
1996MO055005,964029,44058,43344,1996MO055005,2014,site_obsdate,1985,Developed,1,0,CONUS,v2025-11,11/7/2017 0:00,1/15/2014 0:00,,,,,,38.9672222,-92.34500122070312,3976,5728
1994MO019013,964030,44118,43404,1994MO019013,2014,site_obsdate,1985,Developed,1,0,CONUS,v2025-11,,1/15/2014 0:00,,,,,,38.9672222,-92.34500122070312,3976,5710
1994MO019005,964031,44119,43405,1994MO019005,2014,site_obsdate,1985,Developed,1,0,CONUS,v2025-11,,1/15/2014 0:00,,,,,,38.9672222,-92.34500122070312,3976,5710
1994MO019001,964032,44120,43406,1994MO019001,2014,site_obsdate,1985,Developed,1,0,CONUS,v2025-11,,1/15/2014 0:00,,,,,,38.9672222,-92.34500122070312,3976,5710
1992MO019037,964034,44416,43702,1992MO019037,2014,site_obsdate,1985,Developed,1,0,CONUS,v2025-11,,1/15/2014 0:00,,,,,,38.9672222,-92.34500122070312,3976,5710
1991MO215001,964035,44468,43754,1991MO215001,2014,site_obsdate,1985,Developed,1,0,CONUS,v2025-11,,1/15/2014 0:00,,,,,,38.9672222,-92.34500122070312,3976,5807
1991MO057033,964036,44567,43853,1991MO057033,2014,site_obsdate,1985,Developed,1,0,CONUS,v2025-11,,1/15/2014 0:00,,,,,,38.9672222,-92.34500122070312,3976,5729
1991MO019081,964037,44588,43874,1991MO019081,2014,site_obsdate,1985,Developed,1,0,CONUS,v2025-11,,1/15/2014 0:00,,,,,,38.9672222,-92.34500122070312,3976,5710
1990MO215010,964038,44661,43947,1990MO215010,2014,site_obsdate,1985,Developed,1,0,CONUS,v2025-11,,1/15/2014 0:00,,,,,,38.9672222,-92.34500122070312,3976,5807
1990MO215009,964039,44662,43948,1990MO215009,2014,site_obsdate,1985,Developed,1,0,CONUS,v2025-11,,1/15/2014 0:00,,,,,,38.9672222,-92.34500122070312,3976,5807
1990MO215008,964040,44663,43949,1990MO215008,2014,site_obsdate,1985,Developed,1,0,CONUS,v2025-11,,1/15/2014 0:00,,,,,,38.9672222,-92.34500122070312,3976,5807
1990MO215007,964041,44664,43950,1990MO215007,2014,site_obsdate,1985,Developed,1,0,CONUS,v2025-11,,1/15/2014 0:00,,,,,,38.9672222,-92.34500122070312,3976,5807
1990MO215005,964043,44666,43952,1990MO215005,2014,site_obsdate,1985,Developed,1,0,CONUS,v2025-11,,1/15/2014 0:00,,,,,,38.9672222,-92.34500122070312,3976,5807
1990MO215004,964044,44667,43953,1990MO215004,2014,site_obsdate,1985,Developed,1,0,CONUS,v2025-11,,1/15/2014 0:00,,,,,,38.9672222,-92.34500122070312,3976,5807
1990MO215003,964045,44668,43954,1990MO215003,2014,site_obsdate,1985,Developed,1,0,CONUS,v2025-11,,1/15/2014 0:00,,,,,,38.9672222,-92.34500122070312,3976,5807
1990MO215002,964046,44669,43955,1990MO215002,2014,site_obsdate,1985,Developed,1,0,CONUS,v2025-11,,1/15/2014 0:00,,,,,,38.9672222,-92.34500122070312,3976,5807
1990MO215001,964047,44670,43956,1990MO215001,2014,site_obsdate,1985,Developed,1,0,CONUS,v2025-11,,1/15/2014 0:00,,,,,,38.9672222,-92.34500122070312,3976,5807
1987MO121028,964048,45576,44862,1987MO121028,2014,site_obsdate,1985,Developed,1,0,CONUS,v2025-11,,1/15/2014 0:00,,,,,,38.9672222,-92.34500122070312,3976,5761
1986MO121005,964049,45667,44953,1986MO121005,2014,site_obsdate,1985,Developed,1,0,CONUS,v2025-11,,1/15/2014 0:00,,,,,,38.9672222,-92.34500122070312,3976,5761
1986MO121004,964050,45668,44954,1986MO121004,2014,site_obsdate,1985,Developed,1,0,CONUS,v2025-11,,1/15/2014 0:00,,,,,,38.9672222,-92.34500122070312,3976,5761
1986MO121003,964051,45669,44955,1986MO121003,2014,site_obsdate,1985,Developed,1,0,CONUS,v2025-11,,1/15/2014 0:00,,,,,,38.9672222,-92.34500122070312,3976,5761
1986MO121002,964052,45670,44956,1986MO121002,2014,site_obsdate,1985,Developed,1,0,CONUS,v2025-11,,1/15/2014 0:00,,,,,,38.9672222,-92.34500122070312,3976,5761
1986MO121001,964053,45671,44957,1986MO121001,2014,site_obsdate,1985,Developed,1,0,CONUS,v2025-11,,1/15/2014 0:00,,,,,,38.9672222,-92.34500122070312,3976,5761
2004MO183050,964059,46066,45352,2004MO183050,2014,site_obsdate,1985,Developed,1,0,CONUS,v2025-11,,1/15/2014 0:00,,,,,,38.9672222,-92.34500122070312,3976,5792
2003MO115045,964060,46121,45407,2003MO115045,2014,site_obsdate,1985,Developed,1,0,CONUS,v2025-11,,1/15/2014 0:00,,,,,,38.9672222,-92.34500122070312,3976,5758
2003MO113006,964061,46135,45421,2003MO113006,2014,site_obsdate,1985,Developed,1,0,CONUS,v2025-11,,1/15/2014 0:00,,,,,,38.9672222,-92.34500122070312,3976,5757
2003MO113002,964062,46139,45425,2003MO113002,2014,site_obsdate,1985,Developed,1,0,CONUS,v2025-11,,1/15/2014 0:00,,,,,,38.9672222,-92.34500122070312,3976,5757
2002MO219015,964063,46191,45477,2002MO219015,2014,site_obsdate,1985,Developed,1,0,CONUS,v2025-11,,1/15/2014 0:00,,,,,,38.9672222,-92.34500122070312,3976,5809
2002MO219014,964064,46192,45478,2002MO219014,2014,site_obsdate,1985,Developed,1,0,CONUS,v2025-11,,1/15/2014 0:00,,,,,,38.9672222,-92.34500122070312,3976,5809
2002MO219010,964065,46195,45481,2002MO219010,2014,site_obsdate,1985,Developed,1,0,CONUS,v2025-11,,1/15/2014 0:00,,,,,,38.9672222,-92.34500122070312,3976,5809
S06NY069022,962604,32509,32384,S06NY069022,2014,site_obsdate,1985,Developed,1,0,CONUS,v2025-11,,1/15/2014 0:00,,,,,,42.8400116,-77.12020111,3988,6320
S06NY069026,962608,32513,32388,S06NY069026,2014,site_obsdate,1985,Developed,1,0,CONUS,v2025-11,,1/15/2014 0:00,,,,,,42.81087112,-77.03822327,3988,6320
S06NY069028,962610,32515,32390,S06NY069028,2014,site_obsdate,1985,Developed,1,0,CONUS,v2025-11,,1/15/2014 0:00,,,,,,42.64517975,-77.02911377,3988,6320
S06NY069031,962613,32518,32393,S06NY069031,2014,site_obsdate,1985,Developed,1,0,CONUS,v2025-11,,1/15/2014 0:00,,,,,,42.79087067,-77.22866058,3988,6320
1991MO099027,964126,49233,48519,1991MO099027,2014,site_obsdate,1985,Developed,1,0,CONUS,v2025-11,,1/15/2014 0:00,Mollisols,Udolls,Argiudolls,Typic Argiudolls,,38.9672644,-92.3451678,3976,5750
1992MO099079,964093,49186,48472,1992MO099079,2014,site_obsdate,1985,Developed,1,0,CONUS,v2025-11,,1/15/2014 0:00,Alfisols,Udalfs,Fragiudalfs,Typic Fragiudalfs,,38.9672644,-92.3451678,3976,5750
1991MO099071,964098,49198,48484,1991MO099071,2014,site_obsdate,1985,Developed,1,0,CONUS,v2025-11,,1/15/2014 0:00,Alfisols,Udalfs,Fragiudalfs,Typic Fragiudalfs,,38.9672644,-92.3451678,3976,5750
1991MO099052,964111,49215,48501,1991MO099052,2014,site_obsdate,1985,Developed,1,0,CONUS,v2025-11,,1/15/2014 0:00,Alfisols,Udalfs,Fragiudalfs,Typic Fragiudalfs,,38.9672644,-92.3451678,3976,5750
1992MO099098,964084,49175,48461,1992MO099098,2014,site_obsdate,1985,Developed,1,0,CONUS,v2025-11,,1/15/2014 0:00,Alfisols,Udalfs,Hapludalfs,Typic Hapludalfs,,38.9672644,-92.3451678,3976,5750
1992MO099087,964088,49181,48467,1992MO099087,2014,site_obsdate,1985,Developed,1,0,CONUS,v2025-11,,1/15/2014 0:00,Alfisols,Udalfs,Hapludalfs,Typic Hapludalfs,,38.9672644,-92.3451678,3976,5750
1992MO099086,964089,49182,48468,1992MO099086,2014,site_obsdate,1985,Developed,1,0,CONUS,v2025-11,,1/15/2014 0:00,Alfisols,Udalfs,Hapludalfs,Typic Hapludalfs,,38.9672644,-92.3451678,3976,5750
1992MO099083,964091,49184,48470,1992MO099083,2014,site_obsdate,1985,Developed,1,0,CONUS,v2025-11,,1/15/2014 0:00,Alfisols,Udalfs,Hapludalfs,Typic Hapludalfs,,38.9672644,-92.3451678,3976,5750
1992MO099082,964092,49185,48471,1992MO099082,2014,site_obsdate,1985,Developed,1,0,CONUS,v2025-11,,1/15/2014 0:00,Alfisols,Udalfs,Hapludalfs,Typic Hapludalfs,,38.9672644,-92.3451678,3976,5750
1991MO099073,964097,49197,48483,1991MO099073,2014,site_obsdate,1985,Developed,1,0,CONUS,v2025-11,,1/15/2014 0:00,Alfisols,Udalfs,Hapludalfs,Typic Hapludalfs,,38.9672644,-92.3451678,3976,5750
1991MO099064,964104,49204,48490,1991MO099064,2014,site_obsdate,1985,Developed,1,0,CONUS,v2025-11,,1/15/2014 0:00,Alfisols,Udalfs,Hapludalfs,Typic Hapludalfs,,38.9672644,-92.3451678,3976,5750
1991MO099034,964122,49229,48515,1991MO099034,2014,site_obsdate,1985,Developed,1,0,CONUS,v2025-11,,1/15/2014 0:00,Alfisols,Udalfs,Hapludalfs,Typic Hapludalfs,,38.9672644,-92.3451678,3976,5750
1991MO099031,964123,49230,48516,1991MO099031,2014,site_obsdate,1985,Developed,1,0,CONUS,v2025-11,,1/15/2014 0:00,Alfisols,Udalfs,Hapludalfs,Typic Hapludalfs,,38.9672644,-92.3451678,3976,5750
1991MO099028,964125,49232,48518,1991MO099028,2014,site_obsdate,1985,Developed,1,0,CONUS,v2025-11,,1/15/2014 0:00,Mollisols,Udolls,Hapludolls,Typic Hapludolls,,38.9672644,-92.3451678,3976,5750
1992MO099146,964073,49144,48430,1992MO099146,2014,site_obsdate,1985,Developed,1,0,CONUS,v2025-11,,1/15/2014 0:00,Alfisols,Udalfs,Paleudalfs,Typic Paleudalfs,,38.9672644,-92.3451678,3976,5750
1992MO099136,964077,49149,48435,1992MO099136,2014,site_obsdate,1985,Developed,1,0,CONUS,v2025-11,,1/15/2014 0:00,Alfisols,Udalfs,Paleudalfs,Typic Paleudalfs,,38.9672644,-92.3451678,3976,5750
1992MO099121,964079,49157,48443,1992MO099121,2014,site_obsdate,1985,Developed,1,0,CONUS,v2025-11,,1/15/2014 0:00,Alfisols,Udalfs,Paleudalfs,Typic Paleudalfs,,38.9672644,-92.3451678,3976,5750
1992MO099119,964081,49159,48445,1992MO099119,2014,site_obsdate,1985,Developed,1,0,CONUS,v2025-11,,1/15/2014 0:00,Alfisols,Udalfs,Paleudalfs,Typic Paleudalfs,,38.9672644,-92.3451678,3976,5750
1992MO099117,964082,49161,48447,1992MO099117,2014,site_obsdate,1985,Developed,1,0,CONUS,v2025-11,,1/15/2014 0:00,Alfisols,Udalfs,Paleudalfs,Typic Paleudalfs,,38.9672644,-92.3451678,3976,5750
1992MO099093,964087,49179,48465,1992MO099093,2014,site_obsdate,1985,Developed,1,0,CONUS,v2025-11,,1/15/2014 0:00,Alfisols,Udalfs,Paleudalfs,Typic Paleudalfs,,38.9672644,-92.3451678,3976,5750
1992MO099076,964096,49189,48475,1992MO099076,2014,site_obsdate,1985,Developed,1,0,CONUS,v2025-11,,1/15/2014 0:00,Alfisols,Udalfs,Paleudalfs,Typic Paleudalfs,,38.9672644,-92.3451678,3976,5750
1991MO099069,964100,49200,48486,1991MO099069,2014,site_obsdate,1985,Developed,1,0,CONUS,v2025-11,,1/15/2014 0:00,Alfisols,Udalfs,Paleudalfs,Typic Paleudalfs,,38.9672644,-92.3451678,3976,5750
1991MO099066,964102,49202,48488,1991MO099066,2014,site_obsdate,1985,Developed,1,0,CONUS,v2025-11,,1/15/2014 0:00,Alfisols,Udalfs,Paleudalfs,Typic Paleudalfs,,38.9672644,-92.3451678,3976,5750
1991MO099065,964103,49203,48489,1991MO099065,2014,site_obsdate,1985,Developed,1,0,CONUS,v2025-11,,1/15/2014 0:00,Alfisols,Udalfs,Paleudalfs,Typic Paleudalfs,,38.9672644,-92.3451678,3976,5750
1991MO099063,964105,49205,48491,1991MO099063,2014,site_obsdate,1985,Developed,1,0,CONUS,v2025-11,,1/15/2014 0:00,Alfisols,Udalfs,Paleudalfs,Typic Paleudalfs,,38.9672644,-92.3451678,3976,5750
1991MO099055,964109,49212,48498,1991MO099055,2014,site_obsdate,1985,Developed,1,0,CONUS,v2025-11,,1/15/2014 0:00,Alfisols,Udalfs,Paleudalfs,Typic Paleudalfs,,38.9672644,-92.3451678,3976,5750
1991MO099053,964110,49214,48500,1991MO099053,2014,site_obsdate,1985,Developed,1,0,CONUS,v2025-11,,1/15/2014 0:00,Alfisols,Udalfs,Paleudalfs,Typic Paleudalfs,,38.9672644,-92.3451678,3976,5750
1991MO099050,964113,49217,48503,1991MO099050,2014,site_obsdate,1985,Developed,1,0,CONUS,v2025-11,,1/15/2014 0:00,Alfisols,Udalfs,Paleudalfs,Typic Paleudalfs,,38.9672644,-92.3451678,3976,5750
1991MO099049,964114,49218,48504,1991MO099049,2014,site_obsdate,1985,Developed,1,0,CONUS,v2025-11,,1/15/2014 0:00,Alfisols,Udalfs,Paleudalfs,Typic Paleudalfs,,38.9672644,-92.3451678,3976,5750
1991MO099046,964115,49221,48507,1991MO099046,2014,site_obsdate,1985,Developed,1,0,CONUS,v2025-11,,1/15/2014 0:00,Alfisols,Udalfs,Paleudalfs,Typic Paleudalfs,,38.9672644,-92.3451678,3976,5750
1992MO099094,964086,49178,48464,1992MO099094,2014,site_obsdate,1985,Developed,1,0,CONUS,v2025-11,,1/15/2014 0:00,Ultisols,Udults,Paleudults,Typic Paleudults,,38.9672644,-92.3451678,3976,5750
1993MO099174,964069,49129,48415,1993MO099174,2014,site_obsdate,1985,Developed,1,0,CONUS,v2025-11,,1/15/2014 0:00,Entisols,Fluvents,Udifluvents,Aquic Udifluvents,,38.9672644,-92.3451678,3976,5750
1992MO099078,964094,49187,48473,1992MO099078,2014,site_obsdate,1985,Developed,1,0,CONUS,v2025-11,,1/15/2014 0:00,Entisols,Fluvents,Udifluvents,Mollic Udifluvents,,38.9672644,-92.3451678,3976,5750
1992MO099077,964095,49188,48474,1992MO099077,2014,site_obsdate,1985,Developed,1,0,CONUS,v2025-11,,1/15/2014 0:00,Entisols,Fluvents,Udifluvents,Typic Udifluvents,,38.9672644,-92.3451678,3976,5750
1991MO099030,964124,49231,48517,1991MO099030,2014,site_obsdate,1985,Developed,1,0,CONUS,v2025-11,,1/15/2014 0:00,Entisols,Fluvents,Udifluvents,Typic Udifluvents,,38.9672644,-92.3451678,3976,5750
1990MO099219,964130,49244,48530,1990MO099219,2014,site_obsdate,1985,Developed,1,0,CONUS,v2025-11,,1/15/2014 0:00,Entisols,Fluvents,Udifluvents,Aquic Udifluvents,,38.9672644,-92.3451678,3976,5750
1991MO099070,964099,49199,48485,1991MO099070,2014,site_obsdate,1985,Developed,1,0,CONUS,v2025-11,,1/15/2014 0:00,Entisols,Orthents,Udorthents,Typic Udorthents,,38.9672644,-92.3451678,3976,5750
1991MO099068,964101,49201,48487,1991MO099068,2014,site_obsdate,1985,Developed,1,0,CONUS,v2025-11,,1/15/2014 0:00,Entisols,Orthents,Udorthents,Typic Udorthents,,38.9672644,-92.3451678,3976,5750
82IL-131-090,963447,36956,36341,82IL-131-090,2014,site_obsdate,1985,Developed,1,0,CONUS,v2025-11,,1/15/2014 0:00,mollisols,udolls,argiudolls,aquic argiudolls,fine,41.09389877319336,-90.4765527,3965,5026
CA097B1B-S10,962928,33248,33102,CA097B1B-S10,2014,site_obsdate,1985,Developed,1,0,CONUS,v2025-11,,1/15/2014 0:00,mollisols,aquolls,haplaquolls,typic haplaquolls,,38.2588528,-122.7566278,3951,4497
83IL-179-042,963617,37126,36511,83IL-179-042,2014,site_obsdate,1985,Developed,1,0,CONUS,v2025-11,,1/15/2014 0:00,mollisols,aquolls,haplaquolls,fluvaquentic haplaquolls,fine,40.5070861,-89.8555694,3965,5050
CA097SnC-S22,962939,33259,33113,CA097SnC-S22,2014,site_obsdate,1985,Developed,1,0,CONUS,v2025-11,,1/15/2014 0:00,alfisols,xeralfs,haploxeralfs,mollic haploxeralfs,,38.2424556,-122.7528444,3951,4497
CA097SnD-S24,962941,33261,33115,CA097SnD-S24,2014,site_obsdate,1985,Developed,1,0,CONUS,v2025-11,,1/15/2014 0:00,alfisols,xeralfs,haploxeralfs,mollic haploxeralfs,,38.2949694,-122.74349975585938,3951,4497
CA097SnD-S25,962942,33262,33116,CA097SnD-S25,2014,site_obsdate,1985,Developed,1,0,CONUS,v2025-11,,1/15/2014 0:00,alfisols,xeralfs,haploxeralfs,mollic haploxeralfs,,38.2677278,-122.7709722,3951,4497
CA097CtC-S11,962930,33250,33103,CA097CtC-S11,2014,site_obsdate,1985,Developed,1,0,CONUS,v2025-11,,1/15/2014 0:00,ultisols,xerults,haploxerults,typic haploxerults,,38.3110222,-122.7346333,3951,4497
82IL-131-088,963446,36955,36340,82IL-131-088,2014,site_obsdate,1985,Developed,1,0,CONUS,v2025-11,,1/15/2014 0:00,alfisols,udalfs,hapludalfs,typic hapludalfs,fine-silty,41.2258377,-90.4744168,3965,5026
82IL-195-036,963476,36985,36370,82IL-195-036,2014,site_obsdate,1985,Developed,1,0,CONUS,v2025-11,,1/15/2014 0:00,alfisols,udalfs,hapludalfs,typic hapludalfs,fine-silty,41.8810547,-89.7840502,3965,5058
83IL-195-091,963521,37030,36415,83IL-195-091,2014,site_obsdate,1985,Developed,1,0,CONUS,v2025-11,,1/15/2014 0:00,alfisols,aqualfs,ochraqualfs,mollic ochraqualfs,fine-loamy over sandy or sandy-skeletal,41.7397917,-89.6857139,3965,5058
1998MO055031,964027,43983,43269,1998MO055031,2014,site_obsdate,1985,Developed,1,0,CONUS,v2025-11,11/7/2017 0:00,1/15/2014 0:00,alfisols,udalfs,paleudalfs,typic paleudalfs,,38.9672222,-92.34500122070312,3976,5728
1999MO119021,475103,43966,43252,1999MO119021,2011,site_obsdate,1985,Developed,1,0,CONUS,v2025-11,1/25/2011 0:00,1/25/2011 0:00,,,,,,38.9672203,-92.3450012,3976,5760
1996MO153035,475040,44023,43309,1996MO153035,2011,site_obsdate,1985,Developed,1,0,CONUS,v2025-11,1/25/2011 0:00,1/25/2011 0:00,,,,,,38.9672203,-92.3450012,3976,5777
1996MO153034,475039,44024,43310,1996MO153034,2011,site_obsdate,1985,Developed,1,0,CONUS,v2025-11,1/25/2011 0:00,1/25/2011 0:00,,,,,,38.9672203,-92.3450012,3976,5777
1996MO153033,475038,44025,43311,1996MO153033,2011,site_obsdate,1985,Developed,1,0,CONUS,v2025-11,1/25/2011 0:00,1/25/2011 0:00,,,,,,38.9672203,-92.3450012,3976,5777
1996MO153032,475037,44026,43312,1996MO153032,2011,site_obsdate,1985,Developed,1,0,CONUS,v2025-11,1/25/2011 0:00,1/25/2011 0:00,,,,,,38.9672203,-92.3450012,3976,5777
1996MO153031,475036,44027,43313,1996MO153031,2011,site_obsdate,1985,Developed,1,0,CONUS,v2025-11,1/25/2011 0:00,1/25/2011 0:00,,,,,,38.9672203,-92.3450012,3976,5777
1996MO153030,475035,44028,43314,1996MO153030,2011,site_obsdate,1985,Developed,1,0,CONUS,v2025-11,1/25/2011 0:00,1/25/2011 0:00,,,,,,38.9672203,-92.3450012,3976,5777
1996MO135001,475033,44030,43316,1996MO135001,2011,site_obsdate,1985,Developed,1,0,CONUS,v2025-11,1/25/2011 0:00,1/25/2011 0:00,,,,,,38.9672203,-92.3450012,3976,5768
1996MO099001,475007,44056,43342,1996MO099001,2011,site_obsdate,1985,Developed,1,0,CONUS,v2025-11,1/25/2011 0:00,1/25/2011 0:00,,,,,,38.9672203,-92.3450012,3976,5750
1995MO135004,474998,44061,43347,1995MO135004,2011,site_obsdate,1985,Developed,1,0,CONUS,v2025-11,1/25/2011 0:00,1/25/2011 0:00,,,,,,38.9672203,-92.3450012,3976,5768
1995MO135003,474997,44062,43348,1995MO135003,2011,site_obsdate,1985,Developed,1,0,CONUS,v2025-11,1/25/2011 0:00,1/25/2011 0:00,,,,,,38.9672203,-92.3450012,3976,5768
1995MO135002,474996,44063,43349,1995MO135002,2011,site_obsdate,1985,Developed,1,0,CONUS,v2025-11,1/25/2011 0:00,1/25/2011 0:00,,,,,,38.9672203,-92.3450012,3976,5768
Delete,474982,44077,43363,Delete,2011,site_obsdate,1985,Developed,1,0,CONUS,v2025-11,1/25/2011 0:00,1/25/2011 0:00,,,,,,38.9672203,-92.3450012,3976,5760
1994MO019020,474863,44112,43398,1994MO019020,2011,site_obsdate,1985,Developed,1,0,CONUS,v2025-11,1/25/2011 0:00,1/25/2011 0:00,,,,,,38.9672203,-92.3450012,3976,5710
1994MO019018,474862,44113,43399,1994MO019018,2011,site_obsdate,1985,Developed,1,0,CONUS,v2025-11,1/25/2011 0:00,1/25/2011 0:00,,,,,,38.9672203,-92.3450012,3976,5710
1994MO019017,474861,44114,43400,1994MO019017,2011,site_obsdate,1985,Developed,1,0,CONUS,v2025-11,1/25/2011 0:00,1/25/2011 0:00,,,,,,38.9672203,-92.3450012,3976,5710
1994MO019016,474860,44115,43401,1994MO019016,2011,site_obsdate,1985,Developed,1,0,CONUS,v2025-11,1/25/2011 0:00,1/25/2011 0:00,,,,,,38.9672203,-92.3450012,3976,5710
1994MO019015,474859,44116,43402,1994MO019015,2011,site_obsdate,1985,Developed,1,0,CONUS,v2025-11,1/25/2011 0:00,1/25/2011 0:00,,,,,,38.9672203,-92.3450012,3976,5710
1994MO019014,474858,44117,43403,1994MO019014,2011,site_obsdate,1985,Developed,1,0,CONUS,v2025-11,1/25/2011 0:00,1/25/2011 0:00,,,,,,38.9672203,-92.3450012,3976,5710
1993MO215017,474851,44124,43410,1993MO215017,2011,site_obsdate,1985,Developed,1,0,CONUS,v2025-11,1/25/2011 0:00,1/25/2011 0:00,,,,,,38.9672203,-92.3450012,3976,5807
1993MO215016,474850,44125,43411,1993MO215016,2011,site_obsdate,1985,Developed,1,0,CONUS,v2025-11,1/25/2011 0:00,1/25/2011 0:00,,,,,,38.9672203,-92.3450012,3976,5807
1993MO215011,474845,44130,43416,1993MO215011,2011,site_obsdate,1985,Developed,1,0,CONUS,v2025-11,1/25/2011 0:00,1/25/2011 0:00,,,,,,38.9672203,-92.3450012,3976,5807
1993MO185022,474834,44140,43426,1993MO185022,2011,site_obsdate,1985,Developed,1,0,CONUS,v2025-11,1/25/2011 0:00,1/25/2011 0:00,,,,,,38.9672203,-92.3450012,3976,5793
1993MO185008,474827,44147,43433,1993MO185008,2011,site_obsdate,1985,Developed,1,0,CONUS,v2025-11,1/25/2011 0:00,1/25/2011 0:00,,,,,,38.9672203,-92.3450012,3976,5793
1993MO051003,474738,44228,43514,1993MO051003,2011,site_obsdate,1985,Developed,1,0,CONUS,v2025-11,1/25/2011 0:00,1/25/2011 0:00,,,,,,38.9672203,-92.3450012,3976,5726
1993MO019017,474732,44233,43519,1993MO019017,2011,site_obsdate,1985,Developed,1,0,CONUS,v2025-11,1/25/2011 0:00,1/25/2011 0:00,,,,,,38.9672203,-92.3450012,3976,5710
1992MO221003,474721,44244,43530,1992MO221003,2011,site_obsdate,1985,Developed,1,0,CONUS,v2025-11,1/25/2011 0:00,1/25/2011 0:00,,,,,,38.9672203,-92.3450012,3976,5810
1992MO221002,474720,44245,43531,1992MO221002,2011,site_obsdate,1985,Developed,1,0,CONUS,v2025-11,1/25/2011 0:00,1/25/2011 0:00,,,,,,38.9672203,-92.3450012,3976,5810
1992MO197036,474709,44256,43542,1992MO197036,2011,site_obsdate,1985,Developed,1,0,CONUS,v2025-11,1/25/2011 0:00,1/25/2011 0:00,,,,,,38.9672203,-92.3450012,3976,5798
1992MO197034,474707,44258,43544,1992MO197034,2011,site_obsdate,1985,Developed,1,0,CONUS,v2025-11,1/25/2011 0:00,1/25/2011 0:00,,,,,,38.9672203,-92.3450012,3976,5798
1992MO197033,474706,44259,43545,1992MO197033,2011,site_obsdate,1985,Developed,1,0,CONUS,v2025-11,1/25/2011 0:00,1/25/2011 0:00,,,,,,38.9672203,-92.3450012,3976,5798
1992MO197032,474705,44260,43546,1992MO197032,2011,site_obsdate,1985,Developed,1,0,CONUS,v2025-11,1/25/2011 0:00,1/25/2011 0:00,,,,,,38.9672203,-92.3450012,3976,5798
1992MO197031,474704,44261,43547,1992MO197031,2011,site_obsdate,1985,Developed,1,0,CONUS,v2025-11,1/25/2011 0:00,1/25/2011 0:00,,,,,,38.9672203,-92.3450012,3976,5798
1992MO197030,474703,44262,43548,1992MO197030,2011,site_obsdate,1985,Developed,1,0,CONUS,v2025-11,1/25/2011 0:00,1/25/2011 0:00,,,,,,38.9672203,-92.3450012,3976,5798
1992MO197029,474702,44263,43549,1992MO197029,2011,site_obsdate,1985,Developed,1,0,CONUS,v2025-11,1/25/2011 0:00,1/25/2011 0:00,,,,,,38.9672203,-92.3450012,3976,5798
1992MO197028,474701,44264,43550,1992MO197028,2011,site_obsdate,1985,Developed,1,0,CONUS,v2025-11,1/25/2011 0:00,1/25/2011 0:00,,,,,,38.9672203,-92.3450012,3976,5798
1992MO197027,474700,44265,43551,1992MO197027,2011,site_obsdate,1985,Developed,1,0,CONUS,v2025-11,1/25/2011 0:00,1/25/2011 0:00,,,,,,38.9672203,-92.3450012,3976,5798
1992MO197026,474699,44266,43552,1992MO197026,2011,site_obsdate,1985,Developed,1,0,CONUS,v2025-11,1/25/2011 0:00,1/25/2011 0:00,,,,,,38.9672203,-92.3450012,3976,5798
1992MO197025,474698,44267,43553,1992MO197025,2011,site_obsdate,1985,Developed,1,0,CONUS,v2025-11,1/25/2011 0:00,1/25/2011 0:00,,,,,,38.9672203,-92.3450012,3976,5798
1992MO197024,474697,44268,43554,1992MO197024,2011,site_obsdate,1985,Developed,1,0,CONUS,v2025-11,1/25/2011 0:00,1/25/2011 0:00,,,,,,38.9672203,-92.3450012,3976,5798
1992MO197023,474696,44269,43555,1992MO197023,2011,site_obsdate,1985,Developed,1,0,CONUS,v2025-11,1/25/2011 0:00,1/25/2011 0:00,,,,,,38.9672203,-92.3450012,3976,5798
1992MO197022,474695,44270,43556,1992MO197022,2011,site_obsdate,1985,Developed,1,0,CONUS,v2025-11,1/25/2011 0:00,1/25/2011 0:00,,,,,,38.9672203,-92.3450012,3976,5798
1992MO197021,474694,44271,43557,1992MO197021,2011,site_obsdate,1985,Developed,1,0,CONUS,v2025-11,1/25/2011 0:00,1/25/2011 0:00,,,,,,38.9672203,-92.3450012,3976,5798
1992MO197020,474693,44272,43558,1992MO197020,2011,site_obsdate,1985,Developed,1,0,CONUS,v2025-11,1/25/2011 0:00,1/25/2011 0:00,,,,,,38.9672203,-92.3450012,3976,5798
1992MO197019,474692,44273,43559,1992MO197019,2011,site_obsdate,1985,Developed,1,0,CONUS,v2025-11,1/25/2011 0:00,1/25/2011 0:00,,,,,,38.9672203,-92.3450012,3976,5798
1992MO197018,474691,44274,43560,1992MO197018,2011,site_obsdate,1985,Developed,1,0,CONUS,v2025-11,1/25/2011 0:00,1/25/2011 0:00,,,,,,38.9672203,-92.3450012,3976,5798
1992MO197015,474689,44276,43562,1992MO197015,2011,site_obsdate,1985,Developed,1,0,CONUS,v2025-11,1/25/2011 0:00,1/25/2011 0:00,,,,,,38.9672203,-92.3450012,3976,5798
1992MO197014,474688,44277,43563,1992MO197014,2011,site_obsdate,1985,Developed,1,0,CONUS,v2025-11,1/25/2011 0:00,1/25/2011 0:00,,,,,,38.9672203,-92.3450012,3976,5798
1992MO197007,474682,44283,43569,1992MO197007,2011,site_obsdate,1985,Developed,1,0,CONUS,v2025-11,1/25/2011 0:00,1/25/2011 0:00,,,,,,38.9672203,-92.3450012,3976,5798
1992MO197006,474681,44284,43570,1992MO197006,2011,site_obsdate,1985,Developed,1,0,CONUS,v2025-11,1/25/2011 0:00,1/25/2011 0:00,,,,,,38.9672203,-92.3450012,3976,5798
1992MO197005,474680,44285,43571,1992MO197005,2011,site_obsdate,1985,Developed,1,0,CONUS,v2025-11,1/25/2011 0:00,1/25/2011 0:00,,,,,,38.9672203,-92.3450012,3976,5798
1992MO197003,474678,44287,43573,1992MO197003,2011,site_obsdate,1985,Developed,1,0,CONUS,v2025-11,1/25/2011 0:00,1/25/2011 0:00,,,,,,38.9672203,-92.3450012,3976,5798
1992MO197002,474677,44288,43574,1992MO197002,2011,site_obsdate,1985,Developed,1,0,CONUS,v2025-11,1/25/2011 0:00,1/25/2011 0:00,,,,,,38.9672203,-92.3450012,3976,5798
1992MO197001,474676,44289,43575,1992MO197001,2011,site_obsdate,1985,Developed,1,0,CONUS,v2025-11,1/25/2011 0:00,1/25/2011 0:00,,,,,,38.9672203,-92.3450012,3976,5798
1992MO151059,474648,44316,43602,1992MO151059,2011,site_obsdate,1985,Developed,1,0,CONUS,v2025-11,1/25/2011 0:00,1/25/2011 0:00,,,,,,38.9672203,-92.3450012,3976,5776
1992MO151050,474643,44321,43607,1992MO151050,2011,site_obsdate,1985,Developed,1,0,CONUS,v2025-11,1/25/2011 0:00,1/25/2011 0:00,,,,,,38.9672203,-92.3450012,3976,5776
1992MO151036,474632,44332,43618,1992MO151036,2011,site_obsdate,1985,Developed,1,0,CONUS,v2025-11,1/25/2011 0:00,1/25/2011 0:00,,,,,,38.9672203,-92.3450012,3976,5776
1992MO151026,474626,44338,43624,1992MO151026,2011,site_obsdate,1985,Developed,1,0,CONUS,v2025-11,1/25/2011 0:00,1/25/2011 0:00,,,,,,38.9672203,-92.3450012,3976,5776
1992MO151025,474625,44339,43625,1992MO151025,2011,site_obsdate,1985,Developed,1,0,CONUS,v2025-11,1/25/2011 0:00,1/25/2011 0:00,,,,,,38.9672203,-92.3450012,3976,5776
1992MO151024,474624,44340,43626,1992MO151024,2011,site_obsdate,1985,Developed,1,0,CONUS,v2025-11,1/25/2011 0:00,1/25/2011 0:00,,,,,,38.9672203,-92.3450012,3976,5776
1992MO151021,474621,44343,43629,1992MO151021,2011,site_obsdate,1985,Developed,1,0,CONUS,v2025-11,1/25/2011 0:00,1/25/2011 0:00,,,,,,38.9672203,-92.3450012,3976,5776
1992MO151017,474619,44345,43631,1992MO151017,2011,site_obsdate,1985,Developed,1,0,CONUS,v2025-11,1/25/2011 0:00,1/25/2011 0:00,,,,,,38.9672203,-92.3450012,3976,5776
1992MO151014,474616,44348,43634,1992MO151014,2011,site_obsdate,1985,Developed,1,0,CONUS,v2025-11,1/25/2011 0:00,1/25/2011 0:00,,,,,,38.9672203,-92.3450012,3976,5776
1992MO151013,474615,44349,43635,1992MO151013,2011,site_obsdate,1985,Developed,1,0,CONUS,v2025-11,1/25/2011 0:00,1/25/2011 0:00,,,,,,38.9672203,-92.3450012,3976,5776
1992MO083003,474595,44369,43655,1992MO083003,2011,site_obsdate,1985,Developed,1,0,CONUS,v2025-11,1/25/2011 0:00,1/25/2011 0:00,,,,,,38.9672203,-92.3450012,3976,5742
1992MO083002,474594,44370,43656,1992MO083002,2011,site_obsdate,1985,Developed,1,0,CONUS,v2025-11,1/25/2011 0:00,1/25/2011 0:00,,,,,,38.9672203,-92.3450012,3976,5742
1992MO083001,474593,44371,43657,1992MO083001,2011,site_obsdate,1985,Developed,1,0,CONUS,v2025-11,1/25/2011 0:00,1/25/2011 0:00,,,,,,38.9672203,-92.3450012,3976,5742
1992MO053001,474552,44411,43697,1992MO053001,2011,site_obsdate,1985,Developed,1,0,CONUS,v2025-11,1/25/2011 0:00,1/25/2011 0:00,,,,,,38.9672203,-92.3450012,3976,5727
1992MO027001,474551,44412,43698,1992MO027001,2011,site_obsdate,1985,Developed,1,0,CONUS,v2025-11,1/25/2011 0:00,1/25/2011 0:00,,,,,,38.9672203,-92.3450012,3976,5714
1992MO019071,474550,44413,43699,1992MO019071,2011,site_obsdate,1985,Developed,1,0,CONUS,v2025-11,1/25/2011 0:00,1/25/2011 0:00,,,,,,38.9672203,-92.3450012,3976,5710
1992MO019038,474548,44415,43701,1992MO019038,2011,site_obsdate,1985,Developed,1,0,CONUS,v2025-11,1/25/2011 0:00,1/25/2011 0:00,,,,,,38.9672203,-92.3450012,3976,5710
1992MO019036,474546,44417,43703,1992MO019036,2011,site_obsdate,1985,Developed,1,0,CONUS,v2025-11,1/25/2011 0:00,1/25/2011 0:00,,,,,,38.9672203,-92.3450012,3976,5710
1992MO019032,474545,44418,43704,1992MO019032,2011,site_obsdate,1985,Developed,1,0,CONUS,v2025-11,1/25/2011 0:00,1/25/2011 0:00,,,,,,38.9672203,-92.3450012,3976,5710
1992MO019023,474544,44419,43705,1992MO019023,2011,site_obsdate,1985,Developed,1,0,CONUS,v2025-11,1/25/2011 0:00,1/25/2011 0:00,,,,,,38.9672203,-92.3450012,3976,5710
1994MO225004,474928,44421,43707,1994MO225004,2011,site_obsdate,1985,Developed,1,0,CONUS,v2025-11,1/25/2011 0:00,1/25/2011 0:00,,,,,,38.9672203,-92.3450012,3976,5812
1994MO205001,474922,44424,43710,1994MO205001,2011,site_obsdate,1985,Developed,1,0,CONUS,v2025-11,1/25/2011 0:00,1/25/2011 0:00,,,,,,38.9672203,-92.3450012,3976,5802
1994MO151002,474911,44435,43721,1994MO151002,2011,site_obsdate,1985,Developed,1,0,CONUS,v2025-11,1/25/2011 0:00,1/25/2011 0:00,,,,,,38.9672203,-92.3450012,3976,5776
1994MO151001,474910,44436,43722,1994MO151001,2011,site_obsdate,1985,Developed,1,0,CONUS,v2025-11,1/25/2011 0:00,1/25/2011 0:00,,,,,,38.9672203,-92.3450012,3976,5776
1992MO001001,474540,44454,43740,1992MO001001,2011,site_obsdate,1985,Developed,1,0,CONUS,v2025-11,1/25/2011 0:00,1/25/2011 0:00,,,,,,38.9672203,-92.3450012,3976,5701
1991MO197076,474502,44469,43755,1991MO197076,2011,site_obsdate,1985,Developed,1,0,CONUS,v2025-11,1/25/2011 0:00,1/25/2011 0:00,,,,,,38.9672203,-92.3450012,3976,5798
1991MO197075,474501,44470,43756,1991MO197075,2011,site_obsdate,1985,Developed,1,0,CONUS,v2025-11,1/25/2011 0:00,1/25/2011 0:00,,,,,,38.9672203,-92.3450012,3976,5798
1991MO197074,474500,44471,43757,1991MO197074,2011,site_obsdate,1985,Developed,1,0,CONUS,v2025-11,1/25/2011 0:00,1/25/2011 0:00,,,,,,38.9672203,-92.3450012,3976,5798
1991MO197072,474498,44473,43759,1991MO197072,2011,site_obsdate,1985,Developed,1,0,CONUS,v2025-11,1/25/2011 0:00,1/25/2011 0:00,,,,,,38.9672203,-92.3450012,3976,5798
1991MO197071,474497,44474,43760,1991MO197071,2011,site_obsdate,1985,Developed,1,0,CONUS,v2025-11,1/25/2011 0:00,1/25/2011 0:00,,,,,,38.9672203,-92.3450012,3976,5798
1991MO197069,474495,44476,43762,1991MO197069,2011,site_obsdate,1985,Developed,1,0,CONUS,v2025-11,1/25/2011 0:00,1/25/2011 0:00,,,,,,38.9672203,-92.3450012,3976,5798
1991MO197068,474494,44477,43763,1991MO197068,2011,site_obsdate,1985,Developed,1,0,CONUS,v2025-11,1/25/2011 0:00,1/25/2011 0:00,,,,,,38.9672203,-92.3450012,3976,5798
1991MO197067,474493,44478,43764,1991MO197067,2011,site_obsdate,1985,Developed,1,0,CONUS,v2025-11,1/25/2011 0:00,1/25/2011 0:00,,,,,,38.9672203,-92.3450012,3976,5798
1991MO197066,474492,44479,43765,1991MO197066,2011,site_obsdate,1985,Developed,1,0,CONUS,v2025-11,1/25/2011 0:00,1/25/2011 0:00,,,,,,38.9672203,-92.3450012,3976,5798
1991MO197065,474491,44480,43766,1991MO197065,2011,site_obsdate,1985,Developed,1,0,CONUS,v2025-11,1/25/2011 0:00,1/25/2011 0:00,,,,,,38.9672203,-92.3450012,3976,5798
1991MO197061,474487,44484,43770,1991MO197061,2011,site_obsdate,1985,Developed,1,0,CONUS,v2025-11,1/25/2011 0:00,1/25/2011 0:00,,,,,,38.9672203,-92.3450012,3976,5798
1991MO197060,474486,44485,43771,1991MO197060,2011,site_obsdate,1985,Developed,1,0,CONUS,v2025-11,1/25/2011 0:00,1/25/2011 0:00,,,,,,38.9672203,-92.3450012,3976,5798
1991MO197057,474483,44488,43774,1991MO197057,2011,site_obsdate,1985,Developed,1,0,CONUS,v2025-11,1/25/2011 0:00,1/25/2011 0:00,,,,,,38.9672203,-92.3450012,3976,5798
1991MO197056,474482,44489,43775,1991MO197056,2011,site_obsdate,1985,Developed,1,0,CONUS,v2025-11,1/25/2011 0:00,1/25/2011 0:00,,,,,,38.9672203,-92.3450012,3976,5798
1991MO197055,474481,44490,43776,1991MO197055,2011,site_obsdate,1985,Developed,1,0,CONUS,v2025-11,1/25/2011 0:00,1/25/2011 0:00,,,,,,38.9672203,-92.3450012,3976,5798
1991MO197054,474480,44491,43777,1991MO197054,2011,site_obsdate,1985,Developed,1,0,CONUS,v2025-11,1/25/2011 0:00,1/25/2011 0:00,,,,,,38.9672203,-92.3450012,3976,5798
1991MO197053,474479,44492,43778,1991MO197053,2011,site_obsdate,1985,Developed,1,0,CONUS,v2025-11,1/25/2011 0:00,1/25/2011 0:00,,,,,,38.9672203,-92.3450012,3976,5798
1991MO197052,474478,44493,43779,1991MO197052,2011,site_obsdate,1985,Developed,1,0,CONUS,v2025-11,1/25/2011 0:00,1/25/2011 0:00,,,,,,38.9672203,-92.3450012,3976,5798
1991MO197051,474477,44494,43780,1991MO197051,2011,site_obsdate,1985,Developed,1,0,CONUS,v2025-11,1/25/2011 0:00,1/25/2011 0:00,,,,,,38.9672203,-92.3450012,3976,5798
1991MO197050,474476,44495,43781,1991MO197050,2011,site_obsdate,1985,Developed,1,0,CONUS,v2025-11,1/25/2011 0:00,1/25/2011 0:00,,,,,,38.9672203,-92.3450012,3976,5798
1991MO197049,474475,44496,43782,1991MO197049,2011,site_obsdate,1985,Developed,1,0,CONUS,v2025-11,1/25/2011 0:00,1/25/2011 0:00,,,,,,38.9672203,-92.3450012,3976,5798
1991MO197048,474474,44497,43783,1991MO197048,2011,site_obsdate,1985,Developed,1,0,CONUS,v2025-11,1/25/2011 0:00,1/25/2011 0:00,,,,,,38.9672203,-92.3450012,3976,5798
1991MO197047,474473,44498,43784,1991MO197047,2011,site_obsdate,1985,Developed,1,0,CONUS,v2025-11,1/25/2011 0:00,1/25/2011 0:00,,,,,,38.9672203,-92.3450012,3976,5798
1991MO197046,474472,44499,43785,1991MO197046,2011,site_obsdate,1985,Developed,1,0,CONUS,v2025-11,1/25/2011 0:00,1/25/2011 0:00,,,,,,38.9672203,-92.3450012,3976,5798
1991MO197045,474471,44500,43786,1991MO197045,2011,site_obsdate,1985,Developed,1,0,CONUS,v2025-11,1/25/2011 0:00,1/25/2011 0:00,,,,,,38.9672203,-92.3450012,3976,5798
1991MO197044,474470,44501,43787,1991MO197044,2011,site_obsdate,1985,Developed,1,0,CONUS,v2025-11,1/25/2011 0:00,1/25/2011 0:00,,,,,,38.9672203,-92.3450012,3976,5798
1991MO197043,474469,44502,43788,1991MO197043,2011,site_obsdate,1985,Developed,1,0,CONUS,v2025-11,1/25/2011 0:00,1/25/2011 0:00,,,,,,38.9672203,-92.3450012,3976,5798
1991MO197041,474468,44503,43789,1991MO197041,2011,site_obsdate,1985,Developed,1,0,CONUS,v2025-11,1/25/2011 0:00,1/25/2011 0:00,,,,,,38.9672203,-92.3450012,3976,5798
1991MO197040,474467,44504,43790,1991MO197040,2011,site_obsdate,1985,Developed,1,0,CONUS,v2025-11,1/25/2011 0:00,1/25/2011 0:00,,,,,,38.9672203,-92.3450012,3976,5798
1991MO197039,474466,44505,43791,1991MO197039,2011,site_obsdate,1985,Developed,1,0,CONUS,v2025-11,1/25/2011 0:00,1/25/2011 0:00,,,,,,38.9672203,-92.3450012,3976,5798
1991MO197038,474465,44506,43792,1991MO197038,2011,site_obsdate,1985,Developed,1,0,CONUS,v2025-11,1/25/2011 0:00,1/25/2011 0:00,,,,,,38.9672203,-92.3450012,3976,5798
1991MO197037,474464,44507,43793,1991MO197037,2011,site_obsdate,1985,Developed,1,0,CONUS,v2025-11,1/25/2011 0:00,1/25/2011 0:00,,,,,,38.9672203,-92.3450012,3976,5798
1991MO197035,474462,44509,43795,1991MO197035,2011,site_obsdate,1985,Developed,1,0,CONUS,v2025-11,1/25/2011 0:00,1/25/2011 0:00,,,,,,38.9672203,-92.3450012,3976,5798
1991MO197034,474461,44510,43796,1991MO197034,2011,site_obsdate,1985,Developed,1,0,CONUS,v2025-11,1/25/2011 0:00,1/25/2011 0:00,,,,,,38.9672203,-92.3450012,3976,5798
1991MO197033,474460,44511,43797,1991MO197033,2011,site_obsdate,1985,Developed,1,0,CONUS,v2025-11,1/25/2011 0:00,1/25/2011 0:00,,,,,,38.9672203,-92.3450012,3976,5798
1991MO197032,474459,44512,43798,1991MO197032,2011,site_obsdate,1985,Developed,1,0,CONUS,v2025-11,1/25/2011 0:00,1/25/2011 0:00,,,,,,38.9672203,-92.3450012,3976,5798
1991MO197031,474458,44513,43799,1991MO197031,2011,site_obsdate,1985,Developed,1,0,CONUS,v2025-11,1/25/2011 0:00,1/25/2011 0:00,,,,,,38.9672203,-92.3450012,3976,5798
1991MO197030,474457,44514,43800,1991MO197030,2011,site_obsdate,1985,Developed,1,0,CONUS,v2025-11,1/25/2011 0:00,1/25/2011 0:00,,,,,,38.9672203,-92.3450012,3976,5798
1991MO197029,474456,44515,43801,1991MO197029,2011,site_obsdate,1985,Developed,1,0,CONUS,v2025-11,1/25/2011 0:00,1/25/2011 0:00,,,,,,38.9672203,-92.3450012,3976,5798
1991MO197028,474455,44516,43802,1991MO197028,2011,site_obsdate,1985,Developed,1,0,CONUS,v2025-11,1/25/2011 0:00,1/25/2011 0:00,,,,,,38.9672203,-92.3450012,3976,5798
1991MO197027,474454,44517,43803,1991MO197027,2011,site_obsdate,1985,Developed,1,0,CONUS,v2025-11,1/25/2011 0:00,1/25/2011 0:00,,,,,,38.9672203,-92.3450012,3976,5798
1991MO197026,474453,44518,43804,1991MO197026,2011,site_obsdate,1985,Developed,1,0,CONUS,v2025-11,1/25/2011 0:00,1/25/2011 0:00,,,,,,38.9672203,-92.3450012,3976,5798
1991MO197025,474452,44519,43805,1991MO197025,2011,site_obsdate,1985,Developed,1,0,CONUS,v2025-11,1/25/2011 0:00,1/25/2011 0:00,,,,,,38.9672203,-92.3450012,3976,5798
1991MO197024,474451,44520,43806,1991MO197024,2011,site_obsdate,1985,Developed,1,0,CONUS,v2025-11,1/25/2011 0:00,1/25/2011 0:00,,,,,,38.9672203,-92.3450012,3976,5798
1991MO197023,474450,44521,43807,1991MO197023,2011,site_obsdate,1985,Developed,1,0,CONUS,v2025-11,1/25/2011 0:00,1/25/2011 0:00,,,,,,38.9672203,-92.3450012,3976,5798
1991MO197021,474448,44523,43809,1991MO197021,2011,site_obsdate,1985,Developed,1,0,CONUS,v2025-11,1/25/2011 0:00,1/25/2011 0:00,,,,,,38.9672203,-92.3450012,3976,5798
1991MO197020,474447,44524,43810,1991MO197020,2011,site_obsdate,1985,Developed,1,0,CONUS,v2025-11,1/25/2011 0:00,1/25/2011 0:00,,,,,,38.9672203,-92.3450012,3976,5798
1991MO197019,474446,44525,43811,1991MO197019,2011,site_obsdate,1985,Developed,1,0,CONUS,v2025-11,1/25/2011 0:00,1/25/2011 0:00,,,,,,38.9672203,-92.3450012,3976,5798
1991MO197018,474445,44526,43812,1991MO197018,2011,site_obsdate,1985,Developed,1,0,CONUS,v2025-11,1/25/2011 0:00,1/25/2011 0:00,,,,,,38.9672203,-92.3450012,3976,5798
1991MO197017,474444,44527,43813,1991MO197017,2011,site_obsdate,1985,Developed,1,0,CONUS,v2025-11,1/25/2011 0:00,1/25/2011 0:00,,,,,,38.9672203,-92.3450012,3976,5798
1991MO197016,474443,44528,43814,1991MO197016,2011,site_obsdate,1985,Developed,1,0,CONUS,v2025-11,1/25/2011 0:00,1/25/2011 0:00,,,,,,38.9672203,-92.3450012,3976,5798
1991MO197015,474442,44529,43815,1991MO197015,2011,site_obsdate,1985,Developed,1,0,CONUS,v2025-11,1/25/2011 0:00,1/25/2011 0:00,,,,,,38.9672203,-92.3450012,3976,5798
1991MO197014,474441,44530,43816,1991MO197014,2011,site_obsdate,1985,Developed,1,0,CONUS,v2025-11,1/25/2011 0:00,1/25/2011 0:00,,,,,,38.9672203,-92.3450012,3976,5798
1991MO041009,474300,44579,43865,1991MO041009,2011,site_obsdate,1985,Developed,1,0,CONUS,v2025-11,1/25/2011 0:00,1/25/2011 0:00,,,,,,38.9672203,-92.3450012,3976,5721
1991MO041008,474299,44580,43866,1991MO041008,2011,site_obsdate,1985,Developed,1,0,CONUS,v2025-11,1/25/2011 0:00,1/25/2011 0:00,,,,,,38.9672203,-92.3450012,3976,5721
1991MO041006,474298,44581,43867,1991MO041006,2011,site_obsdate,1985,Developed,1,0,CONUS,v2025-11,1/25/2011 0:00,1/25/2011 0:00,,,,,,38.9672203,-92.3450012,3976,5721
1991MO041005,474297,44582,43868,1991MO041005,2011,site_obsdate,1985,Developed,1,0,CONUS,v2025-11,1/25/2011 0:00,1/25/2011 0:00,,,,,,38.9672203,-92.3450012,3976,5721
1991MO041004,474296,44583,43869,1991MO041004,2011,site_obsdate,1985,Developed,1,0,CONUS,v2025-11,1/25/2011 0:00,1/25/2011 0:00,,,,,,38.9672203,-92.3450012,3976,5721
1991MO041003,474295,44584,43870,1991MO041003,2011,site_obsdate,1985,Developed,1,0,CONUS,v2025-11,1/25/2011 0:00,1/25/2011 0:00,,,,,,38.9672203,-92.3450012,3976,5721
1991MO041001,474294,44585,43871,1991MO041001,2011,site_obsdate,1985,Developed,1,0,CONUS,v2025-11,1/25/2011 0:00,1/25/2011 0:00,,,,,,38.9672203,-92.3450012,3976,5721
1991MO019089,474293,44586,43872,1991MO019089,2011,site_obsdate,1985,Developed,1,0,CONUS,v2025-11,1/25/2011 0:00,1/25/2011 0:00,,,,,,38.9672203,-92.3450012,3976,5710
1991MO019082,474292,44587,43873,1991MO019082,2011,site_obsdate,1985,Developed,1,0,CONUS,v2025-11,1/25/2011 0:00,1/25/2011 0:00,,,,,,38.9672203,-92.3450012,3976,5710
1991MO019079,474290,44589,43875,1991MO019079,2011,site_obsdate,1985,Developed,1,0,CONUS,v2025-11,1/25/2011 0:00,1/25/2011 0:00,,,,,,38.9672203,-92.3450012,3976,5710
1991MO019073,474288,44590,43876,1991MO019073,2011,site_obsdate,1985,Developed,1,0,CONUS,v2025-11,1/25/2011 0:00,1/25/2011 0:00,,,,,,38.9672203,-92.3450012,3976,5710
1991MO019070,474287,44591,43877,1991MO019070,2011,site_obsdate,1985,Developed,1,0,CONUS,v2025-11,1/25/2011 0:00,1/25/2011 0:00,,,,,,38.9672203,-92.3450012,3976,5710
1991MO019069,474286,44592,43878,1991MO019069,2011,site_obsdate,1985,Developed,1,0,CONUS,v2025-11,1/25/2011 0:00,1/25/2011 0:00,,,,,,38.9672203,-92.3450012,3976,5710
1991MO019068,474285,44593,43879,1991MO019068,2011,site_obsdate,1985,Developed,1,0,CONUS,v2025-11,1/25/2011 0:00,1/25/2011 0:00,,,,,,38.9672203,-92.3450012,3976,5710
1991MO019065,474284,44594,43880,1991MO019065,2011,site_obsdate,1985,Developed,1,0,CONUS,v2025-11,1/25/2011 0:00,1/25/2011 0:00,,,,,,38.9672203,-92.3450012,3976,5710
1991MO019051,474281,44595,43881,1991MO019051,2011,site_obsdate,1985,Developed,1,0,CONUS,v2025-11,1/25/2011 0:00,1/25/2011 0:00,,,,,,38.9672203,-92.3450012,3976,5710
1991MO019031,474277,44597,43883,1991MO019031,2011,site_obsdate,1985,Developed,1,0,CONUS,v2025-11,1/25/2011 0:00,1/25/2011 0:00,,,,,,38.9672203,-92.3450012,3976,5710
1991MO019030,474276,44598,43884,1991MO019030,2011,site_obsdate,1985,Developed,1,0,CONUS,v2025-11,1/25/2011 0:00,1/25/2011 0:00,,,,,,38.9672203,-92.3450012,3976,5710
1991MO019029,474275,44599,43885,1991MO019029,2011,site_obsdate,1985,Developed,1,0,CONUS,v2025-11,1/25/2011 0:00,1/25/2011 0:00,,,,,,38.9672203,-92.3450012,3976,5710
1991MO019028,474274,44600,43886,1991MO019028,2011,site_obsdate,1985,Developed,1,0,CONUS,v2025-11,1/25/2011 0:00,1/25/2011 0:00,,,,,,38.9672203,-92.3450012,3976,5710
1991MO019027,474273,44601,43887,1991MO019027,2011,site_obsdate,1985,Developed,1,0,CONUS,v2025-11,1/25/2011 0:00,1/25/2011 0:00,,,,,,38.9672203,-92.3450012,3976,5710
1991MO019020,474272,44602,43888,1991MO019020,2011,site_obsdate,1985,Developed,1,0,CONUS,v2025-11,1/25/2011 0:00,1/25/2011 0:00,,,,,,38.9672203,-92.3450012,3976,5710
1991MO019019,474271,44603,43889,1991MO019019,2011,site_obsdate,1985,Developed,1,0,CONUS,v2025-11,1/25/2011 0:00,1/25/2011 0:00,,,,,,38.9672203,-92.3450012,3976,5710
1991MO019018,474270,44604,43890,1991MO019018,2011,site_obsdate,1985,Developed,1,0,CONUS,v2025-11,1/25/2011 0:00,1/25/2011 0:00,,,,,,38.9672203,-92.3450012,3976,5710
1991MO019015,474269,44605,43891,1991MO019015,2011,site_obsdate,1985,Developed,1,0,CONUS,v2025-11,1/25/2011 0:00,1/25/2011 0:00,,,,,,38.9672203,-92.3450012,3976,5710
1991MO019013,474267,44607,43893,1991MO019013,2011,site_obsdate,1985,Developed,1,0,CONUS,v2025-11,1/25/2011 0:00,1/25/2011 0:00,,,,,,38.9672203,-92.3450012,3976,5710
1991MO019009,474266,44608,43894,1991MO019009,2011,site_obsdate,1985,Developed,1,0,CONUS,v2025-11,1/25/2011 0:00,1/25/2011 0:00,,,,,,38.9672203,-92.3450012,3976,5710
1991MO019005,474265,44609,43895,1991MO019005,2011,site_obsdate,1985,Developed,1,0,CONUS,v2025-11,1/25/2011 0:00,1/25/2011 0:00,,,,,,38.9672203,-92.3450012,3976,5710
1991MO001012,474264,44610,43896,1991MO001012,2011,site_obsdate,1985,Developed,1,0,CONUS,v2025-11,1/25/2011 0:00,1/25/2011 0:00,,,,,,38.9672203,-92.3450012,3976,5701
1991MO001011,474263,44611,43897,1991MO001011,2011,site_obsdate,1985,Developed,1,0,CONUS,v2025-11,1/25/2011 0:00,1/25/2011 0:00,,,,,,38.9672203,-92.3450012,3976,5701
1991MO001010,474262,44612,43898,1991MO001010,2011,site_obsdate,1985,Developed,1,0,CONUS,v2025-11,1/25/2011 0:00,1/25/2011 0:00,,,,,,38.9672203,-92.3450012,3976,5701
1991MO001008,474260,44614,43900,1991MO001008,2011,site_obsdate,1985,Developed,1,0,CONUS,v2025-11,1/25/2011 0:00,1/25/2011 0:00,,,,,,38.9672203,-92.3450012,3976,5701
1991MO001007,474259,44615,43901,1991MO001007,2011,site_obsdate,1985,Developed,1,0,CONUS,v2025-11,1/25/2011 0:00,1/25/2011 0:00,,,,,,38.9672203,-92.3450012,3976,5701
1991MO001005,474257,44617,43903,1991MO001005,2011,site_obsdate,1985,Developed,1,0,CONUS,v2025-11,1/25/2011 0:00,1/25/2011 0:00,,,,,,38.9672203,-92.3450012,3976,5701
1991MO001004,474256,44618,43904,1991MO001004,2011,site_obsdate,1985,Developed,1,0,CONUS,v2025-11,1/25/2011 0:00,1/25/2011 0:00,,,,,,38.9672203,-92.3450012,3976,5701
1991MO001003,474255,44619,43905,1991MO001003,2011,site_obsdate,1985,Developed,1,0,CONUS,v2025-11,1/25/2011 0:00,1/25/2011 0:00,,,,,,38.9672203,-92.3450012,3976,5701
1991MO001002,474254,44620,43906,1991MO001002,2011,site_obsdate,1985,Developed,1,0,CONUS,v2025-11,1/25/2011 0:00,1/25/2011 0:00,,,,,,38.9672203,-92.3450012,3976,5701
1991MO001001,474253,44621,43907,1991MO001001,2011,site_obsdate,1985,Developed,1,0,CONUS,v2025-11,1/25/2011 0:00,1/25/2011 0:00,,,,,,38.9672203,-92.3450012,3976,5701
1990MO211009,474197,44671,43957,1990MO211009,2011,site_obsdate,1985,Developed,1,0,CONUS,v2025-11,1/25/2011 0:00,1/25/2011 0:00,,,,,,38.9672203,-92.3450012,3976,5805
1990MO211008,474196,44672,43958,1990MO211008,2011,site_obsdate,1985,Developed,1,0,CONUS,v2025-11,1/25/2011 0:00,1/25/2011 0:00,,,,,,38.9672203,-92.3450012,3976,5805
1990MO211007,474195,44673,43959,1990MO211007,2011,site_obsdate,1985,Developed,1,0,CONUS,v2025-11,1/25/2011 0:00,1/25/2011 0:00,,,,,,38.9672203,-92.3450012,3976,5805
1990MO211006,474194,44674,43960,1990MO211006,2011,site_obsdate,1985,Developed,1,0,CONUS,v2025-11,1/25/2011 0:00,1/25/2011 0:00,,,,,,38.9672203,-92.3450012,3976,5805
1990MO211005,474193,44675,43961,1990MO211005,2011,site_obsdate,1985,Developed,1,0,CONUS,v2025-11,1/25/2011 0:00,1/25/2011 0:00,,,,,,38.9672203,-92.3450012,3976,5805
1990MO211004,474192,44676,43962,1990MO211004,2011,site_obsdate,1985,Developed,1,0,CONUS,v2025-11,1/25/2011 0:00,1/25/2011 0:00,,,,,,38.9672203,-92.3450012,3976,5805
1990MO211003,474191,44677,43963,1990MO211003,2011,site_obsdate,1985,Developed,1,0,CONUS,v2025-11,1/25/2011 0:00,1/25/2011 0:00,,,,,,38.9672203,-92.3450012,3976,5805
1990MO211002,474190,44678,43964,1990MO211002,2011,site_obsdate,1985,Developed,1,0,CONUS,v2025-11,1/25/2011 0:00,1/25/2011 0:00,,,,,,38.9672203,-92.3450012,3976,5805
1990MO211001,474189,44679,43965,1990MO211001,2011,site_obsdate,1985,Developed,1,0,CONUS,v2025-11,1/25/2011 0:00,1/25/2011 0:00,,,,,,38.9672203,-92.3450012,3976,5805
1990MO197012,474188,44680,43966,1990MO197012,2011,site_obsdate,1985,Developed,1,0,CONUS,v2025-11,1/25/2011 0:00,1/25/2011 0:00,,,,,,38.9672203,-92.3450012,3976,5798
1990MO197010,474186,44682,43968,1990MO197010,2011,site_obsdate,1985,Developed,1,0,CONUS,v2025-11,1/25/2011 0:00,1/25/2011 0:00,,,,,,38.9672203,-92.3450012,3976,5798
1990MO197009,474185,44683,43969,1990MO197009,2011,site_obsdate,1985,Developed,1,0,CONUS,v2025-11,1/25/2011 0:00,1/25/2011 0:00,,,,,,38.9672203,-92.3450012,3976,5798
1990MO197008,474184,44684,43970,1990MO197008,2011,site_obsdate,1985,Developed,1,0,CONUS,v2025-11,1/25/2011 0:00,1/25/2011 0:00,,,,,,38.9672203,-92.3450012,3976,5798
1990MO197006,474182,44686,43972,1990MO197006,2011,site_obsdate,1985,Developed,1,0,CONUS,v2025-11,1/25/2011 0:00,1/25/2011 0:00,,,,,,38.9672203,-92.3450012,3976,5798
1990MO197005,474181,44687,43973,1990MO197005,2011,site_obsdate,1985,Developed,1,0,CONUS,v2025-11,1/25/2011 0:00,1/25/2011 0:00,,,,,,38.9672203,-92.3450012,3976,5798
1990MO197003,474179,44689,43975,1990MO197003,2011,site_obsdate,1985,Developed,1,0,CONUS,v2025-11,1/25/2011 0:00,1/25/2011 0:00,,,,,,38.9672203,-92.3450012,3976,5798
1990MO197001,474177,44691,43977,1990MO197001,2011,site_obsdate,1985,Developed,1,0,CONUS,v2025-11,1/25/2011 0:00,1/25/2011 0:00,,,,,,38.9672203,-92.3450012,3976,5798
1990MO163093,474176,44692,43978,1990MO163093,2011,site_obsdate,1985,Developed,1,0,CONUS,v2025-11,1/25/2011 0:00,1/25/2011 0:00,,,,,,38.9672203,-92.3450012,3976,5782
1990MO163092,474175,44693,43979,1990MO163092,2011,site_obsdate,1985,Developed,1,0,CONUS,v2025-11,1/25/2011 0:00,1/25/2011 0:00,,,,,,38.9672203,-92.3450012,3976,5782
1990MO163046,474174,44694,43980,1990MO163046,2011,site_obsdate,1985,Developed,1,0,CONUS,v2025-11,1/25/2011 0:00,1/25/2011 0:00,,,,,,38.9672203,-92.3450012,3976,5782
1990MO163017,474173,44695,43981,1990MO163017,2011,site_obsdate,1985,Developed,1,0,CONUS,v2025-11,1/25/2011 0:00,1/25/2011 0:00,,,,,,38.9672203,-92.3450012,3976,5782
1990MO151048,474138,44729,44015,1990MO151048,2011,site_obsdate,1985,Developed,1,0,CONUS,v2025-11,1/25/2011 0:00,1/25/2011 0:00,,,,,,38.9672203,-92.3450012,3976,5776
1990MO151045,474136,44731,44017,1990MO151045,2011,site_obsdate,1985,Developed,1,0,CONUS,v2025-11,1/25/2011 0:00,1/25/2011 0:00,,,,,,38.9672203,-92.3450012,3976,5776
1990MO151044,474135,44732,44018,1990MO151044,2011,site_obsdate,1985,Developed,1,0,CONUS,v2025-11,1/25/2011 0:00,1/25/2011 0:00,,,,,,38.9672203,-92.3450012,3976,5776
1990MO151036,474130,44734,44020,1990MO151036,2011,site_obsdate,1985,Developed,1,0,CONUS,v2025-11,1/25/2011 0:00,1/25/2011 0:00,,,,,,38.9672203,-92.3450012,3976,5776
1990MO151028,474124,44738,44024,1990MO151028,2011,site_obsdate,1985,Developed,1,0,CONUS,v2025-11,1/25/2011 0:00,1/25/2011 0:00,,,,,,38.9672203,-92.3450012,3976,5776
1990MO151025,474121,44741,44027,1990MO151025,2011,site_obsdate,1985,Developed,1,0,CONUS,v2025-11,1/25/2011 0:00,1/25/2011 0:00,,,,,,38.9672203,-92.3450012,3976,5776
1990MO151024,474120,44742,44028,1990MO151024,2011,site_obsdate,1985,Developed,1,0,CONUS,v2025-11,1/25/2011 0:00,1/25/2011 0:00,,,,,,38.9672203,-92.3450012,3976,5776
1990MO151022,474118,44744,44030,1990MO151022,2011,site_obsdate,1985,Developed,1,0,CONUS,v2025-11,1/25/2011 0:00,1/25/2011 0:00,,,,,,38.9672203,-92.3450012,3976,5776
1990MO151020,474116,44746,44032,1990MO151020,2011,site_obsdate,1985,Developed,1,0,CONUS,v2025-11,1/25/2011 0:00,1/25/2011 0:00,,,,,,38.9672203,-92.3450012,3976,5776
1990MO151009,474112,44750,44036,1990MO151009,2011,site_obsdate,1985,Developed,1,0,CONUS,v2025-11,1/25/2011 0:00,1/25/2011 0:00,,,,,,38.9672203,-92.3450012,3976,5776
1990MO151008,474111,44751,44037,1990MO151008,2011,site_obsdate,1985,Developed,1,0,CONUS,v2025-11,1/25/2011 0:00,1/25/2011 0:00,,,,,,38.9672203,-92.3450012,3976,5776
1990MO151001,474109,44752,44038,1990MO151001,2011,site_obsdate,1985,Developed,1,0,CONUS,v2025-11,1/25/2011 0:00,1/25/2011 0:00,,,,,,38.9672203,-92.3450012,3976,5776
1990MO129011,474103,44758,44044,1990MO129011,2011,site_obsdate,1985,Developed,1,0,CONUS,v2025-11,1/25/2011 0:00,1/25/2011 0:00,,,,,,38.9672203,-92.3450012,3976,5765
1990MO121004,474101,44759,44045,1990MO121004,2011,site_obsdate,1985,Developed,1,0,CONUS,v2025-11,1/25/2011 0:00,1/25/2011 0:00,,,,,,38.9672203,-92.3450012,3976,5761
1990MO121002,474100,44760,44046,1990MO121002,2011,site_obsdate,1985,Developed,1,0,CONUS,v2025-11,1/25/2011 0:00,1/25/2011 0:00,,,,,,38.9672203,-92.3450012,3976,5761
1990MO121001,474099,44761,44047,1990MO121001,2011,site_obsdate,1985,Developed,1,0,CONUS,v2025-11,1/25/2011 0:00,1/25/2011 0:00,,,,,,38.9672203,-92.3450012,3976,5761
1990MO073018,474058,44799,44085,1990MO073018,2011,site_obsdate,1985,Developed,1,0,CONUS,v2025-11,1/25/2011 0:00,1/25/2011 0:00,,,,,,38.9672203,-92.3450012,3976,5737
1990MO073004,474044,44813,44099,1990MO073004,2011,site_obsdate,1985,Developed,1,0,CONUS,v2025-11,1/25/2011 0:00,1/25/2011 0:00,,,,,,38.9672203,-92.3450012,3976,5737
1990MO073003,474043,44814,44100,1990MO073003,2011,site_obsdate,1985,Developed,1,0,CONUS,v2025-11,1/25/2011 0:00,1/25/2011 0:00,,,,,,38.9672203,-92.3450012,3976,5737
1990MO057028,474027,44830,44116,1990MO057028,2011,site_obsdate,1985,Developed,1,0,CONUS,v2025-11,1/25/2011 0:00,1/25/2011 0:00,,,,,,38.9672203,-92.3450012,3976,5729
1990MO053071,474021,44836,44122,1990MO053071,2011,site_obsdate,1985,Developed,1,0,CONUS,v2025-11,1/25/2011 0:00,1/25/2011 0:00,,,,,,38.9672203,-92.3450012,3976,5727
1990MO053064,474018,44839,44125,1990MO053064,2011,site_obsdate,1985,Developed,1,0,CONUS,v2025-11,1/25/2011 0:00,1/25/2011 0:00,,,,,,38.9672203,-92.3450012,3976,5727
1990MO053060,474016,44841,44127,1990MO053060,2011,site_obsdate,1985,Developed,1,0,CONUS,v2025-11,1/25/2011 0:00,1/25/2011 0:00,,,,,,38.9672203,-92.3450012,3976,5727
1990MO053056,474015,44842,44128,1990MO053056,2011,site_obsdate,1985,Developed,1,0,CONUS,v2025-11,1/25/2011 0:00,1/25/2011 0:00,,,,,,38.9672203,-92.3450012,3976,5727
1990MO053055,474014,44843,44129,1990MO053055,2011,site_obsdate,1985,Developed,1,0,CONUS,v2025-11,1/25/2011 0:00,1/25/2011 0:00,,,,,,38.9672203,-92.3450012,3976,5727
1991MO197013,474440,44844,44130,1991MO197013,2011,site_obsdate,1985,Developed,1,0,CONUS,v2025-11,1/25/2011 0:00,1/25/2011 0:00,,,,,,38.9672203,-92.3450012,3976,5798
1991MO197012,474439,44845,44131,1991MO197012,2011,site_obsdate,1985,Developed,1,0,CONUS,v2025-11,1/25/2011 0:00,1/25/2011 0:00,,,,,,38.9672203,-92.3450012,3976,5798
1991MO197011,474438,44846,44132,1991MO197011,2011,site_obsdate,1985,Developed,1,0,CONUS,v2025-11,1/25/2011 0:00,1/25/2011 0:00,,,,,,38.9672203,-92.3450012,3976,5798
1991MO197010,474437,44847,44133,1991MO197010,2011,site_obsdate,1985,Developed,1,0,CONUS,v2025-11,1/25/2011 0:00,1/25/2011 0:00,,,,,,38.9672203,-92.3450012,3976,5798
1991MO197009,474436,44848,44134,1991MO197009,2011,site_obsdate,1985,Developed,1,0,CONUS,v2025-11,1/25/2011 0:00,1/25/2011 0:00,,,,,,38.9672203,-92.3450012,3976,5798
1991MO197008,474435,44849,44135,1991MO197008,2011,site_obsdate,1985,Developed,1,0,CONUS,v2025-11,1/25/2011 0:00,1/25/2011 0:00,,,,,,38.9672203,-92.3450012,3976,5798
1991MO197007,474434,44850,44136,1991MO197007,2011,site_obsdate,1985,Developed,1,0,CONUS,v2025-11,1/25/2011 0:00,1/25/2011 0:00,,,,,,38.9672203,-92.3450012,3976,5798
1991MO197006,474433,44851,44137,1991MO197006,2011,site_obsdate,1985,Developed,1,0,CONUS,v2025-11,1/25/2011 0:00,1/25/2011 0:00,,,,,,38.9672203,-92.3450012,3976,5798
1991MO197005,474432,44852,44138,1991MO197005,2011,site_obsdate,1985,Developed,1,0,CONUS,v2025-11,1/25/2011 0:00,1/25/2011 0:00,,,,,,38.9672203,-92.3450012,3976,5798
1991MO197004,474431,44853,44139,1991MO197004,2011,site_obsdate,1985,Developed,1,0,CONUS,v2025-11,1/25/2011 0:00,1/25/2011 0:00,,,,,,38.9672203,-92.3450012,3976,5798
1991MO197003,474430,44854,44140,1991MO197003,2011,site_obsdate,1985,Developed,1,0,CONUS,v2025-11,1/25/2011 0:00,1/25/2011 0:00,,,,,,38.9672203,-92.3450012,3976,5798
1991MO197002,474429,44855,44141,1991MO197002,2011,site_obsdate,1985,Developed,1,0,CONUS,v2025-11,1/25/2011 0:00,1/25/2011 0:00,,,,,,38.9672203,-92.3450012,3976,5798
1991MO197001,474428,44856,44142,1991MO197001,2011,site_obsdate,1985,Developed,1,0,CONUS,v2025-11,1/25/2011 0:00,1/25/2011 0:00,,,,,,38.9672203,-92.3450012,3976,5798
1991MO161024,474420,44862,44148,1991MO161024,2011,site_obsdate,1985,Developed,1,0,CONUS,v2025-11,1/25/2011 0:00,1/25/2011 0:00,,,,,,38.9672203,-92.3450012,3976,5781
1991MO159005,474521,44880,44166,1991MO159005,2011,site_obsdate,1985,Developed,1,0,CONUS,v2025-11,1/25/2011 0:00,1/25/2011 0:00,,,,,,38.9672203,-92.3450012,3976,5780
1991MO159004,474520,44881,44167,1991MO159004,2011,site_obsdate,1985,Developed,1,0,CONUS,v2025-11,1/25/2011 0:00,1/25/2011 0:00,,,,,,38.9672203,-92.3450012,3976,5780
1991MO159002,474519,44882,44168,1991MO159002,2011,site_obsdate,1985,Developed,1,0,CONUS,v2025-11,1/25/2011 0:00,1/25/2011 0:00,,,,,,38.9672203,-92.3450012,3976,5780
1991MO159001,474518,44883,44169,1991MO159001,2011,site_obsdate,1985,Developed,1,0,CONUS,v2025-11,1/25/2011 0:00,1/25/2011 0:00,,,,,,38.9672203,-92.3450012,3976,5780
1991MO151085,474517,44884,44170,1991MO151085,2011,site_obsdate,1985,Developed,1,0,CONUS,v2025-11,1/25/2011 0:00,1/25/2011 0:00,,,,,,38.9672203,-92.3450012,3976,5776
1991MO151082,474414,44887,44173,1991MO151082,2011,site_obsdate,1985,Developed,1,0,CONUS,v2025-11,1/25/2011 0:00,1/25/2011 0:00,,,,,,38.9672203,-92.3450012,3976,5776
1991MO151080,474412,44889,44175,1991MO151080,2011,site_obsdate,1985,Developed,1,0,CONUS,v2025-11,1/25/2011 0:00,1/25/2011 0:00,,,,,,38.9672203,-92.3450012,3976,5776
1991MO151071,474405,44896,44182,1991MO151071,2011,site_obsdate,1985,Developed,1,0,CONUS,v2025-11,1/25/2011 0:00,1/25/2011 0:00,,,,,,38.9672203,-92.3450012,3976,5776
1991MO151070,474404,44897,44183,1991MO151070,2011,site_obsdate,1985,Developed,1,0,CONUS,v2025-11,1/25/2011 0:00,1/25/2011 0:00,,,,,,38.9672203,-92.3450012,3976,5776
1991MO151064,474400,44901,44187,1991MO151064,2011,site_obsdate,1985,Developed,1,0,CONUS,v2025-11,1/25/2011 0:00,1/25/2011 0:00,,,,,,38.9672203,-92.3450012,3976,5776
1991MO151063,474399,44902,44188,1991MO151063,2011,site_obsdate,1985,Developed,1,0,CONUS,v2025-11,1/25/2011 0:00,1/25/2011 0:00,,,,,,38.9672203,-92.3450012,3976,5776
1991MO151058,474396,44905,44191,1991MO151058,2011,site_obsdate,1985,Developed,1,0,CONUS,v2025-11,1/25/2011 0:00,1/25/2011 0:00,,,,,,38.9672203,-92.3450012,3976,5776
1991MO151057,474395,44906,44192,1991MO151057,2011,site_obsdate,1985,Developed,1,0,CONUS,v2025-11,1/25/2011 0:00,1/25/2011 0:00,,,,,,38.9672203,-92.3450012,3976,5776
1991MO151056,474394,44907,44193,1991MO151056,2011,site_obsdate,1985,Developed,1,0,CONUS,v2025-11,1/25/2011 0:00,1/25/2011 0:00,,,,,,38.9672203,-92.3450012,3976,5776
1991MO151055,474393,44908,44194,1991MO151055,2011,site_obsdate,1985,Developed,1,0,CONUS,v2025-11,1/25/2011 0:00,1/25/2011 0:00,,,,,,38.9672203,-92.3450012,3976,5776
1991MO151050,474391,44910,44196,1991MO151050,2011,site_obsdate,1985,Developed,1,0,CONUS,v2025-11,1/25/2011 0:00,1/25/2011 0:00,,,,,,38.9672203,-92.3450012,3976,5776
1991MO151043,474388,44913,44199,1991MO151043,2011,site_obsdate,1985,Developed,1,0,CONUS,v2025-11,1/25/2011 0:00,1/25/2011 0:00,,,,,,38.9672203,-92.3450012,3976,5776
1991MO151042,474387,44914,44200,1991MO151042,2011,site_obsdate,1985,Developed,1,0,CONUS,v2025-11,1/25/2011 0:00,1/25/2011 0:00,,,,,,38.9672203,-92.3450012,3976,5776
1991MO151035,474382,44919,44205,1991MO151035,2011,site_obsdate,1985,Developed,1,0,CONUS,v2025-11,1/25/2011 0:00,1/25/2011 0:00,,,,,,38.9672203,-92.3450012,3976,5776
1991MO151027,474378,44923,44209,1991MO151027,2011,site_obsdate,1985,Developed,1,0,CONUS,v2025-11,1/25/2011 0:00,1/25/2011 0:00,,,,,,38.9672203,-92.3450012,3976,5776
1991MO151020,474374,44927,44213,1991MO151020,2011,site_obsdate,1985,Developed,1,0,CONUS,v2025-11,1/25/2011 0:00,1/25/2011 0:00,,,,,,38.9672203,-92.3450012,3976,5776
1991MO151014,474369,44932,44218,1991MO151014,2011,site_obsdate,1985,Developed,1,0,CONUS,v2025-11,1/25/2011 0:00,1/25/2011 0:00,,,,,,38.9672203,-92.3450012,3976,5776
1991MO151012,474367,44934,44220,1991MO151012,2011,site_obsdate,1985,Developed,1,0,CONUS,v2025-11,1/25/2011 0:00,1/25/2011 0:00,,,,,,38.9672203,-92.3450012,3976,5776
1991MO151007,474365,44936,44222,1991MO151007,2011,site_obsdate,1985,Developed,1,0,CONUS,v2025-11,1/25/2011 0:00,1/25/2011 0:00,,,,,,38.9672203,-92.3450012,3976,5776
1990MO053052,474012,44953,44239,1990MO053052,2011,site_obsdate,1985,Developed,1,0,CONUS,v2025-11,1/25/2011 0:00,1/25/2011 0:00,,,,,,38.9672203,-92.3450012,3976,5727
1990MO053051,474011,44954,44240,1990MO053051,2011,site_obsdate,1985,Developed,1,0,CONUS,v2025-11,1/25/2011 0:00,1/25/2011 0:00,,,,,,38.9672203,-92.3450012,3976,5727
1990MO053050,474010,44955,44241,1990MO053050,2011,site_obsdate,1985,Developed,1,0,CONUS,v2025-11,1/25/2011 0:00,1/25/2011 0:00,,,,,,38.9672203,-92.3450012,3976,5727
1990MO053044,474008,44957,44243,1990MO053044,2011,site_obsdate,1985,Developed,1,0,CONUS,v2025-11,1/25/2011 0:00,1/25/2011 0:00,,,,,,38.9672203,-92.3450012,3976,5727
1990MO053032,474006,44959,44245,1990MO053032,2011,site_obsdate,1985,Developed,1,0,CONUS,v2025-11,1/25/2011 0:00,1/25/2011 0:00,,,,,,38.9672203,-92.3450012,3976,5727
1990MO053031,474005,44960,44246,1990MO053031,2011,site_obsdate,1985,Developed,1,0,CONUS,v2025-11,1/25/2011 0:00,1/25/2011 0:00,,,,,,38.9672203,-92.3450012,3976,5727
1990MO053026,474003,44962,44248,1990MO053026,2011,site_obsdate,1985,Developed,1,0,CONUS,v2025-11,1/25/2011 0:00,1/25/2011 0:00,,,,,,38.9672203,-92.3450012,3976,5727
1990MO053016,473997,44968,44254,1990MO053016,2011,site_obsdate,1985,Developed,1,0,CONUS,v2025-11,1/25/2011 0:00,1/25/2011 0:00,,,,,,38.9672203,-92.3450012,3976,5727
1990MO053015,473936,44969,44255,1990MO053015,2011,site_obsdate,1985,Developed,1,0,CONUS,v2025-11,1/25/2011 0:00,1/25/2011 0:00,,,,,,38.9672203,-92.3450012,3976,5727
1990MO053014,473935,44970,44256,1990MO053014,2011,site_obsdate,1985,Developed,1,0,CONUS,v2025-11,1/25/2011 0:00,1/25/2011 0:00,,,,,,38.9672203,-92.3450012,3976,5727
1990MO053013,473934,44971,44257,1990MO053013,2011,site_obsdate,1985,Developed,1,0,CONUS,v2025-11,1/25/2011 0:00,1/25/2011 0:00,,,,,,38.9672203,-92.3450012,3976,5727
1990MO053011,473933,44972,44258,1990MO053011,2011,site_obsdate,1985,Developed,1,0,CONUS,v2025-11,1/25/2011 0:00,1/25/2011 0:00,,,,,,38.9672203,-92.3450012,3976,5727
1990MO053010,473932,44973,44259,1990MO053010,2011,site_obsdate,1985,Developed,1,0,CONUS,v2025-11,1/25/2011 0:00,1/25/2011 0:00,,,,,,38.9672203,-92.3450012,3976,5727
1990MO053004,473930,44975,44261,1990MO053004,2011,site_obsdate,1985,Developed,1,0,CONUS,v2025-11,1/25/2011 0:00,1/25/2011 0:00,,,,,,38.9672203,-92.3450012,3976,5727
1990MO053003,473929,44976,44262,1990MO053003,2011,site_obsdate,1985,Developed,1,0,CONUS,v2025-11,1/25/2011 0:00,1/25/2011 0:00,,,,,,38.9672203,-92.3450012,3976,5727
1990MO041016,473928,44977,44263,1990MO041016,2011,site_obsdate,1985,Developed,1,0,CONUS,v2025-11,1/25/2011 0:00,1/25/2011 0:00,,,,,,38.9672203,-92.3450012,3976,5721
1990MO041015,473927,44978,44264,1990MO041015,2011,site_obsdate,1985,Developed,1,0,CONUS,v2025-11,1/25/2011 0:00,1/25/2011 0:00,,,,,,38.9672203,-92.3450012,3976,5721
1990MO041014,473926,44979,44265,1990MO041014,2011,site_obsdate,1985,Developed,1,0,CONUS,v2025-11,1/25/2011 0:00,1/25/2011 0:00,,,,,,38.9672203,-92.3450012,3976,5721
1990MO041013,473925,44980,44266,1990MO041013,2011,site_obsdate,1985,Developed,1,0,CONUS,v2025-11,1/25/2011 0:00,1/25/2011 0:00,,,,,,38.9672203,-92.3450012,3976,5721
1990MO041012,473924,44981,44267,1990MO041012,2011,site_obsdate,1985,Developed,1,0,CONUS,v2025-11,1/25/2011 0:00,1/25/2011 0:00,,,,,,38.9672203,-92.3450012,3976,5721
1990MO041011,473923,44982,44268,1990MO041011,2011,site_obsdate,1985,Developed,1,0,CONUS,v2025-11,1/25/2011 0:00,1/25/2011 0:00,,,,,,38.9672203,-92.3450012,3976,5721
1990MO041010,473922,44983,44269,1990MO041010,2011,site_obsdate,1985,Developed,1,0,CONUS,v2025-11,1/25/2011 0:00,1/25/2011 0:00,,,,,,38.9672203,-92.3450012,3976,5721
1990MO041009,473921,44984,44270,1990MO041009,2011,site_obsdate,1985,Developed,1,0,CONUS,v2025-11,1/25/2011 0:00,1/25/2011 0:00,,,,,,38.9672203,-92.3450012,3976,5721
1990MO041008,473920,44985,44271,1990MO041008,2011,site_obsdate,1985,Developed,1,0,CONUS,v2025-11,1/25/2011 0:00,1/25/2011 0:00,,,,,,38.9672203,-92.3450012,3976,5721
1990MO041007,473919,44986,44272,1990MO041007,2011,site_obsdate,1985,Developed,1,0,CONUS,v2025-11,1/25/2011 0:00,1/25/2011 0:00,,,,,,38.9672203,-92.3450012,3976,5721
1990MO041006,473918,44987,44273,1990MO041006,2011,site_obsdate,1985,Developed,1,0,CONUS,v2025-11,1/25/2011 0:00,1/25/2011 0:00,,,,,,38.9672203,-92.3450012,3976,5721
1990MO041005,473917,44988,44274,1990MO041005,2011,site_obsdate,1985,Developed,1,0,CONUS,v2025-11,1/25/2011 0:00,1/25/2011 0:00,,,,,,38.9672203,-92.3450012,3976,5721
1990MO041004,473916,44989,44275,1990MO041004,2011,site_obsdate,1985,Developed,1,0,CONUS,v2025-11,1/25/2011 0:00,1/25/2011 0:00,,,,,,38.9672203,-92.3450012,3976,5721
1990MO041003,473915,44990,44276,1990MO041003,2011,site_obsdate,1985,Developed,1,0,CONUS,v2025-11,1/25/2011 0:00,1/25/2011 0:00,,,,,,38.9672203,-92.3450012,3976,5721
1990MO041002,473914,44991,44277,1990MO041002,2011,site_obsdate,1985,Developed,1,0,CONUS,v2025-11,1/25/2011 0:00,1/25/2011 0:00,,,,,,38.9672203,-92.3450012,3976,5721
1990MO041001,473913,44992,44278,1990MO041001,2011,site_obsdate,1985,Developed,1,0,CONUS,v2025-11,1/25/2011 0:00,1/25/2011 0:00,,,,,,38.9672203,-92.3450012,3976,5721
1990MO019052,473912,44993,44279,1990MO019052,2011,site_obsdate,1985,Developed,1,0,CONUS,v2025-11,1/25/2011 0:00,1/25/2011 0:00,,,,,,38.9672203,-92.3450012,3976,5710
1990MO019051,473911,44994,44280,1990MO019051,2011,site_obsdate,1985,Developed,1,0,CONUS,v2025-11,1/25/2011 0:00,1/25/2011 0:00,,,,,,38.9672203,-92.3450012,3976,5710
1990MO019050,473910,44995,44281,1990MO019050,2011,site_obsdate,1985,Developed,1,0,CONUS,v2025-11,1/25/2011 0:00,1/25/2011 0:00,,,,,,38.9672203,-92.3450012,3976,5710
1990MO019035,473909,44996,44282,1990MO019035,2011,site_obsdate,1985,Developed,1,0,CONUS,v2025-11,1/25/2011 0:00,1/25/2011 0:00,,,,,,38.9672203,-92.3450012,3976,5710
1990MO019029,473908,44997,44283,1990MO019029,2011,site_obsdate,1985,Developed,1,0,CONUS,v2025-11,1/25/2011 0:00,1/25/2011 0:00,,,,,,38.9672203,-92.3450012,3976,5710
1990MO019021,473907,44998,44284,1990MO019021,2011,site_obsdate,1985,Developed,1,0,CONUS,v2025-11,1/25/2011 0:00,1/25/2011 0:00,,,,,,38.9672203,-92.3450012,3976,5710
1990MO019006,473906,44999,44285,1990MO019006,2011,site_obsdate,1985,Developed,1,0,CONUS,v2025-11,1/25/2011 0:00,1/25/2011 0:00,,,,,,38.9672203,-92.3450012,3976,5710
1990MO019005,473905,45000,44286,1990MO019005,2011,site_obsdate,1985,Developed,1,0,CONUS,v2025-11,1/25/2011 0:00,1/25/2011 0:00,,,,,,38.9672203,-92.3450012,3976,5710
1990MO019003,473903,45001,44287,1990MO019003,2011,site_obsdate,1985,Developed,1,0,CONUS,v2025-11,1/25/2011 0:00,1/25/2011 0:00,,,,,,38.9672203,-92.3450012,3976,5710
1990MO001056,473897,45007,44293,1990MO001056,2011,site_obsdate,1985,Developed,1,0,CONUS,v2025-11,1/25/2011 0:00,1/25/2011 0:00,,,,,,38.9672203,-92.3450012,3976,5701
1990MO001046,473887,45017,44303,1990MO001046,2011,site_obsdate,1985,Developed,1,0,CONUS,v2025-11,1/25/2011 0:00,1/25/2011 0:00,,,,,,38.9672203,-92.3450012,3976,5701
1990MO001043,473884,45020,44306,1990MO001043,2011,site_obsdate,1985,Developed,1,0,CONUS,v2025-11,1/25/2011 0:00,1/25/2011 0:00,,,,,,38.9672203,-92.3450012,3976,5701
1990MO001041,473882,45022,44308,1990MO001041,2011,site_obsdate,1985,Developed,1,0,CONUS,v2025-11,1/25/2011 0:00,1/25/2011 0:00,,,,,,38.9672203,-92.3450012,3976,5701
1990MO001040,473881,45023,44309,1990MO001040,2011,site_obsdate,1985,Developed,1,0,CONUS,v2025-11,1/25/2011 0:00,1/25/2011 0:00,,,,,,38.9672203,-92.3450012,3976,5701
1990MO001039,473880,45024,44310,1990MO001039,2011,site_obsdate,1985,Developed,1,0,CONUS,v2025-11,1/25/2011 0:00,1/25/2011 0:00,,,,,,38.9672203,-92.3450012,3976,5701
1990MO001038,473879,45025,44311,1990MO001038,2011,site_obsdate,1985,Developed,1,0,CONUS,v2025-11,1/25/2011 0:00,1/25/2011 0:00,,,,,,38.9672203,-92.3450012,3976,5701
1990MO001037,473878,45026,44312,1990MO001037,2011,site_obsdate,1985,Developed,1,0,CONUS,v2025-11,1/25/2011 0:00,1/25/2011 0:00,,,,,,38.9672203,-92.3450012,3976,5701
1990MO001036,473877,45027,44313,1990MO001036,2011,site_obsdate,1985,Developed,1,0,CONUS,v2025-11,1/25/2011 0:00,1/25/2011 0:00,,,,,,38.9672203,-92.3450012,3976,5701
1990MO001035,473996,45028,44314,1990MO001035,2011,site_obsdate,1985,Developed,1,0,CONUS,v2025-11,1/25/2011 0:00,1/25/2011 0:00,,,,,,38.9672203,-92.3450012,3976,5701
1990MO001034,473995,45029,44315,1990MO001034,2011,site_obsdate,1985,Developed,1,0,CONUS,v2025-11,1/25/2011 0:00,1/25/2011 0:00,,,,,,38.9672203,-92.3450012,3976,5701
1990MO001033,473994,45030,44316,1990MO001033,2011,site_obsdate,1985,Developed,1,0,CONUS,v2025-11,1/25/2011 0:00,1/25/2011 0:00,,,,,,38.9672203,-92.3450012,3976,5701
1990MO001032,473993,45031,44317,1990MO001032,2011,site_obsdate,1985,Developed,1,0,CONUS,v2025-11,1/25/2011 0:00,1/25/2011 0:00,,,,,,38.9672203,-92.3450012,3976,5701
1990MO001031,473992,45032,44318,1990MO001031,2011,site_obsdate,1985,Developed,1,0,CONUS,v2025-11,1/25/2011 0:00,1/25/2011 0:00,,,,,,38.9672203,-92.3450012,3976,5701
1990MO001027,473988,45036,44322,1990MO001027,2011,site_obsdate,1985,Developed,1,0,CONUS,v2025-11,1/25/2011 0:00,1/25/2011 0:00,,,,,,38.9672203,-92.3450012,3976,5701
1990MO001026,473987,45037,44323,1990MO001026,2011,site_obsdate,1985,Developed,1,0,CONUS,v2025-11,1/25/2011 0:00,1/25/2011 0:00,,,,,,38.9672203,-92.3450012,3976,5701
1990MO001025,473986,45038,44324,1990MO001025,2011,site_obsdate,1985,Developed,1,0,CONUS,v2025-11,1/25/2011 0:00,1/25/2011 0:00,,,,,,38.9672203,-92.3450012,3976,5701
1990MO001023,473984,45040,44326,1990MO001023,2011,site_obsdate,1985,Developed,1,0,CONUS,v2025-11,1/25/2011 0:00,1/25/2011 0:00,,,,,,38.9672203,-92.3450012,3976,5701
1990MO001021,473983,45041,44327,1990MO001021,2011,site_obsdate,1985,Developed,1,0,CONUS,v2025-11,1/25/2011 0:00,1/25/2011 0:00,,,,,,38.9672203,-92.3450012,3976,5701
1990MO001020,473982,45042,44328,1990MO001020,2011,site_obsdate,1985,Developed,1,0,CONUS,v2025-11,1/25/2011 0:00,1/25/2011 0:00,,,,,,38.9672203,-92.3450012,3976,5701
1990MO001019,473981,45043,44329,1990MO001019,2011,site_obsdate,1985,Developed,1,0,CONUS,v2025-11,1/25/2011 0:00,1/25/2011 0:00,,,,,,38.9672203,-92.3450012,3976,5701
1990MO001018,473980,45044,44330,1990MO001018,2011,site_obsdate,1985,Developed,1,0,CONUS,v2025-11,1/25/2011 0:00,1/25/2011 0:00,,,,,,38.9672203,-92.3450012,3976,5701
1990MO001017,473979,45045,44331,1990MO001017,2011,site_obsdate,1985,Developed,1,0,CONUS,v2025-11,1/25/2011 0:00,1/25/2011 0:00,,,,,,38.9672203,-92.3450012,3976,5701
1990MO001016,473978,45046,44332,1990MO001016,2011,site_obsdate,1985,Developed,1,0,CONUS,v2025-11,1/25/2011 0:00,1/25/2011 0:00,,,,,,38.9672203,-92.3450012,3976,5701
1990MO001015,473977,45047,44333,1990MO001015,2011,site_obsdate,1985,Developed,1,0,CONUS,v2025-11,1/25/2011 0:00,1/25/2011 0:00,,,,,,38.9672203,-92.3450012,3976,5701
1990MO001014,473976,45048,44334,1990MO001014,2011,site_obsdate,1985,Developed,1,0,CONUS,v2025-11,1/25/2011 0:00,1/25/2011 0:00,,,,,,38.9672203,-92.3450012,3976,5701
1990MO001013,473975,45049,44335,1990MO001013,2011,site_obsdate,1985,Developed,1,0,CONUS,v2025-11,1/25/2011 0:00,1/25/2011 0:00,,,,,,38.9672203,-92.3450012,3976,5701
1990MO001012,473974,45050,44336,1990MO001012,2011,site_obsdate,1985,Developed,1,0,CONUS,v2025-11,1/25/2011 0:00,1/25/2011 0:00,,,,,,38.9672203,-92.3450012,3976,5701
1990MO001011,473973,45051,44337,1990MO001011,2011,site_obsdate,1985,Developed,1,0,CONUS,v2025-11,1/25/2011 0:00,1/25/2011 0:00,,,,,,38.9672203,-92.3450012,3976,5701
1990MO001010,473972,45052,44338,1990MO001010,2011,site_obsdate,1985,Developed,1,0,CONUS,v2025-11,1/25/2011 0:00,1/25/2011 0:00,,,,,,38.9672203,-92.3450012,3976,5701
1990MO001009,473971,45053,44339,1990MO001009,2011,site_obsdate,1985,Developed,1,0,CONUS,v2025-11,1/25/2011 0:00,1/25/2011 0:00,,,,,,38.9672203,-92.3450012,3976,5701
1990MO001008,473970,45054,44340,1990MO001008,2011,site_obsdate,1985,Developed,1,0,CONUS,v2025-11,1/25/2011 0:00,1/25/2011 0:00,,,,,,38.9672203,-92.3450012,3976,5701
1990MO001007,473969,45055,44341,1990MO001007,2011,site_obsdate,1985,Developed,1,0,CONUS,v2025-11,1/25/2011 0:00,1/25/2011 0:00,,,,,,38.9672203,-92.3450012,3976,5701
1990MO001006,473968,45056,44342,1990MO001006,2011,site_obsdate,1985,Developed,1,0,CONUS,v2025-11,1/25/2011 0:00,1/25/2011 0:00,,,,,,38.9672203,-92.3450012,3976,5701
1990MO001005,473967,45057,44343,1990MO001005,2011,site_obsdate,1985,Developed,1,0,CONUS,v2025-11,1/25/2011 0:00,1/25/2011 0:00,,,,,,38.9672203,-92.3450012,3976,5701
1990MO001004,473966,45058,44344,1990MO001004,2011,site_obsdate,1985,Developed,1,0,CONUS,v2025-11,1/25/2011 0:00,1/25/2011 0:00,,,,,,38.9672203,-92.3450012,3976,5701
1990MO001003,473965,45059,44345,1990MO001003,2011,site_obsdate,1985,Developed,1,0,CONUS,v2025-11,1/25/2011 0:00,1/25/2011 0:00,,,,,,38.9672203,-92.3450012,3976,5701
1990MO001002,473964,45060,44346,1990MO001002,2011,site_obsdate,1985,Developed,1,0,CONUS,v2025-11,1/25/2011 0:00,1/25/2011 0:00,,,,,,38.9672203,-92.3450012,3976,5701
1990MO001001,473963,45061,44347,1990MO001001,2011,site_obsdate,1985,Developed,1,0,CONUS,v2025-11,1/25/2011 0:00,1/25/2011 0:00,,,,,,38.9672203,-92.3450012,3976,5701
1989MO053062,473784,45176,44462,1989MO053062,2011,site_obsdate,1985,Developed,1,0,CONUS,v2025-11,1/25/2011 0:00,1/25/2011 0:00,,,,,,38.9672203,-92.3450012,3976,5727
1989MO053057,473782,45178,44464,1989MO053057,2011,site_obsdate,1985,Developed,1,0,CONUS,v2025-11,1/25/2011 0:00,1/25/2011 0:00,,,,,,38.9672203,-92.3450012,3976,5727
1989MO053055,473781,45179,44465,1989MO053055,2011,site_obsdate,1985,Developed,1,0,CONUS,v2025-11,1/25/2011 0:00,1/25/2011 0:00,,,,,,38.9672203,-92.3450012,3976,5727
1989MO053042,473776,45184,44470,1989MO053042,2011,site_obsdate,1985,Developed,1,0,CONUS,v2025-11,1/25/2011 0:00,1/25/2011 0:00,,,,,,38.9672203,-92.3450012,3976,5727
1989MO053039,473775,45185,44471,1989MO053039,2011,site_obsdate,1985,Developed,1,0,CONUS,v2025-11,1/25/2011 0:00,1/25/2011 0:00,,,,,,38.9672203,-92.3450012,3976,5727
1989MO053037,473774,45186,44472,1989MO053037,2011,site_obsdate,1985,Developed,1,0,CONUS,v2025-11,1/25/2011 0:00,1/25/2011 0:00,,,,,,38.9672203,-92.3450012,3976,5727
1989MO053031,473773,45187,44473,1989MO053031,2011,site_obsdate,1985,Developed,1,0,CONUS,v2025-11,1/25/2011 0:00,1/25/2011 0:00,,,,,,38.9672203,-92.3450012,3976,5727
1989MO053026,473772,45188,44474,1989MO053026,2011,site_obsdate,1985,Developed,1,0,CONUS,v2025-11,1/25/2011 0:00,1/25/2011 0:00,,,,,,38.9672203,-92.3450012,3976,5727
1989MO053025,473771,45189,44475,1989MO053025,2011,site_obsdate,1985,Developed,1,0,CONUS,v2025-11,1/25/2011 0:00,1/25/2011 0:00,,,,,,38.9672203,-92.3450012,3976,5727
1989MO053023,473770,45190,44476,1989MO053023,2011,site_obsdate,1985,Developed,1,0,CONUS,v2025-11,1/25/2011 0:00,1/25/2011 0:00,,,,,,38.9672203,-92.3450012,3976,5727
1989MO053016,473769,45191,44477,1989MO053016,2011,site_obsdate,1985,Developed,1,0,CONUS,v2025-11,1/25/2011 0:00,1/25/2011 0:00,,,,,,38.9672203,-92.3450012,3976,5727
1989MO053007,473768,45192,44478,1989MO053007,2011,site_obsdate,1985,Developed,1,0,CONUS,v2025-11,1/25/2011 0:00,1/25/2011 0:00,,,,,,38.9672203,-92.3450012,3976,5727
1989MO053003,473766,45194,44480,1989MO053003,2011,site_obsdate,1985,Developed,1,0,CONUS,v2025-11,1/25/2011 0:00,1/25/2011 0:00,,,,,,38.9672203,-92.3450012,3976,5727
1989MO045031,473765,45195,44481,1989MO045031,2011,site_obsdate,1985,Developed,1,0,CONUS,v2025-11,1/25/2011 0:00,1/25/2011 0:00,,,,,,38.9672203,-92.3450012,3976,5723
1989MO045030,473764,45196,44482,1989MO045030,2011,site_obsdate,1985,Developed,1,0,CONUS,v2025-11,1/25/2011 0:00,1/25/2011 0:00,,,,,,38.9672203,-92.3450012,3976,5723
1989MO045029,473763,45197,44483,1989MO045029,2011,site_obsdate,1985,Developed,1,0,CONUS,v2025-11,1/25/2011 0:00,1/25/2011 0:00,,,,,,38.9672203,-92.3450012,3976,5723
1989MO045028,473762,45198,44484,1989MO045028,2011,site_obsdate,1985,Developed,1,0,CONUS,v2025-11,1/25/2011 0:00,1/25/2011 0:00,,,,,,38.9672203,-92.3450012,3976,5723
1989MO045027,473761,45199,44485,1989MO045027,2011,site_obsdate,1985,Developed,1,0,CONUS,v2025-11,1/25/2011 0:00,1/25/2011 0:00,,,,,,38.9672203,-92.3450012,3976,5723
1989MO045026,473760,45200,44486,1989MO045026,2011,site_obsdate,1985,Developed,1,0,CONUS,v2025-11,1/25/2011 0:00,1/25/2011 0:00,,,,,,38.9672203,-92.3450012,3976,5723
1989MO045025,473759,45201,44487,1989MO045025,2011,site_obsdate,1985,Developed,1,0,CONUS,v2025-11,1/25/2011 0:00,1/25/2011 0:00,,,,,,38.9672203,-92.3450012,3976,5723
1989MO045024,473758,45202,44488,1989MO045024,2011,site_obsdate,1985,Developed,1,0,CONUS,v2025-11,1/25/2011 0:00,1/25/2011 0:00,,,,,,38.9672203,-92.3450012,3976,5723
1989MO045023,473757,45203,44489,1989MO045023,2011,site_obsdate,1985,Developed,1,0,CONUS,v2025-11,1/25/2011 0:00,1/25/2011 0:00,,,,,,38.9672203,-92.3450012,3976,5723
1989MO045022,473756,45204,44490,1989MO045022,2011,site_obsdate,1985,Developed,1,0,CONUS,v2025-11,1/25/2011 0:00,1/25/2011 0:00,,,,,,38.9672203,-92.3450012,3976,5723
1989MO045021,473755,45205,44491,1989MO045021,2011,site_obsdate,1985,Developed,1,0,CONUS,v2025-11,1/25/2011 0:00,1/25/2011 0:00,,,,,,38.9672203,-92.3450012,3976,5723
1989MO045020,473754,45206,44492,1989MO045020,2011,site_obsdate,1985,Developed,1,0,CONUS,v2025-11,1/25/2011 0:00,1/25/2011 0:00,,,,,,38.9672203,-92.3450012,3976,5723
1989MO045018,473752,45208,44494,1989MO045018,2011,site_obsdate,1985,Developed,1,0,CONUS,v2025-11,1/25/2011 0:00,1/25/2011 0:00,,,,,,38.9672203,-92.3450012,3976,5723
1989MO045017,473751,45209,44495,1989MO045017,2011,site_obsdate,1985,Developed,1,0,CONUS,v2025-11,1/25/2011 0:00,1/25/2011 0:00,,,,,,38.9672203,-92.3450012,3976,5723
1989MO045016,473750,45210,44496,1989MO045016,2011,site_obsdate,1985,Developed,1,0,CONUS,v2025-11,1/25/2011 0:00,1/25/2011 0:00,,,,,,38.9672203,-92.3450012,3976,5723
1989MO045014,473748,45212,44498,1989MO045014,2011,site_obsdate,1985,Developed,1,0,CONUS,v2025-11,1/25/2011 0:00,1/25/2011 0:00,,,,,,38.9672203,-92.3450012,3976,5723
1989MO045013,473747,45213,44499,1989MO045013,2011,site_obsdate,1985,Developed,1,0,CONUS,v2025-11,1/25/2011 0:00,1/25/2011 0:00,,,,,,38.9672203,-92.3450012,3976,5723
1989MO045012,473746,45214,44500,1989MO045012,2011,site_obsdate,1985,Developed,1,0,CONUS,v2025-11,1/25/2011 0:00,1/25/2011 0:00,,,,,,38.9672203,-92.3450012,3976,5723
1989MO045011,473745,45215,44501,1989MO045011,2011,site_obsdate,1985,Developed,1,0,CONUS,v2025-11,1/25/2011 0:00,1/25/2011 0:00,,,,,,38.9672203,-92.3450012,3976,5723
1989MO045010,473744,45216,44502,1989MO045010,2011,site_obsdate,1985,Developed,1,0,CONUS,v2025-11,1/25/2011 0:00,1/25/2011 0:00,,,,,,38.9672203,-92.3450012,3976,5723
1989MO045009,473743,45217,44503,1989MO045009,2011,site_obsdate,1985,Developed,1,0,CONUS,v2025-11,1/25/2011 0:00,1/25/2011 0:00,,,,,,38.9672203,-92.3450012,3976,5723
1989MO045008,473742,45218,44504,1989MO045008,2011,site_obsdate,1985,Developed,1,0,CONUS,v2025-11,1/25/2011 0:00,1/25/2011 0:00,,,,,,38.9672203,-92.3450012,3976,5723
1989MO045007,473741,45219,44505,1989MO045007,2011,site_obsdate,1985,Developed,1,0,CONUS,v2025-11,1/25/2011 0:00,1/25/2011 0:00,,,,,,38.9672203,-92.3450012,3976,5723
1989MO045006,473740,45220,44506,1989MO045006,2011,site_obsdate,1985,Developed,1,0,CONUS,v2025-11,1/25/2011 0:00,1/25/2011 0:00,,,,,,38.9672203,-92.3450012,3976,5723
1989MO045005,473739,45221,44507,1989MO045005,2011,site_obsdate,1985,Developed,1,0,CONUS,v2025-11,1/25/2011 0:00,1/25/2011 0:00,,,,,,38.9672203,-92.3450012,3976,5723
1989MO045004,473738,45222,44508,1989MO045004,2011,site_obsdate,1985,Developed,1,0,CONUS,v2025-11,1/25/2011 0:00,1/25/2011 0:00,,,,,,38.9672203,-92.3450012,3976,5723
1989MO045003,473737,45223,44509,1989MO045003,2011,site_obsdate,1985,Developed,1,0,CONUS,v2025-11,1/25/2011 0:00,1/25/2011 0:00,,,,,,38.9672203,-92.3450012,3976,5723
1989MO045002,473736,45224,44510,1989MO045002,2011,site_obsdate,1985,Developed,1,0,CONUS,v2025-11,1/25/2011 0:00,1/25/2011 0:00,,,,,,38.9672203,-92.3450012,3976,5723
1989MO045001,473735,45225,44511,1989MO045001,2011,site_obsdate,1985,Developed,1,0,CONUS,v2025-11,1/25/2011 0:00,1/25/2011 0:00,,,,,,38.9672203,-92.3450012,3976,5723
1989MO041026,473733,45227,44513,1989MO041026,2011,site_obsdate,1985,Developed,1,0,CONUS,v2025-11,1/25/2011 0:00,1/25/2011 0:00,,,,,,38.9672203,-92.3450012,3976,5721
1989MO041025,473732,45228,44514,1989MO041025,2011,site_obsdate,1985,Developed,1,0,CONUS,v2025-11,1/25/2011 0:00,1/25/2011 0:00,,,,,,38.9672203,-92.3450012,3976,5721
1989MO041024,473731,45229,44515,1989MO041024,2011,site_obsdate,1985,Developed,1,0,CONUS,v2025-11,1/25/2011 0:00,1/25/2011 0:00,,,,,,38.9672203,-92.3450012,3976,5721
1989MO041023,473730,45230,44516,1989MO041023,2011,site_obsdate,1985,Developed,1,0,CONUS,v2025-11,1/25/2011 0:00,1/25/2011 0:00,,,,,,38.9672203,-92.3450012,3976,5721
1989MO041022,473729,45231,44517,1989MO041022,2011,site_obsdate,1985,Developed,1,0,CONUS,v2025-11,1/25/2011 0:00,1/25/2011 0:00,,,,,,38.9672203,-92.3450012,3976,5721
1989MO041021,473728,45232,44518,1989MO041021,2011,site_obsdate,1985,Developed,1,0,CONUS,v2025-11,1/25/2011 0:00,1/25/2011 0:00,,,,,,38.9672203,-92.3450012,3976,5721
1989MO041020,473727,45233,44519,1989MO041020,2011,site_obsdate,1985,Developed,1,0,CONUS,v2025-11,1/25/2011 0:00,1/25/2011 0:00,,,,,,38.9672203,-92.3450012,3976,5721
1989MO041019,473726,45234,44520,1989MO041019,2011,site_obsdate,1985,Developed,1,0,CONUS,v2025-11,1/25/2011 0:00,1/25/2011 0:00,,,,,,38.9672203,-92.3450012,3976,5721
1989MO041018,473725,45235,44521,1989MO041018,2011,site_obsdate,1985,Developed,1,0,CONUS,v2025-11,1/25/2011 0:00,1/25/2011 0:00,,,,,,38.9672203,-92.3450012,3976,5721
1989MO041004,473713,45247,44533,1989MO041004,2011,site_obsdate,1985,Developed,1,0,CONUS,v2025-11,1/25/2011 0:00,1/25/2011 0:00,,,,,,38.9672203,-92.3450012,3976,5721
1989MO001037,473710,45250,44536,1989MO001037,2011,site_obsdate,1985,Developed,1,0,CONUS,v2025-11,1/25/2011 0:00,1/25/2011 0:00,,,,,,38.9672203,-92.3450012,3976,5701
1989MO001036,473709,45251,44537,1989MO001036,2011,site_obsdate,1985,Developed,1,0,CONUS,v2025-11,1/25/2011 0:00,1/25/2011 0:00,,,,,,38.9672203,-92.3450012,3976,5701
1989MO001035,473708,45252,44538,1989MO001035,2011,site_obsdate,1985,Developed,1,0,CONUS,v2025-11,1/25/2011 0:00,1/25/2011 0:00,,,,,,38.9672203,-92.3450012,3976,5701
1989MO001033,473706,45254,44540,1989MO001033,2011,site_obsdate,1985,Developed,1,0,CONUS,v2025-11,1/25/2011 0:00,1/25/2011 0:00,,,,,,38.9672203,-92.3450012,3976,5701
1989MO001032,473705,45255,44541,1989MO001032,2011,site_obsdate,1985,Developed,1,0,CONUS,v2025-11,1/25/2011 0:00,1/25/2011 0:00,,,,,,38.9672203,-92.3450012,3976,5701
1989MO001027,473700,45260,44546,1989MO001027,2011,site_obsdate,1985,Developed,1,0,CONUS,v2025-11,1/25/2011 0:00,1/25/2011 0:00,,,,,,38.9672203,-92.3450012,3976,5701
1989MO001026,473699,45261,44547,1989MO001026,2011,site_obsdate,1985,Developed,1,0,CONUS,v2025-11,1/25/2011 0:00,1/25/2011 0:00,,,,,,38.9672203,-92.3450012,3976,5701
1989MO001025,473698,45262,44548,1989MO001025,2011,site_obsdate,1985,Developed,1,0,CONUS,v2025-11,1/25/2011 0:00,1/25/2011 0:00,,,,,,38.9672203,-92.3450012,3976,5701
1989MO001024,473697,45263,44549,1989MO001024,2011,site_obsdate,1985,Developed,1,0,CONUS,v2025-11,1/25/2011 0:00,1/25/2011 0:00,,,,,,38.9672203,-92.3450012,3976,5701
1989MO001023,473696,45264,44550,1989MO001023,2011,site_obsdate,1985,Developed,1,0,CONUS,v2025-11,1/25/2011 0:00,1/25/2011 0:00,,,,,,38.9672203,-92.3450012,3976,5701
1989MO001022,473695,45265,44551,1989MO001022,2011,site_obsdate,1985,Developed,1,0,CONUS,v2025-11,1/25/2011 0:00,1/25/2011 0:00,,,,,,38.9672203,-92.3450012,3976,5701
1989MO001021,473694,45266,44552,1989MO001021,2011,site_obsdate,1985,Developed,1,0,CONUS,v2025-11,1/25/2011 0:00,1/25/2011 0:00,,,,,,38.9672203,-92.3450012,3976,5701
1989MO001020,473693,45267,44553,1989MO001020,2011,site_obsdate,1985,Developed,1,0,CONUS,v2025-11,1/25/2011 0:00,1/25/2011 0:00,,,,,,38.9672203,-92.3450012,3976,5701
1989MO001019,473692,45268,44554,1989MO001019,2011,site_obsdate,1985,Developed,1,0,CONUS,v2025-11,1/25/2011 0:00,1/25/2011 0:00,,,,,,38.9672203,-92.3450012,3976,5701
1989MO001018,473691,45269,44555,1989MO001018,2011,site_obsdate,1985,Developed,1,0,CONUS,v2025-11,1/25/2011 0:00,1/25/2011 0:00,,,,,,38.9672203,-92.3450012,3976,5701
1989MO001017,473690,45270,44556,1989MO001017,2011,site_obsdate,1985,Developed,1,0,CONUS,v2025-11,1/25/2011 0:00,1/25/2011 0:00,,,,,,38.9672203,-92.3450012,3976,5701
1989MO001016,473689,45271,44557,1989MO001016,2011,site_obsdate,1985,Developed,1,0,CONUS,v2025-11,1/25/2011 0:00,1/25/2011 0:00,,,,,,38.9672203,-92.3450012,3976,5701
1989MO001015,473688,45272,44558,1989MO001015,2011,site_obsdate,1985,Developed,1,0,CONUS,v2025-11,1/25/2011 0:00,1/25/2011 0:00,,,,,,38.9672203,-92.3450012,3976,5701
1989MO001014,473687,45273,44559,1989MO001014,2011,site_obsdate,1985,Developed,1,0,CONUS,v2025-11,1/25/2011 0:00,1/25/2011 0:00,,,,,,38.9672203,-92.3450012,3976,5701
1989MO001013,473686,45274,44560,1989MO001013,2011,site_obsdate,1985,Developed,1,0,CONUS,v2025-11,1/25/2011 0:00,1/25/2011 0:00,,,,,,38.9672203,-92.3450012,3976,5701
1989MO001012,473685,45275,44561,1989MO001012,2011,site_obsdate,1985,Developed,1,0,CONUS,v2025-11,1/25/2011 0:00,1/25/2011 0:00,,,,,,38.9672203,-92.3450012,3976,5701
1989MO001011,473684,45276,44562,1989MO001011,2011,site_obsdate,1985,Developed,1,0,CONUS,v2025-11,1/25/2011 0:00,1/25/2011 0:00,,,,,,38.9672203,-92.3450012,3976,5701
1989MO001010,473683,45277,44563,1989MO001010,2011,site_obsdate,1985,Developed,1,0,CONUS,v2025-11,1/25/2011 0:00,1/25/2011 0:00,,,,,,38.9672203,-92.3450012,3976,5701
1989MO001009,473682,45278,44564,1989MO001009,2011,site_obsdate,1985,Developed,1,0,CONUS,v2025-11,1/25/2011 0:00,1/25/2011 0:00,,,,,,38.9672203,-92.3450012,3976,5701
1989MO001008,473681,45279,44565,1989MO001008,2011,site_obsdate,1985,Developed,1,0,CONUS,v2025-11,1/25/2011 0:00,1/25/2011 0:00,,,,,,38.9672203,-92.3450012,3976,5701
1989MO001007,473680,45280,44566,1989MO001007,2011,site_obsdate,1985,Developed,1,0,CONUS,v2025-11,1/25/2011 0:00,1/25/2011 0:00,,,,,,38.9672203,-92.3450012,3976,5701
1989MO001006,473679,45281,44567,1989MO001006,2011,site_obsdate,1985,Developed,1,0,CONUS,v2025-11,1/25/2011 0:00,1/25/2011 0:00,,,,,,38.9672203,-92.3450012,3976,5701
1989MO001005,473678,45282,44568,1989MO001005,2011,site_obsdate,1985,Developed,1,0,CONUS,v2025-11,1/25/2011 0:00,1/25/2011 0:00,,,,,,38.9672203,-92.3450012,3976,5701
1989MO001004,473677,45283,44569,1989MO001004,2011,site_obsdate,1985,Developed,1,0,CONUS,v2025-11,1/25/2011 0:00,1/25/2011 0:00,,,,,,38.9672203,-92.3450012,3976,5701
1989MO001003,473676,45284,44570,1989MO001003,2011,site_obsdate,1985,Developed,1,0,CONUS,v2025-11,1/25/2011 0:00,1/25/2011 0:00,,,,,,38.9672203,-92.3450012,3976,5701
1989MO001002,473675,45285,44571,1989MO001002,2011,site_obsdate,1985,Developed,1,0,CONUS,v2025-11,1/25/2011 0:00,1/25/2011 0:00,,,,,,38.9672203,-92.3450012,3976,5701
1988MO219090,473673,45286,44572,1988MO219090,2011,site_obsdate,1985,Developed,1,0,CONUS,v2025-11,1/25/2011 0:00,1/25/2011 0:00,,,,,,38.9672203,-92.3450012,3976,5809
1988MO219009,473672,45287,44573,1988MO219009,2011,site_obsdate,1985,Developed,1,0,CONUS,v2025-11,1/25/2011 0:00,1/25/2011 0:00,,,,,,38.9672203,-92.3450012,3976,5809
1988MO211009,473629,45326,44612,1988MO211009,2011,site_obsdate,1985,Developed,1,0,CONUS,v2025-11,1/25/2011 0:00,1/25/2011 0:00,,,,,,38.9672203,-92.3450012,3976,5805
1988MO211007,473628,45327,44613,1988MO211007,2011,site_obsdate,1985,Developed,1,0,CONUS,v2025-11,1/25/2011 0:00,1/25/2011 0:00,,,,,,38.9672203,-92.3450012,3976,5805
1988MO211003,473626,45329,44615,1988MO211003,2011,site_obsdate,1985,Developed,1,0,CONUS,v2025-11,1/25/2011 0:00,1/25/2011 0:00,,,,,,38.9672203,-92.3450012,3976,5805
1988MO211001,473624,45331,44617,1988MO211001,2011,site_obsdate,1985,Developed,1,0,CONUS,v2025-11,1/25/2011 0:00,1/25/2011 0:00,,,,,,38.9672203,-92.3450012,3976,5805
1988MO197009,473623,45332,44618,1988MO197009,2011,site_obsdate,1985,Developed,1,0,CONUS,v2025-11,1/25/2011 0:00,1/25/2011 0:00,,,,,,38.9672203,-92.3450012,3976,5798
1988MO197008,473622,45333,44619,1988MO197008,2011,site_obsdate,1985,Developed,1,0,CONUS,v2025-11,1/25/2011 0:00,1/25/2011 0:00,,,,,,38.9672203,-92.3450012,3976,5798
1988MO197007,473621,45334,44620,1988MO197007,2011,site_obsdate,1985,Developed,1,0,CONUS,v2025-11,1/25/2011 0:00,1/25/2011 0:00,,,,,,38.9672203,-92.3450012,3976,5798
1988MO197006,473620,45335,44621,1988MO197006,2011,site_obsdate,1985,Developed,1,0,CONUS,v2025-11,1/25/2011 0:00,1/25/2011 0:00,,,,,,38.9672203,-92.3450012,3976,5798
1988MO197005,473619,45336,44622,1988MO197005,2011,site_obsdate,1985,Developed,1,0,CONUS,v2025-11,1/25/2011 0:00,1/25/2011 0:00,,,,,,38.9672203,-92.3450012,3976,5798
1988MO197003,473617,45338,44624,1988MO197003,2011,site_obsdate,1985,Developed,1,0,CONUS,v2025-11,1/25/2011 0:00,1/25/2011 0:00,,,,,,38.9672203,-92.3450012,3976,5798
1988MO197002,473516,45339,44625,1988MO197002,2011,site_obsdate,1985,Developed,1,0,CONUS,v2025-11,1/25/2011 0:00,1/25/2011 0:00,,,,,,38.9672203,-92.3450012,3976,5798
1988MO197001,473515,45340,44626,1988MO197001,2011,site_obsdate,1985,Developed,1,0,CONUS,v2025-11,1/25/2011 0:00,1/25/2011 0:00,,,,,,38.9672203,-92.3450012,3976,5798
1988MO171011,473514,45341,44627,1988MO171011,2011,site_obsdate,1985,Developed,1,0,CONUS,v2025-11,1/25/2011 0:00,1/25/2011 0:00,,,,,,38.9672203,-92.3450012,3976,5786
1988MO171010,473513,45342,44628,1988MO171010,2011,site_obsdate,1985,Developed,1,0,CONUS,v2025-11,1/25/2011 0:00,1/25/2011 0:00,,,,,,38.9672203,-92.3450012,3976,5786
1988MO171009,473512,45343,44629,1988MO171009,2011,site_obsdate,1985,Developed,1,0,CONUS,v2025-11,1/25/2011 0:00,1/25/2011 0:00,,,,,,38.9672203,-92.3450012,3976,5786
1988MO171008,473511,45344,44630,1988MO171008,2011,site_obsdate,1985,Developed,1,0,CONUS,v2025-11,1/25/2011 0:00,1/25/2011 0:00,,,,,,38.9672203,-92.3450012,3976,5786
1988MO171007,473510,45345,44631,1988MO171007,2011,site_obsdate,1985,Developed,1,0,CONUS,v2025-11,1/25/2011 0:00,1/25/2011 0:00,,,,,,38.9672203,-92.3450012,3976,5786
1988MO171006,473509,45346,44632,1988MO171006,2011,site_obsdate,1985,Developed,1,0,CONUS,v2025-11,1/25/2011 0:00,1/25/2011 0:00,,,,,,38.9672203,-92.3450012,3976,5786
1988MO171005,473508,45347,44633,1988MO171005,2011,site_obsdate,1985,Developed,1,0,CONUS,v2025-11,1/25/2011 0:00,1/25/2011 0:00,,,,,,38.9672203,-92.3450012,3976,5786
1988MO171003,473506,45349,44635,1988MO171003,2011,site_obsdate,1985,Developed,1,0,CONUS,v2025-11,1/25/2011 0:00,1/25/2011 0:00,,,,,,38.9672203,-92.3450012,3976,5786
1988MO171002,473505,45350,44636,1988MO171002,2011,site_obsdate,1985,Developed,1,0,CONUS,v2025-11,1/25/2011 0:00,1/25/2011 0:00,,,,,,38.9672203,-92.3450012,3976,5786
1988MO171001,473504,45351,44637,1988MO171001,2011,site_obsdate,1985,Developed,1,0,CONUS,v2025-11,1/25/2011 0:00,1/25/2011 0:00,,,,,,38.9672203,-92.3450012,3976,5786
1988MO163047,473503,45352,44638,1988MO163047,2011,site_obsdate,1985,Developed,1,0,CONUS,v2025-11,1/25/2011 0:00,1/25/2011 0:00,,,,,,38.9672203,-92.3450012,3976,5782
1988MO163046,473502,45353,44639,1988MO163046,2011,site_obsdate,1985,Developed,1,0,CONUS,v2025-11,1/25/2011 0:00,1/25/2011 0:00,,,,,,38.9672203,-92.3450012,3976,5782
1988MO163045,473501,45354,44640,1988MO163045,2011,site_obsdate,1985,Developed,1,0,CONUS,v2025-11,1/25/2011 0:00,1/25/2011 0:00,,,,,,38.9672203,-92.3450012,3976,5782
1988MO163043,473499,45356,44642,1988MO163043,2011,site_obsdate,1985,Developed,1,0,CONUS,v2025-11,1/25/2011 0:00,1/25/2011 0:00,,,,,,38.9672203,-92.3450012,3976,5782
1988MO163042,473498,45357,44643,1988MO163042,2011,site_obsdate,1985,Developed,1,0,CONUS,v2025-11,1/25/2011 0:00,1/25/2011 0:00,,,,,,38.9672203,-92.3450012,3976,5782
1988MO163038,473497,45358,44644,1988MO163038,2011,site_obsdate,1985,Developed,1,0,CONUS,v2025-11,1/25/2011 0:00,1/25/2011 0:00,,,,,,38.9672203,-92.3450012,3976,5782
1988MO163031,473494,45361,44647,1988MO163031,2011,site_obsdate,1985,Developed,1,0,CONUS,v2025-11,1/25/2011 0:00,1/25/2011 0:00,,,,,,38.9672203,-92.3450012,3976,5782
1988MO163030,473493,45362,44648,1988MO163030,2011,site_obsdate,1985,Developed,1,0,CONUS,v2025-11,1/25/2011 0:00,1/25/2011 0:00,,,,,,38.9672203,-92.3450012,3976,5782
1988MO163012,473489,45366,44652,1988MO163012,2011,site_obsdate,1985,Developed,1,0,CONUS,v2025-11,1/25/2011 0:00,1/25/2011 0:00,,,,,,38.9672203,-92.3450012,3976,5782
1988MO163001,473488,45367,44653,1988MO163001,2011,site_obsdate,1985,Developed,1,0,CONUS,v2025-11,1/25/2011 0:00,1/25/2011 0:00,,,,,,38.9672203,-92.3450012,3976,5782
1988MO159002,473483,45372,44658,1988MO159002,2011,site_obsdate,1985,Developed,1,0,CONUS,v2025-11,1/25/2011 0:00,1/25/2011 0:00,,,,,,38.9672203,-92.3450012,3976,5780
1988MO159001,473482,45373,44659,1988MO159001,2011,site_obsdate,1985,Developed,1,0,CONUS,v2025-11,1/25/2011 0:00,1/25/2011 0:00,,,,,,38.9672203,-92.3450012,3976,5780
1988MO121051,473479,45376,44662,1988MO121051,2011,site_obsdate,1985,Developed,1,0,CONUS,v2025-11,1/25/2011 0:00,1/25/2011 0:00,,,,,,38.9672203,-92.3450012,3976,5761
1988MO121047,473475,45380,44666,1988MO121047,2011,site_obsdate,1985,Developed,1,0,CONUS,v2025-11,1/25/2011 0:00,1/25/2011 0:00,,,,,,38.9672203,-92.3450012,3976,5761
1988MO121046,473474,45381,44667,1988MO121046,2011,site_obsdate,1985,Developed,1,0,CONUS,v2025-11,1/25/2011 0:00,1/25/2011 0:00,,,,,,38.9672203,-92.3450012,3976,5761
1988MO121045,473473,45382,44668,1988MO121045,2011,site_obsdate,1985,Developed,1,0,CONUS,v2025-11,1/25/2011 0:00,1/25/2011 0:00,,,,,,38.9672203,-92.3450012,3976,5761
1988MO121044,473472,45383,44669,1988MO121044,2011,site_obsdate,1985,Developed,1,0,CONUS,v2025-11,1/25/2011 0:00,1/25/2011 0:00,,,,,,38.9672203,-92.3450012,3976,5761
1988MO121043,473471,45384,44670,1988MO121043,2011,site_obsdate,1985,Developed,1,0,CONUS,v2025-11,1/25/2011 0:00,1/25/2011 0:00,,,,,,38.9672203,-92.3450012,3976,5761
1988MO121042,473470,45385,44671,1988MO121042,2011,site_obsdate,1985,Developed,1,0,CONUS,v2025-11,1/25/2011 0:00,1/25/2011 0:00,,,,,,38.9672203,-92.3450012,3976,5761
1988MO121041,473469,45386,44672,1988MO121041,2011,site_obsdate,1985,Developed,1,0,CONUS,v2025-11,1/25/2011 0:00,1/25/2011 0:00,,,,,,38.9672203,-92.3450012,3976,5761
1988MO121040,473468,45387,44673,1988MO121040,2011,site_obsdate,1985,Developed,1,0,CONUS,v2025-11,1/25/2011 0:00,1/25/2011 0:00,,,,,,38.9672203,-92.3450012,3976,5761
1988MO121039,473467,45388,44674,1988MO121039,2011,site_obsdate,1985,Developed,1,0,CONUS,v2025-11,1/25/2011 0:00,1/25/2011 0:00,,,,,,38.9672203,-92.3450012,3976,5761
1988MO121038,473466,45389,44675,1988MO121038,2011,site_obsdate,1985,Developed,1,0,CONUS,v2025-11,1/25/2011 0:00,1/25/2011 0:00,,,,,,38.9672203,-92.3450012,3976,5761
1988MO121037,473465,45390,44676,1988MO121037,2011,site_obsdate,1985,Developed,1,0,CONUS,v2025-11,1/25/2011 0:00,1/25/2011 0:00,,,,,,38.9672203,-92.3450012,3976,5761
1988MO121036,473464,45391,44677,1988MO121036,2011,site_obsdate,1985,Developed,1,0,CONUS,v2025-11,1/25/2011 0:00,1/25/2011 0:00,,,,,,38.9672203,-92.3450012,3976,5761
1988MO121034,473463,45392,44678,1988MO121034,2011,site_obsdate,1985,Developed,1,0,CONUS,v2025-11,1/25/2011 0:00,1/25/2011 0:00,,,,,,38.9672203,-92.3450012,3976,5761
1988MO121033,473462,45393,44679,1988MO121033,2011,site_obsdate,1985,Developed,1,0,CONUS,v2025-11,1/25/2011 0:00,1/25/2011 0:00,,,,,,38.9672203,-92.3450012,3976,5761
1988MO121032,473461,45394,44680,1988MO121032,2011,site_obsdate,1985,Developed,1,0,CONUS,v2025-11,1/25/2011 0:00,1/25/2011 0:00,,,,,,38.9672203,-92.3450012,3976,5761
1988MO121031,473460,45395,44681,1988MO121031,2011,site_obsdate,1985,Developed,1,0,CONUS,v2025-11,1/25/2011 0:00,1/25/2011 0:00,,,,,,38.9672203,-92.3450012,3976,5761
1988MO121030,473459,45396,44682,1988MO121030,2011,site_obsdate,1985,Developed,1,0,CONUS,v2025-11,1/25/2011 0:00,1/25/2011 0:00,,,,,,38.9672203,-92.3450012,3976,5761
1988MO121029,473458,45397,44683,1988MO121029,2011,site_obsdate,1985,Developed,1,0,CONUS,v2025-11,1/25/2011 0:00,1/25/2011 0:00,,,,,,38.9672203,-92.3450012,3976,5761
1988MO121027,473456,45399,44685,1988MO121027,2011,site_obsdate,1985,Developed,1,0,CONUS,v2025-11,1/25/2011 0:00,1/25/2011 0:00,,,,,,38.9672203,-92.3450012,3976,5761
1988MO121026,473455,45400,44686,1988MO121026,2011,site_obsdate,1985,Developed,1,0,CONUS,v2025-11,1/25/2011 0:00,1/25/2011 0:00,,,,,,38.9672203,-92.3450012,3976,5761
1988MO121024,473454,45401,44687,1988MO121024,2011,site_obsdate,1985,Developed,1,0,CONUS,v2025-11,1/25/2011 0:00,1/25/2011 0:00,,,,,,38.9672203,-92.3450012,3976,5761
1988MO121023,473453,45402,44688,1988MO121023,2011,site_obsdate,1985,Developed,1,0,CONUS,v2025-11,1/25/2011 0:00,1/25/2011 0:00,,,,,,38.9672203,-92.3450012,3976,5761
1988MO121022,473452,45403,44689,1988MO121022,2011,site_obsdate,1985,Developed,1,0,CONUS,v2025-11,1/25/2011 0:00,1/25/2011 0:00,,,,,,38.9672203,-92.3450012,3976,5761
1988MO121021,473451,45404,44690,1988MO121021,2011,site_obsdate,1985,Developed,1,0,CONUS,v2025-11,1/25/2011 0:00,1/25/2011 0:00,,,,,,38.9672203,-92.3450012,3976,5761
1988MO121019,473449,45406,44692,1988MO121019,2011,site_obsdate,1985,Developed,1,0,CONUS,v2025-11,1/25/2011 0:00,1/25/2011 0:00,,,,,,38.9672203,-92.3450012,3976,5761
1988MO121018,473448,45407,44693,1988MO121018,2011,site_obsdate,1985,Developed,1,0,CONUS,v2025-11,1/25/2011 0:00,1/25/2011 0:00,,,,,,38.9672203,-92.3450012,3976,5761
1988MO121017,473447,45408,44694,1988MO121017,2011,site_obsdate,1985,Developed,1,0,CONUS,v2025-11,1/25/2011 0:00,1/25/2011 0:00,,,,,,38.9672203,-92.3450012,3976,5761
1988MO121016,473446,45409,44695,1988MO121016,2011,site_obsdate,1985,Developed,1,0,CONUS,v2025-11,1/25/2011 0:00,1/25/2011 0:00,,,,,,38.9672203,-92.3450012,3976,5761
1988MO121015,473445,45410,44696,1988MO121015,2011,site_obsdate,1985,Developed,1,0,CONUS,v2025-11,1/25/2011 0:00,1/25/2011 0:00,,,,,,38.9672203,-92.3450012,3976,5761
1988MO121014,473444,45411,44697,1988MO121014,2011,site_obsdate,1985,Developed,1,0,CONUS,v2025-11,1/25/2011 0:00,1/25/2011 0:00,,,,,,38.9672203,-92.3450012,3976,5761
1988MO121013,473443,45412,44698,1988MO121013,2011,site_obsdate,1985,Developed,1,0,CONUS,v2025-11,1/25/2011 0:00,1/25/2011 0:00,,,,,,38.9672203,-92.3450012,3976,5761
1988MO121012,473442,45413,44699,1988MO121012,2011,site_obsdate,1985,Developed,1,0,CONUS,v2025-11,1/25/2011 0:00,1/25/2011 0:00,,,,,,38.9672203,-92.3450012,3976,5761
1988MO121011,473441,45414,44700,1988MO121011,2011,site_obsdate,1985,Developed,1,0,CONUS,v2025-11,1/25/2011 0:00,1/25/2011 0:00,,,,,,38.9672203,-92.3450012,3976,5761
1988MO121010,473440,45415,44701,1988MO121010,2011,site_obsdate,1985,Developed,1,0,CONUS,v2025-11,1/25/2011 0:00,1/25/2011 0:00,,,,,,38.9672203,-92.3450012,3976,5761
1988MO121009,473439,45416,44702,1988MO121009,2011,site_obsdate,1985,Developed,1,0,CONUS,v2025-11,1/25/2011 0:00,1/25/2011 0:00,,,,,,38.9672203,-92.3450012,3976,5761
1988MO121008,473438,45417,44703,1988MO121008,2011,site_obsdate,1985,Developed,1,0,CONUS,v2025-11,1/25/2011 0:00,1/25/2011 0:00,,,,,,38.9672203,-92.3450012,3976,5761
1988MO121007,473437,45418,44704,1988MO121007,2011,site_obsdate,1985,Developed,1,0,CONUS,v2025-11,1/25/2011 0:00,1/25/2011 0:00,,,,,,38.9672203,-92.3450012,3976,5761
1988MO121006,473616,45419,44705,1988MO121006,2011,site_obsdate,1985,Developed,1,0,CONUS,v2025-11,1/25/2011 0:00,1/25/2011 0:00,,,,,,38.9672203,-92.3450012,3976,5761
1988MO121005,473615,45420,44706,1988MO121005,2011,site_obsdate,1985,Developed,1,0,CONUS,v2025-11,1/25/2011 0:00,1/25/2011 0:00,,,,,,38.9672203,-92.3450012,3976,5761
1988MO121004,473614,45421,44707,1988MO121004,2011,site_obsdate,1985,Developed,1,0,CONUS,v2025-11,1/25/2011 0:00,1/25/2011 0:00,,,,,,38.9672203,-92.3450012,3976,5761
1988MO121003,473613,45422,44708,1988MO121003,2011,site_obsdate,1985,Developed,1,0,CONUS,v2025-11,1/25/2011 0:00,1/25/2011 0:00,,,,,,38.9672203,-92.3450012,3976,5761
1988MO007013,473388,45478,44764,1988MO007013,2011,site_obsdate,1985,Developed,1,0,CONUS,v2025-11,1/25/2011 0:00,1/25/2011 0:00,,,,,,38.9672203,-92.3450012,3976,5704
1988MO001018,473385,45481,44767,1988MO001018,2011,site_obsdate,1985,Developed,1,0,CONUS,v2025-11,1/25/2011 0:00,1/25/2011 0:00,,,,,,38.9672203,-92.3450012,3976,5701
1988MO001017,473384,45482,44768,1988MO001017,2011,site_obsdate,1985,Developed,1,0,CONUS,v2025-11,1/25/2011 0:00,1/25/2011 0:00,,,,,,38.9672203,-92.3450012,3976,5701
1988MO001016,473383,45483,44769,1988MO001016,2011,site_obsdate,1985,Developed,1,0,CONUS,v2025-11,1/25/2011 0:00,1/25/2011 0:00,,,,,,38.9672203,-92.3450012,3976,5701
1988MO001015,473382,45484,44770,1988MO001015,2011,site_obsdate,1985,Developed,1,0,CONUS,v2025-11,1/25/2011 0:00,1/25/2011 0:00,,,,,,38.9672203,-92.3450012,3976,5701
1988MO001014,473381,45485,44771,1988MO001014,2011,site_obsdate,1985,Developed,1,0,CONUS,v2025-11,1/25/2011 0:00,1/25/2011 0:00,,,,,,38.9672203,-92.3450012,3976,5701
1988MO001012,473379,45487,44773,1988MO001012,2011,site_obsdate,1985,Developed,1,0,CONUS,v2025-11,1/25/2011 0:00,1/25/2011 0:00,,,,,,38.9672203,-92.3450012,3976,5701
1988MO001011,473378,45488,44774,1988MO001011,2011,site_obsdate,1985,Developed,1,0,CONUS,v2025-11,1/25/2011 0:00,1/25/2011 0:00,,,,,,38.9672203,-92.3450012,3976,5701
1988MO001010,473377,45489,44775,1988MO001010,2011,site_obsdate,1985,Developed,1,0,CONUS,v2025-11,1/25/2011 0:00,1/25/2011 0:00,,,,,,38.9672203,-92.3450012,3976,5701
1988MO001009,473376,45490,44776,1988MO001009,2011,site_obsdate,1985,Developed,1,0,CONUS,v2025-11,1/25/2011 0:00,1/25/2011 0:00,,,,,,38.9672203,-92.3450012,3976,5701
1988MO001008,473375,45491,44777,1988MO001008,2011,site_obsdate,1985,Developed,1,0,CONUS,v2025-11,1/25/2011 0:00,1/25/2011 0:00,,,,,,38.9672203,-92.3450012,3976,5701
1988MO001007,473374,45492,44778,1988MO001007,2011,site_obsdate,1985,Developed,1,0,CONUS,v2025-11,1/25/2011 0:00,1/25/2011 0:00,,,,,,38.9672203,-92.3450012,3976,5701
1988MO001006,473373,45493,44779,1988MO001006,2011,site_obsdate,1985,Developed,1,0,CONUS,v2025-11,1/25/2011 0:00,1/25/2011 0:00,,,,,,38.9672203,-92.3450012,3976,5701
1988MO001005,473372,45494,44780,1988MO001005,2011,site_obsdate,1985,Developed,1,0,CONUS,v2025-11,1/25/2011 0:00,1/25/2011 0:00,,,,,,38.9672203,-92.3450012,3976,5701
1988MO001004,473371,45495,44781,1988MO001004,2011,site_obsdate,1985,Developed,1,0,CONUS,v2025-11,1/25/2011 0:00,1/25/2011 0:00,,,,,,38.9672203,-92.3450012,3976,5701
1988MO001003,473370,45496,44782,1988MO001003,2011,site_obsdate,1985,Developed,1,0,CONUS,v2025-11,1/25/2011 0:00,1/25/2011 0:00,,,,,,38.9672203,-92.3450012,3976,5701
1988MO001002,473369,45497,44783,1988MO001002,2011,site_obsdate,1985,Developed,1,0,CONUS,v2025-11,1/25/2011 0:00,1/25/2011 0:00,,,,,,38.9672203,-92.3450012,3976,5701
1988MO001001,473368,45498,44784,1988MO001001,2011,site_obsdate,1985,Developed,1,0,CONUS,v2025-11,1/25/2011 0:00,1/25/2011 0:00,,,,,,38.9672203,-92.3450012,3976,5701
1987MO211009,473342,45524,44810,1987MO211009,2011,site_obsdate,1985,Developed,1,0,CONUS,v2025-11,1/25/2011 0:00,1/25/2011 0:00,,,,,,38.9672203,-92.3450012,3976,5805
1987MO211008,473341,45525,44811,1987MO211008,2011,site_obsdate,1985,Developed,1,0,CONUS,v2025-11,1/25/2011 0:00,1/25/2011 0:00,,,,,,38.9672203,-92.3450012,3976,5805
1987MO211006,473339,45527,44813,1987MO211006,2011,site_obsdate,1985,Developed,1,0,CONUS,v2025-11,1/25/2011 0:00,1/25/2011 0:00,,,,,,38.9672203,-92.3450012,3976,5805
1987MO211005,473338,45528,44814,1987MO211005,2011,site_obsdate,1985,Developed,1,0,CONUS,v2025-11,1/25/2011 0:00,1/25/2011 0:00,,,,,,38.9672203,-92.3450012,3976,5805
1987MO211004,473337,45529,44815,1987MO211004,2011,site_obsdate,1985,Developed,1,0,CONUS,v2025-11,1/25/2011 0:00,1/25/2011 0:00,,,,,,38.9672203,-92.3450012,3976,5805
1987MO211003,473556,45530,44816,1987MO211003,2011,site_obsdate,1985,Developed,1,0,CONUS,v2025-11,1/25/2011 0:00,1/25/2011 0:00,,,,,,38.9672203,-92.3450012,3976,5805
1987MO211002,473555,45531,44817,1987MO211002,2011,site_obsdate,1985,Developed,1,0,CONUS,v2025-11,1/25/2011 0:00,1/25/2011 0:00,,,,,,38.9672203,-92.3450012,3976,5805
1987MO211001,473554,45532,44818,1987MO211001,2011,site_obsdate,1985,Developed,1,0,CONUS,v2025-11,1/25/2011 0:00,1/25/2011 0:00,,,,,,38.9672203,-92.3450012,3976,5805
1987MO171014,473553,45533,44819,1987MO171014,2011,site_obsdate,1985,Developed,1,0,CONUS,v2025-11,1/25/2011 0:00,1/25/2011 0:00,,,,,,38.9672203,-92.3450012,3976,5786
1987MO171012,473551,45535,44821,1987MO171012,2011,site_obsdate,1985,Developed,1,0,CONUS,v2025-11,1/25/2011 0:00,1/25/2011 0:00,,,,,,38.9672203,-92.3450012,3976,5786
1987MO171009,473548,45538,44824,1987MO171009,2011,site_obsdate,1985,Developed,1,0,CONUS,v2025-11,1/25/2011 0:00,1/25/2011 0:00,,,,,,38.9672203,-92.3450012,3976,5786
1987MO171008,473547,45539,44825,1987MO171008,2011,site_obsdate,1985,Developed,1,0,CONUS,v2025-11,1/25/2011 0:00,1/25/2011 0:00,,,,,,38.9672203,-92.3450012,3976,5786
1987MO171007,473546,45540,44826,1987MO171007,2011,site_obsdate,1985,Developed,1,0,CONUS,v2025-11,1/25/2011 0:00,1/25/2011 0:00,,,,,,38.9672203,-92.3450012,3976,5786
1987MO171005,473544,45542,44828,1987MO171005,2011,site_obsdate,1985,Developed,1,0,CONUS,v2025-11,1/25/2011 0:00,1/25/2011 0:00,,,,,,38.9672203,-92.3450012,3976,5786
1987MO171003,473542,45544,44830,1987MO171003,2011,site_obsdate,1985,Developed,1,0,CONUS,v2025-11,1/25/2011 0:00,1/25/2011 0:00,,,,,,38.9672203,-92.3450012,3976,5786
1987MO171002,473541,45545,44831,1987MO171002,2011,site_obsdate,1985,Developed,1,0,CONUS,v2025-11,1/25/2011 0:00,1/25/2011 0:00,,,,,,38.9672203,-92.3450012,3976,5786
1987MO171001,473540,45546,44832,1987MO171001,2011,site_obsdate,1985,Developed,1,0,CONUS,v2025-11,1/25/2011 0:00,1/25/2011 0:00,,,,,,38.9672203,-92.3450012,3976,5786
1987MO163031,473539,45547,44833,1987MO163031,2011,site_obsdate,1985,Developed,1,0,CONUS,v2025-11,1/25/2011 0:00,1/25/2011 0:00,,,,,,38.9672203,-92.3450012,3976,5782
1987MO163016,473531,45548,44834,1987MO163016,2011,site_obsdate,1985,Developed,1,0,CONUS,v2025-11,1/25/2011 0:00,1/25/2011 0:00,,,,,,38.9672203,-92.3450012,3976,5782
1987MO163015,473530,45549,44835,1987MO163015,2011,site_obsdate,1985,Developed,1,0,CONUS,v2025-11,1/25/2011 0:00,1/25/2011 0:00,,,,,,38.9672203,-92.3450012,3976,5782
1987MO159018,473331,45567,44853,1987MO159018,2011,site_obsdate,1985,Developed,1,0,CONUS,v2025-11,1/25/2011 0:00,1/25/2011 0:00,,,,,,38.9672203,-92.3450012,3976,5780
1987MO143002,473330,45568,44854,1987MO143002,2011,site_obsdate,1985,Developed,1,0,CONUS,v2025-11,1/25/2011 0:00,1/25/2011 0:00,,,,,,38.9672203,-92.3450012,3976,5772
1987MO143001,473329,45569,44855,1987MO143001,2011,site_obsdate,1985,Developed,1,0,CONUS,v2025-11,1/25/2011 0:00,1/25/2011 0:00,,,,,,38.9672203,-92.3450012,3976,5772
1987MO121037,473328,45570,44856,1987MO121037,2011,site_obsdate,1985,Developed,1,0,CONUS,v2025-11,1/25/2011 0:00,1/25/2011 0:00,,,,,,38.9672203,-92.3450012,3976,5761
1987MO121036,473327,45571,44857,1987MO121036,2011,site_obsdate,1985,Developed,1,0,CONUS,v2025-11,1/25/2011 0:00,1/25/2011 0:00,,,,,,38.9672203,-92.3450012,3976,5761
1987MO121035,473326,45572,44858,1987MO121035,2011,site_obsdate,1985,Developed,1,0,CONUS,v2025-11,1/25/2011 0:00,1/25/2011 0:00,,,,,,38.9672203,-92.3450012,3976,5761
1987MO121034,473325,45573,44859,1987MO121034,2011,site_obsdate,1985,Developed,1,0,CONUS,v2025-11,1/25/2011 0:00,1/25/2011 0:00,,,,,,38.9672203,-92.3450012,3976,5761
1987MO121033,473324,45574,44860,1987MO121033,2011,site_obsdate,1985,Developed,1,0,CONUS,v2025-11,1/25/2011 0:00,1/25/2011 0:00,,,,,,38.9672203,-92.3450012,3976,5761
1987MO121032,473323,45575,44861,1987MO121032,2011,site_obsdate,1985,Developed,1,0,CONUS,v2025-11,1/25/2011 0:00,1/25/2011 0:00,,,,,,38.9672203,-92.3450012,3976,5761
1987MO121023,473321,45577,44863,1987MO121023,2011,site_obsdate,1985,Developed,1,0,CONUS,v2025-11,1/25/2011 0:00,1/25/2011 0:00,,,,,,38.9672203,-92.3450012,3976,5761
1987MO121021,473319,45579,44865,1987MO121021,2011,site_obsdate,1985,Developed,1,0,CONUS,v2025-11,1/25/2011 0:00,1/25/2011 0:00,,,,,,38.9672203,-92.3450012,3976,5761
1987MO121020,473318,45580,44866,1987MO121020,2011,site_obsdate,1985,Developed,1,0,CONUS,v2025-11,1/25/2011 0:00,1/25/2011 0:00,,,,,,38.9672203,-92.3450012,3976,5761
1987MO121018,473317,45581,44867,1987MO121018,2011,site_obsdate,1985,Developed,1,0,CONUS,v2025-11,1/25/2011 0:00,1/25/2011 0:00,,,,,,38.9672203,-92.3450012,3976,5761
1987MO121017,473316,45582,44868,1987MO121017,2011,site_obsdate,1985,Developed,1,0,CONUS,v2025-11,1/25/2011 0:00,1/25/2011 0:00,,,,,,38.9672203,-92.3450012,3976,5761
1987MO121016,473315,45583,44869,1987MO121016,2011,site_obsdate,1985,Developed,1,0,CONUS,v2025-11,1/25/2011 0:00,1/25/2011 0:00,,,,,,38.9672203,-92.3450012,3976,5761
1987MO121015,473314,45584,44870,1987MO121015,2011,site_obsdate,1985,Developed,1,0,CONUS,v2025-11,1/25/2011 0:00,1/25/2011 0:00,,,,,,38.9672203,-92.3450012,3976,5761
1987MO121014,473313,45585,44871,1987MO121014,2011,site_obsdate,1985,Developed,1,0,CONUS,v2025-11,1/25/2011 0:00,1/25/2011 0:00,,,,,,38.9672203,-92.3450012,3976,5761
1987MO121013,473312,45586,44872,1987MO121013,2011,site_obsdate,1985,Developed,1,0,CONUS,v2025-11,1/25/2011 0:00,1/25/2011 0:00,,,,,,38.9672203,-92.3450012,3976,5761
1987MO121012,473311,45587,44873,1987MO121012,2011,site_obsdate,1985,Developed,1,0,CONUS,v2025-11,1/25/2011 0:00,1/25/2011 0:00,,,,,,38.9672203,-92.3450012,3976,5761
1987MO121011,473310,45588,44874,1987MO121011,2011,site_obsdate,1985,Developed,1,0,CONUS,v2025-11,1/25/2011 0:00,1/25/2011 0:00,,,,,,38.9672203,-92.3450012,3976,5761
1987MO121010,473309,45589,44875,1987MO121010,2011,site_obsdate,1985,Developed,1,0,CONUS,v2025-11,1/25/2011 0:00,1/25/2011 0:00,,,,,,38.9672203,-92.3450012,3976,5761
1987MO121009,473308,45590,44876,1987MO121009,2011,site_obsdate,1985,Developed,1,0,CONUS,v2025-11,1/25/2011 0:00,1/25/2011 0:00,,,,,,38.9672203,-92.3450012,3976,5761
1987MO121008,473307,45591,44877,1987MO121008,2011,site_obsdate,1985,Developed,1,0,CONUS,v2025-11,1/25/2011 0:00,1/25/2011 0:00,,,,,,38.9672203,-92.3450012,3976,5761
1987MO121006,473306,45592,44878,1987MO121006,2011,site_obsdate,1985,Developed,1,0,CONUS,v2025-11,1/25/2011 0:00,1/25/2011 0:00,,,,,,38.9672203,-92.3450012,3976,5761
1987MO121005,473305,45593,44879,1987MO121005,2011,site_obsdate,1985,Developed,1,0,CONUS,v2025-11,1/25/2011 0:00,1/25/2011 0:00,,,,,,38.9672203,-92.3450012,3976,5761
1987MO121004,473304,45594,44880,1987MO121004,2011,site_obsdate,1985,Developed,1,0,CONUS,v2025-11,1/25/2011 0:00,1/25/2011 0:00,,,,,,38.9672203,-92.3450012,3976,5761
1987MO121002,473303,45595,44881,1987MO121002,2011,site_obsdate,1985,Developed,1,0,CONUS,v2025-11,1/25/2011 0:00,1/25/2011 0:00,,,,,,38.9672203,-92.3450012,3976,5761
1987MO121001,473302,45596,44882,1987MO121001,2011,site_obsdate,1985,Developed,1,0,CONUS,v2025-11,1/25/2011 0:00,1/25/2011 0:00,,,,,,38.9672203,-92.3450012,3976,5761
1987MO073037,473288,45609,44895,1987MO073037,2011,site_obsdate,1985,Developed,1,0,CONUS,v2025-11,1/25/2011 0:00,1/25/2011 0:00,,,,,,38.9672203,-92.3450012,3976,5737
1987MO073014,473287,45610,44896,1987MO073014,2011,site_obsdate,1985,Developed,1,0,CONUS,v2025-11,1/25/2011 0:00,1/25/2011 0:00,,,,,,38.9672203,-92.3450012,3976,5737
1987MO073011,473284,45613,44899,1987MO073011,2011,site_obsdate,1985,Developed,1,0,CONUS,v2025-11,1/25/2011 0:00,1/25/2011 0:00,,,,,,38.9672203,-92.3450012,3976,5737
1987MO073009,473282,45615,44901,1987MO073009,2011,site_obsdate,1985,Developed,1,0,CONUS,v2025-11,1/25/2011 0:00,1/25/2011 0:00,,,,,,38.9672203,-92.3450012,3976,5737
1987MO023001,472391,45626,44912,1987MO023001,2011,site_obsdate,1985,Developed,1,0,CONUS,v2025-11,1/25/2011 0:00,1/25/2011 0:00,,,,,,38.9672203,-92.3450012,3976,5712
1987MO007006,472376,45641,44927,1987MO007006,2011,site_obsdate,1985,Developed,1,0,CONUS,v2025-11,1/25/2011 0:00,1/25/2011 0:00,,,,,,38.9672203,-92.3450012,3976,5704
1987MO001020,472374,45643,44929,1987MO001020,2011,site_obsdate,1985,Developed,1,0,CONUS,v2025-11,1/25/2011 0:00,1/25/2011 0:00,,,,,,38.9672203,-92.3450012,3976,5701
1987MO001019,472373,45644,44930,1987MO001019,2011,site_obsdate,1985,Developed,1,0,CONUS,v2025-11,1/25/2011 0:00,1/25/2011 0:00,,,,,,38.9672203,-92.3450012,3976,5701
1987MO001018,472372,45645,44931,1987MO001018,2011,site_obsdate,1985,Developed,1,0,CONUS,v2025-11,1/25/2011 0:00,1/25/2011 0:00,,,,,,38.9672203,-92.3450012,3976,5701
1987MO001017,472371,45646,44932,1987MO001017,2011,site_obsdate,1985,Developed,1,0,CONUS,v2025-11,1/25/2011 0:00,1/25/2011 0:00,,,,,,38.9672203,-92.3450012,3976,5701
1987MO001013,472368,45649,44935,1987MO001013,2011,site_obsdate,1985,Developed,1,0,CONUS,v2025-11,1/25/2011 0:00,1/25/2011 0:00,,,,,,38.9672203,-92.3450012,3976,5701
1987MO001012,472367,45650,44936,1987MO001012,2011,site_obsdate,1985,Developed,1,0,CONUS,v2025-11,1/25/2011 0:00,1/25/2011 0:00,,,,,,38.9672203,-92.3450012,3976,5701
1986MO159011,472362,45655,44941,1986MO159011,2011,site_obsdate,1985,Developed,1,0,CONUS,v2025-11,1/25/2011 0:00,1/25/2011 0:00,,,,,,38.9672203,-92.3450012,3976,5780
1986MO159010,472361,45656,44942,1986MO159010,2011,site_obsdate,1985,Developed,1,0,CONUS,v2025-11,1/25/2011 0:00,1/25/2011 0:00,,,,,,38.9672203,-92.3450012,3976,5780
1986MO159008,472360,45657,44943,1986MO159008,2011,site_obsdate,1985,Developed,1,0,CONUS,v2025-11,1/25/2011 0:00,1/25/2011 0:00,,,,,,38.9672203,-92.3450012,3976,5780
1986MO159007,472359,45658,44944,1986MO159007,2011,site_obsdate,1985,Developed,1,0,CONUS,v2025-11,1/25/2011 0:00,1/25/2011 0:00,,,,,,38.9672203,-92.3450012,3976,5780
1986MO159006,472358,45659,44945,1986MO159006,2011,site_obsdate,1985,Developed,1,0,CONUS,v2025-11,1/25/2011 0:00,1/25/2011 0:00,,,,,,38.9672203,-92.3450012,3976,5780
1986MO121013,472357,45660,44946,1986MO121013,2011,site_obsdate,1985,Developed,1,0,CONUS,v2025-11,1/25/2011 0:00,1/25/2011 0:00,,,,,,38.9672203,-92.3450012,3976,5761
1986MO013005,472339,45678,44964,1986MO013005,2011,site_obsdate,1985,Developed,1,0,CONUS,v2025-11,1/25/2011 0:00,1/25/2011 0:00,,,,,,38.3849278,-93.7720083,3976,5707
2009MO171050,473241,45697,44983,2009MO171050,2011,site_obsdate,1985,Developed,1,0,CONUS,v2025-11,1/25/2011 0:00,1/25/2011 0:00,,,,,,38.9672203,-92.3450012,3976,5786
2009MO151003,473225,45710,44996,2009MO151003,2011,site_obsdate,1985,Developed,1,0,CONUS,v2025-11,1/25/2011 0:00,1/25/2011 0:00,,,,,,38.9672203,-92.3450012,3976,5776
2009MO151002,473224,45711,44997,2009MO151002,2011,site_obsdate,1985,Developed,1,0,CONUS,v2025-11,1/25/2011 0:00,1/25/2011 0:00,,,,,,38.9672203,-92.3450012,3976,5776
2009MO151001,473223,45712,44998,2009MO151001,2011,site_obsdate,1985,Developed,1,0,CONUS,v2025-11,1/25/2011 0:00,1/25/2011 0:00,,,,,,38.9672203,-92.3450012,3976,5776
2009MO101004,473201,45729,45015,2009MO101004,2011,site_obsdate,1985,Developed,1,0,CONUS,v2025-11,1/25/2011 0:00,1/25/2011 0:00,,,,,,38.9672203,-92.3450012,3976,5751
2009MO101003,473200,45730,45016,2009MO101003,2011,site_obsdate,1985,Developed,1,0,CONUS,v2025-11,1/25/2011 0:00,1/25/2011 0:00,,,,,,38.9672203,-92.3450012,3976,5751
2009MO101002,473199,45731,45017,2009MO101002,2011,site_obsdate,1985,Developed,1,0,CONUS,v2025-11,1/25/2011 0:00,1/25/2011 0:00,,,,,,38.9672203,-92.3450012,3976,5751
2009MO101001,473198,45732,45018,2009MO101001,2011,site_obsdate,1985,Developed,1,0,CONUS,v2025-11,1/25/2011 0:00,1/25/2011 0:00,,,,,,38.9672203,-92.3450012,3976,5751
1988MO121002,473612,45738,45024,1988MO121002,2011,site_obsdate,1985,Developed,1,0,CONUS,v2025-11,1/25/2011 0:00,1/25/2011 0:00,,,,,,38.9672203,-92.3450012,3976,5761
1988MO121001,473611,45739,45025,1988MO121001,2011,site_obsdate,1985,Developed,1,0,CONUS,v2025-11,1/25/2011 0:00,1/25/2011 0:00,,,,,,38.9672203,-92.3450012,3976,5761
1988MO073020,473596,45753,45039,1988MO073020,2011,site_obsdate,1985,Developed,1,0,CONUS,v2025-11,1/25/2011 0:00,1/25/2011 0:00,,,,,,38.9672203,-92.3450012,3976,5737
1988MO073018,473594,45755,45041,1988MO073018,2011,site_obsdate,1985,Developed,1,0,CONUS,v2025-11,1/25/2011 0:00,1/25/2011 0:00,,,,,,38.9672203,-92.3450012,3976,5737
1988MO073016,473593,45756,45042,1988MO073016,2011,site_obsdate,1985,Developed,1,0,CONUS,v2025-11,1/25/2011 0:00,1/25/2011 0:00,,,,,,38.9672203,-92.3450012,3976,5737
1988MO073014,473591,45758,45044,1988MO073014,2011,site_obsdate,1985,Developed,1,0,CONUS,v2025-11,1/25/2011 0:00,1/25/2011 0:00,,,,,,38.9672203,-92.3450012,3976,5737
1988MO073013,473590,45759,45045,1988MO073013,2011,site_obsdate,1985,Developed,1,0,CONUS,v2025-11,1/25/2011 0:00,1/25/2011 0:00,,,,,,38.9672203,-92.3450012,3976,5737
1988MO073011,473588,45761,45047,1988MO073011,2011,site_obsdate,1985,Developed,1,0,CONUS,v2025-11,1/25/2011 0:00,1/25/2011 0:00,,,,,,38.9672203,-92.3450012,3976,5737
1988MO073009,473586,45763,45049,1988MO073009,2011,site_obsdate,1985,Developed,1,0,CONUS,v2025-11,1/25/2011 0:00,1/25/2011 0:00,,,,,,38.9672203,-92.3450012,3976,5737
1988MO073007,473584,45765,45051,1988MO073007,2011,site_obsdate,1985,Developed,1,0,CONUS,v2025-11,1/25/2011 0:00,1/25/2011 0:00,,,,,,38.9672203,-92.3450012,3976,5737
1988MO045018,473582,45767,45053,1988MO045018,2011,site_obsdate,1985,Developed,1,0,CONUS,v2025-11,1/25/2011 0:00,1/25/2011 0:00,,,,,,38.9672203,-92.3450012,3976,5723
1988MO045016,473580,45769,45055,1988MO045016,2011,site_obsdate,1985,Developed,1,0,CONUS,v2025-11,1/25/2011 0:00,1/25/2011 0:00,,,,,,38.9672203,-92.3450012,3976,5723
1988MO045015,473579,45770,45056,1988MO045015,2011,site_obsdate,1985,Developed,1,0,CONUS,v2025-11,1/25/2011 0:00,1/25/2011 0:00,,,,,,38.9672203,-92.3450012,3976,5723
1988MO045014,473578,45771,45057,1988MO045014,2011,site_obsdate,1985,Developed,1,0,CONUS,v2025-11,1/25/2011 0:00,1/25/2011 0:00,,,,,,38.9672203,-92.3450012,3976,5723
1988MO045013,473577,45772,45058,1988MO045013,2011,site_obsdate,1985,Developed,1,0,CONUS,v2025-11,1/25/2011 0:00,1/25/2011 0:00,,,,,,38.9672203,-92.3450012,3976,5723
1988MO045012,473576,45773,45059,1988MO045012,2011,site_obsdate,1985,Developed,1,0,CONUS,v2025-11,1/25/2011 0:00,1/25/2011 0:00,,,,,,38.9672203,-92.3450012,3976,5723
1988MO045011,473575,45774,45060,1988MO045011,2011,site_obsdate,1985,Developed,1,0,CONUS,v2025-11,1/25/2011 0:00,1/25/2011 0:00,,,,,,38.9672203,-92.3450012,3976,5723
1988MO045009,473573,45776,45062,1988MO045009,2011,site_obsdate,1985,Developed,1,0,CONUS,v2025-11,1/25/2011 0:00,1/25/2011 0:00,,,,,,38.9672203,-92.3450012,3976,5723
1988MO045007,473571,45778,45064,1988MO045007,2011,site_obsdate,1985,Developed,1,0,CONUS,v2025-11,1/25/2011 0:00,1/25/2011 0:00,,,,,,38.9672203,-92.3450012,3976,5723
1988MO045006,473570,45779,45065,1988MO045006,2011,site_obsdate,1985,Developed,1,0,CONUS,v2025-11,1/25/2011 0:00,1/25/2011 0:00,,,,,,38.9672203,-92.3450012,3976,5723
1988MO045005,473569,45780,45066,1988MO045005,2011,site_obsdate,1985,Developed,1,0,CONUS,v2025-11,1/25/2011 0:00,1/25/2011 0:00,,,,,,38.9672203,-92.3450012,3976,5723
1988MO045004,473568,45781,45067,1988MO045004,2011,site_obsdate,1985,Developed,1,0,CONUS,v2025-11,1/25/2011 0:00,1/25/2011 0:00,,,,,,38.9672203,-92.3450012,3976,5723
1988MO045003,473567,45782,45068,1988MO045003,2011,site_obsdate,1985,Developed,1,0,CONUS,v2025-11,1/25/2011 0:00,1/25/2011 0:00,,,,,,38.9672203,-92.3450012,3976,5723
1988MO045002,473566,45783,45069,1988MO045002,2011,site_obsdate,1985,Developed,1,0,CONUS,v2025-11,1/25/2011 0:00,1/25/2011 0:00,,,,,,38.9672203,-92.3450012,3976,5723
2009MO027002,473187,45790,45076,2009MO027002,2011,site_obsdate,1985,Developed,1,0,CONUS,v2025-11,1/25/2011 0:00,1/25/2011 0:00,,,,,,38.9672203,-92.3450012,3976,5714
2009MO027001,473186,45791,45077,2009MO027001,2011,site_obsdate,1985,Developed,1,0,CONUS,v2025-11,1/25/2011 0:00,1/25/2011 0:00,,,,,,38.9672203,-92.3450012,3976,5714
2008MO219002,473154,45804,45090,2008MO219002,2011,site_obsdate,1985,Developed,1,0,CONUS,v2025-11,1/25/2011 0:00,1/25/2011 0:00,,,,,,38.9672203,-92.3450012,3976,5809
2008MO069001,473055,45812,45098,2008MO069001,2011,site_obsdate,1985,Developed,1,0,CONUS,v2025-11,1/25/2011 0:00,1/25/2011 0:00,,,,,,38.9672203,-92.3450012,3976,5735
2008MO027081,473006,45823,45109,2008MO027081,2011,site_obsdate,1985,Developed,1,0,CONUS,v2025-11,1/25/2011 0:00,1/25/2011 0:00,,,,,,38.9672203,-92.3450012,3976,5714
2008MO027066,472991,45838,45124,2008MO027066,2011,site_obsdate,1985,Developed,1,0,CONUS,v2025-11,1/25/2011 0:00,1/25/2011 0:00,,,,,,38.9672203,-92.3450012,3976,5714
2007MO183043,472881,45862,45148,2007MO183043,2011,site_obsdate,1985,Developed,1,0,CONUS,v2025-11,1/25/2011 0:00,1/25/2011 0:00,,,,,,38.9672203,-92.3450012,3976,5792
2007MO183037,472876,45863,45149,2007MO183037,2011,site_obsdate,1985,Developed,1,0,CONUS,v2025-11,1/25/2011 0:00,1/25/2011 0:00,,,,,,38.9672203,-92.3450012,3976,5792
2007MO071022,472704,45870,45156,2007MO071022,2011,site_obsdate,1985,Developed,1,0,CONUS,v2025-11,1/25/2011 0:00,1/25/2011 0:00,,,,,,38.9672203,-92.3450012,3976,5736
2006MO183016,472524,45916,45202,2006MO183016,2011,site_obsdate,1985,Developed,1,0,CONUS,v2025-11,1/25/2011 0:00,1/25/2011 0:00,,,,,,38.9672203,-92.3450012,3976,5792
2006MO173007,472497,45919,45205,2006MO173007,2011,site_obsdate,1985,Developed,1,0,CONUS,v2025-11,1/25/2011 0:00,1/25/2011 0:00,,,,,,38.9672203,-92.3450012,3976,5787
2006MO173005,472495,45920,45206,2006MO173005,2011,site_obsdate,1985,Developed,1,0,CONUS,v2025-11,1/25/2011 0:00,1/25/2011 0:00,,,,,,38.9672203,-92.3450012,3976,5787
2006MO173004,472494,45921,45207,2006MO173004,2011,site_obsdate,1985,Developed,1,0,CONUS,v2025-11,1/25/2011 0:00,1/25/2011 0:00,,,,,,38.9672203,-92.3450012,3976,5787
2006MO139064,472468,45941,45227,2006MO139064,2011,site_obsdate,1985,Developed,1,0,CONUS,v2025-11,1/25/2011 0:00,1/25/2011 0:00,,,,,,38.9672203,-92.3450012,3976,5770
2006MO139062,472466,45943,45229,2006MO139062,2011,site_obsdate,1985,Developed,1,0,CONUS,v2025-11,1/25/2011 0:00,1/25/2011 0:00,,,,,,38.9672203,-92.3450012,3976,5770
2006MO121002,472438,45955,45241,2006MO121002,2011,site_obsdate,1985,Developed,1,0,CONUS,v2025-11,1/25/2011 0:00,1/25/2011 0:00,,,,,,38.9672203,-92.3450012,3976,5761
2006MO077002,472409,45956,45242,2006MO077002,2011,site_obsdate,1985,Developed,1,0,CONUS,v2025-11,1/25/2011 0:00,1/25/2011 0:00,,,,,,38.9672203,-92.3450012,3976,5739
2006MO027003,472243,45957,45243,2006MO027003,2011,site_obsdate,1985,Developed,1,0,CONUS,v2025-11,1/25/2011 0:00,1/25/2011 0:00,,,,,,38.9672203,-92.3450012,3976,5714
2006MO027002,472242,45958,45244,2006MO027002,2011,site_obsdate,1985,Developed,1,0,CONUS,v2025-11,1/25/2011 0:00,1/25/2011 0:00,,,,,,38.9672203,-92.3450012,3976,5714
2006MO001001,472238,45959,45245,2006MO001001,2011,site_obsdate,1985,Developed,1,0,CONUS,v2025-11,1/25/2011 0:00,1/25/2011 0:00,,,,,,38.9672203,-92.3450012,3976,5701
2005MO219068,472228,45960,45246,2005MO219068,2011,site_obsdate,1985,Developed,1,0,CONUS,v2025-11,1/25/2011 0:00,1/25/2011 0:00,,,,,,38.9672203,-92.3450012,3976,5809
2005MO205006,472197,45981,45267,2005MO205006,2011,site_obsdate,1985,Developed,1,0,CONUS,v2025-11,1/25/2011 0:00,1/25/2011 0:00,,,,,,38.9672203,-92.3450012,3976,5802
2005MO137002,472111,46004,45290,2005MO137002,2011,site_obsdate,1985,Developed,1,0,CONUS,v2025-11,1/25/2011 0:00,1/25/2011 0:00,,,,,,38.9672203,-92.3450012,3976,5769
2005MO109031,472099,46005,45291,2005MO109031,2011,site_obsdate,1985,Developed,1,0,CONUS,v2025-11,1/25/2011 0:00,1/25/2011 0:00,,,,,,38.9672203,-92.3450012,3976,5755
2007MO071029,472711,46011,45297,2007MO071029,2011,site_obsdate,1985,Developed,1,0,CONUS,v2025-11,1/25/2011 0:00,1/25/2011 0:00,,,,,,38.9672203,-92.3450012,3976,5736
2007MO071028,472710,46012,45298,2007MO071028,2011,site_obsdate,1985,Developed,1,0,CONUS,v2025-11,1/25/2011 0:00,1/25/2011 0:00,,,,,,38.9672203,-92.3450012,3976,5736
2007MO071027,472709,46013,45299,2007MO071027,2011,site_obsdate,1985,Developed,1,0,CONUS,v2025-11,1/25/2011 0:00,1/25/2011 0:00,,,,,,38.9672203,-92.3450012,3976,5736
2003MO205002,471897,46028,45314,2003MO205002,2011,site_obsdate,1985,Developed,1,0,CONUS,v2025-11,1/25/2011 0:00,1/25/2011 0:00,,,,,,38.9672203,-92.3450012,3976,5802
2003MO205001,471896,46029,45315,2003MO205001,2011,site_obsdate,1985,Developed,1,0,CONUS,v2025-11,1/25/2011 0:00,1/25/2011 0:00,,,,,,38.9672203,-92.3450012,3976,5802
2003MO199008,471892,46030,45316,2003MO199008,2011,site_obsdate,1985,Developed,1,0,CONUS,v2025-11,1/25/2011 0:00,1/25/2011 0:00,,,,,,38.9672203,-92.3450012,3976,5799
2003MO199007,471891,46031,45317,2003MO199007,2011,site_obsdate,1985,Developed,1,0,CONUS,v2025-11,1/25/2011 0:00,1/25/2011 0:00,,,,,,38.9672203,-92.3450012,3976,5799
2003MO199006,471890,46032,45318,2003MO199006,2011,site_obsdate,1985,Developed,1,0,CONUS,v2025-11,1/25/2011 0:00,1/25/2011 0:00,,,,,,38.9672203,-92.3450012,3976,5799
2003MO199005,471889,46033,45319,2003MO199005,2011,site_obsdate,1985,Developed,1,0,CONUS,v2025-11,1/25/2011 0:00,1/25/2011 0:00,,,,,,38.9672203,-92.3450012,3976,5799
2003MO199004,471888,46034,45320,2003MO199004,2011,site_obsdate,1985,Developed,1,0,CONUS,v2025-11,1/25/2011 0:00,1/25/2011 0:00,,,,,,38.9672203,-92.3450012,3976,5799
2003MO199003,471887,46035,45321,2003MO199003,2011,site_obsdate,1985,Developed,1,0,CONUS,v2025-11,1/25/2011 0:00,1/25/2011 0:00,,,,,,38.9672203,-92.3450012,3976,5799
2003MO199002,471886,46036,45322,2003MO199002,2011,site_obsdate,1985,Developed,1,0,CONUS,v2025-11,1/25/2011 0:00,1/25/2011 0:00,,,,,,38.9672203,-92.3450012,3976,5799
2003MO199001,471885,46037,45323,2003MO199001,2011,site_obsdate,1985,Developed,1,0,CONUS,v2025-11,1/25/2011 0:00,1/25/2011 0:00,,,,,,38.9672203,-92.3450012,3976,5799
2003MO183001,471874,46038,45324,2003MO183001,2011,site_obsdate,1985,Developed,1,0,CONUS,v2025-11,1/25/2011 0:00,1/25/2011 0:00,,,,,,38.9672203,-92.3450012,3976,5792
2003MO173002,471873,46039,45325,2003MO173002,2011,site_obsdate,1985,Developed,1,0,CONUS,v2025-11,1/25/2011 0:00,1/25/2011 0:00,,,,,,38.9672203,-92.3450012,3976,5787
2003MO173001,471872,46040,45326,2003MO173001,2011,site_obsdate,1985,Developed,1,0,CONUS,v2025-11,1/25/2011 0:00,1/25/2011 0:00,,,,,,38.9672203,-92.3450012,3976,5787
2003MO163003,471871,46041,45327,2003MO163003,2011,site_obsdate,1985,Developed,1,0,CONUS,v2025-11,1/25/2011 0:00,1/25/2011 0:00,,,,,,38.9672203,-92.3450012,3976,5782
2003MO163002,471870,46042,45328,2003MO163002,2011,site_obsdate,1985,Developed,1,0,CONUS,v2025-11,1/25/2011 0:00,1/25/2011 0:00,,,,,,38.9672203,-92.3450012,3976,5782
2003MO163001,471869,46043,45329,2003MO163001,2011,site_obsdate,1985,Developed,1,0,CONUS,v2025-11,1/25/2011 0:00,1/25/2011 0:00,,,,,,38.9672203,-92.3450012,3976,5782
2003MO139001,471865,46044,45330,2003MO139001,2011,site_obsdate,1985,Developed,1,0,CONUS,v2025-11,1/25/2011 0:00,1/25/2011 0:00,,,,,,38.9672203,-92.3450012,3976,5770
2003MO137005,471862,46046,45332,2003MO137005,2011,site_obsdate,1985,Developed,1,0,CONUS,v2025-11,1/25/2011 0:00,1/25/2011 0:00,,,,,,38.9672203,-92.3450012,3976,5769
2003MO137004,471861,46047,45333,2003MO137004,2011,site_obsdate,1985,Developed,1,0,CONUS,v2025-11,1/25/2011 0:00,1/25/2011 0:00,,,,,,38.9672203,-92.3450012,3976,5769
2003MO137002,471859,46049,45335,2003MO137002,2011,site_obsdate,1985,Developed,1,0,CONUS,v2025-11,1/25/2011 0:00,1/25/2011 0:00,,,,,,38.9672203,-92.3450012,3976,5769
2003MO137001,471858,46050,45336,2003MO137001,2011,site_obsdate,1985,Developed,1,0,CONUS,v2025-11,1/25/2011 0:00,1/25/2011 0:00,,,,,,38.9672203,-92.3450012,3976,5769
2003MO127004,471857,46051,45337,2003MO127004,2011,site_obsdate,1985,Developed,1,0,CONUS,v2025-11,1/25/2011 0:00,1/25/2011 0:00,,,,,,38.9672203,-92.3450012,3976,5764
2003MO127003,471856,46052,45338,2003MO127003,2011,site_obsdate,1985,Developed,1,0,CONUS,v2025-11,1/25/2011 0:00,1/25/2011 0:00,,,,,,38.9672203,-92.3450012,3976,5764
2003MO127002,471855,46053,45339,2003MO127002,2011,site_obsdate,1985,Developed,1,0,CONUS,v2025-11,1/25/2011 0:00,1/25/2011 0:00,,,,,,38.9672203,-92.3450012,3976,5764
2003MO127001,471854,46054,45340,2003MO127001,2011,site_obsdate,1985,Developed,1,0,CONUS,v2025-11,1/25/2011 0:00,1/25/2011 0:00,,,,,,38.9672203,-92.3450012,3976,5764
2003MO121004,471850,46055,45341,2003MO121004,2011,site_obsdate,1985,Developed,1,0,CONUS,v2025-11,1/25/2011 0:00,1/25/2011 0:00,,,,,,38.9672203,-92.3450012,3976,5761
2003MO117046,471842,46056,45342,2003MO117046,2011,site_obsdate,1985,Developed,1,0,CONUS,v2025-11,1/25/2011 0:00,1/25/2011 0:00,,,,,,38.9672203,-92.3450012,3976,5759
2003MO117043,471839,46057,45343,2003MO117043,2011,site_obsdate,1985,Developed,1,0,CONUS,v2025-11,1/25/2011 0:00,1/25/2011 0:00,,,,,,38.9672203,-92.3450012,3976,5759
2004MO205050,472005,46061,45347,2004MO205050,2011,site_obsdate,1985,Developed,1,0,CONUS,v2025-11,1/25/2011 0:00,1/25/2011 0:00,,,,,,38.9672203,-92.3450012,3976,5802
2004MO183052,472000,46064,45350,2004MO183052,2011,site_obsdate,1985,Developed,1,0,CONUS,v2025-11,1/25/2011 0:00,1/25/2011 0:00,,,,,,38.9672203,-92.3450012,3976,5792
2004MO113055,471968,46080,45366,2004MO113055,2011,site_obsdate,1985,Developed,1,0,CONUS,v2025-11,1/25/2011 0:00,1/25/2011 0:00,,,,,,38.9672203,-92.3450012,3976,5757
2004MO113052,471965,46083,45369,2004MO113052,2011,site_obsdate,1985,Developed,1,0,CONUS,v2025-11,1/25/2011 0:00,1/25/2011 0:00,,,,,,38.9672203,-92.3450012,3976,5757
2004MO045051,471947,46088,45374,2004MO045051,2011,site_obsdate,1985,Developed,1,0,CONUS,v2025-11,1/25/2011 0:00,1/25/2011 0:00,,,,,,38.9672203,-92.3450012,3976,5723
2003MO117035,471831,46090,45376,2003MO117035,2011,site_obsdate,1985,Developed,1,0,CONUS,v2025-11,1/25/2011 0:00,1/25/2011 0:00,,,,,,38.9672203,-92.3450012,3976,5759
2003MO117030,471826,46091,45377,2003MO117030,2011,site_obsdate,1985,Developed,1,0,CONUS,v2025-11,1/25/2011 0:00,1/25/2011 0:00,,,,,,38.9672203,-92.3450012,3976,5759
2003MO117027,471823,46092,45378,2003MO117027,2011,site_obsdate,1985,Developed,1,0,CONUS,v2025-11,1/25/2011 0:00,1/25/2011 0:00,,,,,,38.9672203,-92.3450012,3976,5759
2003MO117026,471822,46093,45379,2003MO117026,2011,site_obsdate,1985,Developed,1,0,CONUS,v2025-11,1/25/2011 0:00,1/25/2011 0:00,,,,,,38.9672203,-92.3450012,3976,5759
2003MO117025,471821,46094,45380,2003MO117025,2011,site_obsdate,1985,Developed,1,0,CONUS,v2025-11,1/25/2011 0:00,1/25/2011 0:00,,,,,,38.9672203,-92.3450012,3976,5759
2003MO117022,471819,46095,45381,2003MO117022,2011,site_obsdate,1985,Developed,1,0,CONUS,v2025-11,1/25/2011 0:00,1/25/2011 0:00,,,,,,38.9672203,-92.3450012,3976,5759
2003MO117021,471818,46096,45382,2003MO117021,2011,site_obsdate,1985,Developed,1,0,CONUS,v2025-11,1/25/2011 0:00,1/25/2011 0:00,,,,,,38.9672203,-92.3450012,3976,5759
2003MO117020,471817,46097,45383,2003MO117020,2011,site_obsdate,1985,Developed,1,0,CONUS,v2025-11,1/25/2011 0:00,1/25/2011 0:00,,,,,,38.9672203,-92.3450012,3976,5759
2003MO117018,471815,46098,45384,2003MO117018,2011,site_obsdate,1985,Developed,1,0,CONUS,v2025-11,1/25/2011 0:00,1/25/2011 0:00,,,,,,38.9672203,-92.3450012,3976,5759
2003MO117015,471812,46099,45385,2003MO117015,2011,site_obsdate,1985,Developed,1,0,CONUS,v2025-11,1/25/2011 0:00,1/25/2011 0:00,,,,,,38.9672203,-92.3450012,3976,5759
2003MO117012,471810,46100,45386,2003MO117012,2011,site_obsdate,1985,Developed,1,0,CONUS,v2025-11,1/25/2011 0:00,1/25/2011 0:00,,,,,,38.9672203,-92.3450012,3976,5759
2003MO115081,471802,46101,45387,2003MO115081,2011,site_obsdate,1985,Developed,1,0,CONUS,v2025-11,1/25/2011 0:00,1/25/2011 0:00,,,,,,38.9672203,-92.3450012,3976,5758
2003MO115080,471801,46102,45388,2003MO115080,2011,site_obsdate,1985,Developed,1,0,CONUS,v2025-11,1/25/2011 0:00,1/25/2011 0:00,,,,,,38.9672203,-92.3450012,3976,5758
2003MO115072,471797,46104,45390,2003MO115072,2011,site_obsdate,1985,Developed,1,0,CONUS,v2025-11,1/25/2011 0:00,1/25/2011 0:00,,,,,,38.9672203,-92.3450012,3976,5758
2003MO115070,471796,46105,45391,2003MO115070,2011,site_obsdate,1985,Developed,1,0,CONUS,v2025-11,1/25/2011 0:00,1/25/2011 0:00,,,,,,38.9672203,-92.3450012,3976,5758
2003MO115069,471795,46106,45392,2003MO115069,2011,site_obsdate,1985,Developed,1,0,CONUS,v2025-11,1/25/2011 0:00,1/25/2011 0:00,,,,,,38.9672203,-92.3450012,3976,5758
2003MO115068,471794,46107,45393,2003MO115068,2011,site_obsdate,1985,Developed,1,0,CONUS,v2025-11,1/25/2011 0:00,1/25/2011 0:00,,,,,,38.9672203,-92.3450012,3976,5758
2003MO115067,471793,46108,45394,2003MO115067,2011,site_obsdate,1985,Developed,1,0,CONUS,v2025-11,1/25/2011 0:00,1/25/2011 0:00,,,,,,38.9672203,-92.3450012,3976,5758
2003MO115066,471792,46109,45395,2003MO115066,2011,site_obsdate,1985,Developed,1,0,CONUS,v2025-11,1/25/2011 0:00,1/25/2011 0:00,,,,,,38.9672203,-92.3450012,3976,5758
2003MO115064,471790,46110,45396,2003MO115064,2011,site_obsdate,1985,Developed,1,0,CONUS,v2025-11,1/25/2011 0:00,1/25/2011 0:00,,,,,,38.9672203,-92.3450012,3976,5758
2003MO115063,471789,46111,45397,2003MO115063,2011,site_obsdate,1985,Developed,1,0,CONUS,v2025-11,1/25/2011 0:00,1/25/2011 0:00,,,,,,38.9672203,-92.3450012,3976,5758
2003MO115062,471788,46112,45398,2003MO115062,2011,site_obsdate,1985,Developed,1,0,CONUS,v2025-11,1/25/2011 0:00,1/25/2011 0:00,,,,,,38.9672203,-92.3450012,3976,5758
2003MO115061,471787,46113,45399,2003MO115061,2011,site_obsdate,1985,Developed,1,0,CONUS,v2025-11,1/25/2011 0:00,1/25/2011 0:00,,,,,,38.9672203,-92.3450012,3976,5758
2003MO115060,471786,46114,45400,2003MO115060,2011,site_obsdate,1985,Developed,1,0,CONUS,v2025-11,1/25/2011 0:00,1/25/2011 0:00,,,,,,38.9672203,-92.3450012,3976,5758
2003MO115058,471785,46115,45401,2003MO115058,2011,site_obsdate,1985,Developed,1,0,CONUS,v2025-11,1/25/2011 0:00,1/25/2011 0:00,,,,,,38.9672203,-92.3450012,3976,5758
2003MO115041,471770,46122,45408,2003MO115041,2011,site_obsdate,1985,Developed,1,0,CONUS,v2025-11,1/25/2011 0:00,1/25/2011 0:00,,,,,,38.9672203,-92.3450012,3976,5758
2003MO115040,471769,46123,45409,2003MO115040,2011,site_obsdate,1985,Developed,1,0,CONUS,v2025-11,1/25/2011 0:00,1/25/2011 0:00,,,,,,38.9672203,-92.3450012,3976,5758
2003MO115039,471768,46124,45410,2003MO115039,2011,site_obsdate,1985,Developed,1,0,CONUS,v2025-11,1/25/2011 0:00,1/25/2011 0:00,,,,,,38.9672203,-92.3450012,3976,5758
2003MO115038,471767,46125,45411,2003MO115038,2011,site_obsdate,1985,Developed,1,0,CONUS,v2025-11,1/25/2011 0:00,1/25/2011 0:00,,,,,,38.9672203,-92.3450012,3976,5758
2003MO115036,471765,46126,45412,2003MO115036,2011,site_obsdate,1985,Developed,1,0,CONUS,v2025-11,1/25/2011 0:00,1/25/2011 0:00,,,,,,38.9672203,-92.3450012,3976,5758
2003MO115003,471760,46131,45417,2003MO115003,2011,site_obsdate,1985,Developed,1,0,CONUS,v2025-11,1/25/2011 0:00,1/25/2011 0:00,,,,,,38.9672203,-92.3450012,3976,5758
2003MO115002,471759,46132,45418,2003MO115002,2011,site_obsdate,1985,Developed,1,0,CONUS,v2025-11,1/25/2011 0:00,1/25/2011 0:00,,,,,,38.9672203,-92.3450012,3976,5758
2003MO115001,471758,46133,45419,2003MO115001,2011,site_obsdate,1985,Developed,1,0,CONUS,v2025-11,1/25/2011 0:00,1/25/2011 0:00,,,,,,38.9672203,-92.3450012,3976,5758
2003MO089004,471750,46141,45427,2003MO089004,2011,site_obsdate,1985,Developed,1,0,CONUS,v2025-11,1/25/2011 0:00,1/25/2011 0:00,,,,,,38.9672203,-92.3450012,3976,5745
2003MO089003,471749,46142,45428,2003MO089003,2011,site_obsdate,1985,Developed,1,0,CONUS,v2025-11,1/25/2011 0:00,1/25/2011 0:00,,,,,,38.9672203,-92.3450012,3976,5745
2003MO089002,471748,46143,45429,2003MO089002,2011,site_obsdate,1985,Developed,1,0,CONUS,v2025-11,1/25/2011 0:00,1/25/2011 0:00,,,,,,38.9672203,-92.3450012,3976,5745
2003MO089001,471747,46144,45430,2003MO089001,2011,site_obsdate,1985,Developed,1,0,CONUS,v2025-11,1/25/2011 0:00,1/25/2011 0:00,,,,,,38.9672203,-92.3450012,3976,5745
2003MO087099,471746,46145,45431,2003MO087099,2011,site_obsdate,1985,Developed,1,0,CONUS,v2025-11,1/25/2011 0:00,1/25/2011 0:00,,,,,,38.9672203,-92.3450012,3976,5744
2003MO087098,471745,46146,45432,2003MO087098,2011,site_obsdate,1985,Developed,1,0,CONUS,v2025-11,1/25/2011 0:00,1/25/2011 0:00,,,,,,38.9672203,-92.3450012,3976,5744
2003MO087097,471744,46147,45433,2003MO087097,2011,site_obsdate,1985,Developed,1,0,CONUS,v2025-11,1/25/2011 0:00,1/25/2011 0:00,,,,,,38.9672203,-92.3450012,3976,5744
2003MO087096,471743,46148,45434,2003MO087096,2011,site_obsdate,1985,Developed,1,0,CONUS,v2025-11,1/25/2011 0:00,1/25/2011 0:00,,,,,,38.9672203,-92.3450012,3976,5744
2003MO087095,471742,46149,45435,2003MO087095,2011,site_obsdate,1985,Developed,1,0,CONUS,v2025-11,1/25/2011 0:00,1/25/2011 0:00,,,,,,38.9672203,-92.3450012,3976,5744
2003MO087094,471741,46150,45436,2003MO087094,2011,site_obsdate,1985,Developed,1,0,CONUS,v2025-11,1/25/2011 0:00,1/25/2011 0:00,,,,,,38.9672203,-92.3450012,3976,5744
2003MO087093,471740,46151,45437,2003MO087093,2011,site_obsdate,1985,Developed,1,0,CONUS,v2025-11,1/25/2011 0:00,1/25/2011 0:00,,,,,,38.9672203,-92.3450012,3976,5744
2003MO087092,471739,46152,45438,2003MO087092,2011,site_obsdate,1985,Developed,1,0,CONUS,v2025-11,1/25/2011 0:00,1/25/2011 0:00,,,,,,38.9672203,-92.3450012,3976,5744
2003MO087091,471738,46153,45439,2003MO087091,2011,site_obsdate,1985,Developed,1,0,CONUS,v2025-11,1/25/2011 0:00,1/25/2011 0:00,,,,,,38.9672203,-92.3450012,3976,5744
2003MO087090,471737,46154,45440,2003MO087090,2011,site_obsdate,1985,Developed,1,0,CONUS,v2025-11,1/25/2011 0:00,1/25/2011 0:00,,,,,,38.9672203,-92.3450012,3976,5744
2003MO087089,471736,46155,45441,2003MO087089,2011,site_obsdate,1985,Developed,1,0,CONUS,v2025-11,1/25/2011 0:00,1/25/2011 0:00,,,,,,38.9672203,-92.3450012,3976,5744
2003MO087088,471735,46156,45442,2003MO087088,2011,site_obsdate,1985,Developed,1,0,CONUS,v2025-11,1/25/2011 0:00,1/25/2011 0:00,,,,,,38.9672203,-92.3450012,3976,5744
2003MO079007,471734,46157,45443,2003MO079007,2011,site_obsdate,1985,Developed,1,0,CONUS,v2025-11,1/25/2011 0:00,1/25/2011 0:00,,,,,,38.9672203,-92.3450012,3976,5740
2003MO079006,471733,46158,45444,2003MO079006,2011,site_obsdate,1985,Developed,1,0,CONUS,v2025-11,1/25/2011 0:00,1/25/2011 0:00,,,,,,38.9672203,-92.3450012,3976,5740
2003MO079005,471732,46159,45445,2003MO079005,2011,site_obsdate,1985,Developed,1,0,CONUS,v2025-11,1/25/2011 0:00,1/25/2011 0:00,,,,,,38.9672203,-92.3450012,3976,5740
2003MO079004,471731,46160,45446,2003MO079004,2011,site_obsdate,1985,Developed,1,0,CONUS,v2025-11,1/25/2011 0:00,1/25/2011 0:00,,,,,,38.9672203,-92.3450012,3976,5740
2003MO079003,471730,46161,45447,2003MO079003,2011,site_obsdate,1985,Developed,1,0,CONUS,v2025-11,1/25/2011 0:00,1/25/2011 0:00,,,,,,38.9672203,-92.3450012,3976,5740
2003MO069013,471725,46162,45448,2003MO069013,2011,site_obsdate,1985,Developed,1,0,CONUS,v2025-11,1/25/2011 0:00,1/25/2011 0:00,,,,,,38.9672203,-92.3450012,3976,5735
2003MO069007,471719,46168,45454,2003MO069007,2011,site_obsdate,1985,Developed,1,0,CONUS,v2025-11,1/25/2011 0:00,1/25/2011 0:00,,,,,,38.9672203,-92.3450012,3976,5735
2003MO069004,471716,46171,45457,2003MO069004,2011,site_obsdate,1985,Developed,1,0,CONUS,v2025-11,1/25/2011 0:00,1/25/2011 0:00,,,,,,38.9672203,-92.3450012,3976,5735
2003MO069003,471715,46172,45458,2003MO069003,2011,site_obsdate,1985,Developed,1,0,CONUS,v2025-11,1/25/2011 0:00,1/25/2011 0:00,,,,,,38.9672203,-92.3450012,3976,5735
2002MO219026,471655,46181,45467,2002MO219026,2011,site_obsdate,1985,Developed,1,0,CONUS,v2025-11,1/25/2011 0:00,1/25/2011 0:00,,,,,,38.9672203,-92.3450012,3976,5809
2002MO219025,471654,46182,45468,2002MO219025,2011,site_obsdate,1985,Developed,1,0,CONUS,v2025-11,1/25/2011 0:00,1/25/2011 0:00,,,,,,38.9672203,-92.3450012,3976,5809
2002MO219024,471653,46183,45469,2002MO219024,2011,site_obsdate,1985,Developed,1,0,CONUS,v2025-11,1/25/2011 0:00,1/25/2011 0:00,,,,,,38.9672203,-92.3450012,3976,5809
2002MO219023,471652,46184,45470,2002MO219023,2011,site_obsdate,1985,Developed,1,0,CONUS,v2025-11,1/25/2011 0:00,1/25/2011 0:00,,,,,,38.9672203,-92.3450012,3976,5809
2002MO219022,471651,46185,45471,2002MO219022,2011,site_obsdate,1985,Developed,1,0,CONUS,v2025-11,1/25/2011 0:00,1/25/2011 0:00,,,,,,38.9672203,-92.3450012,3976,5809
2002MO219021,471650,46186,45472,2002MO219021,2011,site_obsdate,1985,Developed,1,0,CONUS,v2025-11,1/25/2011 0:00,1/25/2011 0:00,,,,,,38.9672203,-92.3450012,3976,5809
2002MO219020,471649,46187,45473,2002MO219020,2011,site_obsdate,1985,Developed,1,0,CONUS,v2025-11,1/25/2011 0:00,1/25/2011 0:00,,,,,,38.9672203,-92.3450012,3976,5809
2002MO219018,471647,46188,45474,2002MO219018,2011,site_obsdate,1985,Developed,1,0,CONUS,v2025-11,1/25/2011 0:00,1/25/2011 0:00,,,,,,38.9672203,-92.3450012,3976,5809
2002MO219016,471645,46190,45476,2002MO219016,2011,site_obsdate,1985,Developed,1,0,CONUS,v2025-11,1/25/2011 0:00,1/25/2011 0:00,,,,,,38.9672203,-92.3450012,3976,5809
2002MO219012,471642,46193,45479,2002MO219012,2011,site_obsdate,1985,Developed,1,0,CONUS,v2025-11,1/25/2011 0:00,1/25/2011 0:00,,,,,,38.9672203,-92.3450012,3976,5809
2002MO219011,471641,46194,45480,2002MO219011,2011,site_obsdate,1985,Developed,1,0,CONUS,v2025-11,1/25/2011 0:00,1/25/2011 0:00,,,,,,38.9672203,-92.3450012,3976,5809
2002MO219007,471637,46198,45484,2002MO219007,2011,site_obsdate,1985,Developed,1,0,CONUS,v2025-11,1/25/2011 0:00,1/25/2011 0:00,,,,,,38.9672203,-92.3450012,3976,5809
2002MO121003,471629,46204,45490,2002MO121003,2011,site_obsdate,1985,Developed,1,0,CONUS,v2025-11,1/25/2011 0:00,1/25/2011 0:00,,,,,,38.9672203,-92.3450012,3976,5761
2002MO069008,471603,46219,45505,2002MO069008,2011,site_obsdate,1985,Developed,1,0,CONUS,v2025-11,1/25/2011 0:00,1/25/2011 0:00,,,,,,38.9672203,-92.3450012,3976,5735
2002MO069004,471599,46223,45509,2002MO069004,2011,site_obsdate,1985,Developed,1,0,CONUS,v2025-11,1/25/2011 0:00,1/25/2011 0:00,,,,,,38.9672203,-92.3450012,3976,5735
2002MO061001,471595,46227,45513,2002MO061001,2011,site_obsdate,1985,Developed,1,0,CONUS,v2025-11,1/25/2011 0:00,1/25/2011 0:00,,,,,,38.9672203,-92.3450012,3976,5731
2002MO027001,471592,46230,45516,2002MO027001,2011,site_obsdate,1985,Developed,1,0,CONUS,v2025-11,1/25/2011 0:00,1/25/2011 0:00,,,,,,38.9672203,-92.3450012,3976,5714
1990MO057056,474029,44828,44114,1990MO057056,2011,site_obsdate,1985,Developed,1,0,CONUS,v2025-11,1/25/2011 0:00,1/25/2011 0:00,alfisols,aqualfs,albaqualfs,typic albaqualfs,,38.9672203,-92.3450012,3976,5729
1993MO059022,474763,44204,43490,1993MO059022,2011,site_obsdate,1985,Developed,1,0,CONUS,v2025-11,1/25/2011 0:00,1/25/2011 0:00,mollisols,aquolls,argiaquolls,vertic argiaquolls,,38.9672203,-92.3450012,3976,5730
1991MO151019,474373,44928,44214,1991MO151019,2011,site_obsdate,1985,Developed,1,0,CONUS,v2025-11,1/25/2011 0:00,1/25/2011 0:00,mollisols,aquolls,argiaquolls,typic argiaquolls,fine-silty,38.9672203,-92.3450012,3976,5776
75MN163(2004),918010,56976,56175,S1975MN1632004,2011,site_obsdate,1985,Developed,1,0,CONUS,v2025-11,1/25/2011 0:00,1/25/2011 0:00,mollisols,udolls,argiudolls,typic argiudolls,coarse-loamy,45.2535515,-92.8820724,3975,5695
1993MO185009,474828,44146,43432,1993MO185009,2011,site_obsdate,1985,Developed,1,0,CONUS,v2025-11,1/25/2011 0:00,1/25/2011 0:00,mollisols,udolls,argiudolls,pachic argiudolls,,38.9672203,-92.3450012,3976,5793
1990MO057093,474035,44822,44108,1990MO057093,2011,site_obsdate,1985,Developed,1,0,CONUS,v2025-11,1/25/2011 0:00,1/25/2011 0:00,mollisols,udolls,argiudolls,aquic argiudolls,,38.9672203,-92.3450012,3976,5729
1993MO059003,474744,44222,43508,1993MO059003,2011,site_obsdate,1985,Developed,1,0,CONUS,v2025-11,1/25/2011 0:00,1/25/2011 0:00,inceptisols,udepts,dystrudepts,lithic dystrudepts,,38.9672203,-92.3450012,3976,5730
1992MO071001,474590,44374,43660,1992MO071001,2011,site_obsdate,1985,Developed,1,0,CONUS,v2025-11,1/25/2011 0:00,1/25/2011 0:00,inceptisols,udepts,dystrudepts,fluventic dystrudepts,,38.9672203,-92.3450012,3976,5736
1990MO073009,474049,44808,44094,1990MO073009,2011,site_obsdate,1985,Developed,1,0,CONUS,v2025-11,1/25/2011 0:00,1/25/2011 0:00,inceptisols,udepts,dystrudepts,lithic dystrudepts,,38.9672203,-92.3450012,3976,5737
1991MO151025,474377,44924,44210,1991MO151025,2011,site_obsdate,1985,Developed,1,0,CONUS,v2025-11,1/25/2011 0:00,1/25/2011 0:00,inceptisols,udepts,dystrudepts,fluventic dystrudepts,,38.9672203,-92.3450012,3976,5776
1987MO073004,473277,45620,44906,1987MO073004,2011,site_obsdate,1985,Developed,1,0,CONUS,v2025-11,1/25/2011 0:00,1/25/2011 0:00,inceptisols,udepts,dystrudepts,fluventic dystrudepts,,38.9672203,-92.3450012,3976,5737
1988MO073010,473587,45762,45048,1988MO073010,2011,site_obsdate,1985,Developed,1,0,CONUS,v2025-11,1/25/2011 0:00,1/25/2011 0:00,inceptisols,udepts,dystrudepts,fluventic dystrudepts,,38.9672203,-92.3450012,3976,5737
1994MO105011,474866,44109,43395,1994MO105011,2011,site_obsdate,1985,Developed,1,0,CONUS,v2025-11,1/25/2011 0:00,1/25/2011 0:00,alfisols,aqualfs,endoaqualfs,typic endoaqualfs,,38.9672203,-92.3450012,3976,5753
1992MO161016,474664,44301,43587,1992MO161016,2011,site_obsdate,1985,Developed,1,0,CONUS,v2025-11,1/25/2011 0:00,1/25/2011 0:00,alfisols,aqualfs,endoaqualfs,typic endoaqualfs,,38.9672203,-92.3450012,3976,5781
1989MO053065,473785,45175,44461,1989MO053065,2011,site_obsdate,1985,Developed,1,0,CONUS,v2025-11,1/25/2011 0:00,1/25/2011 0:00,alfisols,aqualfs,endoaqualfs,typic endoaqualfs,,38.9672203,-92.3450012,3976,5727
1987MO073040,473289,45608,44894,1987MO073040,2011,site_obsdate,1985,Developed,1,0,CONUS,v2025-11,1/25/2011 0:00,1/25/2011 0:00,alfisols,aqualfs,endoaqualfs,typic endoaqualfs,,38.9672203,-92.3450012,3976,5737
1988MO073008,473585,45764,45050,1988MO073008,2011,site_obsdate,1985,Developed,1,0,CONUS,v2025-11,1/25/2011 0:00,1/25/2011 0:00,alfisols,aqualfs,endoaqualfs,typic endoaqualfs,,38.9672203,-92.3450012,3976,5737
1993MO215015,474849,44126,43412,1993MO215015,2011,site_obsdate,1985,Developed,1,0,CONUS,v2025-11,1/25/2011 0:00,1/25/2011 0:00,alfisols,aqualfs,endoaqualfs,typic endoaqualfs,fine-silty,38.9672203,-92.3450012,3976,5807
1993MO059007,474748,44219,43505,1993MO059007,2011,site_obsdate,1985,Developed,1,0,CONUS,v2025-11,1/25/2011 0:00,1/25/2011 0:00,mollisols,aquolls,endoaquolls,fluvaquentic endoaquolls,,38.9672203,-92.3450012,3976,5730
2003MO115077,471798,46103,45389,2003MO115077,2011,site_obsdate,1985,Developed,1,0,CONUS,v2025-11,1/25/2011 0:00,1/25/2011 0:00,mollisols,aquolls,endoaquolls,vertic endoaquolls,fine,38.9672203,-92.3450012,3976,5758
1993MO059018,474759,44208,43494,1993MO059018,2011,site_obsdate,1985,Developed,1,0,CONUS,v2025-11,1/25/2011 0:00,1/25/2011 0:00,inceptisols,udepts,eutrudepts,dystric fluventic eutrudepts,,38.9672203,-92.3450012,3976,5730
1991MO065004,474340,44539,43825,1991MO065004,2011,site_obsdate,1985,Developed,1,0,CONUS,v2025-11,1/25/2011 0:00,1/25/2011 0:00,inceptisols,udepts,eutrudepts,dystric fluventic eutrudepts,,38.9672203,-92.3450012,3976,5733
1991MO065003,474339,44540,43826,1991MO065003,2011,site_obsdate,1985,Developed,1,0,CONUS,v2025-11,1/25/2011 0:00,1/25/2011 0:00,inceptisols,udepts,eutrudepts,dystric fluventic eutrudepts,,38.9672203,-92.3450012,3976,5733
1991MO065002,474338,44541,43827,1991MO065002,2011,site_obsdate,1985,Developed,1,0,CONUS,v2025-11,1/25/2011 0:00,1/25/2011 0:00,inceptisols,udepts,eutrudepts,dystric fluventic eutrudepts,,38.9672203,-92.3450012,3976,5733
1990MO151013,474114,44748,44034,1990MO151013,2011,site_obsdate,1985,Developed,1,0,CONUS,v2025-11,1/25/2011 0:00,1/25/2011 0:00,inceptisols,udepts,eutrudepts,dystric fluventic eutrudepts,,38.9672203,-92.3450012,3976,5776
1990MO151012,474113,44749,44035,1990MO151012,2011,site_obsdate,1985,Developed,1,0,CONUS,v2025-11,1/25/2011 0:00,1/25/2011 0:00,inceptisols,udepts,eutrudepts,dystric fluventic eutrudepts,,38.9672203,-92.3450012,3976,5776
1987MO073008,473281,45616,44902,1987MO073008,2011,site_obsdate,1985,Developed,1,0,CONUS,v2025-11,1/25/2011 0:00,1/25/2011 0:00,inceptisols,udepts,eutrudepts,dystric fluventic eutrudepts,,38.9672203,-92.3450012,3976,5737
1990MO151021,474117,44745,44031,1990MO151021,2011,site_obsdate,1985,Developed,1,0,CONUS,v2025-11,1/25/2011 0:00,1/25/2011 0:00,inceptisols,udepts,eutrudepts,dystric fluventic eutrudepts,fine-silty,38.9672203,-92.3450012,3976,5776
1992MO071002,474591,44373,43659,1992MO071002,2011,site_obsdate,1985,Developed,1,0,CONUS,v2025-11,1/25/2011 0:00,1/25/2011 0:00,inceptisols,udepts,eutrudepts,dystric fluventic eutrudepts,fine-silty,38.9672203,-92.3450012,3976,5736
1991MO065001,474337,44542,43828,1991MO065001,2011,site_obsdate,1985,Developed,1,0,CONUS,v2025-11,1/25/2011 0:00,1/25/2011 0:00,inceptisols,udepts,eutrudepts,dystric fluventic eutrudepts,coarse-loamy,38.9672203,-92.3450012,3976,5733
1993MO059011,474752,44215,43501,1993MO059011,2011,site_obsdate,1985,Developed,1,0,CONUS,v2025-11,1/25/2011 0:00,1/25/2011 0:00,alfisols,aqualfs,fragiaqualfs,aeric fragiaqualfs,,38.9672203,-92.3450012,3976,5730
1993MO059001,474742,44224,43510,1993MO059001,2011,site_obsdate,1985,Developed,1,0,CONUS,v2025-11,1/25/2011 0:00,1/25/2011 0:00,alfisols,aqualfs,fragiaqualfs,typic fragiaqualfs,,38.9672203,-92.3450012,3976,5730
1990MO161017,474153,44714,44000,1990MO161017,2011,site_obsdate,1985,Developed,1,0,CONUS,v2025-11,1/25/2011 0:00,1/25/2011 0:00,alfisols,aqualfs,fragiaqualfs,aeric fragiaqualfs,,38.9672203,-92.3450012,3976,5781
1997MO093001,475042,44021,43307,1997MO093001,2011,site_obsdate,1985,Developed,1,0,CONUS,v2025-11,1/25/2011 0:00,1/25/2011 0:00,alfisols,udalfs,fragiudalfs,oxyaquic fragiudalfs,,38.9672203,-92.3450012,3976,5747
1994MO105014,474869,44106,43392,1994MO105014,2011,site_obsdate,1985,Developed,1,0,CONUS,v2025-11,1/25/2011 0:00,1/25/2011 0:00,alfisols,udalfs,fragiudalfs,oxyaquic fragiudalfs,,38.9672203,-92.3450012,3976,5753
1994MO105013,474868,44107,43393,1994MO105013,2011,site_obsdate,1985,Developed,1,0,CONUS,v2025-11,1/25/2011 0:00,1/25/2011 0:00,alfisols,udalfs,fragiudalfs,oxyaquic fragiudalfs,,38.9672203,-92.3450012,3976,5753
1993MO059023,474764,44203,43489,1993MO059023,2011,site_obsdate,1985,Developed,1,0,CONUS,v2025-11,1/25/2011 0:00,1/25/2011 0:00,alfisols,udalfs,fragiudalfs,oxyaquic fragiudalfs,,38.9672203,-92.3450012,3976,5730
1993MO059016,474757,44210,43496,1993MO059016,2011,site_obsdate,1985,Developed,1,0,CONUS,v2025-11,1/25/2011 0:00,1/25/2011 0:00,alfisols,udalfs,fragiudalfs,oxyaquic fragiudalfs,,38.9672203,-92.3450012,3976,5730
1993MO059015,474756,44211,43497,1993MO059015,2011,site_obsdate,1985,Developed,1,0,CONUS,v2025-11,1/25/2011 0:00,1/25/2011 0:00,alfisols,udalfs,fragiudalfs,oxyaquic fragiudalfs,,38.9672203,-92.3450012,3976,5730
1993MO059014,474755,44212,43498,1993MO059014,2011,site_obsdate,1985,Developed,1,0,CONUS,v2025-11,1/25/2011 0:00,1/25/2011 0:00,alfisols,udalfs,fragiudalfs,oxyaquic fragiudalfs,,38.9672203,-92.3450012,3976,5730
1994MO225005,474929,44420,43706,1994MO225005,2011,site_obsdate,1985,Developed,1,0,CONUS,v2025-11,1/25/2011 0:00,1/25/2011 0:00,alfisols,udalfs,fragiudalfs,oxyaquic fragiudalfs,,38.9672203,-92.3450012,3976,5812
1994MO225001,474925,44422,43708,1994MO225001,2011,site_obsdate,1985,Developed,1,0,CONUS,v2025-11,1/25/2011 0:00,1/25/2011 0:00,alfisols,udalfs,fragiudalfs,oxyaquic fragiudalfs,,38.9672203,-92.3450012,3976,5812
1990MO073022,474062,44795,44081,1990MO073022,2011,site_obsdate,1985,Developed,1,0,CONUS,v2025-11,1/25/2011 0:00,1/25/2011 0:00,alfisols,udalfs,fragiudalfs,oxyaquic fragiudalfs,,38.9672203,-92.3450012,3976,5737
1990MO073021,474061,44796,44082,1990MO073021,2011,site_obsdate,1985,Developed,1,0,CONUS,v2025-11,1/25/2011 0:00,1/25/2011 0:00,alfisols,udalfs,fragiudalfs,oxyaquic fragiudalfs,,38.9672203,-92.3450012,3976,5737
1990MO073002,474042,44815,44101,1990MO073002,2011,site_obsdate,1985,Developed,1,0,CONUS,v2025-11,1/25/2011 0:00,1/25/2011 0:00,alfisols,udalfs,fragiudalfs,oxyaquic fragiudalfs,,38.9672203,-92.3450012,3976,5737
1987MO073001,472394,45623,44909,1987MO073001,2011,site_obsdate,1985,Developed,1,0,CONUS,v2025-11,1/25/2011 0:00,1/25/2011 0:00,alfisols,udalfs,fragiudalfs,oxyaquic fragiudalfs,,38.9672203,-92.3450012,3976,5737
1993MO059017,474758,44209,43495,1993MO059017,2011,site_obsdate,1985,Developed,1,0,CONUS,v2025-11,1/25/2011 0:00,1/25/2011 0:00,ultisols,udults,fragiudults,typic fragiudults,,38.9672203,-92.3450012,3976,5730
1993MO059005,474746,44220,43506,1993MO059005,2011,site_obsdate,1985,Developed,1,0,CONUS,v2025-11,1/25/2011 0:00,1/25/2011 0:00,ultisols,udults,fragiudults,aquic fragiudults,,38.9672203,-92.3450012,3976,5730
1990MO161037,474169,44699,43985,1990MO161037,2011,site_obsdate,1985,Developed,1,0,CONUS,v2025-11,1/25/2011 0:00,1/25/2011 0:00,ultisols,udults,fragiudults,typic fragiudults,,38.9672203,-92.3450012,3976,5781
1990MO161036,474168,44700,43986,1990MO161036,2011,site_obsdate,1985,Developed,1,0,CONUS,v2025-11,1/25/2011 0:00,1/25/2011 0:00,ultisols,udults,fragiudults,typic fragiudults,,38.9672203,-92.3450012,3976,5781
1990MO161011,474148,44719,44005,1990MO161011,2011,site_obsdate,1985,Developed,1,0,CONUS,v2025-11,1/25/2011 0:00,1/25/2011 0:00,ultisols,udults,fragiudults,typic fragiudults,,38.9672203,-92.3450012,3976,5781
2001MO221012,471578,46244,45530,2001MO221012,2011,site_obsdate,1985,Developed,1,0,CONUS,v2025-11,1/25/2011 0:00,1/25/2011 0:00,ultisols,udults,fragiudults,typic fragiudults,,38.9672203,-92.3450012,3976,5810
1995MO169002,474999,44060,43346,1995MO169002,2011,site_obsdate,1985,Developed,1,0,CONUS,v2025-11,1/25/2011 0:00,1/25/2011 0:00,alfisols,udalfs,hapludalfs,mollic hapludalfs,,38.9672203,-92.3450012,3976,5785
1993MO215012,474846,44129,43415,1993MO215012,2011,site_obsdate,1985,Developed,1,0,CONUS,v2025-11,1/25/2011 0:00,1/25/2011 0:00,alfisols,udalfs,hapludalfs,aquic hapludalfs,,38.9672203,-92.3450012,3976,5807
1993MO185014,474830,44144,43430,1993MO185014,2011,site_obsdate,1985,Developed,1,0,CONUS,v2025-11,1/25/2011 0:00,1/25/2011 0:00,alfisols,udalfs,hapludalfs,aquic hapludalfs,,38.9672203,-92.3450012,3976,5793
1993MO185003,474823,44151,43437,1993MO185003,2011,site_obsdate,1985,Developed,1,0,CONUS,v2025-11,1/25/2011 0:00,1/25/2011 0:00,alfisols,udalfs,hapludalfs,typic hapludalfs,,38.9672203,-92.3450012,3976,5793
1993MO161038,474819,44155,43441,1993MO161038,2011,site_obsdate,1985,Developed,1,0,CONUS,v2025-11,1/25/2011 0:00,1/25/2011 0:00,alfisols,udalfs,hapludalfs,mollic hapludalfs,,38.9672203,-92.3450012,3976,5781
1993MO161017,474804,44169,43455,1993MO161017,2011,site_obsdate,1985,Developed,1,0,CONUS,v2025-11,1/25/2011 0:00,1/25/2011 0:00,alfisols,udalfs,hapludalfs,ultic hapludalfs,,38.9672203,-92.3450012,3976,5781
1993MO105045,474784,44185,43471,1993MO105045,2011,site_obsdate,1985,Developed,1,0,CONUS,v2025-11,1/25/2011 0:00,1/25/2011 0:00,alfisols,udalfs,hapludalfs,fragic oxyaquic hapludalfs,,38.9672203,-92.3450012,3976,5753
1993MO105028,474770,44199,43485,1993MO105028,2011,site_obsdate,1985,Developed,1,0,CONUS,v2025-11,1/25/2011 0:00,1/25/2011 0:00,alfisols,udalfs,hapludalfs,mollic hapludalfs,,38.9672203,-92.3450012,3976,5753
1993MO059019,474760,44207,43493,1993MO059019,2011,site_obsdate,1985,Developed,1,0,CONUS,v2025-11,1/25/2011 0:00,1/25/2011 0:00,alfisols,udalfs,hapludalfs,oxyaquic hapludalfs,,38.9672203,-92.3450012,3976,5730
1993MO059013,474754,44213,43499,1993MO059013,2011,site_obsdate,1985,Developed,1,0,CONUS,v2025-11,1/25/2011 0:00,1/25/2011 0:00,alfisols,udalfs,hapludalfs,aquic hapludalfs,,38.9672203,-92.3450012,3976,5730
1993MO059004,474745,44221,43507,1993MO059004,2011,site_obsdate,1985,Developed,1,0,CONUS,v2025-11,1/25/2011 0:00,1/25/2011 0:00,alfisols,udalfs,hapludalfs,ultic hapludalfs,,38.9672203,-92.3450012,3976,5730
1993MO059002,474743,44223,43509,1993MO059002,2011,site_obsdate,1985,Developed,1,0,CONUS,v2025-11,1/25/2011 0:00,1/25/2011 0:00,alfisols,udalfs,hapludalfs,typic hapludalfs,,38.9672203,-92.3450012,3976,5730
1992MO221015,474731,44234,43520,1992MO221015,2011,site_obsdate,1985,Developed,1,0,CONUS,v2025-11,1/25/2011 0:00,1/25/2011 0:00,alfisols,udalfs,hapludalfs,typic hapludalfs,,38.9672203,-92.3450012,3976,5810
1992MO151066,474653,44311,43597,1992MO151066,2011,site_obsdate,1985,Developed,1,0,CONUS,v2025-11,1/25/2011 0:00,1/25/2011 0:00,alfisols,udalfs,hapludalfs,fragic oxyaquic hapludalfs,,38.9672203,-92.3450012,3976,5776
1992MO151065,474652,44312,43598,1992MO151065,2011,site_obsdate,1985,Developed,1,0,CONUS,v2025-11,1/25/2011 0:00,1/25/2011 0:00,alfisols,udalfs,hapludalfs,fragic oxyaquic hapludalfs,,38.9672203,-92.3450012,3976,5776
1992MO151064,474651,44313,43599,1992MO151064,2011,site_obsdate,1985,Developed,1,0,CONUS,v2025-11,1/25/2011 0:00,1/25/2011 0:00,alfisols,udalfs,hapludalfs,fragic oxyaquic hapludalfs,,38.9672203,-92.3450012,3976,5776
1992MO151055,474647,44317,43603,1992MO151055,2011,site_obsdate,1985,Developed,1,0,CONUS,v2025-11,1/25/2011 0:00,1/25/2011 0:00,alfisols,udalfs,hapludalfs,fragic hapludalfs,,38.9672203,-92.3450012,3976,5776
1992MO151044,474638,44326,43612,1992MO151044,2011,site_obsdate,1985,Developed,1,0,CONUS,v2025-11,1/25/2011 0:00,1/25/2011 0:00,alfisols,udalfs,hapludalfs,fragic oxyaquic hapludalfs,,38.9672203,-92.3450012,3976,5776
1992MO151041,474637,44327,43613,1992MO151041,2011,site_obsdate,1985,Developed,1,0,CONUS,v2025-11,1/25/2011 0:00,1/25/2011 0:00,alfisols,udalfs,hapludalfs,fragic oxyaquic hapludalfs,,38.9672203,-92.3450012,3976,5776
1992MO151040,474636,44328,43614,1992MO151040,2011,site_obsdate,1985,Developed,1,0,CONUS,v2025-11,1/25/2011 0:00,1/25/2011 0:00,alfisols,udalfs,hapludalfs,fragic oxyaquic hapludalfs,,38.9672203,-92.3450012,3976,5776
1992MO151032,474631,44333,43619,1992MO151032,2011,site_obsdate,1985,Developed,1,0,CONUS,v2025-11,1/25/2011 0:00,1/25/2011 0:00,alfisols,udalfs,hapludalfs,fragic hapludalfs,,38.9672203,-92.3450012,3976,5776
1992MO151031,474630,44334,43620,1992MO151031,2011,site_obsdate,1985,Developed,1,0,CONUS,v2025-11,1/25/2011 0:00,1/25/2011 0:00,alfisols,udalfs,hapludalfs,fragic hapludalfs,,38.9672203,-92.3450012,3976,5776
1992MO151029,474628,44336,43622,1992MO151029,2011,site_obsdate,1985,Developed,1,0,CONUS,v2025-11,1/25/2011 0:00,1/25/2011 0:00,alfisols,udalfs,hapludalfs,fragic hapludalfs,,38.9672203,-92.3450012,3976,5776
1992MO151027,474627,44337,43623,1992MO151027,2011,site_obsdate,1985,Developed,1,0,CONUS,v2025-11,1/25/2011 0:00,1/25/2011 0:00,alfisols,udalfs,hapludalfs,fragic hapludalfs,,38.9672203,-92.3450012,3976,5776
1992MO151002,474607,44357,43643,1992MO151002,2011,site_obsdate,1985,Developed,1,0,CONUS,v2025-11,1/25/2011 0:00,1/25/2011 0:00,alfisols,udalfs,hapludalfs,fragic hapludalfs,,38.9672203,-92.3450012,3976,5776
1992MO151001,474606,44358,43644,1992MO151001,2011,site_obsdate,1985,Developed,1,0,CONUS,v2025-11,1/25/2011 0:00,1/25/2011 0:00,alfisols,udalfs,hapludalfs,fragic hapludalfs,,38.9672203,-92.3450012,3976,5776
1992MO057088,474589,44375,43661,1992MO057088,2011,site_obsdate,1985,Developed,1,0,CONUS,v2025-11,1/25/2011 0:00,1/25/2011 0:00,alfisols,udalfs,hapludalfs,mollic hapludalfs,,38.9672203,-92.3450012,3976,5729
1991MO057058,474324,44555,43841,1991MO057058,2011,site_obsdate,1985,Developed,1,0,CONUS,v2025-11,1/25/2011 0:00,1/25/2011 0:00,alfisols,udalfs,hapludalfs,aquollic hapludalfs,,38.9672203,-92.3450012,3976,5729
1991MO057057,474323,44556,43842,1991MO057057,2011,site_obsdate,1985,Developed,1,0,CONUS,v2025-11,1/25/2011 0:00,1/25/2011 0:00,alfisols,udalfs,hapludalfs,aquollic hapludalfs,,38.9672203,-92.3450012,3976,5729
1991MO057007,474301,44578,43864,1991MO057007,2011,site_obsdate,1985,Developed,1,0,CONUS,v2025-11,1/25/2011 0:00,1/25/2011 0:00,alfisols,udalfs,hapludalfs,mollic hapludalfs,,38.9672203,-92.3450012,3976,5729
1990MO197002,474178,44690,43976,1990MO197002,2011,site_obsdate,1985,Developed,1,0,CONUS,v2025-11,1/25/2011 0:00,1/25/2011 0:00,alfisols,udalfs,hapludalfs,aquertic chromic hapludalfs,,38.9672203,-92.3450012,3976,5798
1990MO151046,474137,44730,44016,1990MO151046,2011,site_obsdate,1985,Developed,1,0,CONUS,v2025-11,1/25/2011 0:00,1/25/2011 0:00,alfisols,udalfs,hapludalfs,oxyaquic hapludalfs,,38.9672203,-92.3450012,3976,5776
1990MO151038,474131,44733,44019,1990MO151038,2011,site_obsdate,1985,Developed,1,0,CONUS,v2025-11,1/25/2011 0:00,1/25/2011 0:00,alfisols,udalfs,hapludalfs,oxyaquic hapludalfs,,38.9672203,-92.3450012,3976,5776
1990MO151032,474127,44735,44021,1990MO151032,2011,site_obsdate,1985,Developed,1,0,CONUS,v2025-11,1/25/2011 0:00,1/25/2011 0:00,alfisols,udalfs,hapludalfs,fragic hapludalfs,,38.9672203,-92.3450012,3976,5776
1990MO151031,474126,44736,44022,1990MO151031,2011,site_obsdate,1985,Developed,1,0,CONUS,v2025-11,1/25/2011 0:00,1/25/2011 0:00,alfisols,udalfs,hapludalfs,fragic hapludalfs,,38.9672203,-92.3450012,3976,5776
1990MO151030,474125,44737,44023,1990MO151030,2011,site_obsdate,1985,Developed,1,0,CONUS,v2025-11,1/25/2011 0:00,1/25/2011 0:00,alfisols,udalfs,hapludalfs,fragic hapludalfs,,38.9672203,-92.3450012,3976,5776
1990MO151027,474123,44739,44025,1990MO151027,2011,site_obsdate,1985,Developed,1,0,CONUS,v2025-11,1/25/2011 0:00,1/25/2011 0:00,alfisols,udalfs,hapludalfs,fragic hapludalfs,,38.9672203,-92.3450012,3976,5776
1990MO105052,474098,44762,44048,1990MO105052,2011,site_obsdate,1985,Developed,1,0,CONUS,v2025-11,1/25/2011 0:00,1/25/2011 0:00,alfisols,udalfs,hapludalfs,fragic oxyaquic hapludalfs,,38.9672203,-92.3450012,3976,5753
1990MO073024,474064,44793,44079,1990MO073024,2011,site_obsdate,1985,Developed,1,0,CONUS,v2025-11,1/25/2011 0:00,1/25/2011 0:00,alfisols,udalfs,hapludalfs,typic hapludalfs,,38.9672203,-92.3450012,3976,5737
1990MO073023,474063,44794,44080,1990MO073023,2011,site_obsdate,1985,Developed,1,0,CONUS,v2025-11,1/25/2011 0:00,1/25/2011 0:00,alfisols,udalfs,hapludalfs,typic hapludalfs,,38.9672203,-92.3450012,3976,5737
1990MO073020,474060,44797,44083,1990MO073020,2011,site_obsdate,1985,Developed,1,0,CONUS,v2025-11,1/25/2011 0:00,1/25/2011 0:00,alfisols,udalfs,hapludalfs,fragic hapludalfs,,38.9672203,-92.3450012,3976,5737
1990MO073017,474057,44800,44086,1990MO073017,2011,site_obsdate,1985,Developed,1,0,CONUS,v2025-11,1/25/2011 0:00,1/25/2011 0:00,alfisols,udalfs,hapludalfs,aquic hapludalfs,,38.9672203,-92.3450012,3976,5737
1990MO073016,474056,44801,44087,1990MO073016,2011,site_obsdate,1985,Developed,1,0,CONUS,v2025-11,1/25/2011 0:00,1/25/2011 0:00,alfisols,udalfs,hapludalfs,aquic hapludalfs,,38.9672203,-92.3450012,3976,5737
1990MO073012,474052,44805,44091,1990MO073012,2011,site_obsdate,1985,Developed,1,0,CONUS,v2025-11,1/25/2011 0:00,1/25/2011 0:00,alfisols,udalfs,hapludalfs,oxyaquic hapludalfs,,38.9672203,-92.3450012,3976,5737
1990MO073011,474051,44806,44092,1990MO073011,2011,site_obsdate,1985,Developed,1,0,CONUS,v2025-11,1/25/2011 0:00,1/25/2011 0:00,alfisols,udalfs,hapludalfs,oxyaquic hapludalfs,,38.9672203,-92.3450012,3976,5737
1990MO073010,474050,44807,44093,1990MO073010,2011,site_obsdate,1985,Developed,1,0,CONUS,v2025-11,1/25/2011 0:00,1/25/2011 0:00,alfisols,udalfs,hapludalfs,fragic hapludalfs,,38.9672203,-92.3450012,3976,5737
1990MO073008,474048,44809,44095,1990MO073008,2011,site_obsdate,1985,Developed,1,0,CONUS,v2025-11,1/25/2011 0:00,1/25/2011 0:00,alfisols,udalfs,hapludalfs,oxyaquic hapludalfs,,38.9672203,-92.3450012,3976,5737
1990MO057062,474030,44827,44113,1990MO057062,2011,site_obsdate,1985,Developed,1,0,CONUS,v2025-11,1/25/2011 0:00,1/25/2011 0:00,alfisols,udalfs,hapludalfs,ultic hapludalfs,,38.9672203,-92.3450012,3976,5729
1990MO053069,474019,44838,44124,1990MO053069,2011,site_obsdate,1985,Developed,1,0,CONUS,v2025-11,1/25/2011 0:00,1/25/2011 0:00,alfisols,udalfs,hapludalfs,aquic hapludalfs,,38.9672203,-92.3450012,3976,5727
1991MO151084,474416,44885,44171,1991MO151084,2011,site_obsdate,1985,Developed,1,0,CONUS,v2025-11,1/25/2011 0:00,1/25/2011 0:00,alfisols,udalfs,hapludalfs,fragic hapludalfs,,38.9672203,-92.3450012,3976,5776
1991MO151083,474415,44886,44172,1991MO151083,2011,site_obsdate,1985,Developed,1,0,CONUS,v2025-11,1/25/2011 0:00,1/25/2011 0:00,alfisols,udalfs,hapludalfs,typic hapludalfs,,38.9672203,-92.3450012,3976,5776
1991MO151081,474413,44888,44174,1991MO151081,2011,site_obsdate,1985,Developed,1,0,CONUS,v2025-11,1/25/2011 0:00,1/25/2011 0:00,alfisols,udalfs,hapludalfs,oxyaquic hapludalfs,,38.9672203,-92.3450012,3976,5776
1991MO151079,474411,44890,44176,1991MO151079,2011,site_obsdate,1985,Developed,1,0,CONUS,v2025-11,1/25/2011 0:00,1/25/2011 0:00,alfisols,udalfs,hapludalfs,oxyaquic hapludalfs,,38.9672203,-92.3450012,3976,5776
1991MO151078,474410,44891,44177,1991MO151078,2011,site_obsdate,1985,Developed,1,0,CONUS,v2025-11,1/25/2011 0:00,1/25/2011 0:00,alfisols,udalfs,hapludalfs,fragic hapludalfs,,38.9672203,-92.3450012,3976,5776
1991MO151077,474409,44892,44178,1991MO151077,2011,site_obsdate,1985,Developed,1,0,CONUS,v2025-11,1/25/2011 0:00,1/25/2011 0:00,alfisols,udalfs,hapludalfs,fragic hapludalfs,,38.9672203,-92.3450012,3976,5776
1991MO151076,474408,44893,44179,1991MO151076,2011,site_obsdate,1985,Developed,1,0,CONUS,v2025-11,1/25/2011 0:00,1/25/2011 0:00,alfisols,udalfs,hapludalfs,fragic hapludalfs,,38.9672203,-92.3450012,3976,5776
1991MO151068,474403,44898,44184,1991MO151068,2011,site_obsdate,1985,Developed,1,0,CONUS,v2025-11,1/25/2011 0:00,1/25/2011 0:00,alfisols,udalfs,hapludalfs,fragic hapludalfs,,38.9672203,-92.3450012,3976,5776
1991MO151066,474402,44899,44185,1991MO151066,2011,site_obsdate,1985,Developed,1,0,CONUS,v2025-11,1/25/2011 0:00,1/25/2011 0:00,alfisols,udalfs,hapludalfs,fragic hapludalfs,,38.9672203,-92.3450012,3976,5776
1991MO151065,474401,44900,44186,1991MO151065,2011,site_obsdate,1985,Developed,1,0,CONUS,v2025-11,1/25/2011 0:00,1/25/2011 0:00,alfisols,udalfs,hapludalfs,fragic hapludalfs,,38.9672203,-92.3450012,3976,5776
1991MO151060,474397,44904,44190,1991MO151060,2011,site_obsdate,1985,Developed,1,0,CONUS,v2025-11,1/25/2011 0:00,1/25/2011 0:00,alfisols,udalfs,hapludalfs,oxyaquic hapludalfs,,38.9672203,-92.3450012,3976,5776
1991MO151049,474390,44911,44197,1991MO151049,2011,site_obsdate,1985,Developed,1,0,CONUS,v2025-11,1/25/2011 0:00,1/25/2011 0:00,alfisols,udalfs,hapludalfs,fragic hapludalfs,,38.9672203,-92.3450012,3976,5776
1991MO151044,474389,44912,44198,1991MO151044,2011,site_obsdate,1985,Developed,1,0,CONUS,v2025-11,1/25/2011 0:00,1/25/2011 0:00,alfisols,udalfs,hapludalfs,fragic hapludalfs,,38.9672203,-92.3450012,3976,5776
1991MO151041,474386,44915,44201,1991MO151041,2011,site_obsdate,1985,Developed,1,0,CONUS,v2025-11,1/25/2011 0:00,1/25/2011 0:00,alfisols,udalfs,hapludalfs,fragic hapludalfs,,38.9672203,-92.3450012,3976,5776
1991MO151040,474385,44916,44202,1991MO151040,2011,site_obsdate,1985,Developed,1,0,CONUS,v2025-11,1/25/2011 0:00,1/25/2011 0:00,alfisols,udalfs,hapludalfs,fragic hapludalfs,,38.9672203,-92.3450012,3976,5776
1991MO151010,474366,44935,44221,1991MO151010,2011,site_obsdate,1985,Developed,1,0,CONUS,v2025-11,1/25/2011 0:00,1/25/2011 0:00,alfisols,udalfs,hapludalfs,oxyaquic hapludalfs,,38.9672203,-92.3450012,3976,5776
1991MO151003,474363,44938,44224,1991MO151003,2011,site_obsdate,1985,Developed,1,0,CONUS,v2025-11,1/25/2011 0:00,1/25/2011 0:00,alfisols,udalfs,hapludalfs,fragic hapludalfs,,38.9672203,-92.3450012,3976,5776
1991MO151002,474362,44939,44225,1991MO151002,2011,site_obsdate,1985,Developed,1,0,CONUS,v2025-11,1/25/2011 0:00,1/25/2011 0:00,alfisols,udalfs,hapludalfs,oxyaquic hapludalfs,,38.9672203,-92.3450012,3976,5776
1991MO141018,474357,44944,44230,1991MO141018,2011,site_obsdate,1985,Developed,1,0,CONUS,v2025-11,1/25/2011 0:00,1/25/2011 0:00,alfisols,udalfs,hapludalfs,typic hapludalfs,,38.9672203,-92.3450012,3976,5771
1989MO053052,473780,45180,44466,1989MO053052,2011,site_obsdate,1985,Developed,1,0,CONUS,v2025-11,1/25/2011 0:00,1/25/2011 0:00,alfisols,udalfs,hapludalfs,fragic hapludalfs,,38.9672203,-92.3450012,3976,5727
1988MO211006,473627,45328,44614,1988MO211006,2011,site_obsdate,1985,Developed,1,0,CONUS,v2025-11,1/25/2011 0:00,1/25/2011 0:00,alfisols,udalfs,hapludalfs,aquollic hapludalfs,,38.9672203,-92.3450012,3976,5805
1987MO073013,473286,45611,44897,1987MO073013,2011,site_obsdate,1985,Developed,1,0,CONUS,v2025-11,1/25/2011 0:00,1/25/2011 0:00,alfisols,udalfs,hapludalfs,fragic hapludalfs,,38.9672203,-92.3450012,3976,5737
1987MO073006,473279,45618,44904,1987MO073006,2011,site_obsdate,1985,Developed,1,0,CONUS,v2025-11,1/25/2011 0:00,1/25/2011 0:00,alfisols,udalfs,hapludalfs,typic hapludalfs,,38.9672203,-92.3450012,3976,5737
1988MO073019,473595,45754,45040,1988MO073019,2011,site_obsdate,1985,Developed,1,0,CONUS,v2025-11,1/25/2011 0:00,1/25/2011 0:00,alfisols,udalfs,hapludalfs,aquic hapludalfs,,38.9672203,-92.3450012,3976,5737
1988MO073012,473589,45760,45046,1988MO073012,2011,site_obsdate,1985,Developed,1,0,CONUS,v2025-11,1/25/2011 0:00,1/25/2011 0:00,alfisols,udalfs,hapludalfs,aquic hapludalfs,,38.9672203,-92.3450012,3976,5737
2002MO221003,471658,46178,45464,2002MO221003,2011,site_obsdate,1985,Developed,1,0,CONUS,v2025-11,1/25/2011 0:00,1/25/2011 0:00,alfisols,udalfs,hapludalfs,oxyaquic hapludalfs,,38.9672203,-92.3450012,3976,5810
2002MO221002,471657,46179,45465,2002MO221002,2011,site_obsdate,1985,Developed,1,0,CONUS,v2025-11,1/25/2011 0:00,1/25/2011 0:00,alfisols,udalfs,hapludalfs,oxyaquic hapludalfs,,38.9672203,-92.3450012,3976,5810
2001MO221021,471587,46235,45521,2001MO221021,2011,site_obsdate,1985,Developed,1,0,CONUS,v2025-11,1/25/2011 0:00,1/25/2011 0:00,alfisols,udalfs,hapludalfs,oxyaquic hapludalfs,,38.9672203,-92.3450012,3976,5810
2001MO221020,471586,46236,45522,2001MO221020,2011,site_obsdate,1985,Developed,1,0,CONUS,v2025-11,1/25/2011 0:00,1/25/2011 0:00,alfisols,udalfs,hapludalfs,oxyaquic hapludalfs,,38.9672203,-92.3450012,3976,5810
2001MO221019,471585,46237,45523,2001MO221019,2011,site_obsdate,1985,Developed,1,0,CONUS,v2025-11,1/25/2011 0:00,1/25/2011 0:00,alfisols,udalfs,hapludalfs,typic hapludalfs,,38.9672203,-92.3450012,3976,5810
2001MO221018,471584,46238,45524,2001MO221018,2011,site_obsdate,1985,Developed,1,0,CONUS,v2025-11,1/25/2011 0:00,1/25/2011 0:00,alfisols,udalfs,hapludalfs,oxyaquic hapludalfs,,38.9672203,-92.3450012,3976,5810
2001MO221005,471572,46250,45536,2001MO221005,2011,site_obsdate,1985,Developed,1,0,CONUS,v2025-11,1/25/2011 0:00,1/25/2011 0:00,alfisols,udalfs,hapludalfs,oxyaquic hapludalfs,,38.9672203,-92.3450012,3976,5810
2000MO187001,408217,46301,45587,2000MO187001,2011,site_obsdate,1985,Developed,1,0,CONUS,v2025-11,1/25/2011 0:00,1/25/2011 0:00,alfisols,udalfs,hapludalfs,oxyaquic hapludalfs,,38.9672203,-92.3450012,3976,5794
1991MO151017,474371,44930,44216,1991MO151017,2011,site_obsdate,1985,Developed,1,0,CONUS,v2025-11,1/25/2011 0:00,1/25/2011 0:00,alfisols,udalfs,hapludalfs,aquic hapludalfs,fine-silty,38.9672203,-92.3450012,3976,5776
2001MO055018M,408236,46283,45569,2001MO055018,2011,site_obsdate,1985,Developed,1,0,CONUS,v2025-11,1/25/2011 0:00,1/25/2011 0:00,alfisols,udalfs,hapludalfs,ultic hapludalfs,loamy-skeletal,38.9672203,-92.3450012,3976,5728
S1974MN1631995,678081,56858,56057,S1974MN1631995,2011,site_obsdate,1985,Developed,1,0,CONUS,v2025-11,1/25/2011 0:00,1/25/2011 0:00,mollisols,udolls,hapludolls,typic hapludolls,sandy,44.8134422,-92.934288,3975,5695
1996MO153036,475041,44022,43308,1996MO153036,2011,site_obsdate,1985,Developed,1,0,CONUS,v2025-11,1/25/2011 0:00,1/25/2011 0:00,mollisols,udolls,hapludolls,lithic hapludolls,,38.9672203,-92.3450012,3976,5777
1993MO185006,474825,44149,43435,1993MO185006,2011,site_obsdate,1985,Developed,1,0,CONUS,v2025-11,1/25/2011 0:00,1/25/2011 0:00,mollisols,udolls,hapludolls,cumulic hapludolls,,38.9672203,-92.3450012,3976,5793
1993MO161037,474818,44156,43442,1993MO161037,2011,site_obsdate,1985,Developed,1,0,CONUS,v2025-11,1/25/2011 0:00,1/25/2011 0:00,mollisols,udolls,hapludolls,cumulic hapludolls,,38.9672203,-92.3450012,3976,5781
1993MO059021,474762,44205,43491,1993MO059021,2011,site_obsdate,1985,Developed,1,0,CONUS,v2025-11,1/25/2011 0:00,1/25/2011 0:00,mollisols,udolls,hapludolls,cumulic hapludolls,,38.9672203,-92.3450012,3976,5730
1992MO057052,474577,44387,43673,1992MO057052,2011,site_obsdate,1985,Developed,1,0,CONUS,v2025-11,1/25/2011 0:00,1/25/2011 0:00,mollisols,udolls,hapludolls,lithic hapludolls,,38.9672203,-92.3450012,3976,5729
1992MO057046,474573,44391,43677,1992MO057046,2011,site_obsdate,1985,Developed,1,0,CONUS,v2025-11,1/25/2011 0:00,1/25/2011 0:00,mollisols,udolls,hapludolls,lithic hapludolls,,38.9672203,-92.3450012,3976,5729
1991MO057063,474327,44552,43838,1991MO057063,2011,site_obsdate,1985,Developed,1,0,CONUS,v2025-11,1/25/2011 0:00,1/25/2011 0:00,mollisols,udolls,hapludolls,lithic hapludolls,,38.9672203,-92.3450012,3976,5729
1990MO073007,474047,44810,44096,1990MO073007,2011,site_obsdate,1985,Developed,1,0,CONUS,v2025-11,1/25/2011 0:00,1/25/2011 0:00,mollisols,udolls,hapludolls,lithic hapludolls,,38.9672203,-92.3450012,3976,5737
1988MO213006,473632,45323,44609,1988MO213006,2011,site_obsdate,1985,Developed,1,0,CONUS,v2025-11,1/25/2011 0:00,1/25/2011 0:00,mollisols,udolls,hapludolls,fluventic hapludolls,,38.9672203,-92.3450012,3976,5806
1987MO073010,473283,45614,44900,1987MO073010,2011,site_obsdate,1985,Developed,1,0,CONUS,v2025-11,1/25/2011 0:00,1/25/2011 0:00,mollisols,udolls,hapludolls,lithic hapludolls,,38.9672203,-92.3450012,3976,5737
1993MO185012,474829,44145,43431,1993MO185012,2011,site_obsdate,1985,Developed,1,0,CONUS,v2025-11,1/25/2011 0:00,1/25/2011 0:00,mollisols,udolls,hapludolls,lithic hapludolls,loamy-skeletal,38.9672203,-92.3450012,3976,5793
1991MO151001,474361,44940,44226,1991MO151001,2011,site_obsdate,1985,Developed,1,0,CONUS,v2025-11,1/25/2011 0:00,1/25/2011 0:00,mollisols,udolls,hapludolls,lithic hapludolls,loamy-skeletal,38.9672203,-92.3450012,3976,5776
1988MO213027,473646,45310,44596,1988MO213027,2011,site_obsdate,1985,Developed,1,0,CONUS,v2025-11,1/25/2011 0:00,1/25/2011 0:00,mollisols,udolls,hapludolls,cumulic hapludolls,loamy-skeletal,38.9672203,-92.3450012,3976,5806
1993MO185007,474826,44148,43434,1993MO185007,2011,site_obsdate,1985,Developed,1,0,CONUS,v2025-11,1/25/2011 0:00,1/25/2011 0:00,mollisols,udolls,hapludolls,fluventic hapludolls,coarse-loamy,38.9672203,-92.3450012,3976,5793
1993MO059009,474750,44217,43503,1993MO059009,2011,site_obsdate,1985,Developed,1,0,CONUS,v2025-11,1/25/2011 0:00,1/25/2011 0:00,mollisols,udolls,hapludolls,lithic hapludolls,loamy-skeletal,38.9672203,-92.3450012,3976,5730
1991MO151005,474364,44937,44223,1991MO151005,2011,site_obsdate,1985,Developed,1,0,CONUS,v2025-11,1/25/2011 0:00,1/25/2011 0:00,mollisols,udolls,hapludolls,lithic hapludolls,loamy-skeletal,38.9672203,-92.3450012,3976,5776
1991MO057055,474322,44557,43843,1991MO057055,2011,site_obsdate,1985,Developed,1,0,CONUS,v2025-11,1/25/2011 0:00,1/25/2011 0:00,ultisols,udults,hapludults,humic hapludults,,38.9672203,-92.3450012,3976,5729
1990MO215020,474217,44653,43939,1990MO215020,2011,site_obsdate,1985,Developed,1,0,CONUS,v2025-11,1/25/2011 0:00,1/25/2011 0:00,ultisols,udults,hapludults,typic hapludults,,38.9672203,-92.3450012,3976,5807
1990MO161023,474158,44709,43995,1990MO161023,2011,site_obsdate,1985,Developed,1,0,CONUS,v2025-11,1/25/2011 0:00,1/25/2011 0:00,ultisols,udults,hapludults,typic hapludults,,38.9672203,-92.3450012,3976,5781
2001MO221025,471591,46231,45517,2001MO221025,2011,site_obsdate,1985,Developed,1,0,CONUS,v2025-11,1/25/2011 0:00,1/25/2011 0:00,ultisols,udults,hapludults,typic hapludults,,38.9672203,-92.3450012,3976,5810
2001MO221024,471590,46232,45518,2001MO221024,2011,site_obsdate,1985,Developed,1,0,CONUS,v2025-11,1/25/2011 0:00,1/25/2011 0:00,ultisols,udults,hapludults,typic hapludults,,38.9672203,-92.3450012,3976,5810
2001MO221016,471582,46240,45526,2001MO221016,2011,site_obsdate,1985,Developed,1,0,CONUS,v2025-11,1/25/2011 0:00,1/25/2011 0:00,ultisols,udults,hapludults,typic hapludults,,38.9672203,-92.3450012,3976,5810
1992MO057081,474584,44380,43666,1992MO057081,2011,site_obsdate,1985,Developed,1,0,CONUS,v2025-11,1/25/2011 0:00,1/25/2011 0:00,alfisols,aqualfs,natraqualfs,albic natraqualfs,,38.9672203,-92.3450012,3976,5729
delete,475093,43972,43258,delete,2011,site_obsdate,1985,Developed,1,0,CONUS,v2025-11,1/25/2011 0:00,1/25/2011 0:00,alfisols,udalfs,paleudalfs,typic paleudalfs,,38.9672203,-92.3450012,3976,5810
1994MO105012,474867,44108,43394,1994MO105012,2011,site_obsdate,1985,Developed,1,0,CONUS,v2025-11,1/25/2011 0:00,1/25/2011 0:00,alfisols,udalfs,paleudalfs,typic paleudalfs,,38.9672203,-92.3450012,3976,5753
1993MO161019,474806,44167,43453,1993MO161019,2011,site_obsdate,1985,Developed,1,0,CONUS,v2025-11,1/25/2011 0:00,1/25/2011 0:00,alfisols,udalfs,paleudalfs,typic paleudalfs,,38.9672203,-92.3450012,3976,5781
1993MO059020,474761,44206,43492,1993MO059020,2011,site_obsdate,1985,Developed,1,0,CONUS,v2025-11,1/25/2011 0:00,1/25/2011 0:00,alfisols,udalfs,paleudalfs,typic paleudalfs,,38.9672203,-92.3450012,3976,5730
1993MO059012,474753,44214,43500,1993MO059012,2011,site_obsdate,1985,Developed,1,0,CONUS,v2025-11,1/25/2011 0:00,1/25/2011 0:00,alfisols,udalfs,paleudalfs,typic paleudalfs,,38.9672203,-92.3450012,3976,5730
1993MO059010,474751,44216,43502,1993MO059010,2011,site_obsdate,1985,Developed,1,0,CONUS,v2025-11,1/25/2011 0:00,1/25/2011 0:00,alfisols,udalfs,paleudalfs,typic paleudalfs,,38.9672203,-92.3450012,3976,5730
1993MO059008,474749,44218,43504,1993MO059008,2011,site_obsdate,1985,Developed,1,0,CONUS,v2025-11,1/25/2011 0:00,1/25/2011 0:00,alfisols,udalfs,paleudalfs,mollic paleudalfs,,38.9672203,-92.3450012,3976,5730
1992MO221013,474729,44236,43522,1992MO221013,2011,site_obsdate,1985,Developed,1,0,CONUS,v2025-11,1/25/2011 0:00,1/25/2011 0:00,alfisols,udalfs,paleudalfs,glossaquic paleudalfs,,38.9672203,-92.3450012,3976,5810
1992MO221012,474728,44237,43523,1992MO221012,2011,site_obsdate,1985,Developed,1,0,CONUS,v2025-11,1/25/2011 0:00,1/25/2011 0:00,alfisols,udalfs,paleudalfs,glossaquic paleudalfs,,38.9672203,-92.3450012,3976,5810
1992MO221001,474719,44246,43532,1992MO221001,2011,site_obsdate,1985,Developed,1,0,CONUS,v2025-11,1/25/2011 0:00,1/25/2011 0:00,alfisols,udalfs,paleudalfs,typic paleudalfs,,38.9672203,-92.3450012,3976,5810
1992MO161027,474674,44291,43577,1992MO161027,2011,site_obsdate,1985,Developed,1,0,CONUS,v2025-11,1/25/2011 0:00,1/25/2011 0:00,alfisols,udalfs,paleudalfs,typic paleudalfs,,38.9672203,-92.3450012,3976,5781
1992MO057005,474556,44407,43693,1992MO057005,2011,site_obsdate,1985,Developed,1,0,CONUS,v2025-11,1/25/2011 0:00,1/25/2011 0:00,alfisols,udalfs,paleudalfs,mollic paleudalfs,,38.9672203,-92.3450012,3976,5729
1991MO057076,474332,44547,43833,1991MO057076,2011,site_obsdate,1985,Developed,1,0,CONUS,v2025-11,1/25/2011 0:00,1/25/2011 0:00,alfisols,udalfs,paleudalfs,typic paleudalfs,,38.9672203,-92.3450012,3976,5729
1990MO105013,474077,44781,44067,1990MO105013,2011,site_obsdate,1985,Developed,1,0,CONUS,v2025-11,1/25/2011 0:00,1/25/2011 0:00,alfisols,udalfs,paleudalfs,typic paleudalfs,,38.9672203,-92.3450012,3976,5753
1990MO105005,474069,44788,44074,1990MO105005,2011,site_obsdate,1985,Developed,1,0,CONUS,v2025-11,1/25/2011 0:00,1/25/2011 0:00,alfisols,udalfs,paleudalfs,typic paleudalfs,,38.9672203,-92.3450012,3976,5753
1991MO161022,474418,44864,44150,1991MO161022,2011,site_obsdate,1985,Developed,1,0,CONUS,v2025-11,1/25/2011 0:00,1/25/2011 0:00,alfisols,udalfs,paleudalfs,typic paleudalfs,,38.9672203,-92.3450012,3976,5781
1989MO213033,473944,45078,44364,1989MO213033,2011,site_obsdate,1985,Developed,1,0,CONUS,v2025-11,1/18/1989 0:00,1/25/2011 0:00,alfisols,udalfs,paleudalfs,typic paleudalfs,,36.5433667,-92.98410034179688,3976,5806
1988MO213023,473642,45313,44599,1988MO213023,2011,site_obsdate,1985,Developed,1,0,CONUS,v2025-11,1/25/2011 0:00,1/25/2011 0:00,alfisols,udalfs,paleudalfs,typic paleudalfs,,38.9672203,-92.3450012,3976,5806
1988MO213022,473641,45314,44600,1988MO213022,2011,site_obsdate,1985,Developed,1,0,CONUS,v2025-11,1/25/2011 0:00,1/25/2011 0:00,alfisols,udalfs,paleudalfs,typic paleudalfs,,38.9672203,-92.3450012,3976,5806
1987MO161011,473521,45557,44843,1987MO161011,2011,site_obsdate,1985,Developed,1,0,CONUS,v2025-11,1/25/2011 0:00,1/25/2011 0:00,alfisols,udalfs,paleudalfs,typic paleudalfs,,38.9672203,-92.3450012,3976,5781
1987MO161010,473520,45558,44844,1987MO161010,2011,site_obsdate,1985,Developed,1,0,CONUS,v2025-11,1/25/2011 0:00,1/25/2011 0:00,alfisols,udalfs,paleudalfs,typic paleudalfs,,38.9672203,-92.3450012,3976,5781
1987MO161009,473519,45559,44845,1987MO161009,2011,site_obsdate,1985,Developed,1,0,CONUS,v2025-11,1/25/2011 0:00,1/25/2011 0:00,alfisols,udalfs,paleudalfs,typic paleudalfs,,38.9672203,-92.3450012,3976,5781
1987MO009011,472389,45628,44914,1987MO009011,2011,site_obsdate,1985,Developed,1,0,CONUS,v2025-11,1/25/2011 0:00,1/25/2011 0:00,alfisols,udalfs,paleudalfs,typic paleudalfs,,38.9672203,-92.3450012,3976,5705
2001MO221023,471589,46233,45519,2001MO221023,2011,site_obsdate,1985,Developed,1,0,CONUS,v2025-11,1/25/2011 0:00,1/25/2011 0:00,alfisols,udalfs,paleudalfs,typic paleudalfs,,38.9672203,-92.3450012,3976,5810
1993MO185020,474832,44142,43428,1993MO185020,2011,site_obsdate,1985,Developed,1,0,CONUS,v2025-11,1/25/2011 0:00,1/25/2011 0:00,mollisols,udolls,paleudolls,typic paleudolls,,38.9672203,-92.3450012,3976,5793
1995MO119017,474984,44075,43361,1995MO119017,2011,site_obsdate,1985,Developed,1,0,CONUS,v2025-11,1/25/2011 0:00,1/25/2011 0:00,ultisols,udults,paleudults,fragiaquic paleudults,,38.9672203,-92.3450012,3976,5760
1995MO119013,474983,44076,43362,1995MO119013,2011,site_obsdate,1985,Developed,1,0,CONUS,v2025-11,1/25/2011 0:00,1/25/2011 0:00,ultisols,udults,paleudults,typic paleudults,,38.9672203,-92.3450012,3976,5760
1992MO161002,474655,44310,43596,1992MO161002,2011,site_obsdate,1985,Developed,1,0,CONUS,v2025-11,1/25/2011 0:00,1/25/2011 0:00,ultisols,udults,paleudults,typic paleudults,,38.9672203,-92.3450012,3976,5781
1992MO151054,474646,44318,43604,1992MO151054,2011,site_obsdate,1985,Developed,1,0,CONUS,v2025-11,1/25/2011 0:00,1/25/2011 0:00,ultisols,udults,paleudults,typic paleudults,,38.9672203,-92.3450012,3976,5776
1991MO105044dup,474343,44536,43822,1991MO105044dup,2011,site_obsdate,1985,Developed,1,0,CONUS,v2025-11,1/25/2011 0:00,1/25/2011 0:00,ultisols,udults,paleudults,typic paleudults,,38.9672203,-92.3450012,3976,5753
1990MO105006,474070,44787,44073,1990MO105006,2011,site_obsdate,1985,Developed,1,0,CONUS,v2025-11,1/25/2011 0:00,1/25/2011 0:00,ultisols,udults,paleudults,typic paleudults,,38.9672203,-92.3450012,3976,5753
1990MO073006,474046,44811,44097,1990MO073006,2011,site_obsdate,1985,Developed,1,0,CONUS,v2025-11,1/25/2011 0:00,1/25/2011 0:00,ultisols,udults,paleudults,typic paleudults,,38.9672203,-92.3450012,3976,5737
1991MO105092,474354,44947,44233,1991MO105092,2011,site_obsdate,1985,Developed,1,0,CONUS,v2025-11,1/25/2011 0:00,1/25/2011 0:00,ultisols,udults,paleudults,typic paleudults,,37.57830047607422,-92.31379699707031,3976,5753
1987MO073003,472396,45621,44907,1987MO073003,2011,site_obsdate,1985,Developed,1,0,CONUS,v2025-11,1/25/2011 0:00,1/25/2011 0:00,ultisols,udults,paleudults,typic paleudults,,38.9672203,-92.3450012,3976,5737
1987MO073002,472395,45622,44908,1987MO073002,2011,site_obsdate,1985,Developed,1,0,CONUS,v2025-11,1/25/2011 0:00,1/25/2011 0:00,ultisols,udults,paleudults,typic paleudults,,38.9672203,-92.3450012,3976,5737
1988MO105007,473603,45747,45033,1988MO105007,2011,site_obsdate,1985,Developed,1,0,CONUS,v2025-11,1/25/2011 0:00,1/25/2011 0:00,ultisols,udults,paleudults,typic paleudults,,38.9672203,-92.3450012,3976,5753
2001MO221015,471581,46241,45527,2001MO221015,2011,site_obsdate,1985,Developed,1,0,CONUS,v2025-11,1/25/2011 0:00,1/25/2011 0:00,ultisols,udults,paleudults,typic paleudults,,38.9672203,-92.3450012,3976,5810
1992MO161015,474663,44302,43588,1992MO161015,2011,site_obsdate,1985,Developed,1,0,CONUS,v2025-11,1/25/2011 0:00,1/25/2011 0:00,entisols,fluvents,udifluvents,typic udifluvents,coarse-loamy,38.9672203,-92.3450012,3976,5781
1992MO071003,474592,44372,43658,1992MO071003,2011,site_obsdate,1985,Developed,1,0,CONUS,v2025-11,1/25/2011 0:00,1/25/2011 0:00,entisols,fluvents,udifluvents,typic udifluvents,coarse-loamy,38.9672203,-92.3450012,3976,5736
2001MO055015,408233,46286,45572,2001MO055015,2011,site_obsdate,1985,Developed,1,0,CONUS,v2025-11,1/25/2011 0:00,1/25/2011 0:00,entisols,fluvents,udifluvents,typic udifluvents,coarse-loamy,38.9672203,-92.3450012,3976,5728
2001MO055014,408232,46287,45573,2001MO055014,2011,site_obsdate,1985,Developed,1,0,CONUS,v2025-11,1/25/2011 0:00,1/25/2011 0:00,entisols,fluvents,udifluvents,typic udifluvents,coarse-loamy,38.9672203,-92.3450012,3976,5728
2000AR09301,816503,57744,56943,2000AR09301,2012,site_obsdate,1985,Developed,1,0,CONUS,v2025-11,,11/27/2012 0:00,,,,,,35.9296989440918,-89.87750244140625,3948,4400
2000AR09302,816504,57745,56944,2000AR09302,2012,site_obsdate,1985,Developed,1,0,CONUS,v2025-11,,11/27/2012 0:00,,,,,,35.9296989440918,-89.87750244140625,3948,4400
1951AR09901,814456,57775,56974,1951AR09901,2012,site_obsdate,1985,Developed,1,0,CONUS,v2025-11,,11/27/2012 0:00,,,,,,33.71849822998047,-93.1187973022461,3948,4403
1952AR01901,814005,57778,56977,1952AR01901,2012,site_obsdate,1985,Developed,1,0,CONUS,v2025-11,,11/27/2012 0:00,,,,,,34.058998107910156,-92.97799682617188,3948,4363
1956AR007013,813888,57784,56983,1956AR007013,2012,site_obsdate,1985,Developed,1,0,CONUS,v2025-11,,11/27/2012 0:00,,,,,,36.35599899291992,-94.15799713134766,3948,4357
1956AR03103,815727,57788,56987,1956AR03103,2012,site_obsdate,1985,Developed,1,0,CONUS,v2025-11,,11/27/2012 0:00,,,,,,35.71194076538086,-90.84667205810547,3948,4369
1956AR12303,816948,57794,56993,1956AR12303,2012,site_obsdate,1985,Developed,1,0,CONUS,v2025-11,,11/27/2012 0:00,,,,,,35.0146439,-90.7544542,3948,4415
1957AR01103,813957,57802,57001,1957AR01103,2012,site_obsdate,1985,Developed,1,0,CONUS,v2025-11,,11/27/2012 0:00,,,,,,33.3474006652832,-92.30000305175781,3948,4359
1957AR10702,814591,57809,57008,1957AR10702,2012,site_obsdate,1985,Developed,1,0,CONUS,v2025-11,,11/27/2012 0:00,,,,,,34.55580139160156,-90.8396987915039,3948,4407
1958AR01129,813964,57818,57017,1958AR01129,2012,site_obsdate,1985,Developed,1,0,CONUS,v2025-11,,11/27/2012 0:00,,,,,,33.330299377441406,-92.11280059814453,3948,4359
1958AR03502,817201,57827,57026,1958AR03502,2012,site_obsdate,1985,Developed,1,0,CONUS,v2025-11,,11/27/2012 0:00,,,,,,35.266998291015625,-90.49600219726562,3948,4371
1958AR09916,814458,57842,57041,1958AR09916,2012,site_obsdate,1985,Developed,1,0,CONUS,v2025-11,,11/27/2012 0:00,,,,,,33.71900177001953,-93.12799835205078,3948,4403
1958AR09917,814459,57843,57042,1958AR09917,2012,site_obsdate,1985,Developed,1,0,CONUS,v2025-11,,11/27/2012 0:00,,,,,,33.71849822998047,-93.12449645996094,3948,4403
1959AR03502,813571,57857,57056,1959AR03502,2012,site_obsdate,1985,Developed,1,0,CONUS,v2025-11,,11/27/2012 0:00,,,,,,35.33420181274414,-90.24749755859375,3948,4371
1959AR03503,813572,57858,57057,1959AR03503,2012,site_obsdate,1985,Developed,1,0,CONUS,v2025-11,,11/27/2012 0:00,,,,,,35.33420181274414,-90.24749755859375,3948,4371
1959AR03504,813573,57859,57058,1959AR03504,2012,site_obsdate,1985,Developed,1,0,CONUS,v2025-11,,11/27/2012 0:00,,,,,,35.33420181274414,-90.24749755859375,3948,4371
1959AR07711,814277,57917,57116,1959AR07711,2012,site_obsdate,1985,Developed,1,0,CONUS,v2025-11,,11/27/2012 0:00,,,,,,34.73379898071289,-90.76689910888672,3948,4392
1959AR07712,814278,57918,57117,1959AR07712,2012,site_obsdate,1985,Developed,1,0,CONUS,v2025-11,,11/27/2012 0:00,,,,,,34.73379898071289,-90.76689910888672,3948,4392
1959AR07713,814279,57919,57118,1959AR07713,2012,site_obsdate,1985,Developed,1,0,CONUS,v2025-11,,11/27/2012 0:00,,,,,,34.73379898071289,-90.76689910888672,3948,4392
1959AR07714,814280,57920,57119,1959AR07714,2012,site_obsdate,1985,Developed,1,0,CONUS,v2025-11,,11/27/2012 0:00,,,,,,34.73379898071289,-90.76689910888672,3948,4392
1959AR07715,814281,57921,57120,1959AR07715,2012,site_obsdate,1985,Developed,1,0,CONUS,v2025-11,,11/27/2012 0:00,,,,,,34.73379898071289,-90.76689910888672,3948,4392
1959AR07716,814282,57922,57121,1959AR07716,2012,site_obsdate,1985,Developed,1,0,CONUS,v2025-11,,11/27/2012 0:00,,,,,,34.73379898071289,-90.76689910888672,3948,4392
1959AR07717,814283,57923,57122,1959AR07717,2012,site_obsdate,1985,Developed,1,0,CONUS,v2025-11,,11/27/2012 0:00,,,,,,34.73379898071289,-90.76689910888672,3948,4392
1959AR07718,814284,57924,57123,1959AR07718,2012,site_obsdate,1985,Developed,1,0,CONUS,v2025-11,,11/27/2012 0:00,,,,,,34.73379898071289,-90.76689910888672,3948,4392
1959AR07719,814285,57925,57124,1959AR07719,2012,site_obsdate,1985,Developed,1,0,CONUS,v2025-11,,11/27/2012 0:00,,,,,,34.73379898071289,-90.76689910888672,3948,4392
1959AR07720,814286,57926,57125,1959AR07720,2012,site_obsdate,1985,Developed,1,0,CONUS,v2025-11,,11/27/2012 0:00,,,,,,34.73379898071289,-90.76689910888672,3948,4392
1959AR07721,814287,57927,57126,1959AR07721,2012,site_obsdate,1985,Developed,1,0,CONUS,v2025-11,,11/27/2012 0:00,,,,,,34.73379898071289,-90.76689910888672,3948,4392
1959AR09307,814342,57938,57137,1959AR09307,2012,site_obsdate,1985,Developed,1,0,CONUS,v2025-11,,11/27/2012 0:00,,,,,,35.673500061035156,-90.09359741210938,3948,4400
1959AR09308,814343,57939,57138,1959AR09308,2012,site_obsdate,1985,Developed,1,0,CONUS,v2025-11,,11/27/2012 0:00,,,,,,35.673500061035156,-90.09359741210938,3948,4400
1959AR09309,814344,57940,57139,1959AR09309,2012,site_obsdate,1985,Developed,1,0,CONUS,v2025-11,,11/27/2012 0:00,,,,,,35.673500061035156,-90.09359741210938,3948,4400
1959AR09310,814345,57941,57140,1959AR09310,2012,site_obsdate,1985,Developed,1,0,CONUS,v2025-11,,11/27/2012 0:00,,,,,,35.673500061035156,-90.09359741210938,3948,4400
1959AR09311,814346,57942,57141,1959AR09311,2012,site_obsdate,1985,Developed,1,0,CONUS,v2025-11,,11/27/2012 0:00,,,,,,35.673500061035156,-90.09359741210938,3948,4400
1959AR09312,814347,57943,57142,1959AR09312,2012,site_obsdate,1985,Developed,1,0,CONUS,v2025-11,,11/27/2012 0:00,,,,,,35.673500061035156,-90.09359741210938,3948,4400
1959AR09313,814348,57944,57143,1959AR09313,2012,site_obsdate,1985,Developed,1,0,CONUS,v2025-11,,11/27/2012 0:00,,,,,,35.673500061035156,-90.09359741210938,3948,4400
1959AR09314,814349,57945,57144,1959AR09314,2012,site_obsdate,1985,Developed,1,0,CONUS,v2025-11,,11/27/2012 0:00,,,,,,35.673500061035156,-90.09359741210938,3948,4400
1959AR09315,814350,57946,57145,1959AR09315,2012,site_obsdate,1985,Developed,1,0,CONUS,v2025-11,,11/27/2012 0:00,,,,,,35.673500061035156,-90.09359741210938,3948,4400
1959AR09316,814351,57947,57146,1959AR09316,2012,site_obsdate,1985,Developed,1,0,CONUS,v2025-11,,11/27/2012 0:00,,,,,,35.673500061035156,-90.09359741210938,3948,4400
1959AR14310,814879,57957,57156,1959AR14310,2012,site_obsdate,1985,Developed,1,0,CONUS,v2025-11,,11/27/2012 0:00,,,,,,36.09859848022461,-94.17749786376953,3948,4425
1960AR00101,815024,57970,57169,1960AR00101,2012,site_obsdate,1985,Developed,1,0,CONUS,v2025-11,,11/27/2012 0:00,,,,,,34.46659851074219,-91.4166030883789,3948,4354
1960AR00102,815025,57971,57170,1960AR00102,2012,site_obsdate,1985,Developed,1,0,CONUS,v2025-11,,11/27/2012 0:00,,,,,,34.46659851074219,-91.4166030883789,3948,4354
1960AR00104,815027,57973,57172,1960AR00104,2012,site_obsdate,1985,Developed,1,0,CONUS,v2025-11,,11/27/2012 0:00,,,,,,34.46659851074219,-91.4166030883789,3948,4354
1960AR00105,815028,57974,57173,1960AR00105,2012,site_obsdate,1985,Developed,1,0,CONUS,v2025-11,,11/27/2012 0:00,,,,,,34.46659851074219,-91.4166030883789,3948,4354
1960AR09304,816531,57996,57195,1960AR09304,2012,site_obsdate,1985,Developed,1,0,CONUS,v2025-11,,11/27/2012 0:00,,,,,,35.47309875488281,-90.27559661865234,3948,4400
1960AR14501,814929,58001,57200,1960AR14501,2012,site_obsdate,1985,Developed,1,0,CONUS,v2025-11,,11/27/2012 0:00,,,,,,35.37620162963867,-91.55979919433594,3948,4426
1960AR14502,814930,58002,57201,1960AR14502,2012,site_obsdate,1985,Developed,1,0,CONUS,v2025-11,,11/27/2012 0:00,,,,,,35.37620162963867,-91.55979919433594,3948,4426
1960AR14503,814931,58003,57202,1960AR14503,2012,site_obsdate,1985,Developed,1,0,CONUS,v2025-11,,11/27/2012 0:00,,,,,,35.37620162963867,-91.55979919433594,3948,4426
1963AR02510,813497,58120,57319,1963AR02510,2012,site_obsdate,1985,Developed,1,0,CONUS,v2025-11,,11/27/2012 0:00,,,,,,33.863609313964844,-92.24722290039062,3948,4366
1963AR03726,813638,58169,57368,1963AR03726,2012,site_obsdate,1985,Developed,1,0,CONUS,v2025-11,,11/27/2012 0:00,,,,,,35.171390533447266,-90.727783203125,3948,4372
1963AR143017,814486,58191,57390,1963AR143017,2012,site_obsdate,1985,Developed,1,0,CONUS,v2025-11,,11/27/2012 0:00,,,,,,36.001459,-94.0104624,3948,4425
1964AR05510,816220,58253,57452,1964AR05510,2012,site_obsdate,1985,Developed,1,0,CONUS,v2025-11,,11/27/2012 0:00,,,,,,36.067779541015625,-90.58556365966797,3948,4381
1965AR04720,813758,58344,57543,1965AR04720,2012,site_obsdate,1985,Developed,1,0,CONUS,v2025-11,,11/27/2012 0:00,,,,,,35.455299377441406,-93.8843994140625,3948,4377
1965AR04731,813769,58355,57554,1965AR04731,2012,site_obsdate,1985,Developed,1,0,CONUS,v2025-11,,11/27/2012 0:00,,,,,,35.494998931884766,-93.86810302734375,3948,4377
1965AR14306,814514,58443,57642,1965AR14306,2012,site_obsdate,1985,Developed,1,0,CONUS,v2025-11,,11/27/2012 0:00,,,,,,36.0158756,-94.0099181,3948,4425
1966AR04107,813671,58482,57681,1966AR04107,2012,site_obsdate,1985,Developed,1,0,CONUS,v2025-11,,11/27/2012 0:00,,,,,,33.95029830932617,-91.38939666748047,3948,4374
1966AR11907,814738,58499,57698,1966AR11907,2012,site_obsdate,1985,Developed,1,0,CONUS,v2025-11,,11/27/2012 0:00,,,,,,34.78499984741211,-92.21440124511719,3948,4413
1967AR10302,814545,58517,57716,1967AR10302,2012,site_obsdate,1985,Developed,1,0,CONUS,v2025-11,,11/27/2012 0:00,,,,,,33.66167068481445,-93.09306335449219,3948,4405
1967AR10311,814554,58526,57725,1967AR10311,2012,site_obsdate,1985,Developed,1,0,CONUS,v2025-11,,11/27/2012 0:00,,,,,,33.66722106933594,-93.09056091308594,3948,4405
1968AR00901,813946,58533,57732,1968AR00901,2012,site_obsdate,1985,Developed,1,0,CONUS,v2025-11,,11/27/2012 0:00,,,,,,36.2105598449707,-93.07305908203125,3948,4358
1968AR03510,815762,58546,57745,1968AR03510,2012,site_obsdate,1985,Developed,1,0,CONUS,v2025-11,,11/27/2012 0:00,,,,,,35.33060073852539,-90.13469696044922,3948,4371
1968AR03521,815773,58557,57756,1968AR03521,2012,site_obsdate,1985,Developed,1,0,CONUS,v2025-11,,11/27/2012 0:00,,,,,,34.9380989074707,-90.3572006225586,3948,4371
1968AR04902,813786,58560,57759,1968AR04902,2012,site_obsdate,1985,Developed,1,0,CONUS,v2025-11,,11/27/2012 0:00,,,,,,36.48189926147461,-91.55359649658203,3948,4378
1968AR10303,814559,58624,57822,1968AR10303,2012,site_obsdate,1985,Developed,1,0,CONUS,v2025-11,,11/27/2012 0:00,,,,,,33.616939544677734,-92.772216796875,3948,4405
1968AR10310,814566,58631,57829,1968AR10310,2012,site_obsdate,1985,Developed,1,0,CONUS,v2025-11,,11/27/2012 0:00,,,,,,33.5252799987793,-92.89417266845703,3948,4405
1969AR03505,815779,58653,57851,1969AR03505,2012,site_obsdate,1985,Developed,1,0,CONUS,v2025-11,,11/27/2012 0:00,,,,,,35.33060073852539,-90.13469696044922,3948,4371
1969AR06703,816357,58675,57873,1969AR06703,2012,site_obsdate,1985,Developed,1,0,CONUS,v2025-11,,11/27/2012 0:00,,,,,,35.44060134887695,-91.443603515625,3948,4387
1970AR04304,813689,58736,57934,1970AR04304,2012,site_obsdate,1985,Developed,1,0,CONUS,v2025-11,,11/27/2012 0:00,,,,,,33.57944107055664,-91.78250122070312,3948,4375
1970AR06704,816378,58754,57952,1970AR06704,2012,site_obsdate,1985,Developed,1,0,CONUS,v2025-11,,11/27/2012 0:00,,,,,,35.44889831542969,-91.51280212402344,3948,4387
1973AR00101,816016,58907,58104,1973AR00101,2012,site_obsdate,1985,Developed,1,0,CONUS,v2025-11,,11/27/2012 0:00,,,,,,34.46659851074219,-91.4166030883789,3948,4354
1973AR00102,816017,58908,58105,1973AR00102,2012,site_obsdate,1985,Developed,1,0,CONUS,v2025-11,,11/27/2012 0:00,,,,,,34.46659851074219,-91.4166030883789,3948,4354
1973AR03703,813648,58919,58116,1973AR03703,2012,site_obsdate,1985,Developed,1,0,CONUS,v2025-11,,11/27/2012 0:00,,,,,,35.21162033081055,-90.72807312011719,3948,4372
1974AR00101,816020,58942,58139,1974AR00101,2012,site_obsdate,1985,Developed,1,0,CONUS,v2025-11,,11/27/2012 0:00,,,,,,34.46659851074219,-91.4166030883789,3948,4354
1974AR02117,815994,58963,58160,1974AR02117,2012,site_obsdate,1985,Developed,1,0,CONUS,v2025-11,,11/27/2012 0:00,,,,,,36.44306182861328,-90.772216796875,3948,4364
1974AR11505,814705,58994,58191,1974AR11505,2012,site_obsdate,1985,Developed,1,0,CONUS,v2025-11,,11/27/2012 0:00,,,,,,35.2125455,-93.1135849,3948,4411
1976AR06303,816299,59041,58238,1976AR06303,2012,site_obsdate,1985,Developed,1,0,CONUS,v2025-11,,11/27/2012 0:00,,,,,,35.69029998779297,-91.57720184326172,3948,4385
1980AR05501,815079,59153,58350,1980AR05501,2012,site_obsdate,1985,Developed,1,0,CONUS,v2025-11,,11/27/2012 0:00,,,,,,36.12110137939453,-90.52194213867188,3948,4381
1982AR05902,813402,59199,58396,1982AR05902,2012,site_obsdate,1985,Developed,1,0,CONUS,v2025-11,,11/27/2012 0:00,,,,,,34.479400634765625,-92.9032974243164,3948,4383
1999AR09302,817199,59343,58539,1999AR09302,2012,site_obsdate,1985,Developed,1,0,CONUS,v2025-11,,11/27/2012 0:00,,,,,,35.93000030517578,-89.87660217285156,3948,4400
1951AR01901,814004,57771,56970,1951AR01901,2012,site_obsdate,1985,Developed,1,0,CONUS,v2025-11,8/23/2017 0:00,11/27/2012 0:00,vertisols,uderts,hapluderts,oxyaquic hapluderts,,34.02799987792969,-93.10600280761719,3948,4363
1967AR007005,813917,58511,57710,1967AR007005,2012,site_obsdate,1985,Developed,1,0,CONUS,v2025-11,10/11/2017 0:00,11/27/2012 0:00,mollisols,udolls,hapludolls,lithic hapludolls,loamy-skeletal,36.39569854736328,-93.9032974243164,3948,4357
1964AR065011,814147,58284,57483,1964AR065011,2012,site_obsdate,1985,Developed,1,0,CONUS,v2025-11,11/7/2017 0:00,11/27/2012 0:00,ultisols,udults,hapludults,typic hapludults,,36.0989990234375,-91.91999816894531,3948,4386
1969AR06702,817203,58674,57872,1969AR06702,2012,site_obsdate,1985,Developed,1,0,CONUS,v2025-11,3/7/2013 0:00,11/27/2012 0:00,ultisols,udults,hapludults,typic hapludults,,35.44060134887695,-91.443603515625,3948,4387
1967AR007009,813920,58514,57713,1967AR007009,2012,site_obsdate,1985,Developed,1,0,CONUS,v2025-11,9/18/2017 0:00,11/27/2012 0:00,alfisols,udalfs,paleudalfs,typic paleudalfs,fine,36.32749938964844,-94.13169860839844,3948,4357
1974-FL053-S27_009,517572,50657,49931,S1974-FL053-S27_009,2011,site_obsdate,1985,Developed,1,0,CONUS,v2025-11,,4/15/2011 0:00,,,,Arenic Plinthic Paleaquults,,28.6369743,-82.3399429,3957,4608
1974-FL127-S64_019,518263,50702,49976,S1974-FL127-S64_019,2011,site_obsdate,1985,Developed,1,0,CONUS,v2025-11,4/15/2011 0:00,4/15/2011 0:00,,,,,,29.1271248,-81.0038452,3957,4645
1975-FL111-S56_015,518130,50784,50058,S1975-FL111-S56_015,2011,site_obsdate,1985,Developed,1,0,CONUS,v2025-11,,4/15/2011 0:00,,,,Arenic Ultic Alorthods,,27.3199444,-80.3182297,3957,4637
1976-FL111-S56_022,518137,50855,50129,S1976-FL111-S56_022,2011,site_obsdate,1985,Developed,1,0,CONUS,v2025-11,4/15/2011 0:00,4/15/2011 0:00,,,,,,27.4726505,-80.61217498779297,3957,4637
1976-FL111-S56_026,518141,50859,50133,S1976-FL111-S56_026,2011,site_obsdate,1985,Developed,1,0,CONUS,v2025-11,,4/15/2011 0:00,,,,Arenic Ultic Alorthods,,27.37730598449707,-80.3134232,3957,4637
1978-FL073-S37_026,517783,50980,50254,S1978-FL073-S37_026,2011,site_obsdate,1985,Developed,1,0,CONUS,v2025-11,,4/15/2011 0:00,,,,Aquic Arenic Paleudults,,30.5010281,-84.3680573,3957,4618
1980-FL131-S66_033,518325,51148,50422,S1980-FL131-S66_033,2011,site_obsdate,1985,Developed,1,0,CONUS,v2025-11,4/15/2011 0:00,4/15/2011 0:00,,,,,,30.3793964,-86.3209763,3957,4647
1988-FL013-S07_006,517201,51592,50866,S1988-FL013-S07_006,2011,site_obsdate,1985,Developed,1,0,CONUS,v2025-11,,4/15/2011 0:00,,,,Arenic Plinthaquic Paleudults,,30.5055618,-85.1194382,3957,4588
1989-FL045-S23_011,517496,51666,50940,S1989-FL045-S23_011,2011,site_obsdate,1985,Developed,1,0,CONUS,v2025-11,4/15/2011 0:00,4/15/2011 0:00,,,,,,29.7426968,-85.265358,3957,4604
1967-FL009-S05_007,517154,50491,49765,S1967-FL009-S05_007,2011,site_obsdate,1985,Developed,1,0,CONUS,v2025-11,,4/15/2011 0:00,Spodosols,Aquods,Alaquods,Aeric Alaquods,,28.469079971313477,-80.8185349,3957,4586
1974-FL127-S64_011,518255,50696,49970,S1974-FL127-S64_011,2011,site_obsdate,1985,Developed,1,0,CONUS,v2025-11,,4/15/2011 0:00,Spodosols,Aquods,Alaquods,Aeric Alaquods,,29.1196747,-80.9995499,3957,4645
1975-FL111-S56_008,518123,50777,50051,S1975-FL111-S56_008,2011,site_obsdate,1985,Developed,1,0,CONUS,v2025-11,,4/15/2011 0:00,Spodosols,Aquods,Alaquods,Arenic Alaquods,,27.2991467,-80.2852325,3957,4637
1976-FL001-S01_081,516073,50817,50091,S1976-FL001-S01_081,2011,site_obsdate,1985,Developed,1,0,CONUS,v2025-11,,4/15/2011 0:00,Spodosols,Aquods,Alaquods,Ultic Alaquods,,29.7151241,-82.3476944,3957,4582
1976-FL085-S43_002,517329,50838,50112,S1976-FL085-S43_002,2011,site_obsdate,1985,Developed,1,0,CONUS,v2025-11,,4/15/2011 0:00,Spodosols,Aquods,Alaquods,Aeric Alaquods,,27.1442547,-80.2315445,3957,4624
1978-FL071-S36_012,517742,50968,50242,S1978-FL071-S36_012,2011,site_obsdate,1985,Developed,1,0,CONUS,v2025-11,,4/15/2011 0:00,Spodosols,Aquods,Alaquods,Arenic Alaquods,,26.4772911,-81.8122787,3957,4617
1979-FL131-S66_024,518316,51083,50357,S1979-FL131-S66_024,2011,site_obsdate,1985,Developed,1,0,CONUS,v2025-11,,4/15/2011 0:00,Spodosols,Aquods,Alaquods,Aeric Alaquods,,30.3655834,-86.1789246,3957,4647
1980-FL011-S06_019,517196,51104,50378,S1980-FL011-S06_019,2011,site_obsdate,1985,Developed,1,0,CONUS,v2025-11,,4/15/2011 0:00,Spodosols,Aquods,Alaquods,Arenic Alaquods,,26.154356002807617,-80.1415253,3957,4587
1982-FL061-S31_003,517624,51233,50507,S1982-FL061-S31_003,2011,site_obsdate,1985,Developed,1,0,CONUS,v2025-11,,4/15/2011 0:00,Spodosols,Aquods,Alaquods,Arenic Alaquods,,27.5587139,-80.3882828,3957,4612
1983-FL105-S53_015,518060,51306,50580,S1983-FL105-S53_015,2011,site_obsdate,1985,Developed,1,0,CONUS,v2025-11,,4/15/2011 0:00,Spodosols,Aquods,Alaquods,Alfic Alaquods,,28.22638702392578,-82.0310974,3957,4634
1984-FL079-S40_017,517838,51364,50638,S1984-FL079-S40_017,2011,site_obsdate,1985,Developed,1,0,CONUS,v2025-11,,4/15/2011 0:00,Spodosols,Aquods,Alaquods,Ultic Alaquods,,30.2877617,-83.4187088,3957,4621
1985-FL075-S38_002,517790,51410,50684,S1985-FL075-S38_002,2011,site_obsdate,1985,Developed,1,0,CONUS,v2025-11,,4/15/2011 0:00,Spodosols,Aquods,Alaquods,Aeric Alaquods,,29.2940445,-82.6259689,3957,4619
1985-FL129-S65_002,518277,51450,50724,S1985-FL129-S65_002,2011,site_obsdate,1985,Developed,1,0,CONUS,v2025-11,,4/15/2011 0:00,Spodosols,Aquods,Alaquods,Alfic Alaquods,,30.1971493,-84.1537704,3957,4646
1988-FL013-S07_015,517210,51601,50875,S1988-FL013-S07_015,2011,site_obsdate,1985,Developed,1,0,CONUS,v2025-11,,4/15/2011 0:00,Spodosols,Aquods,Alaquods,Grossarenic Alaquods,,30.4194393,-85.2627792,3957,4588
1989-FL003-S02_017,517112,51641,50915,S1989-FL003-S02_017,2011,site_obsdate,1985,Developed,1,0,CONUS,v2025-11,,4/15/2011 0:00,Spodosols,Aquods,Alaquods,Ultic Alaquods,,30.3483257,-82.2566223,3957,4583
1975-FL053-S27_027,517590,50735,50009,S1975-FL053-S27_027,2011,site_obsdate,1985,Developed,1,0,CONUS,v2025-11,,4/15/2011 0:00,Alfisols,Aqualfs,Albaqualfs,Typic Albaqualfs,,28.5387993,-82.3857422,3957,4608
YYYY-FL069-S35_007,518344,51797,51071,YYYY-FL069-S35_007,2011,site_obsdate,1985,Developed,1,0,CONUS,v2025-11,,4/15/2011 0:00,Alfisols,Aqualfs,Albaqualfs,Typic Albaqualfs,,28.8751602,-81.6870499,3957,4616
1973-FL099-S50_023,518000,50635,49909,S1973-FL099-S50_023,2011,site_obsdate,1985,Developed,1,0,CONUS,v2025-11,,4/15/2011 0:00,Spodosols,Orthods,Alorthods,Arenic Alorthods,,26.9292088,-80.1045837,3957,4631
1976-FL001-S01_078,516070,50814,50088,S1976-FL001-S01_078,2011,site_obsdate,1985,Developed,1,0,CONUS,v2025-11,,4/15/2011 0:00,Spodosols,Orthods,Alorthods,Ultic Alorthods,,29.7165089,-82.3464127,3957,4582
1976-FL085-S43_008,517335,50844,50118,S1976-FL085-S43_008,2011,site_obsdate,1985,Developed,1,0,CONUS,v2025-11,,4/15/2011 0:00,Spodosols,Orthods,Alorthods,Ultic Alorthods,,27.1970272,-80.2958374,3957,4624
1980-FL011-S06_018,517195,51103,50377,S1980-FL011-S06_018,2011,site_obsdate,1985,Developed,1,0,CONUS,v2025-11,,4/15/2011 0:00,Spodosols,Orthods,Alorthods,Grossarenic Alorthods,,26.1203575,-80.1787109,3957,4587
1980-FL023-S12_016,517303,51115,50389,S1980-FL023-S12_016,2011,site_obsdate,1985,Developed,1,0,CONUS,v2025-11,,4/15/2011 0:00,Spodosols,Orthods,Alorthods,Grossarenic Alorthods,,30.1875896,-82.5980225,3957,4593
1982-FL027-S14_004,517384,51216,50490,S1982-FL027-S14_004,2011,site_obsdate,1985,Developed,1,0,CONUS,v2025-11,,4/15/2011 0:00,Spodosols,Orthods,Alorthods,Arenic Alorthods,,27.1694298,-81.6216049,3957,4595
1982-FL131-S66_040,518332,51272,50546,S1982-FL131-S66_040,2011,site_obsdate,1985,Developed,1,0,CONUS,v2025-11,,4/15/2011 0:00,Spodosols,Orthods,Alorthods,Grossarenic Alorthods,,30.5234165,-86.1574249,3957,4647
1983-FL019-S10_002,517263,51277,50551,S1983-FL019-S10_002,2011,site_obsdate,1985,Developed,1,0,CONUS,v2025-11,,4/15/2011 0:00,Spodosols,Orthods,Alorthods,Grossarenic Alorthods,,29.9409161,-81.7458496,3957,4591
1984-FL089-S45_011,517897,51373,50647,S1984-FL089-S45_011,2011,site_obsdate,1985,Developed,1,0,CONUS,v2025-11,,4/15/2011 0:00,Spodosols,Orthods,Alorthods,Grossarenic Alorthods,,30.6033688,-81.5889969,3957,4626
1991-FL021-S11_009,517287,51737,51011,S1991-FL021-S11_009,2011,site_obsdate,1985,Developed,1,0,CONUS,v2025-11,,4/15/2011 0:00,Spodosols,Orthods,Alorthods,Arenic Alorthods,,26.4425659,-81.4478302,3957,4592
1971-FL063-S32_003,517644,50567,49841,S1971-FL063-S32_003,2011,site_obsdate,1985,Developed,1,0,CONUS,v2025-11,,4/15/2011 0:00,Vertisols,Uderts,Dystruderts,Chromic Dystruderts,,30.8016644,-85.1813202,3957,4613
1967-FL009-S05_028,517170,50506,49780,S1967-FL009-S05_028,2011,site_obsdate,1985,Developed,1,0,CONUS,v2025-11,,4/15/2011 0:00,Alfisols,Aqualfs,Endoaqualfs,Typic Endoaqualfs,,28.6524162,-80.8250122,3957,4586
1974-FL099-S50_030,518007,50678,49952,S1974-FL099-S50_030,2011,site_obsdate,1985,Developed,1,0,CONUS,v2025-11,,4/15/2011 0:00,Alfisols,Aqualfs,Endoaqualfs,Umbric Endoaqualfs,,26.7387028,-80.2199173,3957,4631
1976-FL111-S56_019,518134,50852,50126,S1976-FL111-S56_019,2011,site_obsdate,1985,Developed,1,0,CONUS,v2025-11,,4/15/2011 0:00,Alfisols,Aqualfs,Endoaqualfs,Mollic Endoaqualfs,,27.4440422,-80.3658905,3957,4637
1977-FL109-S55_004,518096,50926,50200,S1977-FL109-S55_004,2011,site_obsdate,1985,Developed,1,0,CONUS,v2025-11,,4/15/2011 0:00,Alfisols,Aqualfs,Endoaqualfs,Mollic Endoaqualfs,,29.9464054,-81.34292602539062,3957,4636
1980-FL051-S26_007,517556,51131,50405,S1980-FL051-S26_007,2011,site_obsdate,1985,Developed,1,0,CONUS,v2025-11,,4/15/2011 0:00,Alfisols,Aqualfs,Endoaqualfs,Arenic Endoaqualfs,,26.7606201,-81.4492722,3957,4607
1981-FL065-S33_019,517698,51188,50462,S1981-FL065-S33_019,2011,site_obsdate,1985,Developed,1,0,CONUS,v2025-11,,4/15/2011 0:00,Alfisols,Aqualfs,Endoaqualfs,Umbric Endoaqualfs,,30.4854412,-84.0262833,3957,4614
1980-FL011-S06_016,517193,51101,50375,S1980-FL011-S06_016,2011,site_obsdate,1985,Developed,1,0,CONUS,v2025-11,,4/15/2011 0:00,Entisols,Aquents,Fluvaquents,Typic Fluvaquents,,26.0667953,-80.1353912,3957,4587
1979-FL101-S51_037,518045,51058,50332,S1979-FL101-S51_037,2011,site_obsdate,1985,Developed,1,0,CONUS,v2025-11,,4/15/2011 0:00,Alfisols,Aqualfs,Glossaqualfs,Arenic Glossaqualfs,,28.2700806,-82.3837204,3957,4632
1975-FL111-S56_011,518126,50780,50054,S1975-FL111-S56_011,2011,site_obsdate,1985,Developed,1,0,CONUS,v2025-11,,4/15/2011 0:00,Spodosols,Aquods,Haplaquods,Ultic Haplaquods,,27.4260731,-80.349678,3957,4637
1988-FL087-S44_001,517876,51616,50890,S1988-FL087-S44_001,2011,site_obsdate,1985,Developed,1,0,CONUS,v2025-11,,4/15/2011 0:00,Histosols,Saprists,Haplosaprists,Lithic Haplosaprists,,25.2863331,-80.2997589,3957,4625
1976-FL001-S01_075,516067,50811,50085,S1976-FL001-S01_075,2011,site_obsdate,1985,Developed,1,0,CONUS,v2025-11,,4/15/2011 0:00,Alfisols,Udalfs,Hapludalfs,Arenic Hapludalfs,,29.6080742,-82.4722748,3957,4582
1981-FL017-S09_022,517257,51176,50450,S1981-FL017-S09_022,2011,site_obsdate,1985,Developed,1,0,CONUS,v2025-11,,4/15/2011 0:00,Alfisols,Udalfs,Hapludalfs,Psammentic Hapludalfs,,28.8682137,-82.6697922,3957,4590
1990-FL045-S23_019,517504,51716,50990,S1990-FL045-S23_019,2011,site_obsdate,1985,Developed,1,0,CONUS,v2025-11,,4/15/2011 0:00,Ultisols,Udults,Hapludults,Typic Hapludults,,30.1949997,-85.1736145,3957,4604
1971-FL099-S50_009,517986,50582,49856,S1971-FL099-S50_009,2011,site_obsdate,1985,Developed,1,0,CONUS,v2025-11,,4/15/2011 0:00,Inceptisols,Aquepts,Humaquepts,Histic Humaquepts,,26.8613853,-80.6314697,3957,4631
1973-FL099-S50_015,517992,50627,49901,S1973-FL099-S50_015,2011,site_obsdate,1985,Developed,1,0,CONUS,v2025-11,,4/15/2011 0:00,Inceptisols,Aquepts,Humaquepts,Typic Humaquepts,,26.4105606,-80.1171799,3957,4631
1973-FL099-S50_016,517993,50628,49902,S1973-FL099-S50_016,2011,site_obsdate,1985,Developed,1,0,CONUS,v2025-11,,4/15/2011 0:00,Inceptisols,Aquepts,Humaquepts,Histic Humaquepts,,26.4141674,-80.1113434,3957,4631
1977-FL101-S51_004,518016,50907,50181,S1977-FL101-S51_004,2011,site_obsdate,1985,Developed,1,0,CONUS,v2025-11,,4/15/2011 0:00,Inceptisols,Aquepts,Humaquepts,Cumulic Humaquepts,,28.2870312,-82.4293137,3957,4632
1980-FL131-S66_027,518319,51142,50416,S1980-FL131-S66_027,2011,site_obsdate,1985,Developed,1,0,CONUS,v2025-11,,4/15/2011 0:00,Inceptisols,Aquepts,Humaquepts,Cumulic Humaquepts,,30.2938976,-86.02264404296875,3957,4647
1976-FL127-S64_030,518274,50873,50147,S1976-FL127-S64_030,2011,site_obsdate,1985,Developed,1,0,CONUS,v2025-11,,4/15/2011 0:00,Entisols,Aquents,Hydraquents,Typic Hydraquents,,29.4077339,-81.1215057,3957,4645
1969-FL113-S57_019,518167,50533,49807,S1969-FL113-S57_019,2011,site_obsdate,1985,Developed,1,0,CONUS,v2025-11,,4/15/2011 0:00,Ultisols,Udults,Kandiudults,Typic Kandiudults,,30.7704773,-87.1443176,3957,4638
1970-FL113-S57_006,518155,50552,49826,S1970-FL113-S57_006,2011,site_obsdate,1985,Developed,1,0,CONUS,v2025-11,,4/15/2011 0:00,Ultisols,Udults,Kandiudults,Typic Kandiudults,,30.9991035,-87.0346298,3957,4638
1972-FL063-S32_006,517647,50595,49869,S1972-FL063-S32_006,2011,site_obsdate,1985,Developed,1,0,CONUS,v2025-11,,4/15/2011 0:00,Ultisols,Udults,Kandiudults,Rhodic Kandiudults,,30.8175564,-85.2098159790039,3957,4613
1976-FL073-S37_012,517769,50834,50108,S1976-FL073-S37_012,2011,site_obsdate,1985,Developed,1,0,CONUS,v2025-11,,4/15/2011 0:00,Ultisols,Udults,Kandiudults,Arenic Kandiudults,,30.4897308,-84.2852402,3957,4618
1980-FL065-S33_001,517680,51132,50406,S1980-FL065-S33_001,2011,site_obsdate,1985,Developed,1,0,CONUS,v2025-11,,4/15/2011 0:00,Ultisols,Udults,Kandiudults,Arenic Kandiudults,,30.5210648,-84.0337219,3957,4614
1981-FL065-S33_013,517692,51182,50456,S1981-FL065-S33_013,2011,site_obsdate,1985,Developed,1,0,CONUS,v2025-11,,4/15/2011 0:00,Ultisols,Udults,Kandiudults,Typic Kandiudults,,30.4044132,-83.8908615,3957,4614
YYYY-FL033-S17_002,516046,51755,51029,YYYY-FL033-S17_002,2011,site_obsdate,1985,Developed,1,0,CONUS,v2025-11,,4/15/2011 0:00,Ultisols,Udults,Kandiudults,Grossarenic Kandiudults,,30.4711952,-87.2056808,3957,4598
YYYY-FL033-S17_008,518353,51761,51035,YYYY-FL033-S17_008,2011,site_obsdate,1985,Developed,1,0,CONUS,v2025-11,,4/15/2011 0:00,Ultisols,Udults,Kandiudults,Rhodic Kandiudults,,30.5823269,-87.2884445,3957,4598
YYYY-FL039-S20_017,518364,51780,51054,YYYY-FL039-S20_017,2011,site_obsdate,1985,Developed,1,0,CONUS,v2025-11,,4/15/2011 0:00,Ultisols,Udults,Kandiudults,Typic Kandiudults,,30.6407833,-84.4167252,3957,4601
1971-FL063-S32_005,517646,50569,49843,S1971-FL063-S32_005,2011,site_obsdate,1985,Developed,1,0,CONUS,v2025-11,,4/15/2011 0:00,Ultisols,Udults,Kanhapludults,Plinthic Kanhapludults,,30.7521973,-85.2299728,3957,4613
1988-FL013-S07_004,517199,51590,50864,S1988-FL013-S07_004,2011,site_obsdate,1985,Developed,1,0,CONUS,v2025-11,,4/15/2011 0:00,Ultisols,Aquults,Paleaquults,Plinthic Paleaquults,,30.5188885,-85.1155624,3957,4588
1982-FL119-S60_004,518198,51264,50538,S1982-FL119-S60_004,2011,site_obsdate,1985,Developed,1,0,CONUS,v2025-11,,4/15/2011 0:00,Alfisols,Udalfs,Paleudalfs,Arenic Paleudalfs,,28.7560635,-82.0192337,3957,4641
1965-FL083-S42_009,517849,50470,49744,S1965-FL083-S42_009,2011,site_obsdate,1985,Developed,1,0,CONUS,v2025-11,,4/15/2011 0:00,Ultisols,Udults,Paleudults,Grossarenic Paleudults,,29.1588192,-82.1114807,3957,4623
1967-FL083-S42_065,517862,50508,49782,S1967-FL083-S42_065,2011,site_obsdate,1985,Developed,1,0,CONUS,v2025-11,,4/15/2011 0:00,Ultisols,Udults,Paleudults,Grossarenic Paleudults,,29.1267815,-82.1067886,3957,4623
1970-FL113-S57_008,518157,50554,49828,S1970-FL113-S57_008,2011,site_obsdate,1985,Developed,1,0,CONUS,v2025-11,,4/15/2011 0:00,Ultisols,Udults,Paleudults,Plinthic Paleudults,,30.9988441,-87.042923,3957,4638
1972-FL001-S01_048,516050,50584,49858,S1972-FL001-S01_048,2011,site_obsdate,1985,Developed,1,0,CONUS,v2025-11,,4/15/2011 0:00,Ultisols,Udults,Paleudults,Psammentic Paleudults,,29.6373215,-82.3672256,3957,4582
1975-FL001-S01_058,516051,50703,49977,S1975-FL001-S01_058,2011,site_obsdate,1985,Developed,1,0,CONUS,v2025-11,,4/15/2011 0:00,Ultisols,Udults,Paleudults,Grossarenic Paleudults,,29.7125225,-82.1545029,3957,4582
1975-FL031-S16_010,517424,50710,49984,S1975-FL031-S16_010,2011,site_obsdate,1985,Developed,1,0,CONUS,v2025-11,,4/15/2011 0:00,Ultisols,Udults,Paleudults,Grossarenic Paleudults,,30.4544029,-81.6686859,3957,4597
1976-FL073-S37_009,517766,50831,50105,S1976-FL073-S37_009,2011,site_obsdate,1985,Developed,1,0,CONUS,v2025-11,,4/15/2011 0:00,Ultisols,Udults,Paleudults,Typic Paleudults,,30.50821304321289,-84.3486328,3957,4618
1977-FL105-S53_004,725095,50921,50195,S1977-FL105-S53_004,2011,site_obsdate,1985,Developed,1,0,CONUS,v2025-11,4/15/2011 0:00,4/15/2011 0:00,Ultisols,Udults,Paleudults,Grossarenic Paleudults,,27.9649029,-81.9193039,3957,4634
1978-FL001-S01_092,516084,50943,50217,S1978-FL001-S01_092,2011,site_obsdate,1985,Developed,1,0,CONUS,v2025-11,,4/15/2011 0:00,Ultisols,Udults,Paleudults,Grossarenic Paleudults,,29.7398148,-82.276001,3957,4582
1978-FL109-S55_021,517355,51015,50289,S1978-FL109-S55_021,2011,site_obsdate,1985,Developed,1,0,CONUS,v2025-11,,4/15/2011 0:00,Ultisols,Udults,Paleudults,Grossarenic Paleudults,,30.1131172,-81.5841522,3957,4636
1980-FL131-S66_030,518322,51145,50419,S1980-FL131-S66_030,2011,site_obsdate,1985,Developed,1,0,CONUS,v2025-11,,4/15/2011 0:00,Ultisols,Udults,Paleudults,Psammentic Paleudults,,30.966876983642578,-86.3744049,3957,4647
1981-FL065-S33_021,517700,51190,50464,S1981-FL065-S33_021,2011,site_obsdate,1985,Developed,1,0,CONUS,v2025-11,,4/15/2011 0:00,Ultisols,Udults,Paleudults,Grossarenic Paleudults,,30.3512554,-83.9545364,3957,4614
1986-FL091-S46_015,517933,51523,50797,S1986-FL091-S46_015,2011,site_obsdate,1985,Developed,1,0,CONUS,v2025-11,,4/15/2011 0:00,Ultisols,Udults,Paleudults,Aquic Paleudults,,30.9494667,-86.6932983,3957,4627
1988-FL003-S02_008,517103,51582,50856,S1988-FL003-S02_008,2011,site_obsdate,1985,Developed,1,0,CONUS,v2025-11,,4/15/2011 0:00,Ultisols,Udults,Paleudults,Grossarenic Paleudults,,30.3494034,-82.1284561,3957,4583
YYYY-FL033-S17_006,518347,51759,51033,YYYY-FL033-S17_006,2011,site_obsdate,1985,Developed,1,0,CONUS,v2025-11,,4/15/2011 0:00,Ultisols,Udults,Paleudults,Plinthic Paleudults,,30.5806713,-87.2926941,3957,4598
1970-FL099-S50_200,518011,50545,49819,S1970-FL099-S50_200,2011,site_obsdate,1985,Developed,1,0,CONUS,v2025-11,,4/15/2011 0:00,Entisols,Aquents,Psammaquents,Typic Psammaquents,,26.3370609,-80.1480484,3957,4631
1971-FL011-S06_004,517181,50560,49834,S1971FL011004,2011,site_obsdate,1985,Developed,1,0,CONUS,v2025-11,,4/15/2011 0:00,Entisols,Aquents,Psammaquents,Mollic Psammaquents,,26.0586357,-80.2968597,3957,4587
1972-FL011-S06_010,517187,50586,49860,S1972-FL011-S06_010,2011,site_obsdate,1985,Developed,1,0,CONUS,v2025-11,,4/15/2011 0:00,Entisols,Aquents,Psammaquents,Spodic Psammaquents,,26.0785999,-80.2518463,3957,4587
1973-FL099-S50_012,517989,50624,49898,S1973-FL099-S50_012,2011,site_obsdate,1985,Developed,1,0,CONUS,v2025-11,,4/15/2011 0:00,Entisols,Aquents,Psammaquents,Typic Psammaquents,,26.3767147,-80.0947266,3957,4631
1976-FL127-S64_029,518273,50872,50146,S1976-FL127-S64_029,2011,site_obsdate,1985,Developed,1,0,CONUS,v2025-11,,4/15/2011 0:00,Entisols,Aquents,Psammaquents,Spodic Psammaquents,,28.9624329,-81.0378952,3957,4645
1966-FL009-S05_001,517149,50479,49753,S1966-FL009-S05_001,2011,site_obsdate,1985,Developed,1,0,CONUS,v2025-11,,4/15/2011 0:00,Entisols,Psamments,Quartzipsamments,Typic Quartzipsamments,,28.4760437,-80.7788086,3957,4586
1967-FL009-S05_023,517165,50501,49775,S1967-FL009-S05_023,2011,site_obsdate,1985,Developed,1,0,CONUS,v2025-11,,4/15/2011 0:00,Entisols,Psamments,Quartzipsamments,Spodic Quartzipsamments,,28.1205444,-80.5871582,3957,4586
1967-FL009-S05_027,517169,50505,49779,S1967-FL009-S05_027,2011,site_obsdate,1985,Developed,1,0,CONUS,v2025-11,,4/15/2011 0:00,Entisols,Psamments,Quartzipsamments,Typic Quartzipsamments,,28.3876858,-80.7541351,3957,4586
1970-FL011-S06_001,517178,50536,49810,S1970-FL011-S06_001,2011,site_obsdate,1985,Developed,1,0,CONUS,v2025-11,,4/15/2011 0:00,Entisols,Psamments,Quartzipsamments,Aquic Quartzipsamments,,26.0865574,-80.2370911,3957,4587
1971-FL009-S05_050,517176,50557,49831,S1971-FL009-S05_050,2011,site_obsdate,1985,Developed,1,0,CONUS,v2025-11,,4/15/2011 0:00,Entisols,Psamments,Quartzipsamments,Typic Quartzipsamments,,28.049633026123047,-80.5494843,3957,4586
1973-FL097-S49_008,517951,50618,49892,S1973-FL097-S49_008,2011,site_obsdate,1985,Developed,1,0,CONUS,v2025-11,,4/15/2011 0:00,Entisols,Psamments,Quartzipsamments,Typic Quartzipsamments,,28.3032646,-81.6048279,3957,4630
1973-FL099-S50_020,517997,50632,49906,S1973-FL099-S50_020,2011,site_obsdate,1985,Developed,1,0,CONUS,v2025-11,,4/15/2011 0:00,Entisols,Psamments,Quartzipsamments,Typic Quartzipsamments,,26.5800552,-80.0843353,3957,4631
1973-FL099-S50_021,517998,50633,49907,S1973-FL099-S50_021,2011,site_obsdate,1985,Developed,1,0,CONUS,v2025-11,,4/15/2011 0:00,Entisols,Psamments,Quartzipsamments,Spodic Quartzipsamments,,26.882719039916992,-80.0623398,3957,4631
1973-FL099-S50_025,518002,50637,49911,S1973-FL099-S50_025,2011,site_obsdate,1985,Developed,1,0,CONUS,v2025-11,,4/15/2011 0:00,Entisols,Psamments,Quartzipsamments,Typic Quartzipsamments,,26.5803509,-80.0387421,3957,4631
1974-FL031-S16_007,517421,50653,49927,S1974-FL031-S16_007,2011,site_obsdate,1985,Developed,1,0,CONUS,v2025-11,,4/15/2011 0:00,Entisols,Psamments,Quartzipsamments,Typic Quartzipsamments,,30.3608685,-81.4901657,3957,4597
1975-FL073-S37_001,517758,50751,50025,S1975-FL073-S37_001,2011,site_obsdate,1985,Developed,1,0,CONUS,v2025-11,,4/15/2011 0:00,Entisols,Psamments,Quartzipsamments,Typic Quartzipsamments,,30.3872108,-84.4101944,3957,4618
1975-FL111-S56_003,518118,50772,50046,S1975-FL111-S56_003,2011,site_obsdate,1985,Developed,1,0,CONUS,v2025-11,,4/15/2011 0:00,Entisols,Psamments,Quartzipsamments,Spodic Quartzipsamments,,27.4355412,-80.3195114,3957,4637
1976-FL085-S43_009,517336,50845,50119,S1976-FL085-S43_009,2011,site_obsdate,1985,Developed,1,0,CONUS,v2025-11,,4/15/2011 0:00,Entisols,Psamments,Quartzipsamments,Typic Quartzipsamments,,27.096981048583984,-80.1669388,3957,4624
1976-FL085-S43_012,517339,50848,50122,S1976-FL085-S43_012,2011,site_obsdate,1985,Developed,1,0,CONUS,v2025-11,,4/15/2011 0:00,Entisols,Psamments,Quartzipsamments,Spodic Quartzipsamments,,27.2129173,-80.174263,3957,4624
1977-FL071-S36_002,517732,50880,50154,S1977-FL071-S36_002,2011,site_obsdate,1985,Developed,1,0,CONUS,v2025-11,,4/15/2011 0:00,Entisols,Psamments,Quartzipsamments,Aquic Quartzipsamments,,26.4459114,-82.0424042,3957,4617
1977-FL073-S37_016,517773,50888,50162,S1977-FL073-S37_016,2011,site_obsdate,1985,Developed,1,0,CONUS,v2025-11,,4/15/2011 0:00,Entisols,Psamments,Quartzipsamments,Typic Quartzipsamments,,30.3693008,-84.1846161,3957,4618
1977-FL073-S37_024,517781,50896,50170,S1977FL073024,2011,site_obsdate,1985,Developed,1,0,CONUS,v2025-11,,4/15/2011 0:00,Entisols,Psamments,Quartzipsamments,Typic Quartzipsamments,,30.3718243,-84.4384995,3957,4618
1978-FL101-S51_029,518037,50999,50273,S1978-FL101-S51_029,2011,site_obsdate,1985,Developed,1,0,CONUS,v2025-11,,4/15/2011 0:00,Entisols,Psamments,Quartzipsamments,Typic Quartzipsamments,,28.43060302734375,-82.5485001,3957,4632
1978-FL109-S55_016,517350,51010,50284,S1978FL109016,2011,site_obsdate,1985,Developed,1,0,CONUS,v2025-11,,4/15/2011 0:00,Entisols,Psamments,Quartzipsamments,Typic Quartzipsamments,,29.81663703918457,-81.3556747,3957,4636
1978-FL109-S55_027,517361,51021,50295,S1978-FL109-S55_027,2011,site_obsdate,1985,Developed,1,0,CONUS,v2025-11,,4/15/2011 0:00,Entisols,Psamments,Quartzipsamments,Typic Quartzipsamments,,29.8075199,-81.2649155,3957,4636
1979-FL005-S03_005,517122,51036,50310,S1979-FL005-S03_005,2011,site_obsdate,1985,Developed,1,0,CONUS,v2025-11,,4/15/2011 0:00,Entisols,Psamments,Quartzipsamments,Spodic Quartzipsamments,,30.2080173,-85.8442917,3957,4584
1980-FL011-S06_017,517194,51102,50376,S1980-FL011-S06_017,2011,site_obsdate,1985,Developed,1,0,CONUS,v2025-11,,4/15/2011 0:00,Entisols,Psamments,Quartzipsamments,Spodic Quartzipsamments,,25.9959221,-80.1838531,3957,4587
1981-FL017-S09_018,517253,51172,50446,S1981-FL017-S09_018,2011,site_obsdate,1985,Developed,1,0,CONUS,v2025-11,,4/15/2011 0:00,Entisols,Psamments,Quartzipsamments,Lithic Quartzipsamments,,28.91326904296875,-82.6143494,3957,4590
1982-FL061-S31_015,517636,51245,50519,S1982-FL061-S31_015,2011,site_obsdate,1985,Developed,1,0,CONUS,v2025-11,,4/15/2011 0:00,Entisols,Psamments,Quartzipsamments,Typic Quartzipsamments,,27.5719662,-80.3796616,3957,4612
1983-FL061-S31_020,517641,51293,50567,S1983-FL061-S31_020,2011,site_obsdate,1985,Developed,1,0,CONUS,v2025-11,,4/15/2011 0:00,Entisols,Psamments,Quartzipsamments,Typic Quartzipsamments,,27.7541466,-80.3919754,3957,4612
1985-FL091-S46_001,517919,51435,50709,S1985-FL091-S46_001,2011,site_obsdate,1985,Developed,1,0,CONUS,v2025-11,,4/15/2011 0:00,Entisols,Psamments,Quartzipsamments,Spodic Quartzipsamments,,30.3852501,-86.4167023,3957,4627
1985-FL091-S46_005,517923,51437,50711,S1985-FL091-S46_005,2011,site_obsdate,1985,Developed,1,0,CONUS,v2025-11,,4/15/2011 0:00,Entisols,Psamments,Quartzipsamments,Typic Quartzipsamments,,30.7504368,-86.4586411,3957,4627
1986-FL007-S04_007,517145,51459,50733,S1986-FL007-S04_007,2011,site_obsdate,1985,Developed,1,0,CONUS,v2025-11,,4/15/2011 0:00,Entisols,Psamments,Quartzipsamments,Lamellic Quartzipsamments,,29.7696552,-82.0568008,3957,4585
1986-FL035-S18_013,517452,51474,50748,S1986-FL035-S18_013,2011,site_obsdate,1985,Developed,1,0,CONUS,v2025-11,,4/15/2011 0:00,Entisols,Psamments,Quartzipsamments,Typic Quartzipsamments,,29.6439857,-81.2760086,3957,4599
1986-FL035-S18_014,517453,51475,50749,S1986FL035014,2011,site_obsdate,1985,Developed,1,0,CONUS,v2025-11,,4/15/2011 0:00,Entisols,Psamments,Quartzipsamments,Aquic Quartzipsamments,,29.6438999,-81.2758408,3957,4599
1986-FL037-S19_001,517462,51477,50751,S1986-FL037-S19_001,2011,site_obsdate,1985,Developed,1,0,CONUS,v2025-11,,4/15/2011 0:00,Entisols,Psamments,Quartzipsamments,Spodic Quartzipsamments,,29.8503838,-84.6528168,3957,4600
1986-FL037-S19_002,517463,51478,50752,S1986-FL037-S19_002,2011,site_obsdate,1985,Developed,1,0,CONUS,v2025-11,,4/15/2011 0:00,Entisols,Psamments,Quartzipsamments,Typic Quartzipsamments,,29.9327831,-84.3950424,3957,4600
1986-FL075-S38_011,517799,51498,50772,S1986-FL075-S38_011,2011,site_obsdate,1985,Developed,1,0,CONUS,v2025-11,,4/15/2011 0:00,Entisols,Psamments,Quartzipsamments,Typic Quartzipsamments,,29.4322968,-82.5767517,3957,4619
1988-FL013-S07_011,517206,51597,50871,S1988-FL013-S07_011,2011,site_obsdate,1985,Developed,1,0,CONUS,v2025-11,,4/15/2011 0:00,Entisols,Psamments,Quartzipsamments,Aquic Quartzipsamments,,30.421669006347656,-85.3066711,3957,4588
1994-FL089-S45_003,517889,51743,51017,S1994-FL089-S45_003,2011,site_obsdate,1985,Developed,1,0,CONUS,v2025-11,,4/15/2011 0:00,Entisols,Psamments,Quartzipsamments,Spodic Quartzipsamments,,30.5731525,-81.4515915,3957,4626
YYYY-FL033-S17_004,518342,51757,51031,YYYY-FL033-S17_004,2011,site_obsdate,1985,Developed,1,0,CONUS,v2025-11,,4/15/2011 0:00,Entisols,Psamments,Quartzipsamments,Aquic Quartzipsamments,,30.976572036743164,-87.2465057,3957,4598
1990-FL029-S15_011,517409,51707,50981,S1990-FL029-S15_011,2011,site_obsdate,1985,Developed,1,0,CONUS,v2025-11,,4/15/2011 0:00,Entisols,Aquents,Sulfaquents,Typic Sulfaquents,,29.4144382,-83.2019424,3957,4596
1979-FL109-S55_038,518114,51063,50337,S1979FL109038,2011,site_obsdate,1985,Developed,1,0,CONUS,v2025-11,,4/15/2011 0:00,Entisols,Psamments,Udipsamments,Aquic Udipsamments,,29.8932037,-81.3020706,3957,4636
1971-FL099-S50_001,517978,50574,49848,S1971FL099001,2011,site_obsdate,1985,Developed,1,0,CONUS,v2025-11,11/21/2012 0:00,4/15/2011 0:00,spodosols,aquods,alaquods,aeric alaquods,,26.6319447,-80.1418762,3957,4631
S1975-FL031-S16_009,904316,50709,49983,S1975-FL031-S16_009,2011,site_obsdate,1985,Developed,1,0,CONUS,v2025-11,,4/15/2011 0:00,spodosols,aquods,alaquods,aeric alaquods,sandy,30.4957619,-81.6261749,3957,4597
S1973FL099013,874399,50625,49899,S1973FL099013,2011,site_obsdate,1985,Developed,1,0,CONUS,v2025-11,,4/15/2011 0:00,spodosols,aquods,alaquods,alfic alaquods,sandy over loamy,26.7532253,-80.2266388,3957,4631
S1974FL097016,874398,50673,49947,S1974FL097016,2011,site_obsdate,1985,Developed,1,0,CONUS,v2025-11,,4/15/2011 0:00,spodosols,aquods,alaquods,alfic alaquods,sandy over loamy,28.1856422,-81.4909363,3957,4630
S1973FL097012,968993,50622,49896,S1973FL097012,2011,site_obsdate,1985,Developed,1,0,CONUS,v2025-11,,4/15/2011 0:00,spodosols,aquods,alaquods,ultic alaquods,sandy,28.1853676,-81.4986267,3957,4630
S1978FL071022,969061,50978,50252,S1978FL071022,2011,site_obsdate,1985,Developed,1,0,CONUS,v2025-11,4/15/2011 0:00,4/15/2011 0:00,spodosols,aquods,alaquods,aeric alaquods,sandy,26.6506519,-82.1259384,3957,4617
S1973FL097-S49_011,517954,50621,49895,S1973FL097011,2011,site_obsdate,1985,Developed,1,0,CONUS,v2025-11,4/15/2011 0:00,4/15/2011 0:00,spodosols,orthods,alorthods,oxyaquic alorthods,sandy,28.13426399230957,-81.0674133,3957,4630
S1973FL127-S64_003,518247,50646,49920,S1973FL127003,2011,site_obsdate,1985,Developed,1,0,CONUS,v2025-11,4/15/2011 0:00,4/15/2011 0:00,spodosols,orthods,alorthods,oxyaquic alorthods,sandy,29.077219009399414,-81.0373611,3957,4645
S1983FL107-S54_011,518080,51319,50593,S1983FL107011,2011,site_obsdate,1985,Developed,1,0,CONUS,v2025-11,4/15/2011 0:00,4/15/2011 0:00,spodosols,orthods,alorthods,oxyaquic alorthods,sandy,29.7372112,-81.6596375,3957,4635
S1984-FL089-S45_010,903498,51372,50646,S1984-FL089-S45_010,2011,site_obsdate,1985,Developed,1,0,CONUS,v2025-11,10/4/1984 0:00,4/15/2011 0:00,spodosols,orthods,alorthods,oxyaquic alorthods,sandy,30.6034279,-81.5896835,3957,4626
S1979FL101034,1184782,51055,50329,S1979FL101034,2011,site_obsdate,1985,Developed,1,0,CONUS,v2025-11,,4/15/2011 0:00,mollisols,aquolls,argiaquolls,typic argiaquolls,fine-loamy,28.2712444,-82.0965778,3957,4632
S1969FL009041,874410,50514,49788,S1969-FL009-S05_041,2011,site_obsdate,1985,Developed,1,0,CONUS,v2025-11,4/15/2011 0:00,4/15/2011 0:00,alfisols,aqualfs,endoaqualfs,grossarenic endoaqualfs,loamy,28.41722297668457,-80.8364639,3957,4586
1967-FL009-S05_015,517162,50498,49772,S1967-FL009-S05_015,2011,site_obsdate,1985,Developed,1,0,CONUS,v2025-11,,4/15/2011 0:00,alfisols,aqualfs,endoaqualfs,grossarenic endoaqualfs,loamy,28.3639393,-80.7961502,3957,4586
S1971FL099002,968904,50575,49849,S1971FL099002,2011,site_obsdate,1985,Developed,1,0,CONUS,v2025-11,4/9/2014 0:00,4/15/2011 0:00,alfisols,aqualfs,glossaqualfs,arenic glossaqualfs,loamy,26.642066955566406,-80.1768799,3957,4631
S1971FL099-S50_008,517985,50581,49855,S1971-FL099-S50_008,2011,site_obsdate,1985,Developed,1,0,CONUS,v2025-11,,4/15/2011 0:00,histosols,saprists,haplosaprists,lithic haplosaprists,,26.6120605,-80.6798477,3957,4631
S1983FL105017,968967,51308,50582,S1983FL105017,2011,site_obsdate,1985,Developed,1,0,CONUS,v2025-11,,4/15/2011 0:00,histosols,saprists,haplosaprists,terric haplosaprists,sandy or sandy-skeletal,28.0074215,-81.6217728,3957,4634
YYYY-FL033-S17_005,838437,51758,51032,YYYY-FL033-S17_005,2011,site_obsdate,1985,Developed,1,0,CONUS,v2025-11,,4/15/2011 0:00,ultisols,udults,paleudults,plinthaquic paleudults,coarse-loamy,30.5976048,-87.3292923,3957,4598
S1973FL099026,968982,50638,49912,S1973FL099026,2011,site_obsdate,1985,Developed,1,0,CONUS,v2025-11,,4/15/2011 0:00,entisols,aquents,psammaquents,lithic psammaquents,,26.3360996,-80.2275467,3957,4631
S1973FL099011,874395,50623,49897,S1973FL099011,2011,site_obsdate,1985,Developed,1,0,CONUS,v2025-11,,4/15/2011 0:00,entisols,aquents,psammaquents,spodic psammaquents,,26.7899169921875,-80.0927124,3957,4631
S1973FL099022,874396,50634,49908,S1973FL099022,2011,site_obsdate,1985,Developed,1,0,CONUS,v2025-11,,4/15/2011 0:00,entisols,aquents,psammaquents,spodic psammaquents,,26.6945305,-80.0775528,3957,4631
S1971FL095015,968997,50572,49846,S1971FL095015,2011,site_obsdate,1985,Developed,1,0,CONUS,v2025-11,,4/15/2011 0:00,entisols,psamments,quartzipsamments,aquic quartzipsamments,,28.3739223,-81.5938949584961,3957,4629
S1977FL071008,969046,50886,50160,S1977FL071008,2011,site_obsdate,1985,Developed,1,0,CONUS,v2025-11,,4/15/2011 0:00,entisols,psamments,quartzipsamments,aquic quartzipsamments,,26.3437004,-81.8154602,3957,4617
S1978FL023005,952533,50957,50231,S1978-FL023-S12_005,2011,site_obsdate,1985,Developed,1,0,CONUS,v2025-11,,4/15/2011 0:00,entisols,psamments,quartzipsamments,lamellic quartzipsamments,,29.9873314,-82.7684021,3957,4593
S1966FL009002,968928,50480,49754,S1966-FL009-S05_002,2011,site_obsdate,1985,Developed,1,0,CONUS,v2025-11,,4/15/2011 0:00,entisols,psamments,quartzipsamments,spodic quartzipsamments,,28.6571465,-80.8633041,3957,4586
S1974FL053007,952624,50655,49929,S1974-FL053-S27_007,2011,site_obsdate,1985,Developed,1,0,CONUS,v2025-11,,4/15/2011 0:00,entisols,psamments,quartzipsamments,spodic quartzipsamments,,28.5101967,-82.576622,3957,4608
S1978FL109015,968929,51009,50283,S1978-FL109-S55_015,2011,site_obsdate,1985,Developed,1,0,CONUS,v2025-11,,4/15/2011 0:00,entisols,psamments,quartzipsamments,spodic quartzipsamments,,29.8298531,-81.3243942,3957,4636
S1982FL061013,968933,51243,50517,S1982-FL061-S31_013,2011,site_obsdate,1985,Developed,1,0,CONUS,v2025-11,,4/15/2011 0:00,entisols,psamments,quartzipsamments,spodic quartzipsamments,,27.573060989379883,-80.3775482,3957,4612
S1975FL053022,952568,50730,50004,S1975-FL053-S27_022,2011,site_obsdate,1985,Developed,1,0,CONUS,v2025-11,,4/15/2011 0:00,entisols,psamments,quartzipsamments,typic quartzipsamments,,28.5292492,-82.5096283,3957,4608
S1975FL111010,968942,50779,50053,S1975FL111010,2011,site_obsdate,1985,Developed,1,0,CONUS,v2025-11,,4/15/2011 0:00,entisols,psamments,quartzipsamments,typic quartzipsamments,,27.418046951293945,-80.3150558,3957,4637
S1978FL101022,952554,50994,50268,S1978-FL101-S51_022,2011,site_obsdate,1985,Developed,1,0,CONUS,v2025-11,,4/15/2011 0:00,entisols,psamments,quartzipsamments,typic quartzipsamments,,28.3842831,-82.3980713,3957,4632
S1982FL061014,969002,51244,50518,S1982FL061014,2011,site_obsdate,1985,Developed,1,0,CONUS,v2025-11,,4/15/2011 0:00,entisols,psamments,quartzipsamments,typic quartzipsamments,,27.5726242,-80.3784256,3957,4612
81NE059011,956638,8588,8588,81NE059011,1981,site_obsdate,1985,Developed,1,1,CONUS,v2025-11,8/3/1999 0:00,6/1/1981 0:00,mollisols,ustolls,argiustolls,udic argiustolls,fine-loamy,40.5558333,-97.3877778,3982,6141
81WI069002,956563,8382,8382,81WI069002,1981,site_obsdate,1985,Developed,1,1,CONUS,v2025-11,,6/1/1981 0:00,inceptisols,udepts,dystrudepts,typic dystrudepts,sandy,45.1361111,-89.6236111,4007,7441
81WV109012,956657,8612,8612,81WV109012,1981,site_obsdate,1985,Developed,1,1,CONUS,v2025-11,4/3/1984 0:00,6/1/1981 0:00,inceptisols,ochrepts,fragiochrepts,typic fragiochrepts,fine-loamy,37.5625,-81.51249694824219,4008,7533
81WA073009,120576,8632,8632,S1981WA073009,1981,site_obsdate,1985,Developed,1,1,CONUS,v2025-11,6/3/1981 0:00,6/1/1981 0:00,inceptisols,aquepts,haplaquepts,aeric haplaquepts,fine-loamy over sandy or sandy-skeletal,48.9713898,-122.4402771,4006,7404
81MS059003,956666,8667,8667,81MS059003,1981,site_obsdate,1985,Developed,1,1,CONUS,v2025-11,7/3/1984 0:00,6/1/1981 0:00,entisols,argids,haplargids,xeric haplargids,,30.6536111,-88.5172222,3978,5849
75PA027001,956586,8451,8451,75PA027001,1981,site_obsdate,1985,Developed,1,1,CONUS,v2025-11,6/3/1985 0:00,6/1/1981 0:00,alfisols,udalfs,hapludalfs,typic hapludalfs,fine,40.7152778,-77.9361111,3992,6562
79IA015003,956500,8268,8268,79IA015003,1981,site_obsdate,1985,Developed,1,1,CONUS,v2025-11,,6/1/1981 0:00,mollisols,udolls,hapludolls,typic hapludolls,fine-loamy,42.0230556,-93.7713889,3963,4825
81WA073010,120577,8633,8633,S1981WA073010,1981,site_obsdate,1985,Developed,1,1,CONUS,v2025-11,6/3/1981 0:00,6/1/1981 0:00,inceptisols,aquepts,humaquepts,aquandic humaquepts,loamy,48.8886108,-122.5994415,4006,7404
81LA027001,956549,8368,8368,81LA027001,1981,site_obsdate,1985,Developed,1,1,CONUS,v2025-11,3/3/1982 0:00,6/1/1981 0:00,ultisols,udults,paleudults,typic paleudults,fine-loamy,32.9072222,-92.7461111,3969,5393
81TX337001,113879,9254,9254,S1981TX337001,1981,site_obsdate,1985,Developed,1,1,CONUS,v2025-11,6/3/1981 0:00,6/1/1981 0:00,alfisols,ustalfs,paleustalfs,udic paleustalfs,fine,33.5011101,-97.7874985,4000,7090
81IL017007,121229,10099,10099,S1981IL017007,1981,site_obsdate,1985,Developed,1,1,CONUS,v2025-11,6/1/1981 0:00,6/1/1981 0:00,entisols,fluvents,udifluvents,typic udifluvents,coarse-silty,39.9855537,-90.3213882,3965,4969
81IL017030,121150,9951,9951,S1981IL017030,1981,site_obsdate,1985,Developed,1,1,CONUS,v2025-11,6/1/1981 0:00,6/1/1981 0:00,entisols,orthents,udorthents,typic udorthents,coarse-silty,39.9524994,-90.0908356,3965,4969
82KS021018,956990,9703,9703,82KS021018,1982,site_obsdate,1985,Developed,1,1,CONUS,v2025-11,,6/1/1982 0:00,alfisols,aqualfs,albaqualfs,mollic albaqualfs,fine,37.0313889,-94.8638889,3967,5165
82ID043008,956918,9603,9603,82ID043008,1982,site_obsdate,1985,Developed,1,1,CONUS,v2025-11,7/3/1988 0:00,6/1/1982 0:00,mollisols,borolls,cryoborolls,pachic cryoborolls,coarse-silty,44.0847222,-111.23249816894531,3964,4938
S1982IN153031,110034,9409,9409,S1982IN153031,1982,site_obsdate,1985,Developed,1,1,CONUS,v2025-11,6/1/1982 0:00,6/1/1982 0:00,alfisols,aqualfs,endoaqualfs,aeric endoaqualfs,fine-silty,39.1569061,-87.4081726,3966,5139
S1982IN153032,110035,9410,9410,S1982IN153032,1982,site_obsdate,1985,Developed,1,1,CONUS,v2025-11,6/1/1982 0:00,6/1/1982 0:00,alfisols,aqualfs,endoaqualfs,aeric endoaqualfs,fine-silty,39.1569061,-87.4081726,3966,5139
S1982IN021054,109988,9414,9414,S1982IN021054,1982,site_obsdate,1985,Developed,1,1,CONUS,v2025-11,6/1/1982 0:00,6/1/1982 0:00,alfisols,udalfs,fragiudalfs,oxyaquic fragiudalfs,fine-silty,39.2847366,-87.0758591,3966,5073
S1982IN021057,109991,9416,9416,S1982IN021057,1982,site_obsdate,1985,Developed,1,1,CONUS,v2025-11,6/1/1982 0:00,6/1/1982 0:00,alfisols,udalfs,fragiudalfs,oxyaquic fragiudalfs,fine-silty,39.2847366,-87.0758591,3966,5073
S1982IN021051,109985,9417,9417,S1982IN021051,1982,site_obsdate,1985,Developed,1,1,CONUS,v2025-11,6/1/1982 0:00,6/1/1982 0:00,alfisols,udalfs,fragiudalfs,oxyaquic fragiudalfs,fine-silty,39.2845955,-87.0716934,3966,5073
S1982IN119021,110025,9413,9413,S1982IN119021,1982,site_obsdate,1985,Developed,1,1,CONUS,v2025-11,6/1/1982 0:00,6/1/1982 0:00,alfisols,aqualfs,ochraqualfs,aeric ochraqualfs,,39.2264328,-87.0447159,3966,5122
81KY231001,956956,9654,9654,81KY231001,1982,site_obsdate,1985,Developed,1,1,CONUS,v2025-11,10/3/1984 0:00,6/1/1982 0:00,ultisols,udults,paleudults,typic paleudults,clayey,36.8497222,-84.9230556,3968,5375
81TX143002,1216480,9250,9250,81TX143002,1982,site_obsdate,1985,Developed,1,1,CONUS,v2025-11,1/3/1986 0:00,6/1/1982 0:00,alfisols,ustalfs,paleustalfs,udic paleustalfs,fine-loamy,32.0536111,-98.37000274658203,4000,6993
S1982WA015003,106653,9360,9360,S1982WA015003,1982,site_obsdate,1985,Developed,1,1,CONUS,v2025-11,6/3/1982 0:00,6/1/1982 0:00,entisols,aquents,psammaquents,typic psammaquents,,46.2667465,-122.9148254,4006,7375
S1982WA015005,106655,9362,9362,S1982WA015005,1982,site_obsdate,1985,Developed,1,1,CONUS,v2025-11,6/3/1982 0:00,6/1/1982 0:00,entisols,psamments,xeropsamments,typic xeropsamments,,46.1109123,-122.8884354,4006,7375
S1956AK090001,109598,590,590,S1956AK090001,1956,site_obsdate,1985,Developed,1,1,Alaska Main,v2024-10,6/1/1956 0:00,6/1/1956 0:00,,,,,,64.8844452,-147.789444,3946,4268
S1959AK090002,109603,593,593,S1959AK090002,1959,site_obsdate,1985,Developed,1,1,Alaska Main,v2024-10,6/1/1959 0:00,6/1/1959 0:00,,,,,,64.7941666,-147.9894409,3946,4268
S1958AK090001,109600,629,629,S1958AK090001,1958,site_obsdate,1985,Developed,1,1,Alaska Main,v2024-10,9/3/1958 0:00,9/3/1958 0:00,,,,,,64.8146667,-147.7346039,3946,4268
S1969AK164001,109623,5610,5610,S1969AK164001,1969,site_obsdate,1985,Developed,1,1,Alaska Main,v2024-10,7/9/1969 0:00,7/9/1969 0:00,,,,,,58.7000008,-156.6833344,3946,4274
74AK090002,955904,6265,6265,74AK090002,1974,site_obsdate,1985,Developed,1,1,Alaska Main,v2024-10,,6/1/1974 0:00,,,,,,64.9094444,-147.6258333,3946,4268
90AK110001,126715,17192,17192,S1990AK110001,1990,site_obsdate,1985,Developed,1,0,Alaska Main,v2024-10,7/1/1990 0:00,7/1/1990 0:00,spodosols,orthods,cryorthods,typic cryorthods,,58.3958321,-134.5616608,3946,4270
S07VI010001,251794,34003,33806,D07VI010001,2006,site_obsdate,1985,Developed,1,0,Puerto Rico and U.S. Virgin Islands,v2024-10,11/13/2006 0:00,11/13/2006 0:00,mollisols,ustolls,calciustolls,typic calciustolls,,17.718276977539062,-64.795166015625,4004,7350
91VI010001,126953,17497,17497,S1991VI010001,1991,site_obsdate,1985,Developed,1,0,Puerto Rico and U.S. Virgin Islands,v2024-10,7/3/1991 0:00,7/1/1991 0:00,mollisols,ustolls,calciustolls,typic calciustolls,coarse-loamy,17.7266674,-64.734169,4004,7350
S1963PR063001,105462,520,520,S1963PR063001,1963,site_obsdate,1985,Developed,1,1,Puerto Rico and U.S. Virgin Islands,v2024-10,9/30/1963 0:00,9/30/1963 0:00,vertisols,aquerts,epiaquerts,aeric epiaquerts,clayey over loamy,18.2525005,-66.9902802,3994,6648
S1959PR009001,105431,554,554,S1959PR009001,1959,site_obsdate,1985,Developed,1,1,Puerto Rico and U.S. Virgin Islands,v2024-10,12/17/1959 0:00,12/17/1959 0:00,ultisols,humults,haplohumults,typic haplohumults,very-fine,18.1355553,-66.2872238,3994,6620
88PR069002,124864,14864,14864,S1988PR069002,1988,site_obsdate,1985,Developed,1,0,Puerto Rico and U.S. Virgin Islands,v2024-10,2/1/1988 0:00,2/1/1988 0:00,ultisols,humults,haplohumults,typic haplohumults,fine,18.1872215,-65.7991638,3994,6651
S1961PR127001,105516,159,159,S1961PR127001,1961,site_obsdate,1985,Developed,1,1,Puerto Rico and U.S. Virgin Islands,v2024-10,10/11/1961 0:00,10/11/1961 0:00,alfisols,udalfs,hapludalfs,aquic hapludalfs,fine,18.3950005,-66.0530548,3994,6680
S1959PR019008,105446,146,146,S1959PR019008,1959,site_obsdate,1985,Developed,1,1,Puerto Rico and U.S. Virgin Islands,v2024-10,12/16/1959 0:00,12/16/1959 0:00,oxisols,udox,hapludox,typic hapludox,very-fine,18.2391663,-66.2838898,3994,6625
89PR071001,125659,15883,15883,S1989PR071001,1989,site_obsdate,1985,Developed,1,0,Puerto Rico and U.S. Virgin Islands,v2024-10,2/1/1989 0:00,2/1/1989 0:00,oxisols,udox,hapludox,inceptic hapludox,fine-loamy,18.4883327,-67.0283356,3994,6652
D99PR079001,220194,21401,21401,D99PR079001,1994,site_obsdate,1985,Developed,1,0,Puerto Rico and U.S. Virgin Islands,v2024-10,6/17/1994 0:00,6/17/1994 0:00,vertisols,usterts,haplusterts,typic haplusterts,fine,18.0388889,-67.0680556,3994,6656
91VI010004,126956,17500,17500,S1991VI010004,1991,site_obsdate,1985,Developed,1,0,Puerto Rico and U.S. Virgin Islands,v2024-10,8/3/1991 0:00,8/1/1991 0:00,vertisols,usterts,haplusterts,sodic haplusterts,fine,17.7022228,-64.8352814,4004,7350
S1961PR023001,105451,537,537,S1961PR023001,1961,site_obsdate,1985,Developed,1,1,Puerto Rico and U.S. Virgin Islands,v2024-10,3/20/1961 0:00,3/20/1961 0:00,mollisols,ustolls,haplustolls,lithic haplustolls,loamy,18.0388889,-67.1077805,3994,6627
64VI010001,127937,527,527,S1964VI010001,1964,site_obsdate,1985,Developed,1,1,Puerto Rico and U.S. Virgin Islands,v2024-10,9/1/1964 0:00,9/1/1964 0:00,mollisols,ustolls,haplustolls,fluventic haplustolls,fine-loamy,17.7230549,-64.8230591,4004,7350
S1959PR019004,105442,581,581,S1959PR019004,1959,site_obsdate,1985,Developed,1,1,Puerto Rico and U.S. Virgin Islands,v2024-10,12/12/1959 0:00,12/12/1959 0:00,oxisols,udox,kandiudox,typic kandiudox,very-fine,18.2413883,-66.2825012,3994,6625
89PR101001,125665,15889,15889,S1989PR101001,1989,site_obsdate,1985,Developed,1,0,Puerto Rico and U.S. Virgin Islands,v2024-10,2/1/1989 0:00,2/1/1989 0:00,ultisols,udults,paleudults,vertic paleudults,very-fine,18.3594437,-66.4358368,3994,6667
D97PR079002,219104,23339,23339,D97PR079002,1997,site_obsdate,1985,Developed,1,0,Puerto Rico and U.S. Virgin Islands,v2024-10,6/18/1997 0:00,6/18/1997 0:00,entisols,orthents,torriorthents,typic torriorthents,clayey,17.9777778,-67.0930556,3994,6656
S2014PR113001,979092,74319,134915,S2014PR113001,2014,samp_classdate,1985,Developed,1,0,Puerto Rico and U.S. Virgin Islands,v2024-10,10/28/2014 0:00,,mollisols,ustolls,calciustolls,aridic calciustolls,,18.0224722,-66.6137778,3994,6673
