upedonid,peiid,pedon_key,site_key,usiteid,Yearlabel,year_source,baseline_year,baseline_land_use,baseline_developed,sampled_before_1985,region_group,lcms_version,samp_classdate,site_obsdate,TAXORDER,TAXSUBORDER,GREATGROUP,SUBGROUP,PARTICLESIZE,latitude,longitude,state_key,county_key
S1957AR107002,107673,4161,4161,S1957AR107002,1957,site_obsdate,1985,Developed,1,1,CONUS,v2025-11,8/16/1957 0:00,8/16/1957 0:00,,,,,,34.5558319,-90.8294449,3948,4407
S1971FL099001,109843,4016,4016,S1971FL099001,1971,site_obsdate,1985,Developed,1,1,CONUS,v2025-11,7/14/1971 0:00,7/14/1971 0:00,,,,,,26.632087,-80.1420225,3957,4631
S1960FL121031,100626,4791,4791,S1960FL121031,1960,site_obsdate,1985,Developed,1,1,CONUS,v2025-11,2/25/1960 0:00,2/25/1960 0:00,,,,,,30.2682877,-82.9918213,3957,4642
S1953FL115003,100596,4821,4821,S1953FL115003,1953,site_obsdate,1985,Developed,1,1,CONUS,v2025-11,5/1/1953 0:00,5/1/1953 0:00,,,,,,26.9836693,-82.3651428,3957,4639
S1953FL033012,100570,4826,4826,S1953FL033012,1953,site_obsdate,1985,Developed,1,1,CONUS,v2025-11,5/26/1953 0:00,5/26/1953 0:00,,,,,,30.7329979,-87.3513947,3957,4598
S1953FL033015,100573,4829,4829,S1953FL033015,1953,site_obsdate,1985,Developed,1,1,CONUS,v2025-11,5/26/1953 0:00,5/26/1953 0:00,,,,,,30.325510025024414,-87.3747253,3957,4598
S1953FL115004,100597,4831,4831,S1953FL115004,1953,site_obsdate,1985,Developed,1,1,CONUS,v2025-11,5/1/1953 0:00,5/1/1953 0:00,,,,,,27.1858845,-82.4862595,3957,4639
S1953FL033014,100572,4848,4848,S1953FL033014,1953,site_obsdate,1985,Developed,1,1,CONUS,v2025-11,5/26/1953 0:00,5/26/1953 0:00,,,,,,30.7329979,-87.3513947,3957,4598
S1962GA225007,100938,4878,4878,S1962GA225007,1962,site_obsdate,1985,Developed,1,1,CONUS,v2025-11,4/4/1962 0:00,4/4/1962 0:00,,,,,,32.5540581,-83.8760147,3960,4763
S1962GA225009,100940,4879,4879,S1962GA225009,1962,site_obsdate,1985,Developed,1,1,CONUS,v2025-11,4/4/1962 0:00,4/4/1962 0:00,,,,,,32.5640602,-83.8993454,3960,4763
S1962GA225023,100948,4881,4881,S1962GA225023,1962,site_obsdate,1985,Developed,1,1,CONUS,v2025-11,7/18/1962 0:00,7/18/1962 0:00,,,,,,32.5735016,-83.8940735,3960,4763
S1956GA277005,100960,4901,4901,S1956GA277005,1956,site_obsdate,1985,Developed,1,1,CONUS,v2025-11,2/1/1956 0:00,2/1/1956 0:00,,,,,,31.3465919,-83.587677,3960,4789
S1968ID017001,101387,5508,5508,S1968ID017001,1968,site_obsdate,1985,Developed,1,1,CONUS,v2025-11,9/9/1968 0:00,9/9/1968 0:00,,,,,,48.1668053,-117.0141296,3964,4925
76ID049002,346575,50152,49438,76-ALF-002,1976,site_obsdate,1985,Developed,1,1,CONUS,v2025-11,7/26/1976 0:00,7/26/1976 0:00,,,,,,46.3185539,-115.583252,3964,4941
76ID049008,346582,50159,49445,76-ALF-009,1976,site_obsdate,1985,Developed,1,1,CONUS,v2025-11,8/10/1976 0:00,8/10/1976 0:00,,,,,,46.6148605,-114.4626083,3964,4941
76ID049010,346584,50161,49447,76-ALF-011,1976,site_obsdate,1985,Developed,1,1,CONUS,v2025-11,8/10/1976 0:00,8/10/1976 0:00,,,,,,46.6145821,-114.3944168,3964,4941
78ID079003,1119552,72559,133299,78-ALF-068,1978,site_obsdate,1985,Developed,1,1,CONUS,v2025-11,,9/16/1978 0:00,,,,,,47.25590133666992,-115.92040252685547,3964,4956
78ID079004,1119553,72560,133300,78-ALF-069,1978,site_obsdate,1985,Developed,1,1,CONUS,v2025-11,,9/16/1978 0:00,,,,,,47.25590133666992,-115.92040252685547,3964,4956
59ID057006,1203126,73106,133839,59-ALF-006,1959,site_obsdate,1985,Developed,1,1,CONUS,v2025-11,,10/8/1959 0:00,,,,,,46.72779846191406,-117.01920318603516,3964,4945
76ID057005,1203162,73116,133849,76-ALF-051,1976,site_obsdate,1985,Developed,1,1,CONUS,v2025-11,,9/29/1976 0:00,,,,,,46.69969940185547,-116.78610229492188,3964,4945
77ID057012,1203146,73125,133858,77-ALF-056,1977,site_obsdate,1985,Developed,1,1,CONUS,v2025-11,7/1/1977 0:00,7/3/1977 0:00,,,,,,46.74769973754883,-117.0009994506836,3964,4945
S1955IN043002,101964,5031,5031,S1955IN043002,1955,site_obsdate,1985,Developed,1,1,CONUS,v2025-11,8/1/1955 0:00,8/1/1955 0:00,,,,,,38.3300552,-85.8205109,3966,5084
1970IN005001,309073,37747,37132,1970IN005001,1970,site_obsdate,1985,Developed,1,1,CONUS,v2025-11,12/1/1970 0:00,12/1/1970 0:00,,,,,,39.1342917,-85.9816806,3966,5065
1969IN065001,312792,37778,37163,1969IN065001,1969,site_obsdate,1985,Developed,1,1,CONUS,v2025-11,7/10/1969 0:00,7/10/1969 0:00,,,,,,39.8757167,-85.3201917,3966,5095
1971IN097001,312796,37782,37167,1971IN097001,1971,site_obsdate,1985,Developed,1,1,CONUS,v2025-11,6/28/1971 0:00,6/28/1971 0:00,,,,,,39.8616722,-86.3276528,3966,5111
1971IN097002,312797,37783,37168,1971IN097002,1971,site_obsdate,1985,Developed,1,1,CONUS,v2025-11,10/19/1971 0:00,10/19/1971 0:00,,,,,,39.838199615478516,-85.9863667,3966,5111
1970IN141004,312811,37797,37182,1970IN141004,1971,site_obsdate,1985,Developed,1,1,CONUS,v2025-11,3/1/1971 0:00,3/1/1971 0:00,,,,,,41.6798083,-86.09420013427734,3966,5133
1972IN097002,312829,37815,37200,1972IN097002,1972,site_obsdate,1985,Developed,1,1,CONUS,v2025-11,7/27/1972 0:00,7/27/1972 0:00,,,,,,39.8649139,-86.1773306,3966,5111
1968IN113001,312899,37839,37224,1968IN113001,1968,site_obsdate,1985,Developed,1,1,CONUS,v2025-11,8/12/1968 0:00,8/12/1968 0:00,,,,,,41.4613111,-85.2438139,3966,5119
1972IN085002,312935,37875,37260,1972IN085002,1972,site_obsdate,1985,Developed,1,1,CONUS,v2025-11,10/2/1972 0:00,10/2/1972 0:00,,,,,,41.264801025390625,-85.765625,3966,5105
1970IN005002,312940,37880,37265,1970IN005002,1970,site_obsdate,1985,Developed,1,1,CONUS,v2025-11,12/2/1970 0:00,12/2/1970 0:00,,,,,,39.1992722,-85.9704056,3966,5065
1972IN087005,312948,37888,37273,1972IN087005,1973,site_obsdate,1985,Developed,1,1,CONUS,v2025-11,1/23/1973 0:00,1/23/1973 0:00,,,,,,41.7291556,-85.2917944,3966,5106
1972IN087006,312949,37889,37274,1972IN087006,1973,site_obsdate,1985,Developed,1,1,CONUS,v2025-11,1/26/1973 0:00,1/26/1973 0:00,,,,,,41.72169876098633,-85.3374333,3966,5106
1973IN081007,312953,37893,37278,1973IN081007,1973,site_obsdate,1985,Developed,1,1,CONUS,v2025-11,12/12/1973 0:00,12/12/1973 0:00,,,,,,39.4885222,-86.04515075683594,3966,5103
1976IN017001,313019,37914,37299,1976IN017001,1976,site_obsdate,1985,Developed,1,1,CONUS,v2025-11,7/16/1976 0:00,7/16/1976 0:00,,,,,,40.7764583,-86.2788472,3966,5071
1976IN017002,313020,37915,37300,1976IN017002,1976,site_obsdate,1985,Developed,1,1,CONUS,v2025-11,8/4/1976 0:00,8/4/1976 0:00,,,,,,40.8096111,-86.2685167,3966,5071
1975IN129001,313126,37961,37346,1975IN129001,1975,site_obsdate,1985,Developed,1,1,CONUS,v2025-11,1/6/1975 0:00,1/6/1975 0:00,,,,,,37.9287722,-87.9894944,3966,5127
1975IN169005,313132,37967,37352,1975IN169005,1975,site_obsdate,1985,Developed,1,1,CONUS,v2025-11,7/7/1975 0:00,7/7/1975 0:00,,,,,,40.8102389,-85.8314444,3966,5147
1975IN085001,313140,37975,37360,1975IN085001,1975,site_obsdate,1985,Developed,1,1,CONUS,v2025-11,10/28/1975 0:00,10/28/1975 0:00,,,,,,41.4217528,-85.7678306,3966,5105
1975IN085002,313141,37976,37361,1975IN085002,1975,site_obsdate,1985,Developed,1,1,CONUS,v2025-11,10/28/1975 0:00,10/28/1975 0:00,,,,,,41.2925944,-85.6884917,3966,5105
1975IN085003,313142,37977,37362,1975IN085003,1975,site_obsdate,1985,Developed,1,1,CONUS,v2025-11,11/4/1975 0:00,11/4/1975 0:00,,,,,,41.3707778,-85.8011694,3966,5105
1976IN133098,313167,38002,37387,1976IN133098,1976,site_obsdate,1985,Developed,1,1,CONUS,v2025-11,6/24/1976 0:00,6/24/1976 0:00,,,,,,39.4998944,-86.7705917,3966,5129
1975IN083010,313178,38013,37398,1975IN083010,1975,site_obsdate,1985,Developed,1,1,CONUS,v2025-11,8/7/1975 0:00,8/7/1975 0:00,,,,,,38.8571472,-87.4369111,3966,5104
1975IN023002,313189,38024,37409,1975IN023002,1975,site_obsdate,1985,Developed,1,1,CONUS,v2025-11,8/6/1975 0:00,8/6/1975 0:00,,,,,,40.31570053100586,-86.54534912109375,3966,5074
1975IN057003,313201,38036,37421,1975IN057003,1975,site_obsdate,1985,Developed,1,1,CONUS,v2025-11,8/22/1975 0:00,8/22/1975 0:00,,,,,,40.0671528,-85.8766417,3966,5091
1975IN083005,313204,38039,37424,1975IN083005,1975,site_obsdate,1985,Developed,1,1,CONUS,v2025-11,11/19/1975 0:00,11/19/1975 0:00,,,,,,38.8174778,-87.217675,3966,5104
1976IN031001,313208,38043,37428,1976IN031001,1976,site_obsdate,1985,Developed,1,1,CONUS,v2025-11,3/18/1976 0:00,3/18/1976 0:00,,,,,,39.4456722,-85.6121222,3966,5078
1974IN091006,313304,38085,37470,1974IN091006,1974,site_obsdate,1985,Developed,1,1,CONUS,v2025-11,9/24/1974 0:00,9/24/1974 0:00,,,,,,41.6848222,-86.7922278,3966,5108
1975IN129004,313334,38115,37500,1975IN129004,1975,site_obsdate,1985,Developed,1,1,CONUS,v2025-11,7/9/1975 0:00,7/9/1975 0:00,,,,,,37.9071111,-88.0037694,3966,5127
1976IN129005,313342,38123,37508,1976IN129005,1976,site_obsdate,1985,Developed,1,1,CONUS,v2025-11,9/15/1976 0:00,9/15/1976 0:00,,,,,,38.2076917,-87.9141306,3966,5127
1984IN035004,314013,39256,38641,1984IN035004,1984,site_obsdate,1985,Developed,1,1,CONUS,v2025-11,12/8/1984 0:00,12/8/1984 0:00,,,,,,40.3501056,-85.4438778,3966,5080
S1960KY049004,102273,4629,4629,S1960KY049004,1960,site_obsdate,1985,Developed,1,1,CONUS,v2025-11,11/8/1960 0:00,11/8/1960 0:00,,,,,,37.8849983,-84.0558319,3968,5284
S1970MD033001,110120,1246,1246,S1970MD033001,1970,site_obsdate,1985,Developed,1,1,CONUS,v2025-11,5/14/1970 0:00,5/14/1970 0:00,,,,,,39.000479,-76.9035353,3971,5473
S1979MN1373212,780538,72792,133525,S1979MN1373212,1979,site_obsdate,1985,Developed,1,1,CONUS,v2025-11,10/10/1979 0:00,10/12/1979 0:00,,,,,,47.0059166,-92.0139389,3975,5682
S1973MO187001,110191,2522,2522,S1973MO187001,1973,site_obsdate,1985,Developed,1,1,CONUS,v2025-11,6/1/1973 0:00,6/1/1973 0:00,,,,,,37.7086754,-90.5439987,3976,5794
S1944MO183001,102963,4176,4176,S1944MO183001,1944,site_obsdate,1985,Developed,1,1,CONUS,v2025-11,10/11/1944 0:00,10/11/1944 0:00,,,,,,38.7647705,-90.6717834,3976,5792
S1965MS081002,110204,3755,3755,S1965MS081002,1965,site_obsdate,1985,Developed,1,1,CONUS,v2025-11,5/19/1965 0:00,5/19/1965 0:00,,,,,,34.1190224,-88.7919922,3978,5860
S1965MS115001,110214,3759,3759,S1965MS115001,1965,site_obsdate,1985,Developed,1,1,CONUS,v2025-11,5/21/1965 0:00,5/21/1965 0:00,,,,,,34.2751312,-89.1022797,3978,5877
S1945MS137015,103043,4534,4534,S1945MS137015,1945,site_obsdate,1985,Developed,1,1,CONUS,v2025-11,2/1/1945 0:00,2/1/1945 0:00,,,,,,34.6340103,-90.2262039,3978,5888
S1965NC101002,103462,218,218,S1965NC101002,1965,site_obsdate,1985,Developed,1,1,CONUS,v2025-11,10/20/1965 0:00,10/20/1965 0:00,,,,,,35.3650017,-78.5477753,3980,6009
S1962NC101004,110230,4030,4030,S1962NC101004,1962,site_obsdate,1985,Developed,1,1,CONUS,v2025-11,2/27/1962 0:00,2/27/1962 0:00,,,,,,35.44917297,-78.56999969,3980,6009
1959ND063002,47499,15,15,1959ND063002,1959,site_obsdate,1985,Developed,1,1,CONUS,v2025-11,,8/20/1959 0:00,,,,,,47.8027778,-98.3738889,3981,6090
58ND101003,47469,21,21,58ND101003,1958,site_obsdate,1985,Developed,1,1,CONUS,v2025-11,,8/1/1958 0:00,,,,,,48.6697222,-102.1594444,3981,6109
58ND089018,47463,86,86,58ND089018,1958,site_obsdate,1985,Developed,1,1,CONUS,v2025-11,,7/24/1958 0:00,,,,,,46.9816667,-102.3030556,3981,6103
58ND089002,47448,108,108,58ND089002,1958,site_obsdate,1985,Developed,1,1,CONUS,v2025-11,,7/15/1958 0:00,,,,,,46.8911111,-102.6391667,3981,6103
51ND009003,47288,119,119,51ND009003,1951,site_obsdate,1985,Developed,1,1,CONUS,v2025-11,,9/9/1951 0:00,,,,,,48.8211111,-101.1122222,3981,6063
S1953NE157005,104019,2224,2224,S1953NE157005,1953,site_obsdate,1985,Developed,1,1,CONUS,v2025-11,10/1/1953 0:00,10/1/1953 0:00,,,,,,41.8655548,-103.9147186,3982,6190
S1959NE051004,103837,2265,2265,S1959NE051004,1959,site_obsdate,1985,Developed,1,1,CONUS,v2025-11,11/3/1959 0:00,11/3/1959 0:00,,,,,,42.2883339,-96.8413925,3982,6137
S1962NE157004,110364,4967,4967,S1962NE157004,1962,site_obsdate,1985,Developed,1,1,CONUS,v2025-11,7/11/1962 0:00,7/11/1962 0:00,,,,,,41.7588654,-103.3649826,3982,6190
S1959NJ005001,104160,283,283,S1959NJ005001,1959,site_obsdate,1985,Developed,1,1,CONUS,v2025-11,8/19/1959 0:00,8/19/1959 0:00,,,,,,39.9041672,-74.9394455,3984,6217
S1960NJ007002,104182,285,285,S1960NJ007002,1960,site_obsdate,1985,Developed,1,1,CONUS,v2025-11,8/1/1960 0:00,8/1/1960 0:00,,,,,,39.8044586,-75.0246048,3984,6218
S1961NJ007003,104183,297,297,S1961NJ007003,1961,site_obsdate,1985,Developed,1,1,CONUS,v2025-11,7/26/1961 0:00,7/26/1961 0:00,,,,,,39.8058319,-74.9136124,3984,6218
S1958NJ015002,104197,314,314,S1958NJ015002,1958,site_obsdate,1985,Developed,1,1,CONUS,v2025-11,8/21/1958 0:00,8/21/1958 0:00,,,,,,39.5922203,-74.9677811,3984,6222
S1957NJ025001,104224,320,320,S1957NJ025001,1957,site_obsdate,1985,Developed,1,1,CONUS,v2025-11,4/18/1957 0:00,4/18/1957 0:00,,,,,,40.3144455,-74.1919479,3984,6227
S1957NJ021001,104216,322,322,S1957NJ021001,1957,site_obsdate,1985,Developed,1,1,CONUS,v2025-11,3/29/1957 0:00,3/29/1957 0:00,,,,,,40.2844429,-74.5599976,3984,6225
S1958NJ023001,104222,324,324,S1958NJ023001,1958,site_obsdate,1985,Developed,1,1,CONUS,v2025-11,4/3/1958 0:00,4/3/1958 0:00,,,,,,40.3669434,-74.49666595458984,3984,6226
S1961NJ005001,104162,325,325,S1961NJ005001,1961,site_obsdate,1985,Developed,1,1,CONUS,v2025-11,7/25/1961 0:00,7/25/1961 0:00,,,,,,39.8455544,-74.71055603027344,3984,6217
S1959NJ005002,104161,330,330,S1959NJ005002,1959,site_obsdate,1985,Developed,1,1,CONUS,v2025-11,8/30/1959 0:00,8/30/1959 0:00,,,,,,39.9069443,-74.7361145,3984,6217
S1957NY045001,104689,247,247,S1957NY045001,1957,site_obsdate,1985,Developed,1,1,CONUS,v2025-11,9/26/1957 0:00,9/26/1957 0:00,,,,,,43.9991684,-75.9002762,3988,6308
S1961NY055001,104697,250,250,S1961NY055001,1961,site_obsdate,1985,Developed,1,1,CONUS,v2025-11,10/11/1961 0:00,10/11/1961 0:00,,,,,,43.2166672,-77.9666672,3988,6313
S1958NY023001,104651,272,272,S1958NY023001,1958,site_obsdate,1985,Developed,1,1,CONUS,v2025-11,10/8/1958 0:00,10/8/1958 0:00,,,,,,42.5830574,-76.2113876,3988,6297
S1976NY089001,104743,1258,1258,S1976NY089001,1976,site_obsdate,1985,Developed,1,1,CONUS,v2025-11,8/30/1976 0:00,8/30/1976 0:00,,,,,,44.8686104,-74.7825012,3988,6330
1956-OH063-003,749832,66836,64911,1956-OH063-003,1956,site_obsdate,1985,Developed,1,1,CONUS,v2025-11,5/24/1956 0:00,5/24/1956 0:00,,,,,,41.0372200012207,-83.6963806,3989,6379
1953-OH039-S01,746667,66210,64285,1953-OH039-S01,1953,site_obsdate,1985,Developed,1,1,CONUS,v2025-11,,8/28/1953 0:00,,,,aquic arenic hapludalfs,loamy,41.2364044,-84.3145294,3989,6367
S1961OR027001,105045,809,809,S1961OR027001,1961,site_obsdate,1985,Developed,1,1,CONUS,v2025-11,10/23/1961 0:00,10/23/1961 0:00,,,,,,45.6347237,-121.5561142,3991,6526
S1961OR027002,105046,810,810,S1961OR027002,1961,site_obsdate,1985,Developed,1,1,CONUS,v2025-11,10/24/1961 0:00,10/24/1961 0:00,,,,,,45.6488876,-121.5550003,3991,6526
S1955OR027003,105044,835,835,S1955OR027003,1955,site_obsdate,1985,Developed,1,1,CONUS,v2025-11,11/1/1955 0:00,11/1/1955 0:00,,,,,,45.5205574,-121.5975037,3991,6526
S1956PA029001,105343,340,340,S1956PA029001,1956,site_obsdate,1985,Developed,1,1,CONUS,v2025-11,9/9/1956 0:00,9/9/1956 0:00,,,,,,39.9227791,-75.5691681,3992,6563
S1955PA071014,105388,358,358,S1955PA071014,1955,site_obsdate,1985,Developed,1,1,CONUS,v2025-11,9/16/1955 0:00,9/16/1955 0:00,,,,,,39.9647217,-76.1113892,3992,6584
55PA071009,868899,373,373,S1955PA071009,1955,site_obsdate,1985,Developed,1,1,CONUS,v2025-11,9/19/1955 0:00,9/19/1955 0:00,,,,,,40.2047234,-76.4877777,3992,6584
S1958RI009001,107489,5161,5161,S1958RI009001,1958,site_obsdate,1985,Developed,1,1,CONUS,v2025-11,11/11/1958 0:00,11/11/1958 0:00,,,,,,41.4416504,-71.4503174,3996,6714
S1955TN077001,105884,4677,4677,S1955TN077001,1955,site_obsdate,1985,Developed,1,1,CONUS,v2025-11,2/1/1955 0:00,2/1/1955 0:00,,,,,,35.7430573,-88.4558334,3999,6865
S1953TN009003,105791,4690,4690,S1953TN009003,1953,site_obsdate,1985,Developed,1,1,CONUS,v2025-11,2/1/1953 0:00,2/1/1953 0:00,,,,,,35.7599983,-83.9758301,3999,6831
S1961TN045008,105854,4692,4692,S1961TN045008,1961,site_obsdate,1985,Developed,1,1,CONUS,v2025-11,2/1/1961 0:00,2/1/1961 0:00,,,,,,36.0572205,-89.3491669,3999,6849
S1959TN071007,105880,4705,4705,S1959TN071007,1959,site_obsdate,1985,Developed,1,1,CONUS,v2025-11,10/21/1959 0:00,10/21/1959 0:00,,,,,,35.0655556,-88.2752762,3999,6862
1959TN141033,872355,4759,4759,S1959TN141033,1959,site_obsdate,1985,Developed,1,1,CONUS,v2025-11,12/9/1959 0:00,12/9/1959 0:00,,,,,,36.0888901,-85.5922241,3999,6897
S1953TN009010,105798,4761,4761,S1953TN009010,1953,site_obsdate,1985,Developed,1,1,CONUS,v2025-11,4/1/1953 0:00,4/1/1953 0:00,,,,,,35.7180557,-84.0491638,3999,6831
S1955TN077005,105888,4763,4763,S1955TN077005,1955,site_obsdate,1985,Developed,1,1,CONUS,v2025-11,4/6/1955 0:00,4/6/1955 0:00,,,,,,35.6297226,-88.3230591,3999,6865
S1975TX113007,110751,4415,4415,S1975TX113007,1975,site_obsdate,1985,Developed,1,1,CONUS,v2025-11,6/1/1975 0:00,6/1/1975 0:00,,,,,,32.8132095,-96.9850159,4000,6978
S1967UT035006,106365,5398,5398,S1967UT035006,1967,site_obsdate,1985,Developed,1,1,CONUS,v2025-11,8/25/1967 0:00,8/25/1967 0:00,,,,,,40.5755539,-112.0311127,4002,7202
S1967UT035002,106361,5399,5399,S1967UT035002,1967,site_obsdate,1985,Developed,1,1,CONUS,v2025-11,8/22/1967 0:00,8/22/1967 0:00,,,,,,40.58555603027344,-111.9594421,4002,7202
S1967UT039018,106437,5419,5419,S1967UT039018,1967,site_obsdate,1985,Developed,1,1,CONUS,v2025-11,9/1/1967 0:00,9/1/1967 0:00,,,,,,39.0419426,-111.7944412,4002,7204
S1968UT017006,106283,5472,5472,S1968UT017006,1968,site_obsdate,1985,Developed,1,1,CONUS,v2025-11,6/12/1968 0:00,6/12/1968 0:00,,,,,,37.64472198486328,-112.1666641,4002,7193
S1968UT027025,106334,5770,5770,S1968UT027025,1968,site_obsdate,1985,Developed,1,1,CONUS,v2025-11,11/1/1968 0:00,11/1/1968 0:00,,,,,,39.2799988,-112.5661087,4002,7198
S1968UT027062,106341,5774,5774,S1968UT027062,1968,site_obsdate,1985,Developed,1,1,CONUS,v2025-11,11/1/1968 0:00,11/1/1968 0:00,,,,,,39.4180565,-112.7205582,4002,7198
S1971UT057002,106520,5841,5841,S1971UT057002,1971,site_obsdate,1985,Developed,1,1,CONUS,v2025-11,6/25/1971 0:00,6/25/1971 0:00,,,,,,41.3333321,-111.8633347,4002,7213
S1961WA025004,106683,932,932,S1961WA025004,1961,site_obsdate,1985,Developed,1,1,CONUS,v2025-11,5/11/1961 0:00,5/11/1961 0:00,,,,,,47.0288887,-119.2155533,4006,7380
S1961WA021003,106678,939,939,S1961WA021003,1961,site_obsdate,1985,Developed,1,1,CONUS,v2025-11,5/8/1961 0:00,5/8/1961 0:00,,,,,,46.4055557,-119.1758347,4006,7378
S1960WA011001,106637,952,952,S1960WA011001,1960,site_obsdate,1985,Developed,1,1,CONUS,v2025-11,6/1/1960 0:00,6/1/1960 0:00,,,,,,45.612030029296875,-122.5034103,4006,7373
S1960WA011002,106638,953,953,S1960WA011002,1960,site_obsdate,1985,Developed,1,1,CONUS,v2025-11,6/1/1960 0:00,6/1/1960 0:00,,,,,,45.6200829,-122.5520248,4006,7373
S1961WA025002,106681,962,962,S1961WA025002,1961,site_obsdate,1985,Developed,1,1,CONUS,v2025-11,5/10/1961 0:00,5/10/1961 0:00,,,,,,46.9294434,-119.5369415,4006,7380
S1960WA011008,106640,969,969,S1960WA011008,1960,site_obsdate,1985,Developed,1,1,CONUS,v2025-11,6/1/1960 0:00,6/1/1960 0:00,,,,,,45.7083321,-122.7030563,4006,7373
S1961WA025011,106690,990,990,S1961WA025011,1961,site_obsdate,1985,Developed,1,1,CONUS,v2025-11,5/15/1961 0:00,5/15/1961 0:00,,,,,,46.9952774,-119.0883331,4006,7380
S1966WA033001,106701,993,993,S1966WA033001,1966,site_obsdate,1985,Developed,1,1,CONUS,v2025-11,6/1/1966 0:00,6/1/1966 0:00,,,,,,47.4866676,-121.714447,4006,7384
S1957WA063010,106858,995,995,S1957WA063010,1957,site_obsdate,1985,Developed,1,1,CONUS,v2025-11,9/13/1957 0:00,9/13/1957 0:00,,,,,,47.8886108,-117.4936142,4006,7399
71WA053005,955848,5858,5858,71WA053005,1971,site_obsdate,1985,Developed,1,1,CONUS,v2025-11,,6/1/1971 0:00,,,,,,47.1106392,-122.2942709,4006,7394
S1974WA061006,106845,6212,6212,S1974WA061006,1974,site_obsdate,1985,Developed,1,1,CONUS,v2025-11,6/12/1974 0:00,6/12/1974 0:00,,,,,,48.1180573,-122.1783371,4006,7398
S1969WA047009,106778,26399,26400,S1969WA047009,1969,site_obsdate,1985,Developed,1,1,CONUS,v2025-11,6/1/1969 0:00,6/1/1969 0:00,,,,,,48.3845558,-119.5711594,4006,7391
S1960WV003005,111014,3827,3827,S1960WV003005,1960,site_obsdate,1985,Developed,1,1,CONUS,v2025-11,6/1/1960 0:00,6/1/1960 0:00,,,,,,39.5458603,-77.9035873,4008,7480
S1950WY015007,107236,3265,3265,S1950WY015007,1950,site_obsdate,1985,Developed,1,1,CONUS,v2025-11,8/7/1950 0:00,8/7/1950 0:00,,,,,,42.06083297729492,-104.1725006,4009,7541
S1969WY023005,107310,5645,5645,S1969WY023005,1969,site_obsdate,1985,Developed,1,1,CONUS,v2025-11,10/2/1969 0:00,10/2/1969 0:00,,,,,,42.7291679,-110.9358368,4009,7545
S1959OH003108,842806,67238,65313,S1959OH003108,1959,site_obsdate,1985,Developed,1,1,CONUS,v2025-11,,3/15/1959 0:00,Alfisols,Aqualfs,Epiaqualfs,Aeric Epiaqualfs,fine,40.66640090942383,-83.93289947509766,3989,6349
S1959OH003109,842807,67239,65314,S1959OH003109,1959,site_obsdate,1985,Developed,1,1,CONUS,v2025-11,,3/15/1959 0:00,Alfisols,Aqualfs,Epiaqualfs,Aeric Epiaqualfs,fine,40.6515007019043,-83.96589660644531,3989,6349
1980PA069011,422207,54001,53200,465,1980,site_obsdate,1985,Developed,1,1,CONUS,v2025-11,4/23/1980 0:00,4/23/1980 0:00,Inceptisols,Aquents,Fragiaquepts,Aeric Fragiaquepts,fine-loamy,41.5294444,-75.6677778,3992,6583
1980PA069012,422208,54002,53201,466,1980,site_obsdate,1985,Developed,1,1,CONUS,v2025-11,4/25/1980 0:00,4/25/1980 0:00,Inceptisols,Aquents,Fragiaquepts,Aeric Fragiaquepts,coarse-loamy,41.5166667,-75.6483333,3992,6583
1963PA117009,422519,54347,53546,777,1963,site_obsdate,1985,Developed,1,1,CONUS,v2025-11,6/19/1963 0:00,6/19/1963 0:00,Inceptisols,Aquents,Fragiaquepts,Aeric Fragiaquepts,fine-loamy,41.8091667,-77.0083333,3992,6607
1968PA005011,409580,53906,53105,38,1968,site_obsdate,1985,Developed,1,1,CONUS,v2025-11,7/2/1968 0:00,7/2/1968 0:00,Alfisols,Ustalfs,Fragiudalfs,Aquic Fragiudalfs,fine-silty,40.8661111,-79.4944444,3992,6551
1965PA089009,422333,54141,53340,591,1965,site_obsdate,1985,Developed,1,1,CONUS,v2025-11,6/7/1965 0:00,6/7/1965 0:00,Alfisols,Ustalfs,Fragiudalfs,Aquic Fragiudalfs,fine-loamy,40.9688889,-75.1755556,3992,6593
1966PA125004,422565,54399,53598,823,1966,site_obsdate,1985,Developed,1,1,CONUS,v2025-11,8/5/1966 0:00,8/5/1966 0:00,Alfisols,Ustalfs,Fragiudalfs,Aquic Fragiudalfs,fine-silty,40.2277778,-80.1416667,3992,6611
1972PA075007,422239,54036,53235,1972PA075007,1972,site_obsdate,1985,Developed,1,1,CONUS,v2025-11,7/18/1972 0:00,7/18/1972 0:00,Alfisols,Ustalfs,Fragiudalfs,Typic Fragiudalfs,fine-loamy,40.29750061035156,-76.3083333,3992,6586
1982PA071041,422231,54027,53226,489,1982,site_obsdate,1985,Developed,1,1,CONUS,v2025-11,6/16/1982 0:00,6/16/1982 0:00,Inceptisols,Aquents,Haplaquepts,Typic Haplaquepts,fine-silty,40.2177778,-76.3902778,3992,6584
72ND087002,48854,69469,67544,72ND087002,1972,site_obsdate,1985,Developed,1,1,CONUS,v2025-11,,10/17/1972 0:00,Mollisols,Borolls,Haploborolls,Vertic Haploborolls,,46.3822222,-103.2586111,3981,6102
1972PA003021,409568,53773,52972,26,1972,site_obsdate,1985,Developed,1,1,CONUS,v2025-11,6/12/1972 0:00,6/12/1972 0:00,Alfisols,Ustalfs,Hapludalfs,Aquic Hapludalfs,fine,40.6086111,-79.9272222,3992,6550
1965PA003010,409566,53751,52950,24,1965,site_obsdate,1985,Developed,1,1,CONUS,v2025-11,6/30/1965 0:00,6/30/1965 0:00,Alfisols,Ustalfs,Hapludalfs,Aquollic Hapludalfs,fine,40.2933333,-79.9869444,3992,6550
1962PA129012,422592,54429,53628,850,1962,site_obsdate,1985,Developed,1,1,CONUS,v2025-11,6/12/1962 0:00,6/12/1962 0:00,Alfisols,Ustalfs,Hapludalfs,Fragic Oxyaquic Hapludalfs,fine-loamy,40.2305556,-79.4958333,3992,6613
1977PA027047,421935,53698,52897,1977PA027047,1977,site_obsdate,1985,Developed,1,1,CONUS,v2025-11,4/26/1977 0:00,4/26/1977 0:00,Alfisols,Ustalfs,Hapludalfs,Lithic Hapludalfs,clayey,40.7158461,-77.9338634,3992,6562
1962PA129013,422593,54430,53629,851,1962,site_obsdate,1985,Developed,1,1,CONUS,v2025-11,6/12/1962 0:00,6/12/1962 0:00,Alfisols,Ustalfs,Hapludalfs,Oxyaquic Hapludalfs,fine,40.2319444,-79.4955556,3992,6613
1970PA067004,422188,53980,53179,1970PA067004,1970,site_obsdate,1985,Developed,1,1,CONUS,v2025-11,6/9/1970 0:00,6/9/1970 0:00,Alfisols,Ustalfs,Hapludalfs,Typic Hapludalfs,fine,40.6108333,-77.3583333,3992,6582
1972PA071014,422213,54008,53207,1972PA071014,1972,site_obsdate,1985,Developed,1,1,CONUS,v2025-11,7/18/1972 0:00,7/18/1972 0:00,Alfisols,Ustalfs,Hapludalfs,Typic Hapludalfs,fine,39.9397222,-76.1402778,3992,6584
1972PA071015,422214,54009,53208,1972PA071015,1972,site_obsdate,1985,Developed,1,1,CONUS,v2025-11,7/18/1972 0:00,7/18/1972 0:00,Alfisols,Ustalfs,Hapludalfs,Typic Hapludalfs,fine,39.900001525878906,-76.0602778,3992,6584
1969PA009005,409591,54028,53227,1969PA009005,1969,site_obsdate,1985,Developed,1,1,CONUS,v2025-11,7/30/1969 0:00,7/30/1969 0:00,Alfisols,Ustalfs,Hapludalfs,Typic Hapludalfs,fine-loamy,40.1105556,-78.6416667,3992,6553
1965PA003009,409565,53740,52939,23,1965,site_obsdate,1985,Developed,1,1,CONUS,v2025-11,6/30/1965 0:00,6/30/1965 0:00,Alfisols,Ustalfs,Hapludalfs,Ultic Hapludalfs,coarse-loamy,40.3102778,-80.0419444,3992,6550
1959PA077005,422250,54049,53248,1959PA077005,1959,site_obsdate,1985,Developed,1,1,CONUS,v2025-11,7/14/1959 0:00,7/14/1959 0:00,Alfisols,Ustalfs,Hapludalfs,Ultic Hapludalfs,fine-loamy,40.6466667,-75.5941667,3992,6587
1974PA081018,422273,54075,53274,1974PA081018,1974,site_obsdate,1985,Developed,1,1,CONUS,v2025-11,6/18/1974 0:00,6/18/1974 0:00,Alfisols,Ustalfs,Hapludalfs,Ultic Hapludalfs,coarse-silty,41.1952778,-76.8305556,3992,6589
1974PA081022,422277,54079,53278,1974PA081022,1974,site_obsdate,1985,Developed,1,1,CONUS,v2025-11,6/18/1974 0:00,6/18/1974 0:00,Alfisols,Ustalfs,Hapludalfs,Ultic Hapludalfs,coarse-silty,41.1952778,-77.2677778,3992,6589
1960PA091013,868914,54171,53370,618,1960,site_obsdate,1985,Developed,1,1,CONUS,v2025-11,9/8/1960 0:00,9/8/1960 0:00,Alfisols,Ustalfs,Hapludalfs,Ultic Hapludalfs,fine-loamy,40.3341667,-75.5252778,3992,6594
1958PA129001,422585,54421,53620,843,1958,site_obsdate,1985,Developed,1,1,CONUS,v2025-11,2/28/1958 0:00,2/28/1958 0:00,Alfisols,Ustalfs,Hapludalfs,Ultic Hapludalfs,fine-loamy,40.3061111,-79.5030556,3992,6613
1958PA129002,422586,54422,53621,844,1958,site_obsdate,1985,Developed,1,1,CONUS,v2025-11,2/28/1958 0:00,2/28/1958 0:00,Alfisols,Ustalfs,Hapludalfs,Ultic Hapludalfs,fine-loamy,40.3288889,-79.7227778,3992,6613
1959PA045003,868566,53853,53052,331,1959,site_obsdate,1985,Developed,1,1,CONUS,v2025-11,4/23/1959 0:00,4/23/1959 0:00,Ultisols,Udults,Hapludults,Typic Hapludults,fine-loamy,39.8369444,-75.3969444,3992,6571
1958PA035010,422010,53782,52981,1958PA035010,1958,site_obsdate,1985,Developed,1,1,CONUS,v2025-11,4/24/1958 0:00,4/24/1958 0:00,Alfisols,Ustalfs,Paleudalfs,Typic Paleudalfs,fine,41.045278,-77.507778,3992,6566
1955IL001005,992421,2578,2578,1955IL001005,1955,site_obsdate,1985,Developed,1,1,CONUS,v2025-11,10/19/1955 0:00,10/19/1955 0:00,alfisols,aqualfs,albaqualfs,udollic albaqualfs,fine,39.8161125,-91.0374985,3965,4961
S1982IL049007,109928,9588,9588,S1982IL049007,1982,site_obsdate,1985,Developed,1,1,CONUS,v2025-11,6/16/1982 0:00,6/14/1982 0:00,alfisols,aqualfs,albaqualfs,typic albaqualfs,fine,39.1238899,-88.5163879,3965,4985
1973KS011001,128066,1777,1777,S1973KS011001,1973,site_obsdate,1985,Developed,1,1,CONUS,v2025-11,6/1/1973 0:00,6/1/1973 0:00,alfisols,aqualfs,albaqualfs,mollic albaqualfs,fine,37.9372215,-94.6763916,3967,5160
S57LA0010003,590505,3769,3769,S57LA0010003,1957,site_obsdate,1985,Developed,1,1,CONUS,v2025-11,11/13/1957 0:00,11/13/1957 0:00,alfisols,aqualfs,albaqualfs,typic albaqualfs,fine,30.2938881,-92.4563904,3969,5380
53TX041090,128143,4182,4182,S1953TX041090,1953,site_obsdate,1985,Developed,1,1,CONUS,v2025-11,6/1/1953 0:00,6/1/1953 0:00,alfisols,aqualfs,albaqualfs,vertic albaqualfs,fine,30.6227779,-96.3516693,4000,6942
S1955CA035004,108022,2782,2782,S1955CA035004,1955,site_obsdate,1985,Developed,1,1,CONUS,v2025-11,8/1/1955 0:00,8/1/1955 0:00,aridisols,cambids,aquicambids,durinodic aquicambids,coarse-loamy,40.4011116,-120.5025024,3951,4466
78TX389003,119915,7234,7234,S1978TX389003,1978,site_obsdate,1985,Developed,1,1,CONUS,v2025-11,1/1/1978 0:00,1/1/1978 0:00,aridisols,salids,aquisalids,typic aquisalids,fine-silty,31.3852787,-103.4775009,4000,7116
S1973CA079008,99001,6074,6074,S1973CA079008,1973,site_obsdate,1985,Developed,1,1,CONUS,v2025-11,6/1/1973 0:00,6/1/1973 0:00,mollisols,albolls,argialbolls,xeric argialbolls,fine,35.3022232,-120.7955551,3951,4488
65ND017003,47595,69453,67528,65ND017003,1965,site_obsdate,1985,Developed,1,1,CONUS,v2025-11,,11/1/1965 0:00,mollisols,albolls,argialbolls,argiaquic argialbolls,very-fine,46.9183333,-96.8305556,3981,6067
1968IL043006,592184,36126,35511,1968IL043006,1968,site_obsdate,1985,Developed,1,1,CONUS,v2025-11,9/1/1968 0:00,9/1/1968 0:00,mollisols,aquolls,argiaquolls,typic argiaquolls,fine,41.70050048828125,-87.9921278,3965,4982
1977IN087001,313410,38285,37670,1977IN087001,1977,site_obsdate,1985,Developed,1,1,CONUS,v2025-11,4/12/1977 0:00,4/12/1977 0:00,mollisols,aquolls,argiaquolls,typic argiaquolls,fine-loamy,41.6462028,-85.4729306,3966,5106
S1979IN033001,1094893,38489,37874,1979IN033001,1979,site_obsdate,1985,Developed,1,1,CONUS,v2025-11,5/7/1979 0:00,5/7/1979 0:00,mollisols,aquolls,argiaquolls,typic argiaquolls,fine,41.3241806,-85.035325,3966,5079
S1900MN0073289,583300,55604,54803,S1900MN0073289,1980,site_obsdate,1985,Developed,1,1,CONUS,v2025-11,7/9/1980 0:00,7/9/1980 0:00,mollisols,aquolls,argiaquolls,typic argiaquolls,fine-loamy,47.8311119,-94.5045395,3975,5617
1956-OH161-S05,749896,66886,64961,1956-OH161-S05,1956,site_obsdate,1985,Developed,1,1,CONUS,v2025-11,9/11/1956 0:00,9/11/1956 0:00,mollisols,aquolls,argiaquolls,typic argiaquolls,fine,40.8293037,-84.7457504,3989,6428
S1978-TX389-002-copy,1145938,7233,7233,S1978-TX389-002-copy,1978,site_obsdate,1985,Developed,1,1,CONUS,v2025-11,1/1/1978 0:00,1/1/1978 0:00,aridisols,gypsids,argigypsids,ustic argigypsids,fine-gypseous,31.3240167,-103.5046722,4000,7116
S1955IA001005,101103,1418,1418,S1955IA001005,1955,site_obsdate,1985,Developed,1,1,CONUS,v2025-11,11/5/1955 0:00,11/5/1955 0:00,mollisols,udolls,argiudolls,typic argiudolls,fine-silty,41.3797226,-94.45277404785156,3963,4818
84IA1630021,122513,12101,12101,S1984IA163021,1984,site_obsdate,1985,Developed,1,1,CONUS,v2025-11,9/3/1984 0:00,9/1/1984 0:00,mollisols,udolls,argiudolls,typic argiudolls,fine-silty,41.6347237,-90.4708328,3963,4899
84IA0130012,122648,12242,12242,S1984IA0130012,1984,site_obsdate,1985,Developed,1,1,CONUS,v2025-11,11/3/1984 0:00,11/1/1984 0:00,mollisols,udolls,argiudolls,typic argiudolls,fine-silty,42.3119431,-92.3233337,3963,4824
S1969IA043001,934164,70660,68688,S1969IA043001,1969,site_obsdate,1985,Developed,1,1,CONUS,v2025-11,7/8/1969 0:00,7/8/1969 0:00,mollisols,udolls,argiudolls,typic argiudolls,fine-silty,42.9281603,-91.2884124,3963,4839
S1982IA105102,947414,70786,68814,S1982IA105102,1982,site_obsdate,1985,Developed,1,1,CONUS,v2025-11,8/11/1982 0:00,8/11/1982 0:00,mollisols,udolls,argiudolls,typic argiudolls,fine-silty,42.2528133,-91.1982969,3963,4870
S1955IL149002,101784,2599,2599,S1955IL149002,1955,site_obsdate,1985,Developed,1,1,CONUS,v2025-11,10/18/1955 0:00,10/18/1955 0:00,mollisols,udolls,argiudolls,aquic argiudolls,fine-silty,39.6761093,-91.0580521,3965,5035
1956IL019001,863395,35929,35314,1956IL019001,1956,site_obsdate,1985,Developed,1,1,CONUS,v2025-11,10/1/1956 0:00,10/1/1956 0:00,mollisols,udolls,argiudolls,aquic argiudolls,fine,40.0872528,-88.23255157470703,3965,4970
1956IL197001,315035,35935,35320,1956IL197001,1956,site_obsdate,1985,Developed,1,1,CONUS,v2025-11,9/1/1956 0:00,9/1/1956 0:00,mollisols,udolls,argiudolls,aquic argiudolls,coarse-loamy,41.2903635,-88.1701178,3965,5059
1964IL019003,863410,36017,35402,1964IL019003,1964,site_obsdate,1985,Developed,1,1,CONUS,v2025-11,10/1/1964 0:00,10/1/1964 0:00,mollisols,udolls,argiudolls,aquic argiudolls,fine,40.1038175,-88.2268802,3965,4970
1980IL109006,856900,36663,36048,1980IL109006,1980,site_obsdate,1985,Developed,1,1,CONUS,v2025-11,8/1/1980 0:00,8/1/1980 0:00,mollisols,udolls,argiudolls,aquic argiudolls,fine,40.5008996,-90.6947921,3965,5015
1932IL167001,856845,35866,35251,1932IL167001,1932,site_obsdate,1985,Developed,1,1,CONUS,v2025-11,7/1/1932 0:00,7/1/1932 0:00,mollisols,udolls,argiudolls,aquic pachic argiudolls,fine,39.7443855,-89.76012420654297,3965,5044
1965IL097001,354927,36072,35457,1965IL097001,1965,site_obsdate,1985,Developed,1,1,CONUS,v2025-11,10/1/1965 0:00,10/1/1965 0:00,mollisols,udolls,argiudolls,typic argiudolls,fine-silty,42.2677721,-87.9430495,3965,5009
1965IL177003,355087,36076,35461,1965IL177003,1965,site_obsdate,1985,Developed,1,1,CONUS,v2025-11,8/1/1965 0:00,8/1/1965 0:00,mollisols,udolls,argiudolls,typic argiudolls,fine-silty,42.230519,-89.4176078,3965,5049
1968IL111002,355058,36139,35524,1968IL111002,1968,site_obsdate,1985,Developed,1,1,CONUS,v2025-11,9/1/1968 0:00,9/1/1968 0:00,mollisols,udolls,argiudolls,typic argiudolls,fine-loamy over sandy or sandy-skeletal,42.1953697,-88.5913659,3965,5016
1971IL093002,355180,36196,35581,1971IL093002,1971,site_obsdate,1985,Developed,1,1,CONUS,v2025-11,10/1/1971 0:00,10/1/1971 0:00,mollisols,udolls,argiudolls,typic argiudolls,fine-loamy,41.6571268,-88.4399632,3965,5007
1980IN007015,863457,38990,38375,1980IN007015,1980,site_obsdate,1985,Developed,1,1,CONUS,v2025-11,9/15/1980 0:00,9/15/1980 0:00,mollisols,udolls,argiudolls,aquic argiudolls,fine,40.6936194,-87.2865833,3966,5066
1984IN157015,313996,39220,38605,1984IN157015,1984,site_obsdate,1985,Developed,1,1,CONUS,v2025-11,3/6/1984 0:00,3/6/1984 0:00,mollisols,udolls,argiudolls,aquic argiudolls,fine-silty,40.3747667,-86.8541028,3966,5141
S1959IN045005,101969,4993,4993,S1959IN045005,1959,site_obsdate,1985,Developed,1,1,CONUS,v2025-11,11/11/1959 0:00,11/11/1959 0:00,mollisols,udolls,argiudolls,typic argiudolls,fine-loamy,39.5729256,-87.3772049,3966,5085
S1976MN113004 (2404),582861,55711,54910,S1976MN113004 (2404),1976,site_obsdate,1985,Developed,1,1,CONUS,v2025-11,10/20/1976 0:00,10/20/1976 0:00,mollisols,udolls,argiudolls,aquic argiudolls,fine-loamy,48.1287003,-96.0899658,3975,5670
S1978MN1692745,583039,55974,55173,S1978MN1692745,1978,site_obsdate,1985,Developed,1,1,CONUS,v2025-11,6/27/1978 0:00,6/27/1978 0:00,mollisols,udolls,argiudolls,aquic argiudolls,fine,43.9363823,-91.9791718,3975,5698
S1977MN037025 (2530),582926,55735,54934,S1977MN037025 (2530),1977,site_obsdate,1985,Developed,1,1,CONUS,v2025-11,8/16/1977 0:00,8/16/1977 0:00,mollisols,udolls,argiudolls,typic argiudolls,fine-loamy,44.6325989,-92.8126602,3975,5632
1980MN099004,431757,56176,55375,1980MN099004,1980,site_obsdate,1985,Developed,1,1,CONUS,v2025-11,4/9/2010 0:00,9/15/1980 0:00,mollisols,udolls,argiudolls,typic argiudolls,fine-loamy,43.7663705,-92.449349,3975,5663
54NE025001,875305,2255,2255,54NE025001,1954,site_obsdate,1985,Developed,1,1,CONUS,v2025-11,4/4/1954 0:00,4/4/1954 0:00,mollisols,udolls,argiudolls,pachic argiudolls,fine,40.833621978759766,-96.2169647,3982,6124
73NE109005,875310,2125,2125,73NE109005,1973,site_obsdate,1985,Developed,1,1,CONUS,v2025-11,6/1/1973 0:00,6/1/1973 0:00,mollisols,udolls,argiudolls,typic argiudolls,fine,40.8430557,-96.5588913,3982,6166
73NE109004,875309,2126,2126,73NE109004,1973,site_obsdate,1985,Developed,1,1,CONUS,v2025-11,6/1/1973 0:00,6/1/1973 0:00,mollisols,udolls,argiudolls,typic argiudolls,fine,40.9763985,-96.8911591,3982,6166
1958NE155002,254481,2242,2242,1958NE155002,1958,site_obsdate,1985,Developed,1,1,CONUS,v2025-11,8/8/1958 0:00,8/8/1958 0:00,mollisols,udolls,argiudolls,typic argiudolls,fine-loamy,41.0891667,-96.7258333,3982,6189
79NE127045,956301,7664,7664,79NE127045,1980,site_obsdate,1985,Developed,1,1,CONUS,v2025-11,,6/1/1980 0:00,mollisols,udolls,argiudolls,typic argiudolls,fine,40.4069444,-95.8577778,3982,6175
S1960OK131004,110634,4498,4498,S1960OK131004,1960,site_obsdate,1985,Developed,1,1,CONUS,v2025-11,6/1/1960 0:00,6/1/1960 0:00,mollisols,udolls,argiudolls,vertic argiudolls,fine,36.4955559,-95.6866684,3990,6501
S1956WI063004,107043,1555,1555,S1956WI063004,1956,site_obsdate,1985,Developed,1,1,CONUS,v2025-11,9/13/1956 0:00,9/13/1956 0:00,mollisols,udolls,argiudolls,typic argiudolls,fine-silty,43.91388702392578,-90.9866638,4007,7438
68WI015001,955537,1601,1601,68WI015001,1968,site_obsdate,1985,Developed,1,1,CONUS,v2025-11,,8/1/1968 0:00,mollisols,udolls,argiudolls,typic argiudolls,fine-loamy,43.9530556,-88.0822222,4007,7414
S1979WI115015,108784,24392,24392,S1979WI115015,1979,site_obsdate,1985,Developed,1,1,CONUS,v2025-11,11/1/1979 0:00,10/30/1979 0:00,mollisols,udolls,argiudolls,aquic argiudolls,coarse-loamy,44.6483345,-88.3838882,4007,7465
S1955CA081002,100189,2858,2858,S1955CA081002,1955,site_obsdate,1985,Developed,1,1,CONUS,v2025-11,2/23/1955 0:00,2/23/1955 0:00,mollisols,ustolls,argiustolls,pachic argiustolls,fine-loamy,37.49777603149414,-122.4619446,3951,4489
79CO059001,956243,7453,7453,79CO059001,1979,site_obsdate,1985,Developed,1,1,CONUS,v2025-11,7/3/1980 0:00,6/1/1979 0:00,mollisols,ustolls,argiustolls,torrertic argiustolls,fine,39.5916667,-105.0958333,3952,4536
79NE059011,120156,7667,7667,S1979NE059011,1979,site_obsdate,1985,Developed,1,1,CONUS,v2025-11,6/3/1979 0:00,6/1/1979 0:00,mollisols,ustolls,argiustolls,pachic argiustolls,fine,40.4666672,-97.413887,3982,6141
79NE073002,756806,7239,7239,79NE073002,1979,site_obsdate,1985,Developed,1,1,CONUS,v2025-11,4/1/1979 0:00,4/1/1979 0:00,mollisols,ustolls,argiustolls,typic argiustolls,fine-silty,40.58555603027344,-99.8675003,3982,6148
S1951SD059003,105631,2304,2304,S1951SD059003,1951,site_obsdate,1985,Developed,1,1,CONUS,v2025-11,8/20/1951 0:00,8/20/1951 0:00,mollisols,ustolls,argiustolls,typic argiustolls,fine-loamy,44.6450005,-98.9274979,3998,6789
S1963TX049090,105965,4319,4319,S1963TX049090,1963,site_obsdate,1985,Developed,1,1,CONUS,v2025-11,7/3/1963 0:00,7/3/1963 0:00,mollisols,ustolls,argiustolls,vertic argiustolls,fine,31.9447231,-98.8683319,4000,6946
S1956CA073001,100143,2851,2851,S1956CA073001,1956,site_obsdate,1985,Developed,1,1,CONUS,v2025-11,5/31/1956 0:00,5/31/1956 0:00,mollisols,xerolls,argixerolls,oxyaquic argixerolls,fine-loamy,32.7928391,-117.2036362,3951,4485
S1973CA087002,99083,6061,6061,S1973CA087002,1973,site_obsdate,1985,Developed,1,1,CONUS,v2025-11,6/1/1973 0:00,6/1/1973 0:00,mollisols,xerolls,argixerolls,pachic argixerolls,fine-loamy,36.9869461,-121.9233322,3951,4492
S1968CA057030,108075,5525,5525,S1968CA057030,1968,site_obsdate,1985,Developed,1,1,CONUS,v2025-11,9/4/1968 0:00,9/4/1968 0:00,mollisols,xerolls,argixerolls,typic argixerolls,fine-loamy,39.2288895,-121.2013855,3951,4477
S1969CA071021,100114,5581,5581,S1969CA071021,1969,site_obsdate,1985,Developed,1,1,CONUS,v2025-11,6/9/1969 0:00,6/9/1969 0:00,mollisols,xerolls,argixerolls,typic argixerolls,fine-loamy,33.9516678,-117.660553,3951,4484
S1969CA071027,100118,5585,5585,S1969CA071027,1969,site_obsdate,1985,Developed,1,1,CONUS,v2025-11,6/11/1969 0:00,6/11/1969 0:00,mollisols,xerolls,argixerolls,typic argixerolls,fine-loamy,33.9833336,-117.7166672,3951,4484
78CA033021,119736,6919,6919,S1978CA033021,1978,site_obsdate,1985,Developed,1,1,CONUS,v2025-11,7/3/1978 0:00,7/1/1978 0:00,mollisols,xerolls,argixerolls,lithic argixerolls,clayey-skeletal,38.7640495,-122.5971832,3951,4465
S1962OR047003,105197,785,785,S1962OR047003,1962,site_obsdate,1985,Developed,1,1,CONUS,v2025-11,10/30/1962 0:00,10/30/1962 0:00,mollisols,xerolls,argixerolls,aquultic argixerolls,fine-silty,45.2497215,-122.9424973,3991,6536
S1966OR035010,105105,806,806,S1966OR035010,1966,site_obsdate,1985,Developed,1,1,CONUS,v2025-11,5/19/1966 0:00,5/19/1966 0:00,mollisols,xerolls,argixerolls,lithic argixerolls,clayey-skeletal,42.3292885,-121.3988724,3991,6530
S1965ND017002,47594,69452,67527,S1965ND017002,1965,site_obsdate,1985,Developed,1,1,CONUS,v2025-11,10/28/1965 0:00,10/28/1965 0:00,vertisols,aquerts,calciaquerts,typic calciaquerts,fine,46.9194275,-96.8314652,3981,6067
1953ND017005,47322,8,8,1953ND017005,1953,site_obsdate,1985,Developed,1,1,CONUS,v2025-11,8/11/1953 0:00,8/11/1953 0:00,mollisols,aquolls,calciaquolls,aeric calciaquolls,,47.04999923706055,-97.0155556,3981,6067
S1956AZ017026,107822,671,671,S1956AZ017026,1956,site_obsdate,1985,Developed,1,1,CONUS,v2025-11,5/16/1956 0:00,5/16/1956 0:00,aridisols,argids,calciargids,ustic calciargids,fine-loamy,34.4652786,-110.0833359,3950,4443
S1969ID075007,167222,5664,5664,S1969ID075007,1969,site_obsdate,1985,Developed,1,1,CONUS,v2025-11,9/30/1969 0:00,9/30/1969 0:00,aridisols,orthids,calciorthids,aquic calciorthids,,43.9962578,-116.8290482,3964,4954
79WY029005,119945,7309,7309,S1979WY029005,1979,site_obsdate,1985,Developed,1,1,CONUS,v2025-11,6/1/1979 0:00,6/1/1979 0:00,aridisols,orthids,calciorthids,ustollic calciorthids,,44.5522232,-109.0952759,4009,7548
83TX215003,901094,10996,10996,S1983TX215003,1983,site_obsdate,1985,Developed,1,1,CONUS,v2025-11,6/1/1983 0:00,6/1/1983 0:00,mollisols,ustolls,calciustolls,typic calciustolls,fine-loamy,26.1958332,-98.0672226,4000,7029
S1956MT103007,103393,3348,3348,S1956MT103007,1956,site_obsdate,1985,Developed,1,1,CONUS,v2025-11,10/1/1956 0:00,10/1/1956 0:00,aridisols,orthids,camborthids,borollic camborthids,fine-silty,46.2643776,-107.2543259,3979,5953
82SD103015,121063,9784,9784,S1982SD103015,1982,site_obsdate,1985,Developed,1,1,CONUS,v2025-11,9/3/1982 0:00,9/1/1982 0:00,aridisols,orthids,camborthids,ustertic camborthids,fine,43.7208328,-102.0425034,3998,6811
80MS083001,120268,7922,7922,S1980MS083001,1980,site_obsdate,1985,Developed,1,1,CONUS,v2025-11,6/1/1980 0:00,6/1/1980 0:00,vertisols,uderts,chromuderts,aquentic chromuderts,very-fine,33.6261101,-90.1586075,3978,5861
84MT015492,122877,12521,12521,S1984MT015492,1984,site_obsdate,1985,Developed,1,1,CONUS,v2025-11,11/3/1984 0:00,11/1/1984 0:00,vertisols,usterts,chromusterts,udorthentic chromusterts,fine,48.0813904,-111.3252792,3979,5909
82ID043019,121099,9848,9848,S1982ID043019,1982,site_obsdate,1985,Developed,1,1,CONUS,v2025-11,9/3/1982 0:00,9/1/1982 0:00,mollisols,borolls,cryoborolls,argic pachic cryoborolls,fine-silty,44.041111,-111.2327805,3964,4938
S1958WA071001,1096331,983,983,S1958WA071001,1958,site_obsdate,1985,Developed,1,1,CONUS,v2025-11,10/3/1958 0:00,10/3/1958 0:00,mollisols,aquolls,duraquolls,typic duraquolls,,46.0238876,-118.3661118,4006,7403
S1955OR013021,104964,865,865,S1955OR013021,1955,site_obsdate,1985,Developed,1,1,CONUS,v2025-11,4/1/1955 0:00,4/1/1955 0:00,aridisols,argids,durargids,xerollic durargids,fine-loamy,44.3405571,-120.8616638,3991,6519
S1980WA037005,113922,7979,7979,S1980WA037005,1978,site_obsdate,1985,Developed,1,1,CONUS,v2025-11,10/3/1978 0:00,10/3/1978 0:00,andisols,cryands,duricryands,oxyaquic duricryand,medial-skeletal,47.418704986572266,-121.4106369,4006,7386
S1966CA073002,100170,2678,2678,S1966CA073002,1966,site_obsdate,1985,Developed,1,1,CONUS,v2025-11,6/10/1966 0:00,6/10/1966 0:00,alfisols,xeralfs,durixeralfs,abruptic durixeralfs,fine,32.8341675,-117.1377792,3951,4485
S1957CA065012,100092,2679,2679,S1957CA065012,1957,site_obsdate,1985,Developed,1,1,CONUS,v2025-11,6/6/1957 0:00,6/6/1957 0:00,alfisols,xeralfs,durixeralfs,abruptic durixeralfs,fine,33.9477768,-117.2566681,3951,4481
S1961CA097007,100244,2680,2680,S1961CA097007,1961,site_obsdate,1985,Developed,1,1,CONUS,v2025-11,6/23/1961 0:00,6/23/1961 0:00,alfisols,xeralfs,durixeralfs,abruptic haplic durixeralfs,fine-loamy,38.5194435,-122.7949982,3951,4497
S1969CA061010,108090,5563,5563,S1969CA061010,1969,site_obsdate,1985,Developed,1,1,CONUS,v2025-11,5/7/1969 0:00,5/7/1969 0:00,alfisols,xeralfs,durixeralfs,haplic durixeralfs,fine-loamy,38.8394432,-121.3075027,3951,4479
S1969CA061017,98980,5568,5568,S1969CA061017,1969,site_obsdate,1985,Developed,1,1,CONUS,v2025-11,6/1/1969 0:00,6/1/1969 0:00,alfisols,xeralfs,durixeralfs,haplic durixeralfs,fine-loamy,38.8105545,-121.3102798,3951,4479
82CA067009,121269,10161,10161,S1982CA067009,1982,site_obsdate,1985,Developed,1,1,CONUS,v2025-11,11/1/1982 0:00,11/1/1982 0:00,alfisols,xeralfs,durixeralfs,abruptic durixeralfs,fine-loamy over clayey,38.6038895,-121.3416672,3951,4482
S1966CA073001,100169,2674,2674,S1966CA073001,1966,site_obsdate,1985,Developed,1,1,CONUS,v2025-11,6/1/1966 0:00,6/1/1966 0:00,alfisols,xeralfs,durixeralfs,typic durixeralfs,fine-loamy,32.8341675,-117.1377792,3951,4485
82CA067008,121268,10160,10160,S1982CA067008,1982,site_obsdate,1985,Developed,1,1,CONUS,v2025-11,11/3/1982 0:00,11/1/1982 0:00,alfisols,xeralfs,durixeralfs,typic durixeralfs,fine-loamy,38.603611,-121.3411102,3951,4482
S1969CA061011,108091,5564,5564,S1969CA061011,1969,site_obsdate,1985,Developed,1,1,CONUS,v2025-11,5/7/1969 0:00,5/7/1969 0:00,inceptisols,ochrepts,durochrepts,entic durochrepts,coarse-loamy,38.8394432,-121.3075027,3951,4479
S1966CA073003,100171,2816,2816,S1966CA073003,1966,site_obsdate,1985,Developed,1,1,CONUS,v2025-11,6/10/1966 0:00,6/10/1966 0:00,inceptisols,ochrepts,durochrepts,typic durochrepts,coarse-loamy,32.8341675,-117.1377792,3951,4485
S1955OR013011,104955,872,872,S1955OR013011,1955,site_obsdate,1985,Developed,1,1,CONUS,v2025-11,4/1/1955 0:00,4/1/1955 0:00,aridisols,orthids,durorthids,xerollic durorthids,coarse-loamy,44.2963905,-120.8330536,3991,6519
S1958MS061001,1331306,4537,4537,S1958MS061001,1958,site_obsdate,1985,Developed,1,1,CONUS,v2025-11,5/23/1958 0:00,5/23/1958 0:00,vertisols,aquerts,dystraquerts,chromic dystraquerts,very-fine,32.2146225,-89.1597824,3978,5850
83GA089002,121336,10296,10296,S1983GA089002,1983,site_obsdate,1985,Developed,1,1,CONUS,v2025-11,3/1/1983 0:00,3/1/1983 0:00,inceptisols,ochrepts,dystrochrepts,typic dystrochrepts,,33.6705551,-84.1238861,3960,4696
S1977ME027003,110137,3991,3991,S1977ME027003,1977,site_obsdate,1985,Developed,1,1,CONUS,v2025-11,7/29/1977 0:00,7/29/1977 0:00,inceptisols,ochrepts,dystrochrepts,typic dystrochrepts,coarse-loamy,44.6588364,-68.8843689,3972,5495
1978PA071032,422227,54023,53222,485,1978,site_obsdate,1985,Developed,1,1,CONUS,v2025-11,8/2/1978 0:00,8/2/1978 0:00,inceptisols,ochrepts,dystrochrepts,fluvaquentic dystrochrepts,fine-loamy,40.2016667,-76.4666667,3992,6584
1966PA125008,422569,54403,53602,827,1966,site_obsdate,1985,Developed,1,1,CONUS,v2025-11,8/2/1966 0:00,8/2/1966 0:00,inceptisols,ochrepts,dystrochrepts,fluventic dystrochrepts,fine-loamy,40.2036111,-80.3855556,3992,6611
1965PA003004,980220,53683,52882,1965PA003004,1965,site_obsdate,1985,Developed,1,1,CONUS,v2025-11,6/28/1965 0:00,6/28/1965 0:00,inceptisols,ochrepts,dystrochrepts,lithic dystrochrepts,loamy-skeletal,40.5,-79.8777778,3992,6550
1964PA027015,421919,53680,52879,1964PA027015,1964,site_obsdate,1985,Developed,1,1,CONUS,v2025-11,3/19/1964 0:00,3/19/1964 0:00,inceptisols,ochrepts,dystrochrepts,typic dystrochrepts,loamy-skeletal,41.0066667,-77.6919444,3992,6562
1959PA037016,422039,53814,53013,297,1959,site_obsdate,1985,Developed,1,1,CONUS,v2025-11,8/28/1959 0:00,8/28/1959 0:00,inceptisols,ochrepts,dystrochrepts,typic dystrochrepts,loamy-skeletal,41.0183333,-76.3966667,3992,6567
1964PA051010,422091,53872,53071,1964PA051010,1964,site_obsdate,1985,Developed,1,1,CONUS,v2025-11,7/8/1964 0:00,7/8/1964 0:00,inceptisols,ochrepts,dystrochrepts,typic dystrochrepts,loamy-skeletal,39.7813889,-79.5116667,3992,6574
1966PA069007,422203,53997,53196,461,1966,site_obsdate,1985,Developed,1,1,CONUS,v2025-11,6/22/1966 0:00,6/22/1966 0:00,inceptisols,ochrepts,dystrochrepts,typic dystrochrepts,loamy-skeletal,41.3641667,-75.5672222,3992,6583
1957PA133006,422608,54446,53645,866,1957,site_obsdate,1985,Developed,1,1,CONUS,v2025-11,10/9/1957 0:00,10/9/1957 0:00,inceptisols,ochrepts,dystrochrepts,typic dystrochrepts,loamy-skeletal,39.7341667,-76.2713889,3992,6615
84ID049004,1260917,11570,11570,S1984ID049004,1984,site_obsdate,1985,Developed,1,1,CONUS,v2025-11,8/1/1984 0:00,8/1/1984 0:00,inceptisols,cryepts,dystrocryepts,andic dystrocryepts,sandy,45.545397,-116.027389,3964,4941
83KY-195-018,518623,55247,54446,83KY-195-018,1983,site_obsdate,1985,Developed,1,1,CONUS,v2025-11,6/9/1983 0:00,6/9/1983 0:00,inceptisols,udepts,dystrudepts,typic dystrudepts,coarse-loamy,37.4778442,-82.40707397460938,3968,5357
S1954MA023006,791731,401,401,S1954MA023006,1954,site_obsdate,1985,Developed,1,1,CONUS,v2025-11,11/17/1954 0:00,11/17/1954 0:00,inceptisols,udepts,dystrudepts,typic dystrudepts,coarse-loamy,41.8471985,-70.9500198,3970,5455
56MA011003,791737,416,416,S1956MA011003,1956,site_obsdate,1985,Developed,1,1,CONUS,v2025-11,10/3/1956 0:00,10/3/1956 0:00,inceptisols,udepts,dystrudepts,typic dystrudepts,sandy,42.5491447,-72.5147858,3970,5449
S1958MA011002,791720,434,434,S1958MA011002,1958,site_obsdate,1985,Developed,1,1,CONUS,v2025-11,7/23/1958 0:00,7/23/1958 0:00,inceptisols,udepts,dystrudepts,typic dystrudepts,coarse-loamy over sandy or sandy-skeletal,42.5255318,-72.5272827,3970,5449
S1979MA027001,906384,70572,68599,S1979MA027001,1979,site_obsdate,1985,Developed,1,1,CONUS,v2025-11,10/26/1979 0:00,10/26/1979 0:00,inceptisols,udepts,dystrudepts,typic dystrudepts,coarse-loamy over sandy or sandy-skeletal,42.2937167,-71.6623861,3970,5457
62NH009005,691884,467,467,S1962NH009005,1962,site_obsdate,1985,Developed,1,1,CONUS,v2025-11,8/15/1962 0:00,8/15/1962 0:00,inceptisols,udepts,dystrudepts,fluventic dystrudepts,coarse-loamy over sandy or sandy-skeletal,43.8313904,-71.6547241,3983,6209
S1956NH013002,873235,460,460,S1956NH013002,1956,site_obsdate,1985,Developed,1,1,CONUS,v2025-11,7/20/1956 0:00,7/20/1956 0:00,inceptisols,udepts,dystrudepts,oxyaquic dystrudepts,coarse-loamy,43.4333344,-71.6305542,3983,6211
64NH015003,906307,3872,3872,S1964NH015003,1964,site_obsdate,1985,Developed,1,1,CONUS,v2025-11,9/16/1964 0:00,9/16/1964 0:00,inceptisols,udepts,dystrudepts,typic dystrudepts,sandy-skeletal,43.0172234,-70.8272247,3983,6212
S1982NY061005,524595,10001,10001,S1982NY061005,1982,site_obsdate,1985,Developed,1,1,CONUS,v2025-11,11/1/1982 0:00,11/1/1982 0:00,inceptisols,udepts,dystrudepts,typic dystrudepts,coarse-loamy,40.7841644,-73.9684601,3988,6316
S1982NY061006,524596,10002,10002,S1982NY061006,1982,site_obsdate,1985,Developed,1,1,CONUS,v2025-11,11/1/1982 0:00,11/1/1982 0:00,inceptisols,udepts,dystrudepts,typic dystrudepts,coarse-loamy,40.7805557,-73.9706802,3988,6316
S1982NY061013,524598,10004,10004,S1982NY061013,1982,site_obsdate,1985,Developed,1,1,CONUS,v2025-11,11/1/1982 0:00,11/1/1982 0:00,inceptisols,udepts,dystrudepts,typic dystrudepts,coarse-silty,40.7772217,-73.9648438,3988,6316
67PA123009,1079694,54391,53590,816,1967,site_obsdate,1985,Developed,1,1,CONUS,v2025-11,7/11/1967 0:00,7/11/1967 0:00,inceptisols,udepts,dystrudepts,fluventic dystrudepts,coarse-loamy,41.8963889,-79.1466667,3992,6610
1957PA133014,867388,54455,53654,874,1957,site_obsdate,1985,Developed,1,1,CONUS,v2025-11,10/10/1957 0:00,10/10/1957 0:00,inceptisols,udepts,dystrudepts,typic dystrudepts,coarse-loamy,39.8502778,-76.7188889,3992,6615
S1957PA025003,421884,53643,52842,S1957PA025003,1957,site_obsdate,1985,Developed,1,1,CONUS,v2025-11,5/7/2012 0:00,10/22/1957 0:00,inceptisols,udepts,dystrudepts,typic dystrudepts,loamy-skeletal,40.8547222,-75.5936111,3992,6561
S1974VT011006,1094116,1280,1280,S1974VT011006,1974,site_obsdate,1985,Developed,1,1,CONUS,v2025-11,6/1/1974 0:00,6/1/1974 0:00,inceptisols,udepts,dystrudepts,aquic dystrudepts,coarse-loamy,44.9886093,-72.6736145,4005,7359
1978VT025001,791718,6803,6803,S1978VT025001,1978,site_obsdate,1985,Developed,1,1,CONUS,v2025-11,5/15/1978 0:00,5/15/1978 0:00,inceptisols,udepts,dystrudepts,oxic dystrudepts,sandy or sandy-skeletal,42.8747215,-72.5747223,4005,7366
S1978VT025009,828479,6811,6811,S1978VT025009,1978,site_obsdate,1985,Developed,1,1,CONUS,v2025-11,5/20/1978 0:00,5/18/1978 0:00,inceptisols,udepts,dystrudepts,lithic dystrudepts,loamy,43.190834045410156,-72.4583359,4005,7366
S1979WI073006,1186892,7650,7650,S1979WI073006,1980,site_obsdate,1985,Developed,1,1,CONUS,v2025-11,10/9/1974 0:00,6/1/1980 0:00,inceptisols,udepts,dystrudepts,typic dystrudepts,loamy-skeletal,44.93424987792969,-89.56767272949219,4007,7443
S1955MS101002,1331305,4584,4584,S1955MS101002,1955,site_obsdate,1985,Developed,1,1,CONUS,v2025-11,1/1/1955 0:00,1/1/1955 0:00,vertisols,uderts,dystruderts,aquic dystruderts,very-fine,32.3061111,-89.2383333,3978,5870
1929IL157002,314981,35849,35234,1929IL157002,1929,site_obsdate,1985,Developed,1,1,CONUS,v2025-11,10/1/1929 0:00,10/1/1929 0:00,alfisols,aqualfs,endoaqualfs,aeric endoaqualfs,fine-silty,38.009881,-89.9084521,3965,5039
1958IL203001,966226,35952,35337,1958IL203001,1958,site_obsdate,1985,Developed,1,1,CONUS,v2025-11,7/1/1958 0:00,7/1/1958 0:00,alfisols,aqualfs,endoaqualfs,aeric endoaqualfs,fine,40.8113092,-89.4399568,3965,5062
1966IL061002,355147,36087,35472,1966IL061002,1967,site_obsdate,1985,Developed,1,1,CONUS,v2025-11,5/1/1967 0:00,5/1/1967 0:00,alfisols,aqualfs,endoaqualfs,aeric endoaqualfs,fine-silty,39.1888914,-90.3899913,3965,4991
1984IL183142,1008298,37261,36646,1984IL183142,1984,site_obsdate,1985,Developed,1,1,CONUS,v2025-11,12/1/1984 0:00,12/1/1984 0:00,alfisols,aqualfs,endoaqualfs,aeric endoaqualfs,fine,40.1399111,-87.5733417,3965,5052
1974IL163004,354924,36239,35624,1974IL163004,1974,site_obsdate,1985,Developed,1,1,CONUS,v2025-11,6/1/1974 0:00,6/1/1974 0:00,alfisols,aqualfs,endoaqualfs,udollic endoaqualfs,fine-silty,38.5927613,-89.8209555,3965,5042
S1977IL095082,1116507,36416,35801,S1977IL095082,1977,site_obsdate,1985,Developed,1,1,CONUS,v2025-11,11/1/1977 0:00,11/1/1977 0:00,alfisols,aqualfs,endoaqualfs,udollic endoaqualfs,fine,40.9963829,-89.9874732,3965,5008
S1959IN045006,101970,5032,5032,S1959IN045006,1959,site_obsdate,1985,Developed,1,1,CONUS,v2025-11,11/12/1959 0:00,11/12/1959 0:00,alfisols,aqualfs,endoaqualfs,aeric endoaqualfs,fine-silty,39.2862358,-85.9503784,3966,5085
S1959IN045007,101971,5033,5033,S1959IN045007,1959,site_obsdate,1985,Developed,1,1,CONUS,v2025-11,11/12/1959 0:00,11/12/1959 0:00,alfisols,aqualfs,endoaqualfs,aeric endoaqualfs,fine,39.2862358,-85.9503784,3966,5085
1975IN181010,922518,38927,38312,1975IN181010,1975,site_obsdate,1985,Developed,1,1,CONUS,v2025-11,3/26/1975 0:00,3/26/1975 0:00,alfisols,aqualfs,endoaqualfs,umbric endoaqualfs,fine-loamy,40.7997472,-86.8909306,3966,5153
S1964NH017001,873285,3868,3868,S1964NH017001,1964,site_obsdate,1985,Developed,1,1,CONUS,v2025-11,9/15/1964 0:00,9/15/1964 0:00,inceptisols,aquepts,endoaquepts,typic endoaquepts,fine,43.2173064,-70.8775591,3983,6213
S1964OH069082,969583,68161,66236,S1964OH069082,1964,site_obsdate,1985,Developed,1,1,CONUS,v2025-11,5/18/1964 0:00,10/13/1964 0:00,inceptisols,aquepts,endoaquepts,mollic endoaquepts,fine,41.410325,-84.1062778,3989,6382
S1961CA097009,100246,2918,2918,S1961CA097009,1961,site_obsdate,1985,Developed,1,1,CONUS,v2025-11,6/26/1961 0:00,6/26/1961 0:00,vertisols,aquerts,endoaquerts,xeric endoaquerts,fine,38.24833297729492,-122.6086121,3951,4497
S1961CA097010,100247,2919,2919,S1961CA097010,1961,site_obsdate,1985,Developed,1,1,CONUS,v2025-11,6/27/1961 0:00,6/27/1961 0:00,vertisols,aquerts,endoaquerts,xeric endoaquerts,fine,38.2705574,-122.6438904,3951,4497
S1969CA071023,100115,5582,5582,S1969CA071023,1969,site_obsdate,1985,Developed,1,1,CONUS,v2025-11,6/10/1969 0:00,6/10/1969 0:00,mollisols,aquolls,endoaquolls,fluvaquentic endoaquolls,fine-silty,33.9905548,-117.6891632,3951,4484
1966IL097002,824115,36089,35474,1966IL097002,1966,site_obsdate,1985,Developed,1,1,CONUS,v2025-11,10/1/1966 0:00,10/1/1966 0:00,mollisols,aquolls,endoaquolls,typic endoaquolls,fine-silty,42.4715401,-88.0203689,3965,5009
1968IL075002,355064,36132,35517,1968IL075002,1968,site_obsdate,1985,Developed,1,1,CONUS,v2025-11,7/1/1968 0:00,7/1/1968 0:00,mollisols,aquolls,endoaquolls,typic endoaquolls,sandy,40.8309764,-87.7505787,3965,4998
1977IL019013,846613,36323,35708,1977IL019013,1977,site_obsdate,1985,Developed,1,1,CONUS,v2025-11,1/1/1977 0:00,1/1/1977 0:00,mollisols,aquolls,endoaquolls,typic endoaquolls,fine-loamy,40.3260455,-88.279007,3965,4970
1976IL065004,354928,36289,35674,1976IL065004,1976,site_obsdate,1985,Developed,1,1,CONUS,v2025-11,12/1/1976 0:00,12/1/1976 0:00,mollisols,aquolls,endoaquolls,vertic endoaquolls,fine,37.9729797,-88.3881398,3965,4993
1977IL073005,354949,36347,35732,1977IL073005,1976,site_obsdate,1985,Developed,1,1,CONUS,v2025-11,7/1/1976 0:00,7/1/1976 0:00,mollisols,aquolls,endoaquolls,vertic endoaquolls,very-fine,41.5006412,-89.9876898,3965,4997
1980IL075001,1188713,9169,9169,1980IL075001,1980,site_obsdate,1985,Developed,1,1,CONUS,v2025-11,4/1/1980 0:00,4/2/1980 0:00,mollisols,aquolls,endoaquolls,vertic endoaquolls,fine,40.793074,-88.012754,3965,4998
S1979MN091-004 (2778),917193,56019,55218,S1979MN091004 (2778),1978,site_obsdate,1985,Developed,1,1,CONUS,v2025-11,10/2/1978 0:00,10/2/1978 0:00,mollisols,aquolls,endoaquolls,cumulic endoaquolls,fine-loamy,43.6625099,-94.4942169,3975,5659
S1980MN113009 (3240),583282,56128,55327,S1980MN113009 (3240),1980,site_obsdate,1985,Developed,1,1,CONUS,v2025-11,5/14/1980 0:00,5/14/1980 0:00,mollisols,aquolls,endoaquolls,vertic endoaquolls,clayey over loamy,48.0939178,-96.1985855,3975,5670
S1969MN013001,1044821,1687,1687,S1969MN013001,1969,site_obsdate,1985,Developed,1,1,CONUS,v2025-11,10/1/1969 0:00,10/1/1969 0:00,mollisols,aquolls,endoaquolls,vertic endoaquolls,fine,43.8819389,-94.1671906,3975,5620
S1974MO127001,110171,2528,2528,S1974MO127001,1974,site_obsdate,1985,Developed,1,1,CONUS,v2025-11,6/1/1974 0:00,6/1/1974 0:00,mollisols,aquolls,endoaquolls,fluvaquentic vertic endoaquolls,fine,39.8780861,-91.4640274,3976,5764
1974NE121043,788034,2052,2052,1974NE121043,1974,site_obsdate,1985,Developed,1,1,CONUS,v2025-11,5/14/1974 0:00,5/14/1974 0:00,mollisols,aquolls,endoaquolls,fluvaquentic endoaquolls,fine-silty,41.1911163,-97.8325729,3982,6172
S1956OH123001,969572,66852,64927,S1956OH123001,1956,site_obsdate,1985,Developed,1,1,CONUS,v2025-11,8/15/1956 0:00,8/15/1956 0:00,mollisols,aquolls,endoaquolls,typic endoaquolls,fine,41.4793722,-83.1318556,3989,6409
1968IL043002,846598,36122,35507,1968IL043002,1968,site_obsdate,1985,Developed,1,1,CONUS,v2025-11,5/1/1968 0:00,5/1/1968 0:00,alfisols,aqualfs,epiaqualfs,aeric epiaqualfs,fine,41.7014988,-87.9919648,3965,4982
1968IL043003,354929,36123,35508,1968IL043003,1968,site_obsdate,1985,Developed,1,1,CONUS,v2025-11,5/1/1968 0:00,5/1/1968 0:00,alfisols,aqualfs,epiaqualfs,udollic epiaqualfs,fine,41.7012599,-87.9919648,3965,4982
S1959IN157002,102112,4994,4994,S1959IN157002,1959,site_obsdate,1985,Developed,1,1,CONUS,v2025-11,12/2/1959 0:00,12/2/1959 0:00,alfisols,aqualfs,epiaqualfs,aeric epiaqualfs,fine-silty,40.432251,-86.7327347,3966,5141
S1955IN003008,101859,4995,4995,S1955IN003008,1955,site_obsdate,1985,Developed,1,1,CONUS,v2025-11,10/1/1955 0:00,10/1/1955 0:00,alfisols,aqualfs,epiaqualfs,aeric epiaqualfs,fine-silty,41.0858536,-84.9654846,3966,5064
S1978MN137014 (2567),582931,55922,55121,S1978MN137014 (2567),1978,site_obsdate,1985,Developed,1,1,CONUS,v2025-11,5/23/1978 0:00,5/23/1978 0:00,alfisols,aqualfs,epiaqualfs,chromic vertic epiaqualfs,very-fine,47.7179604,-92.8256912,3975,5682
1954-OH125-050,748959,66488,64563,1954-OH125-050,1954,site_obsdate,1985,Developed,1,1,CONUS,v2025-11,5/14/1954 0:00,5/14/1954 0:00,alfisols,aqualfs,epiaqualfs,aeric epiaqualfs,fine-loamy,41.1804428,-84.4336929,3989,6410
1955-OH003-S04,748922,66582,64657,1955-OH003-S04,1955,site_obsdate,1985,Developed,1,1,CONUS,v2025-11,,11/9/1955 0:00,alfisols,aqualfs,epiaqualfs,aeric epiaqualfs,fine,40.686779,-84.0721359,3989,6349
1955-OH173-059,749082,66742,64817,1955-OH173-059,1955,site_obsdate,1985,Developed,1,1,CONUS,v2025-11,,8/2/1955 0:00,alfisols,aqualfs,epiaqualfs,aeric epiaqualfs,fine-loamy,41.1987228,-83.5115814,3989,6434
S1956OH161S06,770337,66887,64962,S1956OH161S06,1956,site_obsdate,1985,Developed,1,1,CONUS,v2025-11,9/12/1956 0:00,9/12/1956 0:00,alfisols,aqualfs,epiaqualfs,aeric epiaqualfs,fine,40.8533058,-84.6324463,3989,6428
1961-OH171-002,750578,67809,65884,1961-OH171-002,1961,site_obsdate,1985,Developed,1,1,CONUS,v2025-11,8/22/1961 0:00,8/22/1961 0:00,alfisols,aqualfs,epiaqualfs,aeric epiaqualfs,fine,41.4280052,-84.4786224,3989,6433
1962OH041047,842814,67888,65963,S1962OH041047,1962,site_obsdate,1985,Developed,1,1,CONUS,v2025-11,9/21/1962 0:00,9/21/1962 0:00,alfisols,aqualfs,epiaqualfs,aeric epiaqualfs,fine,40.1531982421875,-82.85199737548828,3989,6368
1965-OH103-014,751026,68251,66326,1965-OH103-014,1965,site_obsdate,1985,Developed,1,1,CONUS,v2025-11,,11/15/1965 0:00,alfisols,aqualfs,epiaqualfs,aeric epiaqualfs,fine,41.243133544921875,-81.853156,3989,6399
1967-OH137-025,751044,68377,66452,1967-OH137-025,1967,site_obsdate,1985,Developed,1,1,CONUS,v2025-11,,6/30/1967 0:00,alfisols,aqualfs,epiaqualfs,aeric epiaqualfs,fine,41.1146088,-83.9579773,3989,6416
1967-OH171-006,751073,68412,66487,1967-OH171-006,1967,site_obsdate,1985,Developed,1,1,CONUS,v2025-11,10/2/1967 0:00,10/2/1967 0:00,alfisols,aqualfs,epiaqualfs,aeric epiaqualfs,fine,41.6549263,-84.4763336,3989,6433
1969-OH171-013,751075,68505,66580,1969-OH171-013,1969,site_obsdate,1985,Developed,1,1,CONUS,v2025-11,8/21/1969 0:00,8/21/1969 0:00,alfisols,aqualfs,epiaqualfs,aeric epiaqualfs,fine,41.4276237,-84.3721771,3989,6433
1975-OH039-031,751641,68815,66890,1975-OH039-031,1975,site_obsdate,1985,Developed,1,1,CONUS,v2025-11,,12/1/1975 0:00,alfisols,aqualfs,epiaqualfs,aeric epiaqualfs,very-fine,41.2529984,-84.4478912,3989,6367
1959-OH063-011,749843,67311,65386,1959-OH063-011,1959,site_obsdate,1985,Developed,1,1,CONUS,v2025-11,4/12/1959 0:00,4/12/1959 0:00,alfisols,aqualfs,epiaqualfs,mollic epiaqualfs,fine,41.1088562,-83.5939789,3989,6379
1961-OH069-003,750460,67666,65741,1961-OH069-003,1961,site_obsdate,1985,Developed,1,1,CONUS,v2025-11,9/11/1961 0:00,9/11/1961 0:00,alfisols,aqualfs,epiaqualfs,mollic epiaqualfs,fine-loamy,41.4860344,-84.0640259,3989,6382
1962-OH137-008,750553,68082,66157,1962-OH137-008,1962,site_obsdate,1985,Developed,1,1,CONUS,v2025-11,,8/1/1962 0:00,alfisols,aqualfs,epiaqualfs,mollic epiaqualfs,fine,41.1519279,-84.0356827,3989,6416
1962-OH137-009,750554,68083,66158,1962-OH137-009,1962,site_obsdate,1985,Developed,1,1,CONUS,v2025-11,,8/1/1962 0:00,alfisols,aqualfs,epiaqualfs,mollic epiaqualfs,fine,41.1379776,-83.9764709,3989,6416
1962-OH137-011,750126,68085,66160,1962-OH137-011,1962,site_obsdate,1985,Developed,1,1,CONUS,v2025-11,,8/1/1962 0:00,alfisols,aqualfs,epiaqualfs,mollic epiaqualfs,fine,41.1241722,-83.9580841,3989,6416
1966-OH173-S19,751097,68348,66423,1966-OH173-S19,1966,site_obsdate,1985,Developed,1,1,CONUS,v2025-11,,7/28/1966 0:00,alfisols,aqualfs,epiaqualfs,mollic epiaqualfs,fine-loamy,41.2546959,-83.5545807,3989,6434
1972OH011002,842819,68662,66737,S1972OH011002,1972,site_obsdate,1985,Developed,1,1,CONUS,v2025-11,4/18/1972 0:00,4/18/1972 0:00,alfisols,aqualfs,epiaqualfs,aeric epiaqualfs,fine,40.6771972,-84.4086333,3989,6353
1982OH143020,842836,69095,67170,S1982OH143020,1982,site_obsdate,1985,Developed,1,1,CONUS,v2025-11,8/31/1982 0:00,8/31/1982 0:00,alfisols,aqualfs,epiaqualfs,aeric epiaqualfs,fine,41.2555444,-82.8418028,3989,6419
S1958NH017001,873243,442,442,S1958NH017001,1958,site_obsdate,1985,Developed,1,1,CONUS,v2025-11,10/23/1958 0:00,10/23/1958 0:00,inceptisols,aquepts,epiaquepts,aeric epiaquepts,coarse-loamy over clayey,43.141196,-70.944504,3983,6213
S1954OH039002,969504,66427,64502,1954-OH039-002,1954,site_obsdate,1985,Developed,1,1,CONUS,v2025-11,,8/24/1954 0:00,inceptisols,aquepts,epiaquepts,typic epiaquepts,very-fine,41.3552666,-84.3610077,3989,6367
1955-OH125-S32,749019,66709,64784,1955-OH125-S32,1955,site_obsdate,1985,Developed,1,1,CONUS,v2025-11,5/26/1955 0:00,5/26/1955 0:00,inceptisols,aquepts,epiaquepts,typic epiaquepts,very-fine,41.0629158,-84.4754181,3989,6410
69KS017017,150449,52187,51461,69KS017017,1969,site_obsdate,1985,Developed,1,1,CONUS,v2025-11,12/1/1969 0:00,12/1/1969 0:00,vertisols,aquerts,epiaquerts,typic epiaquerts,,38.2729263,-96.8194351,3967,5163
1964ND017001,338864,69373,67448,S1964ND017001,1964,site_obsdate,1985,Developed,1,1,CONUS,v2025-11,10/7/1964 0:00,10/7/1964 0:00,vertisols,aquerts,epiaquerts,typic epiaquerts,fine,46.8988347,-96.8036969,3981,6067
S1974MI063001,969552,1916,1916,S1974MI063001,1974,site_obsdate,1985,Developed,1,1,CONUS,v2025-11,10/8/1974 0:00,10/10/1974 0:00,mollisols,aquolls,epiaquolls,typic epiaquolls,fine-loamy,43.7128722,-83.3453222,3974,5562
S1969MT027004,103138,3497,3497,S1969MT027004,1969,site_obsdate,1985,Developed,1,1,CONUS,v2025-11,8/14/1969 0:00,8/14/1969 0:00,alfisols,boralfs,eutroboralfs,mollic eutroboralfs,fine,47.3299141,-110.0833282,3979,5915
S1961MT063003,103285,3146,3146,S1961MT063003,1961,site_obsdate,1985,Developed,1,1,CONUS,v2025-11,6/8/1961 0:00,6/8/1961 0:00,alfisols,boralfs,eutroboralfs,typic eutroboralfs,very-fine,47.059165954589844,-114.3983307,3979,5933
S1983IA105011,845197,70815,68843,S1983IA105011,1983,site_obsdate,1985,Developed,1,1,CONUS,v2025-11,7/14/1983 0:00,7/14/1983 0:00,inceptisols,ochrepts,eutrochrepts,dystric eutrochrepts,fine-silty,42.1079138,-91.1351272,3963,4870
1977IN031001,313883,38670,38055,1977IN031001,1977,site_obsdate,1985,Developed,1,1,CONUS,v2025-11,7/13/1977 0:00,7/13/1977 0:00,inceptisols,ochrepts,eutrochrepts,fluventic eutrochrepts,fine-loamy,39.246925354003906,-85.5322417,3966,5078
1981IN047018,314185,39114,38499,1981IN047018,1981,site_obsdate,1985,Developed,1,1,CONUS,v2025-11,8/10/1981 0:00,8/10/1981 0:00,inceptisols,ochrepts,eutrochrepts,lithic eutrochrepts,fine-silty,39.4715472,-85.2203222,3966,5086
S1960MA003008,102444,430,430,S1960MA003008,1960,site_obsdate,1985,Developed,1,1,CONUS,v2025-11,6/10/1960 0:00,6/10/1960 0:00,inceptisols,ochrepts,eutrochrepts,dystric eutrochrepts,coarse-loamy,42.281929,-73.2642593,3970,5445
1977-OH039-040,751639,68890,66965,1977-OH039-040,1977,site_obsdate,1985,Developed,1,1,CONUS,v2025-11,,8/19/1977 0:00,inceptisols,ochrepts,eutrochrepts,fluventic eutrochrepts,fine-loamy,41.2937241,-84.323349,3989,6367
1977PA071020,422219,54014,53213,477,1977,site_obsdate,1985,Developed,1,1,CONUS,v2025-11,6/14/1977 0:00,6/14/1977 0:00,inceptisols,ochrepts,eutrochrepts,dystric eutrochrepts,coarse-loamy,39.9983333,-76.2638889,3992,6584
1980PA001020,409553,53607,52806,11,1980,site_obsdate,1985,Developed,1,1,CONUS,v2025-11,6/11/1980 0:00,6/11/1980 0:00,inceptisols,ochrepts,eutrochrepts,lithic eutrochrepts,coarse-loamy,39.7880556,-77.1330556,3992,6549
80VT021005,120314,7998,7998,S1980VT021005,1980,site_obsdate,1985,Developed,1,1,CONUS,v2025-11,7/1/1980 0:00,7/1/1980 0:00,inceptisols,ochrepts,eutrochrepts,aquic dystric eutrochrepts,fine-loamy,43.4436111,-73.2277756,4005,7364
69CT009001,873164,1198,1198,S1969CT009001,1969,site_obsdate,1985,Developed,1,1,CONUS,v2025-11,7/1/1969 0:00,7/1/1969 0:00,inceptisols,udepts,eutrudepts,dystric eutrudepts,coarse-loamy,41.4297218,-72.7986145,3953,4574
S1973IA043004,934175,70717,68745,S1973IA043004,1973,site_obsdate,1985,Developed,1,1,CONUS,v2025-11,8/7/1973 0:00,8/7/1973 0:00,inceptisols,udepts,eutrudepts,dystric eutrudepts,fine-silty,42.8390738,-91.5656482,3963,4839
82IL143028,121237,10107,10107,S1982IL143028,1982,site_obsdate,1985,Developed,1,1,CONUS,v2025-11,3/3/1982 0:00,3/1/1982 0:00,inceptisols,udepts,eutrudepts,typic eutrudepts,fine-loamy,40.7844429,-89.6011124,3965,5032
82IL-079-006,963422,36931,36316,82IL-079-006,1982,site_obsdate,1985,Developed,1,1,CONUS,v2025-11,,8/1/1982 0:00,entisols,aquents,fluvaquents,aeric fluvaquents,coarse-loamy,38.8911968,-88.2684003,3965,5000
1981IN049003,314138,39067,38452,1981IN049003,1981,site_obsdate,1985,Developed,1,1,CONUS,v2025-11,4/22/1981 0:00,4/22/1981 0:00,entisols,aquents,fluvaquents,aeric fluvaquents,fine-loamy,41.1419667,-86.20574951171875,3966,5087
1977IN021017,313452,38327,37712,1977IN021017,1976,site_obsdate,1985,Developed,1,1,CONUS,v2025-11,6/9/1976 0:00,6/9/1976 0:00,entisols,aquents,fluvaquents,typic fluvaquents,fine-silty,39.3008278,-87.1648944,3966,5073
S1977MN091002(2395),582853,55777,54976,S1977MN091002(2395),1976,site_obsdate,1985,Developed,1,1,CONUS,v2025-11,1/27/1976 0:00,1/27/1976 0:00,entisols,aquents,fluvaquents,mollic fluvaquents,fine-silty,43.643589,-94.4467163,3975,5659
1970-OH107-016,751133,68562,66637,1970OH107016,1970,site_obsdate,1985,Developed,1,1,CONUS,v2025-11,9/17/1970 0:00,9/17/1970 0:00,entisols,aquents,fluvaquents,aeric fluvaquents,fine,40.66600036621094,-84.46600341796875,3989,6401
1966-OH153-024,1069793,68341,66416,1966OH153024,1966,site_obsdate,1985,Developed,1,1,CONUS,v2025-11,,10/25/1966 0:00,alfisols,aqualfs,fragiaqualfs,aeric fragiaqualfs,fine-silty,41.2944444,-81.4661111,3989,6424
1968PA017011,421844,53599,52798,102,1968,site_obsdate,1985,Developed,1,1,CONUS,v2025-11,6/20/1968 0:00,6/20/1968 0:00,alfisols,aqualfs,fragiaqualfs,typic fragiaqualfs,fine-silty,40.2577778,-74.9133333,3992,6557
83ID035003,121686,10871,10871,S1983ID035003,1983,site_obsdate,1985,Developed,1,1,CONUS,v2025-11,9/1/1983 0:00,9/1/1983 0:00,alfisols,boralfs,fragiboralfs,andic fragiboralfs,fine-silty,46.4219437,-115.8961105,3964,4934
1966PA069002,422198,53991,53190,456,1966,site_obsdate,1985,Developed,1,1,CONUS,v2025-11,6/18/1966 0:00,6/18/1966 0:00,inceptisols,ochrepts,fragiochrepts,typic fragiochrepts,coarse-loamy,41.51250076293945,-75.7041667,3992,6583
S1951IL199003,101851,2566,2566,S1951IL199003,1951,site_obsdate,1985,Developed,1,1,CONUS,v2025-11,10/18/1951 0:00,10/18/1951 0:00,alfisols,udalfs,fragiudalfs,oxyaquic fragiudalfs,fine-silty,37.7900009,-88.836113,3965,5060
1928IL051001,314860,35834,35219,1928IL051001,1928,site_obsdate,1985,Developed,1,1,CONUS,v2025-11,10/1/1928 0:00,10/1/1928 0:00,alfisols,udalfs,fragiudalfs,oxyaquic fragiudalfs,fine-silty,38.9603343,-89.10122680664062,3965,4986
1976IN133060,312844,38160,37545,1976IN133060,1976,site_obsdate,1985,Developed,1,1,CONUS,v2025-11,7/26/1976 0:00,7/26/1976 0:00,alfisols,udalfs,fragiudalfs,typic fragiudalfs,fine-silty,39.5307278,-86.8772889,3966,5129
58KY177001,216642,54991,54190,58KY177001,1958,site_obsdate,1985,Developed,1,1,CONUS,v2025-11,6/1/1958 0:00,6/1/1958 0:00,alfisols,udalfs,fragiudalfs,glossic fragiudalfs,fine-silty,37.2070833,-87.2208056,3968,5348
56KY-075-002,507134,54982,54181,56KY-075-002,1956,site_obsdate,1985,Developed,1,1,CONUS,v2025-11,8/22/1956 0:00,8/22/1956 0:00,alfisols,udalfs,fragiudalfs,oxyaquic fragiudalfs,fine-silty,36.5125847,-88.887558,3968,5297
S1961LA033001,102349,1315,1315,S1961LA033001,1961,site_obsdate,1985,Developed,1,1,CONUS,v2025-11,5/9/1961 0:00,5/9/1961 0:00,alfisols,udalfs,fragiudalfs,aquic fragiudalfs,fine-silty,30.68694496154785,-91.2216644,3969,5396
75LA041017,955522,1320,1320,75LA041017,1975,site_obsdate,1985,Developed,1,1,CONUS,v2025-11,,6/1/1975 0:00,alfisols,udalfs,fragiudalfs,glossaquic fragiudalfs,fine-silty,32.1138889,-91.8438889,3969,5400
S1956MS049001,1171930,4546,4546,S1956MS049001,1956,site_obsdate,1985,Developed,1,1,CONUS,v2025-11,4/18/1956 0:00,4/18/1956 0:00,alfisols,udalfs,fragiudalfs,oxyaquic fragiudalfs,fine-silty,32.3985062,-90.2117615,3978,5844
2016IN093001,1108201,38908,38293,1978IN093008,1978,site_obsdate,1985,Developed,1,1,CONUS,v2025-11,9/15/1978 0:00,9/15/1978 0:00,ultisols,udults,fragiudults,aquic fragiudults,fine-silty,38.9474833,-86.6095361,3966,5109
2017IN137003,1221933,38909,38294,2017IN137001,1978,site_obsdate,1985,Developed,1,1,CONUS,v2025-11,11/1/1978 0:00,11/1/1978 0:00,ultisols,udults,fragiudults,aquic fragiudults,fine-silty,38.972131,-85.157077,3966,5131
1969PA019010,421860,53616,52815,118,1969,site_obsdate,1985,Developed,1,1,CONUS,v2025-11,7/11/1969 0:00,7/11/1969 0:00,ultisols,udults,fragiudults,aquic fragiudults,fine-loamy,40.7594444,-79.7794444,3992,6558
1959PA035018,422018,53791,52990,1959PA035018,1959,site_obsdate,1985,Developed,1,1,CONUS,v2025-11,5/5/1959 0:00,5/5/1959 0:00,ultisols,udults,fragiudults,typic fragiudults,fine-loamy,41.0511111,-77.1891667,3992,6566
1965PA089012,422336,54144,53343,594,1965,site_obsdate,1985,Developed,1,1,CONUS,v2025-11,6/8/1965 0:00,6/8/1965 0:00,ultisols,udults,fragiudults,typic fragiudults,fine-loamy,40.9522222,-75.50749969482422,3992,6593
1962PA129016,422596,54433,53632,854,1962,site_obsdate,1985,Developed,1,1,CONUS,v2025-11,6/14/1962 0:00,6/14/1962 0:00,ultisols,udults,fragiudults,typic fragiudults,fine-loamy,40.4558333,-79.3377778,3992,6613
67KY-035-010,507105,55027,54226,67KY-035-010,1967,site_obsdate,1985,Developed,1,1,CONUS,v2025-11,5/8/1967 0:00,5/8/1967 0:00,alfisols,udalfs,fraglossudalfs,aquic fraglossudalfs,fine-silty,36.6142502,-88.3425369,3968,5277
55KY-035-004,507109,54970,54169,55KY-035-004,1955,site_obsdate,1985,Developed,1,1,CONUS,v2025-11,9/1/1955 0:00,9/1/1955 0:00,alfisols,udalfs,fraglossudalfs,oxyaquic fraglossudalfs,fine-silty,36.6495285,-88.212532,3968,5277
S1961LA033008,102356,1284,1284,S1961LA033008,1961,site_obsdate,1985,Developed,1,1,CONUS,v2025-11,5/11/1961 0:00,5/11/1961 0:00,alfisols,aqualfs,glossaqualfs,typic glossaqualfs,fine-silty,30.3775005,-91.0916672,3969,5396
S1976MI073006,1111333,72464,133204,S1976MI073006,1976,site_obsdate,1985,Developed,1,1,CONUS,v2025-11,11/10/1976 0:00,11/12/1976 0:00,alfisols,aqualfs,glossaqualfs,aeric glossaqualfs,fine-loamy,43.5823139,-84.7499722,3974,5567
82NY089005,121167,9983,9983,S1982NY089005,1982,site_obsdate,1985,Developed,1,1,CONUS,v2025-11,12/3/1982 0:00,12/1/1982 0:00,alfisols,boralfs,glossoboralfs,aquic glossoboralfs,fine-silty,44.4655571,-75.7602768,3988,6330
82NY089006,121168,9984,9984,S1982NY089006,1982,site_obsdate,1985,Developed,1,1,CONUS,v2025-11,12/3/1982 0:00,12/1/1982 0:00,alfisols,boralfs,glossoboralfs,aquic glossoboralfs,fine-silty,44.4655571,-75.7602768,3988,6330
S1982MN007001 (3603),583492,56257,55456,S1982MN007001 (3603),1982,site_obsdate,1985,Developed,1,1,CONUS,v2025-11,9/30/1982 0:00,9/30/1982 0:00,alfisols,udalfs,glossudalfs,aquic glossudalfs,coarse-loamy,47.4354515,-94.8008499,3975,5617
S1978MN137060 (2568),582932,55946,55145,S1978MN137060 (2568),1978,site_obsdate,1985,Developed,1,1,CONUS,v2025-11,5/24/1978 0:00,5/24/1978 0:00,alfisols,udalfs,glossudalfs,oxyaquic glossudalfs,fine-loamy,47.5526123,-92.942627,3975,5682
S1947WI005005,897213,1986,1986,S1947WI005005,1947,site_obsdate,1985,Developed,1,1,CONUS,v2025-11,9/14/1947 0:00,9/14/1947 0:00,alfisols,udalfs,glossudalfs,haplic glossudalfs,coarse-loamy,45.6100006,-91.7752762,4007,7409
S1980NV003009,110468,7820,7820,S1980NV003009,1980,site_obsdate,1985,Developed,1,1,CONUS,v2025-11,6/3/1980 0:00,4/1/1980 0:00,aridisols,orthids,gypsiorthids,cambic gypsiorthids,fine-silty,36.1599998,-115.1572189,3987,6270
S1957ID045033,101504,1042,1042,S1957ID045033,1957,site_obsdate,1985,Developed,1,1,CONUS,v2025-11,5/2/1957 0:00,5/2/1957 0:00,inceptisols,aquepts,halaquepts,aeric halaquepts,coarse-loamy,43.8737602,-116.6120911,3964,4939
78TX389004,119916,7235,7235,S1978TX389004,1978,site_obsdate,1985,Developed,1,1,CONUS,v2025-11,1/1/1978 0:00,1/1/1978 0:00,inceptisols,aquepts,halaquepts,aeric halaquepts,fine-silty,31.3852787,-103.4775009,4000,7116
S1957ID045038,101509,1073,1073,S1957ID045038,1957,site_obsdate,1985,Developed,1,1,CONUS,v2025-11,7/24/1957 0:00,7/24/1957 0:00,inceptisols,aquepts,haplaquepts,typic haplaquepts,coarse-loamy,43.905426025390625,-116.6923752,3964,4939
1975IN129002,312961,38359,37744,1975IN129002,1975,site_obsdate,1985,Developed,1,1,CONUS,v2025-11,1/6/1975 0:00,1/6/1975 0:00,inceptisols,aquepts,haplaquepts,typic haplaquepts,fine,37.9288528,-87.9946056,3966,5127
82NY089010,121172,9988,9988,S1982NY089010,1982,site_obsdate,1985,Developed,1,1,CONUS,v2025-11,12/1/1982 0:00,12/1/1982 0:00,aridisols,aquepts,haplaquepts,mollic haplaquepts,fine,44.5869446,-75.5319443,3988,6330
S1976VT015007,110897,3746,3746,S1976VT015007,1976,site_obsdate,1985,Developed,1,1,CONUS,v2025-11,9/2/1976 0:00,9/2/1976 0:00,aridisols,aquepts,haplaquepts,typic haplaquepts,fine,44.5544434,-72.6144409,4005,7361
59NH013002,906323,472,472,S1959NH013002,1959,site_obsdate,1985,Developed,1,1,CONUS,v2025-11,9/14/1959 0:00,9/14/1959 0:00,spodosols,aquods,haplaquods,aeric haplaquods,sandy,43.125,-71.4416656,3983,6211
1978IN135001,313539,38520,37905,1978IN135001,1978,site_obsdate,1985,Developed,1,1,CONUS,v2025-11,8/28/1978 0:00,8/28/1978 0:00,mollisols,aquolls,haplaquolls,fluvaquentic haplaquolls,fine-loamy,40.2364833,-85.0359583,3966,5130
1981IN125011,314031,38960,38345,1981IN125011,1979,site_obsdate,1985,Developed,1,1,CONUS,v2025-11,7/3/1979 0:00,7/3/1979 0:00,mollisols,aquolls,haplaquolls,fluvaquentic haplaquolls,fine-silty,38.4857861,-87.27954864501953,3966,5125
1977IN159002,313042,38229,37614,1977IN159002,1977,site_obsdate,1985,Developed,1,1,CONUS,v2025-11,8/24/1977 0:00,8/24/1977 0:00,mollisols,aquolls,haplaquolls,typic haplaquolls,fine-silty,40.3187972,-85.9946833,3966,5142
1978IN107001,313508,38480,37865,1978IN107001,1977,site_obsdate,1985,Developed,1,1,CONUS,v2025-11,11/4/1977 0:00,11/4/1977 0:00,mollisols,aquolls,haplaquolls,typic haplaquolls,fine-silty,40.1858417,-86.8348389,3966,5116
1979IN073009,313860,38647,38032,1979IN073009,1979,site_obsdate,1985,Developed,1,1,CONUS,v2025-11,5/2/1979 0:00,5/2/1979 0:00,mollisols,aquolls,haplaquolls,typic haplaquolls,sandy,41.217899322509766,-87.0639333,3966,5099
1984IN157014,313969,39223,38608,1984IN157014,1983,site_obsdate,1985,Developed,1,1,CONUS,v2025-11,10/18/1983 0:00,10/18/1983 0:00,mollisols,aquolls,haplaquolls,typic haplaquolls,fine-silty,40.3974583,-86.7966306,3966,5141
1983IN111048,314401,39385,38770,1983IN111048,1983,site_obsdate,1985,Developed,1,1,CONUS,v2025-11,10/13/1983 0:00,10/13/1983 0:00,mollisols,aquolls,haplaquolls,typic haplaquolls,fine-loamy,40.7912778,-87.4398278,3966,5118
1963PA027008,421912,53673,52872,1963PA027008,1963,site_obsdate,1985,Developed,1,1,CONUS,v2025-11,10/29/1963 0:00,10/29/1963 0:00,mollisols,aquolls,haplaquolls,fluventic haplaquolls,fine,40.814998626708984,-77.6416667,3992,6562
S1969AZ019004,107834,5732,5732,S1969AZ019004,1969,site_obsdate,1985,Developed,1,1,CONUS,v2025-11,10/2/1969 0:00,10/2/1969 0:00,aridisols,argids,haplargids,lithic haplargids,clayey-skeletal,32.1769447,-111.0336075,3950,4444
S1956ID045012,101490,1018,1018,S1956ID045012,1956,site_obsdate,1985,Developed,1,1,CONUS,v2025-11,7/23/1956 0:00,7/23/1956 0:00,aridisols,argids,haplargids,aquic haplargids,fine-loamy over sandy or sandy-skeletal,43.8826523,-116.4784775,3964,4939
S1969ID075014,101554,5663,5663,S1969ID075014,1969,site_obsdate,1985,Developed,1,1,CONUS,v2025-11,10/8/1969 0:00,10/8/1969 0:00,aridisols,argids,haplargids,xerollic haplargids,fine-loamy,44.0791664,-116.6924973,3964,4954
S1971NM001003,161950,5871,5871,S1971NM001003,1971,site_obsdate,1985,Developed,1,1,CONUS,v2025-11,11/3/1971 0:00,11/3/1971 0:00,aridisols,argids,haplargids,typic haplargids,fine-loamy,35.1147881,-106.513916015625,3986,6236
S1959NV005010,104546,2993,2993,S1959NV005010,1959,site_obsdate,1985,Developed,1,1,CONUS,v2025-11,10/5/1959 0:00,10/5/1959 0:00,aridisols,argids,haplargids,xerollic haplargids,loamy-skeletal,38.9019432,-119.7402802,3987,6271
S1975NV031006,110555,3237,3237,S1975NV031006,1975,site_obsdate,1985,Developed,1,1,CONUS,v2025-11,10/7/1975 0:00,10/7/1975 0:00,aridisols,argids,haplargids,xerollic haplargids,loamy-skeletal,39.5121155,-119.9382324,3987,6283
1977NV019002,254235,6484,6484,1977NV019002,1977,site_obsdate,1985,Developed,1,1,CONUS,v2025-11,2/1/1977 0:00,2/1/1977 0:00,aridisols,argids,haplargids,typic haplargids,sandy,39.3319444,-119.2369444,3987,6278
S1955OR013016,104959,868,868,S1955OR013016,1955,site_obsdate,1985,Developed,1,1,CONUS,v2025-11,7/1/1955 0:00,7/1/1955 0:00,aridisols,argids,haplargids,xerollic haplargids,fine-loamy,44.3405571,-120.8616638,3991,6519
S1965MT029002,196268,3459,3459,S1965MT029002,1965,site_obsdate,1985,Developed,1,1,CONUS,v2025-11,6/1/1965 0:00,6/1/1965 0:00,mollisols,borolls,haploborolls,aquic haploborolls,fine-silty over sandy or sandy-skeletal,48.1313896,-114.1583328,3979,5916
S1956MT111004,103436,3336,3336,S1956MT111004,1956,site_obsdate,1985,Developed,1,1,CONUS,v2025-11,9/25/1956 0:00,9/25/1956 0:00,mollisols,borolls,haploborolls,aridic haploborolls,fine-silty,45.74075698852539,-108.69964599609375,3979,5957
S1951MT111007,103411,3327,3327,S1951MT111007,1951,site_obsdate,1985,Developed,1,1,CONUS,v2025-11,8/9/1951 0:00,8/9/1951 0:00,mollisols,borolls,haploborolls,typic haploborolls,fine-loamy,45.9485397,-108.0862961,3979,5957
53ND003001,47307,4937,4937,53ND003001,1953,site_obsdate,1985,Developed,1,1,CONUS,v2025-11,9/9/1953 0:00,9/9/1953 0:00,mollisols,borolls,haploborolls,udic haploborolls,fine-loamy,47.0944252,-97.79066467,3981,6060
S1967AZ013008,107801,5450,5450,S1967AZ013008,1967,site_obsdate,1985,Developed,1,1,CONUS,v2025-11,10/11/1967 0:00,10/11/1967 0:00,aridisols,calcids,haplocalcids,typic haplocalcids,coarse-loamy,33.6027794,-112.2977753,3950,4441
S1967AZ013013,107806,5451,5451,S1967AZ013013,1967,site_obsdate,1985,Developed,1,1,CONUS,v2025-11,10/12/1967 0:00,10/12/1967 0:00,aridisols,calcids,haplocalcids,typic haplocalcids,coarse-loamy,33.3655548,-112.1861115,3950,4441
S1967AZ013009,107802,5454,5454,S1967AZ013009,1967,site_obsdate,1985,Developed,1,1,CONUS,v2025-11,10/13/1967 0:00,10/13/1967 0:00,aridisols,calcids,haplocalcids,typic haplocalcids,coarse-loamy,33.6105537,-112.2699966,3950,4441
S1967AZ013010,107803,5455,5455,S1967AZ013010,1967,site_obsdate,1985,Developed,1,1,CONUS,v2025-11,10/13/1967 0:00,10/13/1967 0:00,aridisols,calcids,haplocalcids,typic haplocalcids,coarse-loamy,33.6386108,-112.2619476,3950,4441
2018NM013240,1306451,727,727,2018NM013240,1960,site_obsdate,1985,Developed,1,1,CONUS,v2025-11,11/1/2018 0:00,4/13/1960 0:00,aridisols,calcids,haplocalcids,typic haplocalcids,sandy,32.288675,-106.7347417,3986,6243
S1958-TX389-090-copy,1145904,4245,4245,S1958-TX389-090-copy,1958,site_obsdate,1985,Developed,1,1,CONUS,v2025-11,6/6/1958 0:00,6/6/1958 0:00,aridisols,calcids,haplocalcids,ustic haplocalcids,fine-silty,31.2742472,-103.6101583,4000,7116
ME-55-10-019-06,168290,396,396,S1955ME019003,1955,site_obsdate,1985,Developed,1,1,CONUS,v2025-11,10/11/1955 0:00,10/11/1955 0:00,spodosols,orthods,haplorthods,oxyaquic haplorthods,loamy,44.9027252,-68.6615829,3972,5491
S1966MI061003,102642,1933,1933,S1966MI061003,1966,site_obsdate,1985,Developed,1,1,CONUS,v2025-11,10/10/1966 0:00,10/10/1966 0:00,spodosols,orthods,haplorthods,typic haplorthods,,47.1111107,-88.5914459,3974,5561
70NH007001,955509,1196,1196,70NH007001,1970,site_obsdate,1985,Developed,1,1,CONUS,v2025-11,,6/1/1970 0:00,spodosols,orthods,haplorthods,typic haplorthods,coarse-silty over sandy or sandy-skeletal,44.2933333,-71.2766667,3983,6208
77NY041003,119646,6596,6596,S1977NY041003,1977,site_obsdate,1985,Developed,1,1,CONUS,v2025-11,9/1/1977 0:00,9/1/1977 0:00,spodosols,orthods,haplorthods,typic haplorthods,coarse-loamy,43.8836098,-74.4266663,3988,6306
S1974OR011018,156858,6306,6306,74-FWG-14,1974,site_obsdate,1985,Developed,1,1,CONUS,v2025-11,7/22/1974 0:00,7/22/1974 0:00,spodosols,orthods,haplorthods,aquentic haplorthods,sandy,43.577857971191406,-124.1645279,3991,6518
S1974OR011016,204236,6304,6304,S1974OR011022,1974,site_obsdate,1985,Developed,1,1,CONUS,v2025-11,9/10/1974 0:00,9/10/1974 0:00,spodosols,orthods,haplorthods,typic haplorthods,sandy,43.4002762,-124.2572250366211,3991,6518
S1974OR011022,104936,6308,6308,S1974OR011022,1974,site_obsdate,1985,Developed,1,1,CONUS,v2025-11,9/10/1974 0:00,9/10/1974 0:00,spodosols,orthods,haplorthods,typic haplorthods,sandy,43.4002762,-124.2572250366211,3991,6518
1963PA027011,421915,53676,52875,1963PA027011,1963,site_obsdate,1985,Developed,1,1,CONUS,v2025-11,10/30/1963 0:00,10/30/1963 0:00,spodosols,orthods,haplorthods,entic haplorthods,sandy,40.8169444,-77.9338889,3992,6562
1978PA027086,421964,53732,52931,1978PA027086,1978,site_obsdate,1985,Developed,1,1,CONUS,v2025-11,6/15/1978 0:00,6/15/1978 0:00,spodosols,orthods,haplorthods,entic haplorthods,sandy,40.810001373291016,-77.9297222,3992,6562
S1957WI053001,897176,1482,1482,S1957WI053001,1957,site_obsdate,1985,Developed,1,1,CONUS,v2025-11,1/31/1957 0:00,1/31/1957 0:00,spodosols,orthods,haplorthods,entic haplorthods,sandy,44.26972198486328,-90.7977753,4007,7433
S1984NY071005,858012,11528,11528,S1984NY071005,1984,site_obsdate,1985,Developed,1,1,CONUS,v2025-11,2/1/1993 0:00,6/1/1984 0:00,histosols,saprists,haplosaprists,typic haplosaprists,,41.3370387,-74.4554351,3988,6321
S1961CA017004,107995,2736,2736,S1961CA017004,1961,site_obsdate,1985,Developed,1,1,CONUS,v2025-11,6/1/1961 0:00,6/1/1961 0:00,alfisols,xeralfs,haploxeralfs,mollic haploxeralfs,fine-loamy,38.8297234,-120.980278,3951,4457
S1955CA065015,100080,2692,2692,S1955CA065015,1955,site_obsdate,1985,Developed,1,1,CONUS,v2025-11,12/9/1955 0:00,12/9/1955 0:00,alfisols,xeralfs,haploxeralfs,typic haploxeralfs,fine-loamy,33.5175018,-117.1575012,3951,4481
78CA033023,119738,6921,6921,S1978CA033023,1978,site_obsdate,1985,Developed,1,1,CONUS,v2025-11,7/3/1978 0:00,7/1/1978 0:00,alfisols,xeralfs,haploxeralfs,ultic haploxeralfs,loamy-skeletal,38.9382095,-122.7394104,3951,4465
S1959OR067004,105317,897,897,S1959OR067004,1959,site_obsdate,1985,Developed,1,1,CONUS,v2025-11,7/26/1959 0:00,7/26/1959 0:00,alfisols,xeralfs,haploxeralfs,ultic haploxeralfs,fine-silty,45.3952789,-122.8122253,3991,6546
S1958WA039004,106729,965,965,S1958WA039004,1958,site_obsdate,1985,Developed,1,1,CONUS,v2025-11,4/22/1958 0:00,4/22/1958 0:00,alfisols,xeralfs,haploxeralfs,ultic haploxeralfs,fine-loamy,45.7808342,-120.8427811,4006,7387
S1964CA073001,1212203,188,188,S1964CA073001,1964,site_obsdate,1985,Developed,1,1,CONUS,v2025-11,2/17/1964 0:00,2/17/1964 0:00,inceptisols,xerepts,haploxerepts,typic haploxerepts,coarse-loamy,33.3491669,-117.2399979,3951,4485
S1969CA071026,100117,5584,5584,S1969CA071026,1969,site_obsdate,1985,Developed,1,1,CONUS,v2025-11,6/11/1969 0:00,6/11/1969 0:00,vertisols,xererts,haploxererts,aridic haploxererts,fine,33.9900017,-117.723053,3951,4484
S1976CA037106,171360,3177,3177,S1976CA037106,1976,site_obsdate,1985,Developed,1,1,CONUS,v2025-11,11/1/1976 0:00,11/1/1976 0:00,mollisols,xerolls,haploxerolls,vertic haploxerolls,,34.3769455,-118.4205551,3951,4467
S1957CA065006,100086,2883,2883,S1957CA065006,1957,site_obsdate,1985,Developed,1,1,CONUS,v2025-11,6/4/1957 0:00,6/4/1957 0:00,mollisols,xerolls,haploxerolls,oxyaquic haploxerolls,fine,33.7727776,-117.1991653,3951,4481
S1969CA061022,108097,5572,5572,S1969CA061022,1969,site_obsdate,1985,Developed,1,1,CONUS,v2025-11,5/9/1969 0:00,5/9/1969 0:00,mollisols,xerolls,haploxerolls,typic haploxerolls,coarse-loamy,38.7438889,-121.1975021,3951,4479
S1957OR065006,105284,840,840,S1957OR065006,1957,site_obsdate,1985,Developed,1,1,CONUS,v2025-11,5/1/1957 0:00,5/1/1957 0:00,mollisols,xerolls,haploxerolls,calcic haploxerolls,coarse-loamy,45.4627762,-121.08555603027344,3991,6545
S1957OR065005,105283,839,839,S1957OR065005,1957,site_obsdate,1985,Developed,1,1,CONUS,v2025-11,5/1/1957 0:00,5/1/1957 0:00,mollisols,xerolls,haploxerolls,typic haploxerolls,coarse-silty,45.5791664,-121.0102768,3991,6545
S1957OR055001,105213,854,854,S1957OR055001,1957,site_obsdate,1985,Developed,1,1,CONUS,v2025-11,5/8/1957 0:00,5/8/1957 0:00,mollisols,xerolls,haploxerolls,typic haploxerolls,fine-silty,45.2724991,-120.7038879,3991,6540
S1967OR035006,105113,5435,5435,S1967OR035006,1967,site_obsdate,1985,Developed,1,1,CONUS,v2025-11,9/13/1967 0:00,9/13/1967 0:00,mollisols,xerolls,haploxerolls,typic haploxerolls,fine-loamy,42.1952782,-121.4508362,3991,6530
S1969WA023017,113916,10171,10171,S1969WA023017,1969,site_obsdate,1985,Developed,1,1,CONUS,v2025-11,6/1/1969 0:00,6/1/1969 0:00,mollisols,xerolls,haploxerolls,pachic haploxerolls,fine-silty,46.6465225,-117.4930038,4006,7379
1972AR07502,816442,58894,58091,1972AR07502,1972,site_obsdate,1985,Developed,1,1,CONUS,v2025-11,9/18/2017 0:00,6/1/1972 0:00,alfisols,udalfs,hapludalfs,typic hapludalfs,fine-loamy,35.944698333740234,-91.3386001586914,3948,4391
S1953IA165003,101279,1429,1429,S1953IA165003,1953,site_obsdate,1985,Developed,1,1,CONUS,v2025-11,8/1/1953 0:00,8/1/1953 0:00,alfisols,udalfs,hapludalfs,mollic hapludalfs,fine,41.6744461,-95.3441696,3963,4900
S1944IA097001,1239598,1365,1365,S1944IA097001,1944,site_obsdate,1985,Developed,1,1,CONUS,v2025-11,10/3/1944 0:00,10/3/1944 0:00,alfisols,udalfs,hapludalfs,typic hapludalfs,fine-silty,42.1922226,-90.5691681,3963,4866
84IA1210021,122443,12023,12023,S1984IA1210021,1984,site_obsdate,1985,Developed,1,1,CONUS,v2025-11,11/3/1984 0:00,11/1/1984 0:00,alfisols,udalfs,hapludalfs,aquic hapludalfs,fine-loamy,41.2669449,-93.9844437,3963,4878
84IA1210022,122444,12024,12024,S1984IA1210022,1984,site_obsdate,1985,Developed,1,1,CONUS,v2025-11,11/3/1984 0:00,11/1/1984 0:00,alfisols,udalfs,hapludalfs,aquollic hapludalfs,fine-loamy,41.2694435,-93.9844437,3963,4878
83IA107001,121916,11185,11185,S1983IA107001,1983,site_obsdate,1985,Developed,1,1,CONUS,v2025-11,10/1/1983 0:00,10/1/1983 0:00,alfisols,udalfs,hapludalfs,typic hapludalfs,fine-loamy,41.3400002,-92.269722,3963,4871
S1982IA097003,836516,70767,68795,S1982IA097003,1983,site_obsdate,1985,Developed,1,1,CONUS,v2025-11,8/1/1983 0:00,8/1/1983 0:00,alfisols,udalfs,hapludalfs,lithic hapludalfs,loamy,42.0990696,-90.3066746,3963,4866
S1984IA065034,1048993,12168,12168,S1984IA065034,1984,site_obsdate,1985,Developed,1,1,CONUS,v2025-11,11/6/1984 0:00,11/1/1984 0:00,alfisols,udalfs,hapludalfs,mollic hapludalfs,fine-silty,42.9661102,-91.7699966,3963,4850
S1969IA089002,845213,70667,68695,S1969IA089002,1963,site_obsdate,1985,Developed,1,1,CONUS,v2025-11,7/10/1963 0:00,7/10/1963 0:00,alfisols,udalfs,hapludalfs,mollic hapludalfs,fine-silty,43.4862592,-92.1003444,3963,4862
S1975IA043010,1080248,71288,69312,S1975IA043010,1975,site_obsdate,1985,Developed,1,1,CONUS,v2025-11,7/17/1975 0:00,7/17/1975 0:00,alfisols,udalfs,hapludalfs,mollic hapludalfs,fine-silty,43.081067,-91.3305639,3963,4839
S1969IA043004,934168,70662,68690,S1969IA043004,1969,site_obsdate,1985,Developed,1,1,CONUS,v2025-11,7/9/1969 0:00,7/9/1969 0:00,alfisols,udalfs,hapludalfs,typic hapludalfs,fine-silty,42.6902068,-91.2012002,3963,4839
S1972IA065006,845239,71283,69307,S1972IA065006,1972,site_obsdate,1985,Developed,1,1,CONUS,v2025-11,11/20/1972 0:00,11/20/1972 0:00,alfisols,udalfs,hapludalfs,typic hapludalfs,fine-silty,42.9962928,-91.6618123,3963,4850
1979IL133005,375582,36559,35944,1979IL133005,1978,site_obsdate,1985,Developed,1,1,CONUS,v2025-11,11/1/1978 0:00,11/1/1978 0:00,alfisols,udalfs,hapludalfs,aquic hapludalfs,fine-silty,38.3988971,-90.2219653,3965,5027
1978IL005006,375711,36428,35813,1978IL005006,1978,site_obsdate,1985,Developed,1,1,CONUS,v2025-11,8/1/1978 0:00,8/1/1978 0:00,alfisols,udalfs,hapludalfs,aquollic hapludalfs,fine,38.8076114,-89.267838,3965,4963
1982IL011062,350959,36878,36263,1982IL011062,1981,site_obsdate,1985,Developed,1,1,CONUS,v2025-11,11/1/1981 0:00,11/1/1981 0:00,alfisols,udalfs,hapludalfs,lamellic hapludalfs,sandy,41.4882303,-89.7810857,3965,4966
1982IL171005,350960,36898,36283,1982IL171005,1981,site_obsdate,1985,Developed,1,1,CONUS,v2025-11,1/1/1981 0:00,1/1/1981 0:00,alfisols,udalfs,hapludalfs,lamellic hapludalfs,sandy,39.6058498,-90.5005344,3965,5046
1948IL129002,973570,2609,2609,1948IL129002,1948,site_obsdate,1985,Developed,1,1,CONUS,v2025-11,8/10/1948 0:00,8/10/1948 0:00,alfisols,udalfs,hapludalfs,mollic hapludalfs,fine-silty,39.98861111,-89.86916667,3965,5025
83IL-115-010,963510,37019,36404,83IL-115-010,1982,site_obsdate,1985,Developed,1,1,CONUS,v2025-11,,12/1/1982 0:00,alfisols,udalfs,hapludalfs,mollic hapludalfs,fine-loamy,39.7860903,-89.1163646,3965,5018
1952IL099001,315065,35824,35209,1952IL099001,1952,site_obsdate,1985,Developed,1,1,CONUS,v2025-11,6/1/1952 0:00,6/1/1952 0:00,alfisols,udalfs,hapludalfs,oxyaquic hapludalfs,fine,41.3376351,-88.7075691,3965,5010
1977IL073018,375675,36381,35766,1977IL073018,1977,site_obsdate,1985,Developed,1,1,CONUS,v2025-11,11/1/1977 0:00,11/1/1977 0:00,alfisols,udalfs,hapludalfs,oxyaquic hapludalfs,fine-silty,41.3177427,-90.1252136,3965,4997
S1953IL101008,101733,2573,2573,S1953IL101008,1953,site_obsdate,1985,Developed,1,1,CONUS,v2025-11,9/17/1953 0:00,9/17/1953 0:00,alfisols,udalfs,hapludalfs,typic hapludalfs,fine-silty,38.7672234,-87.7452774,3965,5011
1928IL163001,315055,35841,35226,1928IL163001,1928,site_obsdate,1985,Developed,1,1,CONUS,v2025-11,10/1/1928 0:00,10/1/1928 0:00,alfisols,udalfs,hapludalfs,typic hapludalfs,fine-silty,38.65276336669922,-90.0117812,3965,5042
1940IL187002,314888,35902,35287,1940IL187002,1940,site_obsdate,1985,Developed,1,1,CONUS,v2025-11,11/1/1940 0:00,11/1/1940 0:00,alfisols,udalfs,hapludalfs,typic hapludalfs,fine,40.8017585,-90.4811441,3965,5054
1976IL085002,355126,36299,35684,1976IL085002,1976,site_obsdate,1985,Developed,1,1,CONUS,v2025-11,7/1/1976 0:00,7/1/1976 0:00,alfisols,udalfs,hapludalfs,typic hapludalfs,fine-silty,42.4772639,-90.087325,3965,5003
1977IL073003,355060,36345,35730,1977IL073003,1976,site_obsdate,1985,Developed,1,1,CONUS,v2025-11,11/1/1976 0:00,11/1/1976 0:00,alfisols,udalfs,hapludalfs,typic hapludalfs,fine-silty,41.2880154,-89.88619995117188,3965,4997
1980IL171060,351052,36753,36138,1980IL171060,1980,site_obsdate,1985,Developed,1,1,CONUS,v2025-11,8/1/1980 0:00,8/1/1980 0:00,alfisols,udalfs,hapludalfs,typic hapludalfs,coarse-loamy,39.5704503,-90.5239379,3965,5046
1984IL029108,375230,37179,36564,1984IL029108,1984,site_obsdate,1985,Developed,1,1,CONUS,v2025-11,2/1/1984 0:00,2/1/1984 0:00,alfisols,udalfs,hapludalfs,typic hapludalfs,fine-loamy,39.3737889,-88.4532694,3965,4975
1928IL133002,314850,35840,35225,1928IL133002,1928,site_obsdate,1985,Developed,1,1,CONUS,v2025-11,8/1/1928 0:00,8/1/1928 0:00,alfisols,udalfs,hapludalfs,ultic hapludalfs,fine-silty,38.454488,-90.2173069,3965,5027
1938IL163002,314853,35877,35262,1938IL163002,1938,site_obsdate,1985,Developed,1,1,CONUS,v2025-11,11/1/1938 0:00,11/1/1938 0:00,alfisols,udalfs,hapludalfs,ultic hapludalfs,fine-silty,38.6345355,-90.0020225,3965,5042
70IL-163-001,963368,36184,35569,70IL-163-001,1970,site_obsdate,1985,Developed,1,1,CONUS,v2025-11,,8/1/1970 0:00,alfisols,udalfs,hapludalfs,ultic hapludalfs,fine-silty,38.6089609,-90.0199203,3965,5042
1981IL145029,351144,36848,36233,1981IL145029,1981,site_obsdate,1985,Developed,1,1,CONUS,v2025-11,1/1/1981 0:00,1/1/1981 0:00,alfisols,udalfs,hapludalfs,ultic hapludalfs,fine-silty,38.1543876,-89.1570477,3965,5033
84IL121050,123465,13194,13194,S1984IL121050,1984,site_obsdate,1985,Developed,1,1,CONUS,v2025-11,4/3/1984 0:00,4/1/1984 0:00,alfisols,udalfs,hapludalfs,mollic hapludalfs,fine-silty,38.53888702392578,-88.9397202,3965,5021
1968IL043001,824168,36121,35506,1968IL043001,1968,site_obsdate,1985,Developed,1,1,CONUS,v2025-11,5/1/1968 0:00,5/1/1968 0:00,alfisols,udalfs,hapludalfs,oxyaquic hapludalfs,fine,41.7016889,-87.9923361,3965,4982
1978IN049004,313901,38751,38136,1978IN049004,1978,site_obsdate,1985,Developed,1,1,CONUS,v2025-11,8/23/1978 0:00,8/23/1978 0:00,alfisols,udalfs,hapludalfs,aquic arenic hapludalfs,loamy,41.0175472,-86.4149861,3966,5087
1984IN035002,313985,39239,38624,1984IN035002,1984,site_obsdate,1985,Developed,1,1,CONUS,v2025-11,11/17/1984 0:00,11/17/1984 0:00,alfisols,udalfs,hapludalfs,aquic hapludalfs,fine,40.3505556,-85.4438778,3966,5080
S1955IN003017,101868,5017,5017,S1955IN003017,1955,site_obsdate,1985,Developed,1,1,CONUS,v2025-11,10/1/1955 0:00,10/1/1955 0:00,alfisols,udalfs,hapludalfs,oxyaquic hapludalfs,fine,40.9930763,-85.0565948,3966,5064
1983IN051013,314284,39213,38598,1983IN051013,1983,site_obsdate,1985,Developed,1,1,CONUS,v2025-11,11/1/1983 0:00,11/1/1983 0:00,alfisols,udalfs,hapludalfs,psammentic hapludalfs,mesic,38.2745583,-87.7601306,3966,5088
1977IN169010,312874,38190,37575,1977IN169010,1977,site_obsdate,1985,Developed,1,1,CONUS,v2025-11,7/23/1977 0:00,7/23/1977 0:00,alfisols,udalfs,hapludalfs,typic hapludalfs,fine-loamy,41.0210583,-85.7221667,3966,5147
1976IN103001,313463,38338,37723,1976IN103001,1976,site_obsdate,1985,Developed,1,1,CONUS,v2025-11,9/13/1976 0:00,9/13/1976 0:00,alfisols,udalfs,hapludalfs,typic hapludalfs,fine-loamy,40.9819806,-86.1368333,3966,5114
1978IN169007,313498,38470,37855,1978IN169007,1978,site_obsdate,1985,Developed,1,1,CONUS,v2025-11,8/17/1978 0:00,8/17/1978 0:00,alfisols,udalfs,hapludalfs,typic hapludalfs,fine-loamy,41.0035167,-85.8014528,3966,5147
1979IN077012,313785,38572,37957,1979IN077012,1979,site_obsdate,1985,Developed,1,1,CONUS,v2025-11,8/23/1979 0:00,8/23/1979 0:00,alfisols,udalfs,hapludalfs,typic hapludalfs,fine,38.7638333,-85.3087778,3966,5101
1977IN099001,313640,38685,38070,1977IN099001,1977,site_obsdate,1985,Developed,1,1,CONUS,v2025-11,5/18/1977 0:00,5/18/1977 0:00,alfisols,udalfs,hapludalfs,typic hapludalfs,fine-silty,41.1764444,-86.3708583,3966,5112
1979IN135033,313641,38686,38071,1979IN135033,1979,site_obsdate,1985,Developed,1,1,CONUS,v2025-11,10/2/1979 0:00,10/2/1979 0:00,alfisols,udalfs,hapludalfs,typic hapludalfs,fine-loamy,40.1569111,-85.0548694,3966,5130
1979IN049006,313701,38866,38251,1979IN049006,1979,site_obsdate,1985,Developed,1,1,CONUS,v2025-11,9/21/1979 0:00,9/21/1979 0:00,alfisols,udalfs,hapludalfs,typic hapludalfs,fine-loamy,41.1528389,-86.2038333,3966,5087
1981IN047006,314206,39135,38520,1981IN047006,1980,site_obsdate,1985,Developed,1,1,CONUS,v2025-11,8/12/1980 0:00,8/12/1980 0:00,alfisols,udalfs,hapludalfs,typic hapludalfs,fine,39.4215472,-85.1667722,3966,5086
1983IN051009,314292,39276,38661,1983IN051009,1983,site_obsdate,1985,Developed,1,1,CONUS,v2025-11,7/20/1983 0:00,7/20/1983 0:00,alfisols,udalfs,hapludalfs,typic hapludalfs,fine-loamy,38.3430667,-87.6115333,3966,5088
1977IN021044,313390,38217,37602,1977IN021044,1977,site_obsdate,1985,Developed,1,1,CONUS,v2025-11,9/6/1977 0:00,9/6/1977 0:00,alfisols,udalfs,hapludalfs,ultic hapludalfs,fine-loamy,39.5575528,-87.0509111,3966,5073
1978IN031015,313241,38412,37797,1978IN031015,1978,site_obsdate,1985,Developed,1,1,CONUS,v2025-11,6/22/1978 0:00,6/22/1978 0:00,alfisols,udalfs,hapludalfs,ultic hapludalfs,fine-silty,39.3201861,-85.2984306,3966,5078
1979IN077021,313663,38720,38105,1979IN077021,1979,site_obsdate,1985,Developed,1,1,CONUS,v2025-11,9/17/1979 0:00,9/17/1979 0:00,alfisols,udalfs,hapludalfs,ultic hapludalfs,fine-loamy,38.8061944,-85.6729444,3966,5101
1980IN055003,314156,39085,38470,1980IN055003,1980,site_obsdate,1985,Developed,1,1,CONUS,v2025-11,9/3/1980 0:00,9/3/1980 0:00,alfisols,udalfs,hapludalfs,ultic hapludalfs,fine-silty,39.154624938964844,-87.0331278,3966,5090
82IN159018,957349,11056,11056,82IN159018,1984,site_obsdate,1985,Developed,1,1,CONUS,v2025-11,9/3/2000 0:00,6/1/1984 0:00,alfisols,udalfs,hapludalfs,aquic hapludalfs,loamy,40.2316966,-86.1182999,3966,5142
2020IN105002,1393696,37984,37369,1975IN105001,1975,site_obsdate,1985,Developed,1,1,CONUS,v2025-11,3/17/1975 0:00,3/17/1975 0:00,alfisols,udalfs,hapludalfs,typic hapludalfs,fine,39.1621194,-86.562575,3966,5115
2020IN105004,1393698,37986,37371,1975IN105003,1975,site_obsdate,1985,Developed,1,1,CONUS,v2025-11,3/18/1975 0:00,3/18/1975 0:00,alfisols,udalfs,hapludalfs,typic hapludalfs,fine,39.16415023803711,-86.5709306,3966,5115
61KY085001,242487,54996,54195,61KY085001,1961,site_obsdate,1985,Developed,1,1,CONUS,v2025-11,6/15/1961 0:00,6/15/1961 0:00,alfisols,udalfs,hapludalfs,ultic hapludalfs,fine-loamy,37.4861944,-86.3063611,3968,5302
S1963LA083005,102399,1304,1304,S1963LA083005,1963,site_obsdate,1985,Developed,1,1,CONUS,v2025-11,11/1/1963 0:00,11/1/1963 0:00,alfisols,udalfs,hapludalfs,ultic hapludalfs,fine-silty,32.3161125,-91.8697205,3969,5421
S1971MI125001,102716,1869,1869,S1971MI125001,1971,site_obsdate,1985,Developed,1,1,CONUS,v2025-11,10/10/1971 0:00,10/10/1971 0:00,alfisols,udalfs,hapludalfs,glossoboric hapludalfs,fine-loamy,42.8491707,-83.2501449584961,3974,5593
S1975MI075003,102661,1860,1860,S1975MI075003,1975,site_obsdate,1985,Developed,1,1,CONUS,v2025-11,10/10/1975 0:00,10/10/1975 0:00,alfisols,udalfs,hapludalfs,typic hapludalfs,loamy-skeletal,42.2900085,-84.3957367,3974,5568
S1982MN159040 (3550),583464,56310,55509,S1982MN159040 (3550),1982,site_obsdate,1985,Developed,1,1,CONUS,v2025-11,9/29/1982 0:00,9/29/1982 0:00,alfisols,udalfs,hapludalfs,aquic arenic hapludalfs,loamy,46.4961205,-94.9893112,3975,5693
S1900MN0073141,583230,55602,54801,S1900MN0073141,1979,site_obsdate,1985,Developed,1,1,CONUS,v2025-11,10/17/1979 0:00,10/17/1979 0:00,alfisols,udalfs,hapludalfs,aquic hapludalfs,fine,47.6441803,-95.1203308,3975,5617
S1900MN007901,548650,55615,54814,S1900MN007901,1969,site_obsdate,1985,Developed,1,1,CONUS,v2025-11,8/8/1969 0:00,8/8/1969 0:00,alfisols,udalfs,hapludalfs,aquic hapludalfs,fine-loamy,47.7691498,-95.08658599853516,3975,5617
S1977MN0292507,582911,55773,54972,S1977MN0292507,1977,site_obsdate,1985,Developed,1,1,CONUS,v2025-11,8/18/1977 0:00,8/18/1977 0:00,alfisols,udalfs,hapludalfs,aquic hapludalfs,fine-loamy,47.9251175,-95.3857269,3975,5628
S1979MN0993112,583214,56040,55239,S1979MN0993112,1979,site_obsdate,1985,Developed,1,1,CONUS,v2025-11,10/17/1979 0:00,10/17/1979 0:00,alfisols,udalfs,hapludalfs,aquic hapludalfs,fine-loamy,43.8335991,-92.9698105,3975,5663
S1980MN099008 (3384),583348,56188,55387,S1980MN099008 (3384),1980,site_obsdate,1985,Developed,1,1,CONUS,v2025-11,9/1/1980 0:00,9/1/1980 0:00,alfisols,udalfs,hapludalfs,aquollic hapludalfs,fine-loamy,43.8409691,-92.9869843,3975,5663
S1978MN0612876,583119,55833,55032,S1978MN0612876,1978,site_obsdate,1985,Developed,1,1,CONUS,v2025-11,11/24/1978 0:00,11/24/1978 0:00,alfisols,udalfs,hapludalfs,arenic hapludalfs,fine-loamy,47.7786407,-93.0950851,3975,5644
S1980MN097033 (3362),583330,56173,55372,S1980MN097033 (3362),1980,site_obsdate,1985,Developed,1,1,CONUS,v2025-11,8/12/1980 0:00,8/12/1980 0:00,alfisols,udalfs,hapludalfs,mollic hapludalfs,coarse-loamy,46.1932793,-94.5483475,3975,5662
S1981MN1693012,583188,56250,55449,S1981MN1693012,1979,site_obsdate,1985,Developed,1,1,CONUS,v2025-11,8/21/1979 0:00,8/21/1979 0:00,alfisols,udalfs,hapludalfs,mollic hapludalfs,fine-loamy,43.96595001220703,-91.9540176,3975,5698
S1944MN045001,1239600,1639,1639,S1944MN045001,1944,site_obsdate,1985,Developed,1,1,CONUS,v2025-11,8/2/1944 0:00,8/2/1944 0:00,alfisols,udalfs,hapludalfs,typic hapludalfs,fine-silty,43.5802765,-91.9771118,3975,5636
S1970MN0491218,548663,55641,54840,S1970MN0491218,1970,site_obsdate,1985,Developed,1,1,CONUS,v2025-11,9/1/1970 0:00,9/1/1970 0:00,alfisols,udalfs,hapludalfs,mollic hapludalfs,fine-silty,44.4634018,-92.8207779,3975,5638
S1979MN1693011,583187,56108,55307,S1979MN1693011,1979,site_obsdate,1985,Developed,1,1,CONUS,v2025-11,8/22/1979 0:00,8/22/1979 0:00,alfisols,udalfs,hapludalfs,mollic hapludalfs,fine-silty,44.1689377,-91.9294662,3975,5698
S1977MN0372527,780518,72766,133499,S1977MN0372527,1977,site_obsdate,1985,Developed,1,1,CONUS,v2025-11,11/3/1977 0:00,11/5/1977 0:00,alfisols,udalfs,hapludalfs,mollic hapludalfs,fine-loamy,44.529605865478516,-93.217649,3975,5632
1961-OH147-015,750562,67771,65846,1961-OH147-015,1961,site_obsdate,1985,Developed,1,1,CONUS,v2025-11,,7/20/1961 0:00,alfisols,udalfs,hapludalfs,aquic hapludalfs,fine,41.0374451,-83.0181427,3989,6421
1963-OH099-034,847078,68125,66200,1963OH099034,1963,site_obsdate,1985,Developed,1,1,CONUS,v2025-11,,8/9/1963 0:00,alfisols,udalfs,hapludalfs,aquic hapludalfs,fine,41.1012778,-80.8236667,3989,6397
S1958OH003103,907430,67054,65129,S1958OH003103,1958,site_obsdate,1985,Developed,1,1,CONUS,v2025-11,10/15/1958 0:00,10/15/1958 0:00,alfisols,udalfs,hapludalfs,oxyaquic hapludalfs,fine,40.6675568,-83.9608917,3989,6349
S1968OH171011,907434,68462,66537,S1968OH171011,1968,site_obsdate,1985,Developed,1,1,CONUS,v2025-11,,6/7/1968 0:00,alfisols,udalfs,hapludalfs,oxyaquic hapludalfs,fine,41.6203117,-84.770401,3989,6433
1958-OH173-110,749925,67229,65304,1958-OH173-110,1958,site_obsdate,1985,Developed,1,1,CONUS,v2025-11,4/30/1958 0:00,4/30/1958 0:00,alfisols,udalfs,hapludalfs,psammentic hapludalfs,sandy,41.3491249,-83.7230453,3989,6434
1955-OH125-053,748974,66697,64772,1955-OH125-053,1955,site_obsdate,1985,Developed,1,1,CONUS,v2025-11,4/28/1955 0:00,4/28/1955 0:00,alfisols,udalfs,hapludalfs,typic hapludalfs,fine-loamy,40.9923058,-84.7883911,3989,6410
1958-OH003-104,749264,67055,65130,1958-OH003-104,1958,site_obsdate,1985,Developed,1,1,CONUS,v2025-11,10/15/1958 0:00,10/15/1958 0:00,alfisols,udalfs,hapludalfs,typic hapludalfs,fine-loamy,40.6674461,-83.9608612,3989,6349
1961-OH175-007,750592,67811,65886,1961-OH175-007,1961,site_obsdate,1985,Developed,1,1,CONUS,v2025-11,8/2/1961 0:00,8/2/1961 0:00,alfisols,udalfs,hapludalfs,typic hapludalfs,fine-loamy,40.9243431,-83.236908,3989,6435
S1969OH171012,907312,68504,66579,S1969OH171012,1969,site_obsdate,1985,Developed,1,1,CONUS,v2025-11,8/20/1969 0:00,8/20/1969 0:00,alfisols,udalfs,hapludalfs,typic hapludalfs,coarse-loamy,41.4278972,-84.7682889,3989,6433
1959PA077008,1043483,54053,53252,1959PA077008,1959,site_obsdate,1985,Developed,1,1,CONUS,v2025-11,7/15/1959 0:00,7/15/1959 0:00,alfisols,udalfs,hapludalfs,ultic hapludalfs,fine-loamy,40.5772222,-75.625,3992,6587
1961PA091015,1043303,54174,53373,620,1961,site_obsdate,1985,Developed,1,1,CONUS,v2025-11,4/3/1961 0:00,4/3/1961 0:00,alfisols,udalfs,hapludalfs,ultic hapludalfs,fine-loamy,40.2091667,-75.4841667,3992,6594
S1966PA125011,800299,54407,53606,830,1966,site_obsdate,1985,Developed,1,1,CONUS,v2025-11,8/3/1966 0:00,8/3/1966 0:00,alfisols,udalfs,hapludalfs,ultic hapludalfs,fine-loamy,40.2094444,-80.3316667,3992,6611
1959PA045005,868902,53855,53054,1959PA045005,1959,site_obsdate,1985,Developed,1,1,CONUS,v2025-11,4/24/1959 0:00,4/24/1959 0:00,alfisols,ustalfs,hapludalfs,typic hapludalfs,fine,39.9753444,-75.4329667,3992,6571
S1954WI103001,107127,1979,1979,S1954WI103001,1954,site_obsdate,1985,Developed,1,1,CONUS,v2025-11,8/24/1954 0:00,8/24/1954 0:00,alfisols,udalfs,hapludalfs,mollic hapludalfs,coarse-loamy,43.2741661,-90.29722595214844,4007,7459
S1959WI139002,107191,1528,1528,S1959WI139002,1959,site_obsdate,1985,Developed,1,1,CONUS,v2025-11,9/4/1959 0:00,9/4/1959 0:00,alfisols,udalfs,hapludalfs,oxyaquic hapludalfs,very-fine,44.1622238,-88.4844437,4007,7477
S1974WI087001,110995,5267,5267,S1974WI087001,1974,site_obsdate,1985,Developed,1,1,CONUS,v2025-11,6/3/1974 0:00,6/3/1974 0:00,alfisols,udalfs,hapludalfs,oxyaquic hapludalfs,fine-silty,44.2983322,-88.2875366,4007,7451
S1979WI135005,109088,24516,24516,S1979WI135005,1979,site_obsdate,1985,Developed,1,1,CONUS,v2025-11,10/3/1979 0:00,10/1/1979 0:00,alfisols,udalfs,hapludalfs,aquollic hapludalfs,fine-loamy,44.4752769,-88.8841629,4007,7475
S1973IA045003,947404,70728,68756,S1973IA045003,1973,site_obsdate,1985,Developed,1,1,CONUS,v2025-11,10/18/1973 0:00,10/18/1973 0:00,mollisols,udolls,hapludolls,entic hapludolls,,41.7915832,-90.2640523,3963,4840
S1965IA089932,1099098,71258,69282,S1965IA089932,1964,site_obsdate,1985,Developed,1,1,CONUS,v2025-11,12/8/1964 0:00,9/8/1964 0:00,mollisols,udolls,hapludolls,cumulic hapludolls,,43.367469787597656,-92.08027648925781,3963,4862
S1951IA153007,101277,1421,1421,S1951IA153007,1951,site_obsdate,1985,Developed,1,1,CONUS,v2025-11,12/6/1951 0:00,12/6/1951 0:00,mollisols,udolls,hapludolls,typic hapludolls,fine,41.5294456,-93.703331,3963,4894
83IA003004,121875,11144,11144,S1983IA003004,1983,site_obsdate,1985,Developed,1,1,CONUS,v2025-11,3/1/1983 0:00,3/1/1983 0:00,mollisols,udolls,hapludolls,typic hapludolls,fine,41.0780563,-94.6611099,3963,4819
S1972IA045021,947403,70712,68740,S1972IA045021,1972,site_obsdate,1985,Developed,1,1,CONUS,v2025-11,9/15/1972 0:00,9/15/1972 0:00,mollisols,udolls,hapludolls,entic hapludolls,sandy,41.796517,-90.2575043,3963,4840
S1988IA097045,836529,70923,68951,S1988IA097045,1984,site_obsdate,1985,Developed,1,1,CONUS,v2025-11,9/11/1984 0:00,9/11/1984 0:00,mollisols,udolls,hapludolls,entic hapludolls,sandy,42.2754315,-90.8896015,3963,4866
84IA1410021,122596,12190,12190,S1984IA1410021,1984,site_obsdate,1985,Developed,1,1,CONUS,v2025-11,11/3/1984 0:00,11/1/1984 0:00,mollisols,udolls,hapludolls,typic hapludolls,fine-silty,43.0250015,-95.5138855,3963,4888
84IA1410022,122597,12191,12191,S1984IA1410022,1984,site_obsdate,1985,Developed,1,1,CONUS,v2025-11,11/3/1984 0:00,11/1/1984 0:00,mollisols,udolls,hapludolls,typic hapludolls,fine-silty,43.0250015,-95.5138855,3963,4888
84IA1410023,122598,12192,12192,S1984IA1410023,1984,site_obsdate,1985,Developed,1,1,CONUS,v2025-11,11/3/1984 0:00,11/1/1984 0:00,mollisols,udolls,hapludolls,typic hapludolls,fine-silty,43.0250015,-95.5138855,3963,4888
S1973IA043003,934165,70716,68744,S1973IA043003,1973,site_obsdate,1985,Developed,1,1,CONUS,v2025-11,7/19/1973 0:00,7/19/1973 0:00,mollisols,udolls,hapludolls,typic hapludolls,fine-silty,42.9284075,-91.2883515,3963,4839
1978IL133015,375520,36527,35912,1978IL133015,1978,site_obsdate,1985,Developed,1,1,CONUS,v2025-11,8/1/1978 0:00,8/1/1978 0:00,mollisols,udolls,hapludolls,aquertic hapludolls,fine,38.200401306152344,-90.3019232,3965,5027
1964IL019002,863409,36016,35401,1964IL019002,1964,site_obsdate,1985,Developed,1,1,CONUS,v2025-11,10/1/1964 0:00,10/1/1964 0:00,mollisols,udolls,hapludolls,aquic hapludolls,fine,40.1038175,-88.2268802,3965,4970
1964IL019006,863413,36020,35405,1964IL019006,1964,site_obsdate,1985,Developed,1,1,CONUS,v2025-11,10/1/1964 0:00,10/1/1964 0:00,mollisols,udolls,hapludolls,aquic hapludolls,fine,40.1038175,-88.2268802,3965,4970
73IL-031-021,963375,36211,35596,73IL-031-021,1973,site_obsdate,1985,Developed,1,1,CONUS,v2025-11,,5/1/1973 0:00,mollisols,udolls,hapludolls,aquic hapludolls,coarse-loamy,41.5869249,-87.6851989,3965,4976
1978IL075004,375488,36480,35865,1978IL075004,1978,site_obsdate,1985,Developed,1,1,CONUS,v2025-11,9/1/1978 0:00,9/1/1978 0:00,mollisols,udolls,hapludolls,aquic hapludolls,coarse-loamy,40.9740389,-87.5992487,3965,4998
83IL-195-152,963548,37057,36442,83IL-195-152,1983,site_obsdate,1985,Developed,1,1,CONUS,v2025-11,,6/1/1983 0:00,mollisols,udolls,hapludolls,aquic hapludolls,fine-loamy over sandy or sandy-skeletal,41.6858611,-89.8145028,3965,5058
1984IL183041,375307,37254,36639,1984IL183041,1984,site_obsdate,1985,Developed,1,1,CONUS,v2025-11,7/1/1984 0:00,7/1/1984 0:00,mollisols,udolls,hapludolls,entic hapludolls,sandy,40.355350494384766,-87.6777722,3965,5052
1971IL161003,355109,36198,35583,1971IL161003,1971,site_obsdate,1985,Developed,1,1,CONUS,v2025-11,3/1/1971 0:00,3/1/1971 0:00,mollisols,udolls,hapludolls,typic hapludolls,fine-silty,41.6131594,-90.192133,3965,5041
1982IL011066,351141,36879,36264,1982IL011066,1981,site_obsdate,1985,Developed,1,1,CONUS,v2025-11,12/1/1981 0:00,12/1/1981 0:00,mollisols,udolls,hapludolls,typic hapludolls,fine-silty over sandy or sandy-skeletal,41.5536436,-89.771541,3965,4966
83IL195225,122329,11762,11762,S1983IL195225,1983,site_obsdate,1985,Developed,1,1,CONUS,v2025-11,6/3/1983 0:00,6/1/1983 0:00,mollisols,udolls,hapludolls,typic hapludolls,fine-silty,41.8391685,-90.0338898,3965,5058
1981IN155014,314209,39138,38523,1981IN155014,1981,site_obsdate,1985,Developed,1,1,CONUS,v2025-11,11/4/1981 0:00,11/4/1981 0:00,mollisols,udolls,hapludolls,fluventic hapludolls,fine-silty,38.7044972,-85.1390611,3966,5140
1981IN155016,314210,39139,38524,1981IN155016,1981,site_obsdate,1985,Developed,1,1,CONUS,v2025-11,11/12/1981 0:00,11/12/1981 0:00,mollisols,udolls,hapludolls,fluventic hapludolls,fine-silty,38.7363611,-85.08589935302734,3966,5140
53KS087002,128082,1794,1794,S1953KS087002,1953,site_obsdate,1985,Developed,1,1,CONUS,v2025-11,6/1/1953 0:00,6/1/1953 0:00,mollisols,udolls,hapludolls,typic hapludolls,coarse-silty,39.0875015,-95.5752792,3967,5198
S1980MN099117,583345,56180,55379,S1980MN099117,1980,site_obsdate,1985,Developed,1,1,CONUS,v2025-11,9/1/1980 0:00,9/1/1980 0:00,mollisols,udolls,hapludolls,aquic hapludolls,fine-loamy,43.8194313,-93.0193863,3975,5663
S1980MN167040 (3372),583337,56210,55409,S1980MN167040 (3372),1980,site_obsdate,1985,Developed,1,1,CONUS,v2025-11,8/27/1980 0:00,8/27/1980 0:00,mollisols,udolls,hapludolls,aquic hapludolls,coarse-silty,46.6167603,-96.3224106,3975,5697
S1978MN153060 (2806),583076,55961,55160,S1978MN153060 (2806),1978,site_obsdate,1985,Developed,1,1,CONUS,v2025-11,10/18/1978 0:00,10/18/1978 0:00,mollisols,udolls,hapludolls,calcic hapludolls,fine-loamy,45.79617691040039,-95.077086,3975,5690
S1960MN171004,102871,1999,1999,S1960MN171004,1960,site_obsdate,1985,Developed,1,1,CONUS,v2025-11,9/3/1960 0:00,9/3/1960 0:00,mollisols,udolls,hapludolls,entic hapludolls,sandy,45.3216591,-93.8474579,3975,5699
67MN107004,128021,1673,1673,S1967MN107004,1967,site_obsdate,1985,Developed,1,1,CONUS,v2025-11,10/1/1967 0:00,10/1/1967 0:00,mollisols,udolls,hapludolls,oxyaquic hapludolls,sandy,47.4555549621582,-96.2816696,3975,5667
S1974MN145009 (1814),548678,55665,54864,S1974MN145009 (1814),1974,site_obsdate,1985,Developed,1,1,CONUS,v2025-11,10/9/1974 0:00,10/9/1974 0:00,mollisols,udolls,hapludolls,typic hapludolls,sandy,45.3995628,-94.26848602294922,3975,5686
S1977MN037053 (2529),582925,55736,54935,S1977MN037053 (2529),1977,site_obsdate,1985,Developed,1,1,CONUS,v2025-11,11/1/1977 0:00,11/1/1977 0:00,mollisols,udolls,hapludolls,typic hapludolls,fine-loamy over sandy or sandy-skeletal,44.6595306,-93.0149536,3975,5632
S1977MN037008 (2415),582868,55756,54955,S1977MN037008 (2415),1977,site_obsdate,1985,Developed,1,1,CONUS,v2025-11,5/17/1977 0:00,5/17/1977 0:00,mollisols,udolls,hapludolls,typic hapludolls,sandy,44.6927872,-92.7672729,3975,5632
S1978MN091002(2576),582938,55898,55097,S1978MN091002(2576),1978,site_obsdate,1985,Developed,1,1,CONUS,v2025-11,5/2/1978 0:00,5/2/1978 0:00,mollisols,udolls,hapludolls,typic hapludolls,fine-loamy,43.7472687,-94.7515869,3975,5659
S1976MO201001,169661,2535,2535,S1976MO201001,1976,site_obsdate,1985,Developed,1,1,CONUS,v2025-11,6/1/1976 0:00,6/1/1976 0:00,mollisols,udolls,hapludolls,aquic hapludolls,sandy,37.026741,-89.6211853,3976,5800
73AL009003-pgm,318743,39676,39057,73AL009003-pgm,1973,site_obsdate,1985,Developed,1,1,CONUS,v2025-11,6/1/1973 0:00,6/1/1973 0:00,ultisols,udults,hapludults,typic hapludults,fine,33.97195053,-86.75222778,3947,4291
S1972AL097001,318782,39847,39228,S1972AL097001,1972,site_obsdate,1985,Developed,1,1,CONUS,v2025-11,7/17/1972 0:00,7/17/1972 0:00,ultisols,udults,hapludults,typic hapludults,fine-loamy,30.5628333,-88.2133611,3947,4335
78AL099011,119774,6958,6958,S1978AL099011,1978,site_obsdate,1985,Developed,1,1,CONUS,v2025-11,6/1/1978 0:00,6/1/1978 0:00,ultisols,udults,hapludults,typic hapludults,fine-loamy,31.4922218,-87.3225021,3947,4336
S1957DE001006,804490,3959,3959,S1957DE001006,1957,site_obsdate,1985,Developed,1,1,CONUS,v2025-11,6/1/1957 0:00,6/1/1957 0:00,ultisols,udults,hapludults,inceptic hapludults,fine-loamy,39.0121117,-75.5916138,3956,4579
S1957DE001012,804494,3958,3958,S1957DE001012,1957,site_obsdate,1985,Developed,1,1,CONUS,v2025-11,11/5/1957 0:00,11/5/1957 0:00,ultisols,udults,hapludults,typic hapludults,coarse-loamy,39.0855827,-75.5932388,3956,4579
S1983MD019006,1100375,10774,10774,S1983MD019006,1983,site_obsdate,1985,Developed,1,1,CONUS,v2025-11,9/3/1983 0:00,9/1/1983 0:00,ultisols,udults,hapludults,psammentic hapludults,sandy,38.61750030517578,-75.8277778,3971,5466
S1965NC145005,110251,3850,3850,S1965NC145005,1965,site_obsdate,1985,Developed,1,1,CONUS,v2025-11,11/19/1965 0:00,11/19/1965 0:00,ultisols,udults,hapludults,aquic hapludults,fine,36.3067474,-78.9353027,3980,6031
S1965NC163002,110262,3859,3859,S1965NC163002,1965,site_obsdate,1985,Developed,1,1,CONUS,v2025-11,6/1/1965 0:00,6/1/1965 0:00,ultisols,udults,hapludults,typic hapludults,fine-loamy,35.23306274,-78.36500549,3980,6040
S1958NJ005002,1100379,333,333,S1958NJ005002,1958,site_obsdate,1985,Developed,1,1,CONUS,v2025-11,4/1/1958 0:00,4/1/1958 0:00,ultisols,udults,hapludults,psammentic hapludults,,40.0488892,-74.9202805,3984,6217
1958PA065010,422177,53968,53167,435,1958,site_obsdate,1985,Developed,1,1,CONUS,v2025-11,6/18/1958 0:00,6/18/1958 0:00,ultisols,udults,hapludults,aquic hapludults,fine-loamy,41.1780556,-79.0972222,3992,6581
1972PA075008,422240,54037,53236,1972PA075008,1972,site_obsdate,1985,Developed,1,1,CONUS,v2025-11,7/18/1972 0:00,7/18/1972 0:00,ultisols,udults,hapludults,aquic hapludults,fine-silty,40.2972222,-76.3083333,3992,6586
1969PA109006,422465,54288,53487,1969PA109006,1969,site_obsdate,1985,Developed,1,1,CONUS,v2025-11,6/8/1969 0:00,6/8/1969 0:00,ultisols,udults,hapludults,aquic hapludults,fine,40.727500915527344,-77.0241667,3992,6603
1965PA003003,409559,53672,52871,17,1965,site_obsdate,1985,Developed,1,1,CONUS,v2025-11,6/28/1965 0:00,6/28/1965 0:00,ultisols,udults,hapludults,typic hapludults,fine-loamy,40.5591667,-79.9930556,3992,6550
1965PA003008,409564,53729,52928,22,1965,site_obsdate,1985,Developed,1,1,CONUS,v2025-11,6/29/1965 0:00,6/29/1965 0:00,ultisols,udults,hapludults,typic hapludults,fine-loamy,40.3080556,-80.0619444,3992,6550
1959PA035019,422019,53792,52991,1959PA035019,1959,site_obsdate,1985,Developed,1,1,CONUS,v2025-11,5/7/1959 0:00,5/7/1959 0:00,ultisols,udults,hapludults,typic hapludults,fine-loamy,40.9900016784668,-77.4258333,3992,6566
1959PA037014,422037,53812,53011,1959PA037014,1959,site_obsdate,1985,Developed,1,1,CONUS,v2025-11,8/27/1959 0:00,8/27/1959 0:00,ultisols,udults,hapludults,typic hapludults,loamy-skeletal,40.9847222,-76.3991667,3992,6567
S1959PA045001,1162028,53850,53049,329,1959,site_obsdate,1985,Developed,1,1,CONUS,v2025-11,4/23/1959 0:00,4/23/1959 0:00,ultisols,udults,hapludults,typic hapludults,fine-loamy,39.8472222,-75.52249908447266,3992,6571
S1959PA045002,868901,53852,53051,330,1959,site_obsdate,1985,Developed,1,1,CONUS,v2025-11,4/23/1959 0:00,4/23/1959 0:00,ultisols,udults,hapludults,typic hapludults,fine-loamy,39.8866667,-75.5433333,3992,6571
1962PA057011,422119,53903,53102,1962PA057011,1962,site_obsdate,1985,Developed,1,1,CONUS,v2025-11,8/28/1962 0:00,8/28/1962 0:00,ultisols,udults,hapludults,typic hapludults,loamy-skeletal,40.0797222,-78.1319444,3992,6577
1970PA067012,422195,53988,53187,1970PA067012,1970,site_obsdate,1985,Developed,1,1,CONUS,v2025-11,6/12/1970 0:00,6/12/1970 0:00,ultisols,udults,hapludults,typic hapludults,loamy-skeletal,40.6236111,-77.2463889,3992,6582
1977PA081042,422283,54086,53285,1977PA081042,1977,site_obsdate,1985,Developed,1,1,CONUS,v2025-11,8/12/1977 0:00,8/12/1977 0:00,ultisols,udults,hapludults,typic hapludults,fine-loamy,41.1555556,-76.9338889,3992,6589
1960PA091001,868910,54159,53358,607,1960,site_obsdate,1985,Developed,1,1,CONUS,v2025-11,5/31/1960 0:00,5/31/1960 0:00,ultisols,udults,hapludults,typic hapludults,fine-loamy,40.1977778,-75.1694444,3992,6594
1960PA091004,868911,54163,53362,610,1960,site_obsdate,1985,Developed,1,1,CONUS,v2025-11,6/1/1960 0:00,6/1/1960 0:00,ultisols,udults,hapludults,typic hapludults,fine-loamy,40.1349983215332,-75.3330556,3992,6594
1969PA109007,422466,54289,53488,1969PA109007,1969,site_obsdate,1985,Developed,1,1,CONUS,v2025-11,6/10/1969 0:00,6/10/1969 0:00,ultisols,udults,hapludults,typic hapludults,fine,40.8594444,-77.0644444,3992,6603
S1972TX423001,865729,4370,4370,S1972TX423001,1972,site_obsdate,1985,Developed,1,1,CONUS,v2025-11,6/1/1972 0:00,6/1/1972 0:00,ultisols,udults,hapludults,typic hapludults,fine,32.25,-95.25,4000,7133
80WV067006,1079706,7939,7939,S1980WV067006,1980,site_obsdate,1985,Developed,1,1,CONUS,v2025-11,6/3/1980 0:00,6/1/1980 0:00,ultisols,udults,hapludults,typic hapludults,fine-loamy,38.16388702392578,-80.8652802,4008,7512
57TX263090,248575,4239,4239,S57TX263090,1957,site_obsdate,1985,Developed,1,1,CONUS,v2025-11,7/7/1957 0:00,7/7/1957 0:00,alfisols,ustalfs,haplustalfs,typic haplustalfs,fine-loamy,33.2584724,-100.5758362,4000,7053
S1975TX113004,110748,4412,4412,S1975TX113004,1975,site_obsdate,1985,Developed,1,1,CONUS,v2025-11,6/1/1975 0:00,6/1/1975 0:00,alfisols,ustalfs,haplustalfs,ultic haplustalfs,fine-loamy,32.9232063,-96.91695404052734,4000,6978
79TX143002,119932,7278,7278,S1979TX143002,1979,site_obsdate,1985,Developed,1,1,CONUS,v2025-11,6/3/1979 0:00,6/1/1979 0:00,alfisols,ustalfs,haplustalfs,typic haplustalfs,fine,32.4411125,-98.3605576,4000,6993
S78TX027009,202199,54711,53910,S78TX027009,1978,site_obsdate,1985,Developed,1,1,CONUS,v2025-11,10/12/1978 0:00,10/12/1978 0:00,vertisols,usterts,haplusterts,sodic haplusterts,fine,31.056612014770508,-97.2116089,4000,6935
S81TX217004,220474,54746,53945,S81TX217004,1981,site_obsdate,1985,Developed,1,1,CONUS,v2025-11,7/22/1981 0:00,7/22/1981 0:00,vertisols,usterts,haplusterts,udic haplusterts,fine,31.8630944,-96.9609472,4000,7030
S1968AZ003007,107721,5548,5548,S1968AZ003007,1968,site_obsdate,1985,Developed,1,1,CONUS,v2025-11,10/17/1968 0:00,10/17/1968 0:00,mollisols,ustolls,haplustolls,lithic haplustolls,loamy-skeletal,31.4283333,-110.4388885,3950,4435
68KS051006,128115,1830,1830,S1968KS051006,1968,site_obsdate,1985,Developed,1,1,CONUS,v2025-11,6/1/1968 0:00,6/1/1968 0:00,mollisols,ustolls,haplustolls,entic haplustolls,fine-silty,38.9752769,-99.5577774,3967,5180
53KS141006,128091,1804,1804,S1953KS141006,1953,site_obsdate,1985,Developed,1,1,CONUS,v2025-11,6/1/1953 0:00,6/1/1953 0:00,mollisols,ustolls,haplustolls,pachic haplustolls,fine-silty,39.4527779,-98.7666702,3967,5225
S1978MN133008 (2736),583034,55912,55111,S1978MN133008 (2736),1978,site_obsdate,1985,Developed,1,1,CONUS,v2025-11,6/20/1978 0:00,6/20/1978 0:00,mollisols,ustolls,haplustolls,udic haplustolls,fine-silty,43.674511,-96.4098358,3975,5680
79NE037134,120506,8464,8464,S1979NE037134,1979,site_obsdate,1985,Developed,1,1,CONUS,v2025-11,6/3/1979 0:00,6/1/1979 0:00,mollisols,ustolls,haplustolls,cumulic haplustolls,fine-silty,41.4850006,-97.0397186,3982,6130
1980NE121165,251599,8003,8003,1980NE121165,1980,site_obsdate,1985,Developed,1,1,CONUS,v2025-11,8/19/1980 0:00,8/19/1980 0:00,mollisols,ustolls,haplustolls,pachic haplustolls,coarse-loamy,41.2177778,-98.0019444,3982,6172
S1976NE167025,1097701,6642,6642,S1976NE167025,1976,site_obsdate,1985,Developed,1,1,CONUS,v2025-11,6/3/1976 0:00,10/26/1976 0:00,mollisols,ustolls,haplustolls,udic haplustolls,fine,41.8011093,-97.2816696,3982,6195
S1957SD099005,105707,2421,2421,S1957SD099005,1957,site_obsdate,1985,Developed,1,1,CONUS,v2025-11,8/13/1957 0:00,8/13/1957 0:00,mollisols,ustolls,haplustolls,cumulic haplustolls,fine-loamy,43.5583344,-96.5888901,3998,6809
81TX015002,120546,8558,8558,S1981TX015002,1981,site_obsdate,1985,Developed,1,1,CONUS,v2025-11,4/3/1981 0:00,4/1/1981 0:00,ultisols,ustults,haplustults,arenic haplustults,loamy,29.8805561,-96.3930588,4000,6929
S1980MN137001 (3387),583351,56189,55388,S1980MN137001 (3387),1980,site_obsdate,1985,Developed,1,1,CONUS,v2025-11,7/2/1980 0:00,7/2/1980 0:00,inceptisols,aquepts,humaquepts,histic humaquepts,fine-loamy,47.4526291,-92.1962662,3975,5682
S1962NH001002,1094132,471,471,S1962NH001002,1962,site_obsdate,1985,Developed,1,1,CONUS,v2025-11,8/16/1962 0:00,8/16/1962 0:00,inceptisols,aquepts,humaquepts,aeric humaquepts,loamy,43.4541664,-71.5194473,3983,6205
S1964NH015001,791722,3870,3870,S1964NH015001,1964,site_obsdate,1985,Developed,1,1,CONUS,v2025-11,9/14/1964 0:00,9/14/1964 0:00,inceptisols,aquepts,humaquepts,histic humaquepts,sandy,42.9094429,-71.0161133,3983,6212
84SC043001,122007,11288,11288,S1984SC043001,1984,site_obsdate,1985,Developed,1,1,CONUS,v2025-11,4/1/1984 0:00,4/1/1984 0:00,entisols,aquents,hydraquents,typic hydraquents,,33.3855553,-79.3027802,3997,6736
81NC101003,120702,8902,8902,S1981NC101003,1981,site_obsdate,1985,Developed,1,1,CONUS,v2025-11,9/3/1981 0:00,9/1/1981 0:00,ultisols,udults,kandiudults,arenic kandiudults,loamy,35.5000954,-78.3330612,3980,6009
81NC101002,120701,8901,8901,S1981NC101002,1981,site_obsdate,1985,Developed,1,1,CONUS,v2025-11,9/3/1981 0:00,9/1/1981 0:00,ultisols,udults,kandiudults,plinthic kandiudults,fine-loamy,35.5000954,-78.3330612,3980,6009
S1971LA051013,102383,3887,3887,S1971LA051013,1971,site_obsdate,1985,Developed,1,1,CONUS,v2025-11,6/17/1971 0:00,6/17/1971 0:00,histosols,saprists,medisaprists,fluvaquentic medisaprists,,30.0113888,-90.2458344,3969,5405
S1971LA051004,102376,3877,3877,S1971LA051004,1971,site_obsdate,1985,Developed,1,1,CONUS,v2025-11,6/9/1971 0:00,6/9/1971 0:00,histosols,saprists,medisaprists,typic medisaprists,,30.0341663,-90.2441635,3969,5405
S1971LA071002,102393,3880,3880,S1971LA071002,1971,site_obsdate,1985,Developed,1,1,CONUS,v2025-11,6/14/1971 0:00,6/14/1971 0:00,histosols,saprists,medisaprists,typic medisaprists,,30.1077785,-89.8949966,3969,5415
S1968LA095006,107456,3881,3881,S1968LA095006,1968,site_obsdate,1985,Developed,1,1,CONUS,v2025-11,7/17/1968 0:00,7/17/1968 0:00,histosols,saprists,medisaprists,typic medisaprists,,30.2416668,-90.4072189,3969,5427
S1969LA051002,102372,3884,3884,S1969LA051002,1969,site_obsdate,1985,Developed,1,1,CONUS,v2025-11,10/2/1969 0:00,10/2/1969 0:00,histosols,saprists,medisaprists,typic medisaprists,,30.0438881,-90.2527771,3969,5405
1958IL079001,314961,35948,35333,1958IL079001,1958,site_obsdate,1985,Developed,1,1,CONUS,v2025-11,7/1/1958 0:00,7/1/1958 0:00,alfisols,aqualfs,natraqualfs,typic natraqualfs,fine-silty,38.9800233,-88.1887173,3965,5000
75LA041012,955535,1333,1333,75LA041012,1975,site_obsdate,1985,Developed,1,1,CONUS,v2025-11,,6/1/1975 0:00,alfisols,aqualfs,natraqualfs,albic glossic natraqualfs,fine-silty,32.3191667,-91.6097222,3969,5400
S1961LA033009,102357,1289,1289,S1961LA033009,1961,site_obsdate,1985,Developed,1,1,CONUS,v2025-11,5/11/1961 0:00,5/11/1961 0:00,alfisols,aqualfs,natraqualfs,glossic natraqualfs,fine-silty,30.4663887,-91.0547256,3969,5396
S1961LA033010,102358,1290,1290,S1961LA033010,1961,site_obsdate,1985,Developed,1,1,CONUS,v2025-11,5/11/1961 0:00,5/11/1961 0:00,alfisols,aqualfs,natraqualfs,glossic natraqualfs,fine-silty,30.4611111,-91.038887,3969,5396
68-OK143-72-2,800122,71454,132139,68-OK143-72-2,1968,site_obsdate,1985,Developed,1,1,CONUS,v2025-11,,11/2/1968 0:00,alfisols,aqualfs,natraqualfs,albic natraqualfs,fine,36.1518028,-95.7975667,3990,6507
80TX005010,120236,7811,7811,S1980TX005010,1980,site_obsdate,1985,Developed,1,1,CONUS,v2025-11,4/3/1980 0:00,4/1/1980 0:00,alfisols,aqualfs,natraqualfs,albic glossic natraqualfs,fine-loamy,31.2611103,-94.711113,4000,6924
S1967ND077002,47638,2660,2660,S1967ND077002,1967,site_obsdate,1985,Developed,1,1,CONUS,v2025-11,,10/9/1967 0:00,mollisols,aquolls,natraquolls,typic natraquolls,coarse-loamy,46.4275016784668,-97.1408333,3981,6097
S1967AZ013017,107810,5459,5459,S1967AZ013017,1967,site_obsdate,1985,Developed,1,1,CONUS,v2025-11,10/14/1967 0:00,10/14/1967 0:00,aridisols,argids,natrargids,vertic natrargids,fine,33.3424988,-111.7633362,3950,4441
S1973CA049009,98899,6138,6138,S1973CA049009,1973,site_obsdate,1985,Developed,1,1,CONUS,v2025-11,9/17/1973 0:00,9/17/1973 0:00,aridisols,argids,natrargids,xeric natrargids,fine-loamy,41.4563904,-120.871109,3951,4473
79ID039006,120061,7439,7439,S1979ID039006,1979,site_obsdate,1985,Developed,1,1,CONUS,v2025-11,6/1/1979 0:00,6/1/1979 0:00,aridisols,argids,natrargids,xerollic natrargids,fine,43.1236115,-115.7083359,3964,4936
S1969MT027007,103141,3504,3504,S1969MT027007,1969,site_obsdate,1985,Developed,1,1,CONUS,v2025-11,1/1/1969 0:00,1/1/1969 0:00,aridisols,argids,natrargids,borollic natrargids,fine,47.3415833,-110.0855484,3979,5915
S1959NV005001,104537,3002,3002,S1959NV005001,1959,site_obsdate,1985,Developed,1,1,CONUS,v2025-11,9/29/1959 0:00,9/29/1959 0:00,aridisols,argids,natrargids,durixerollic natrargids,fine,39.0024986,-119.7586136,3987,6271
S1964CA095008,100237,2746,2746,S1964CA095008,1964,site_obsdate,1985,Developed,1,1,CONUS,v2025-11,10/8/1964 0:00,10/8/1964 0:00,alfisols,xeralfs,natrixeralfs,typic natrixeralfs,fine,38.2444458,-122.0013885,3951,4496
78CA095002,119908,7186,7186,S1978CA095002,1978,site_obsdate,1985,Developed,1,1,CONUS,v2025-11,5/1/1978 0:00,5/1/1978 0:00,alfisols,xeralfs,natrixeralfs,typic natrixeralfs,fine,38.244339,-122.0052109,3951,4496
S1964CA095005,100234,2751,2751,S1964CA095005,1964,site_obsdate,1985,Developed,1,1,CONUS,v2025-11,10/7/1964 0:00,10/7/1964 0:00,alfisols,xeralfs,natrixeralfs,vertic natrixeralfs,,38.3074989,-121.8138885,3951,4496
1925IL191001,315081,35832,35217,1925IL191001,1925,site_obsdate,1985,Developed,1,1,CONUS,v2025-11,10/29/2007 0:00,11/1/1925 0:00,alfisols,udalfs,natrudalfs,aquic natrudalfs,fine-silty,38.5185298,-88.4382973,3965,5056
1925IL191002,315082,35833,35218,1925IL191002,1925,site_obsdate,1985,Developed,1,1,CONUS,v2025-11,10/31/2007 0:00,11/1/1925 0:00,alfisols,udalfs,natrudalfs,aquic natrudalfs,fine-silty,38.5185048,-88.438175,3965,5056
1979IL145002,375464,36625,36010,1979IL145002,1979,site_obsdate,1985,Developed,1,1,CONUS,v2025-11,6/1/1979 0:00,6/1/1979 0:00,alfisols,udalfs,natrudalfs,aquic natrudalfs,fine,37.9658766,-89.2195551,3965,5033
1979IL119083,375465,36558,35943,1979IL119083,1979,site_obsdate,1985,Developed,1,1,CONUS,v2025-11,3/1/1979 0:00,3/1/1979 0:00,alfisols,udalfs,natrudalfs,typic natrudalfs,fine,38.8740658,-89.6094018,3965,5020
S1956ND081007,47397,27,27,S1956ND081007,1956,site_obsdate,1985,Developed,1,1,CONUS,v2025-11,7/11/1956 0:00,7/11/1956 0:00,mollisols,udolls,natrudolls,leptic natrudolls,,46.262229919433594,-97.321533203125,3981,6099
1950NE019003,788090,2154,2154,1950NE019003,1950,site_obsdate,1985,Developed,1,1,CONUS,v2025-11,7/15/1950 0:00,7/13/1950 0:00,mollisols,ustolls,natrustolls,typic natrustolls,fine,40.7427788,-98.7900009,3982,6121
83IL-195-151,963547,37056,36441,83IL-195-151,1983,site_obsdate,1985,Developed,1,1,CONUS,v2025-11,,6/1/1983 0:00,alfisols,aqualfs,ochraqualfs,mollic ochraqualfs,fine-loamy over sandy or sandy-skeletal,41.7046306,-89.7669889,3965,5058
1977IN069006,313524,38496,37881,1977IN069006,1977,site_obsdate,1985,Developed,1,1,CONUS,v2025-11,5/10/1977 0:00,5/10/1977 0:00,alfisols,aqualfs,ochraqualfs,aeric ochraqualfs,fine,40.8650639,-85.6223444,3966,5097
1977IN169012,313593,38791,38176,1977IN169012,1977,site_obsdate,1985,Developed,1,1,CONUS,v2025-11,7/27/1977 0:00,7/27/1977 0:00,alfisols,aqualfs,ochraqualfs,aeric ochraqualfs,fine-loamy,40.8843083,-85.792075,3966,5147
1982IN075003,313986,39240,38625,1982IN075003,1982,site_obsdate,1985,Developed,1,1,CONUS,v2025-11,8/31/1982 0:00,8/31/1982 0:00,alfisols,aqualfs,ochraqualfs,aeric ochraqualfs,fine,40.3599028,-84.9815444,3966,5100
1976IN181019,313430,38305,37690,1976IN181019,1974,site_obsdate,1985,Developed,1,1,CONUS,v2025-11,9/9/1974 0:00,9/9/1974 0:00,alfisols,aqualfs,ochraqualfs,mollic ochraqualfs,coarse-loamy,40.8103528,-86.9488917,3966,5153
S1971IN079004,110004,5090,5090,S1971IN079004,1971,site_obsdate,1985,Developed,1,1,CONUS,v2025-11,10/6/1971 0:00,10/6/1971 0:00,alfisols,aqualfs,ochraqualfs,typic ochraqualfs,fine-loamy,38.9261093,-85.6083298,3966,5102
1976IN133081,313392,38219,37604,1976IN133081,1976,site_obsdate,1985,Developed,1,1,CONUS,v2025-11,10/6/1976 0:00,10/6/1976 0:00,alfisols,aqualfs,ochraqualfs,typic ochraqualfs,fine-silty,39.5291528,-86.7718583,3966,5129
1977IN133009,313874,38661,38046,1977IN133009,1977,site_obsdate,1985,Developed,1,1,CONUS,v2025-11,3/3/1977 0:00,3/3/1977 0:00,alfisols,aqualfs,ochraqualfs,typic ochraqualfs,fine-silty,39.4963528,-86.6875833,3966,5129
S1957LA053002,102385,3776,3776,S1957LA053002,1957,site_obsdate,1985,Developed,1,1,CONUS,v2025-11,11/14/1957 0:00,11/14/1957 0:00,alfisols,aqualfs,ochraqualfs,typic ochraqualfs,fine-silty,30.43861198425293,-92.707222,3969,5406
S1976NY045002,110614,1147,1147,S1976NY045002,1976,site_obsdate,1985,Developed,1,1,CONUS,v2025-11,7/14/1976 0:00,7/14/1976 0:00,alfisols,aqualfs,ochraqualfs,aeric ochraqualfs,very-fine,44.0475006,-76.1008301,3988,6308
82NY089009,121171,9987,9987,S1982NY089009,1982,site_obsdate,1985,Developed,1,1,CONUS,v2025-11,12/1/1982 0:00,12/1/1982 0:00,alfisols,aqualfs,ochraqualfs,aeric ochraqualfs,fine,44.5869446,-75.5319443,3988,6330
S1955CA035003,108021,2777,2777,S1955CA035003,1955,site_obsdate,1985,Developed,1,1,CONUS,v2025-11,8/1/1955 0:00,8/1/1955 0:00,aridisols,argids,paleargids,calcic paleargids,fine,40.4011116,-120.50333404541016,3951,4466
2018NM013258,1306469,713,713,2018NM013258,1966,site_obsdate,1985,Developed,1,1,CONUS,v2025-11,11/6/2018 0:00,11/8/1966 0:00,aridisols,argids,paleargids,petrocalcic paleargids,loamy,32.28292465209961,-106.9203944,3986,6243
1980KY033001,872414,8259,8259,S1980KY033001,1980,site_obsdate,1985,Developed,1,1,CONUS,v2025-11,11/1/1980 0:00,11/1/1980 0:00,alfisols,udalfs,paleudalfs,mollic paleudalfs,fine-silty,37.0999985,-87.8833313,3968,5276
S1955LA015001,102330,3782,3782,S1955LA015001,1955,site_obsdate,1985,Developed,1,1,CONUS,v2025-11,11/8/1955 0:00,11/8/1955 0:00,alfisols,udalfs,paleudalfs,typic paleudalfs,coarse-loamy,32.39861297607422,-93.5005569,3969,5387
S1974LA017011,102347,3791,3791,S1974LA017011,1973,site_obsdate,1985,Developed,1,1,CONUS,v2025-11,8/6/1973 0:00,8/6/1973 0:00,alfisols,udalfs,paleudalfs,vertic paleudalfs,very-fine,32.5258331,-93.8274994,3969,5388
1964PA043006,1118799,53845,53044,1964PA043006,1964,site_obsdate,1985,Developed,1,1,CONUS,v2025-11,6/23/1964 0:00,6/23/1964 0:00,alfisols,udalfs,paleudalfs,typic paleudalfs,fine,40.285278,-76.667222,3992,6570
S1972AL097004,318785,39850,39231,S1972AL097004,1972,site_obsdate,1985,Developed,1,1,CONUS,v2025-11,7/18/1972 0:00,7/18/1972 0:00,ultisols,udults,paleudults,aquic paleudults,fine,31.1338889,-88.1022222,3947,4335
S1972AL097009,318788,39853,39234,S1972AL097009,1972,site_obsdate,1985,Developed,1,1,CONUS,v2025-11,7/19/1972 0:00,7/19/1972 0:00,ultisols,udults,paleudults,plinthic paleudults,fine-loamy,30.5309722,-88.2372222,3947,4335
77AL033002-pgm,305213,39737,39118,77AL033002-pgm,1977,site_obsdate,1985,Developed,1,1,CONUS,v2025-11,3/21/1977 0:00,3/21/1977 0:00,ultisols,udults,paleudults,rhodic paleudults,fine,34.72528458,-87.68055725,3947,4303
77AL033006-pgm,305217,39741,39122,77AL033006-pgm,1977,site_obsdate,1985,Developed,1,1,CONUS,v2025-11,4/27/1977 0:00,4/27/1977 0:00,ultisols,udults,paleudults,rhodic paleudults,fine,34.83000565,-87.97666931,3947,4303
75AL065001-pgm,305221,39772,39153,75AL065001-pgm,1975,site_obsdate,1985,Developed,1,1,CONUS,v2025-11,5/6/1975 0:00,5/6/1975 0:00,ultisols,udults,paleudults,rhodic paleudults,fine-loamy,32.91222763,-87.64028168,3947,4319
S1973AL097001,318778,39857,39238,S1973AL097001,1973,site_obsdate,1985,Developed,1,1,CONUS,v2025-11,2/22/1973 0:00,2/22/1973 0:00,ultisols,udults,paleudults,rhodic paleudults,fine-loamy,31.0988889,-88.2391667,3947,4335
74AL055005-pgm,308469,39766,39147,74AL055005-pgm,1974,site_obsdate,1985,Developed,1,1,CONUS,v2025-11,8/26/1974 0:00,8/26/1974 0:00,ultisols,udults,paleudults,typic paleudults,fine-loamy,33.9805603,-85.95278168,3947,4314
81AL131001,120514,8473,8473,S1981AL131001,1981,site_obsdate,1985,Developed,1,1,CONUS,v2025-11,3/3/1981 0:00,3/1/1981 0:00,ultisols,udults,paleudults,plinthic paleudults,fine-loamy,32.0238876,-87.316391,3947,4352
82AL001001,107616,9351,9351,S1982AL001001,1982,site_obsdate,1985,Developed,1,1,CONUS,v2025-11,8/3/1982 0:00,8/1/1982 0:00,ultisols,udults,paleudults,rhodic paleudults,fine-loamy,32.4147224,-86.4897232,3947,4287
S1980GA243003,100951,7792,7792,S1980GA243003,1981,site_obsdate,1985,Developed,1,1,CONUS,v2025-11,,8/1/1981 0:00,ultisols,udults,paleudults,grossarenic paleudults,,33.3870926,-82.0998459,3960,4772
1984MO215008,122056,11358,11358,1984MO215008S,1984,site_obsdate,1985,Developed,1,1,CONUS,v2025-11,6/1/1984 0:00,6/1/1984 0:00,ultisols,udults,paleudults,typic paleudults,,37.1213875,-92.0986099,3976,5807
S1981NC101001,1130408,8900,8900,S1981NC101001,1981,site_obsdate,1985,Developed,1,1,CONUS,v2025-11,9/3/1981 0:00,9/1/1981 0:00,ultisols,udults,paleudults,typic paleudults,fine-loamy,35.5000954,-78.3330612,3980,6009
S1956AZ017030,107826,663,663,S1956AZ017030,1956,site_obsdate,1985,Developed,1,1,CONUS,v2025-11,5/17/1956 0:00,5/17/1956 0:00,alfisols,ustalfs,paleustalfs,typic paleustalfs,fine,34.2247238,-110.0288925,3950,4443
S1962TX021090,105943,4237,4237,S1962TX021090,1962,site_obsdate,1985,Developed,1,1,CONUS,v2025-11,5/28/1962 0:00,5/28/1962 0:00,alfisols,ustalfs,paleustalfs,udertic paleustalfs,,30.0511112,-97.3741684,4000,6932
S1961TX497090,106233,4243,4243,S1961TX497090,1961,site_obsdate,1985,Developed,1,1,CONUS,v2025-11,6/7/1961 0:00,6/7/1961 0:00,alfisols,ustalfs,paleustalfs,udic paleustalfs,,33.3833351,-97.6999969,4000,7170
S2002TX041001,202204,54712,53911,S2002TX041001,1978,site_obsdate,1985,Developed,1,1,CONUS,v2025-11,1/1/1978 0:00,1/1/1978 0:00,alfisols,ustalfs,paleustalfs,udertic paleustalfs,fine,30.6110001,-96.3481674,4000,6942
S2002TX041003,202205,54714,53913,S2002TX041003,1978,site_obsdate,1985,Developed,1,1,CONUS,v2025-11,8/1/1978 0:00,8/1/1978 0:00,alfisols,ustalfs,paleustalfs,udertic paleustalfs,fine,30.6109161,-96.3481979,4000,6942
S2002TX041004,202206,54715,53914,S2002TX041004,1979,site_obsdate,1985,Developed,1,1,CONUS,v2025-11,1/3/1979 0:00,1/3/1979 0:00,alfisols,ustalfs,paleustalfs,udertic paleustalfs,fine,30.6109447,-96.3481369,4000,6942
S1974TX367001,863713,4384,4384,S1974TX367001,1974,site_obsdate,1985,Developed,1,1,CONUS,v2025-11,10/16/1977 0:00,6/1/1974 0:00,alfisols,ustalfs,paleustalfs,udic paleustalfs,fine,32.7288895,-97.8766632,4000,7105
S1953OK117036,927039,4476,4476,S1953OK117036,1953,site_obsdate,1985,Developed,1,1,CONUS,v2025-11,11/1/1953 0:00,11/1/1953 0:00,mollisols,ustolls,paleustolls,udertic paleustolls,fine,36.4055557,-97.0008316,3990,6494
S1964CA073003,100162,2761,2761,S1964CA073003,1964,site_obsdate,1985,Developed,1,1,CONUS,v2025-11,2/18/1964 0:00,2/18/1964 0:00,alfisols,xeralfs,palexeralfs,natric palexeralfs,fine,33.3491669,-117.2377777,3951,4485
S1945CA021012,108143,2754,2754,S1945CA021012,1945,site_obsdate,1985,Developed,1,1,CONUS,v2025-11,4/5/1945 0:00,4/5/1945 0:00,alfisols,xeralfs,palexeralfs,typic palexeralfs,fine-loamy,39.7975006,-122.1663895,3951,4459
S1971CA059010,1161820,5881,5881,S1971CA059010,1971,site_obsdate,1985,Developed,1,1,CONUS,v2025-11,6/1/1971 0:00,6/1/1971 0:00,alfisols,xeralfs,palexeralfs,typic palexeralfs,fine-loamy,33.6458321,-117.703331,3951,4478
S1955TX239090,106093,4311,4311,S1955TX239090,1955,site_obsdate,1985,Developed,1,1,CONUS,v2025-11,8/8/1955 0:00,8/8/1955 0:00,vertisols,uderts,pelluderts,typic pelluderts,very-fine,28.9308338,-96.7394409,4000,7041
S1959KS015002,102123,1748,1748,S1959KS015002,1959,site_obsdate,1985,Developed,1,1,CONUS,v2025-11,5/11/1959 0:00,5/11/1959 0:00,vertisols,usterts,pellusterts,udic pellusterts,fine,37.9647217,-97.1347198,3967,5162
S1955TX025090,105944,4326,4326,S1955TX025090,1955,site_obsdate,1985,Developed,1,1,CONUS,v2025-11,8/8/1955 0:00,8/8/1955 0:00,vertisols,usterts,pellusterts,typic pellusterts,fine,28.1875,-97.7783356,4000,6934
S1954TX309090,106150,4329,4329,S1954TX309090,1954,site_obsdate,1985,Developed,1,1,CONUS,v2025-11,4/4/1954 0:00,4/4/1954 0:00,vertisols,usterts,pellusterts,udic pellusterts,fine,31.5141659,-97.1849976,4000,7076
S1956TX085004,105993,4338,4338,S1956TX085004,1956,site_obsdate,1985,Developed,1,1,CONUS,v2025-11,10/10/1956 0:00,10/10/1956 0:00,vertisols,usterts,pellusterts,udic pellusterts,fine,33.1713905,-96.4916687,4000,6964
S1956TX085003,105992,4341,4341,S1956TX085003,1956,site_obsdate,1985,Developed,1,1,CONUS,v2025-11,10/10/1956 0:00,10/10/1956 0:00,vertisols,usterts,pellusterts,udic pellusterts,fine,33.1736107,-96.4883347,4000,6964
78TX027003,119751,6935,6935,S1978TX027003,1978,site_obsdate,1985,Developed,1,1,CONUS,v2025-11,7/3/1978 0:00,7/1/1978 0:00,vertisols,usterts,pellusterts,udic pellusterts,fine,31.0333328,-97.3499985,4000,6935
S1961-TX389-004-copy,1216707,4251,4251,S1961-TX389-004-copy,1961,site_obsdate,1985,Developed,1,1,CONUS,v2025-11,10/26/1961 0:00,10/26/1961 0:00,aridisols,gypsids,petrogypsids,calcic petrogypsids,fine-silty,31.3736115,-103.5283356,4000,7116
78NH005020,828310,7038,7038,S1978NH005020,1978,site_obsdate,1985,Developed,1,1,CONUS,v2025-11,9/1/1978 0:00,9/1/1978 0:00,spodosols,aquods,placaquods,typic placaquods,sandy,42.8694458,-72.3305588,3983,6207
S1958NJ005005,1100362,296,296,S1958NJ005005,1958,site_obsdate,1985,Developed,1,1,CONUS,v2025-11,8/19/1958 0:00,8/19/1958 0:00,entisols,psamments,quartzipsamments,typic quartzipsamments,,40.0445528,-74.8976667,3984,6217
77AL117001,979193,6551,6551,1977AL117001,1978,site_obsdate,1985,Developed,1,1,CONUS,v2025-11,3/3/1982 0:00,6/1/1978 0:00,ultisols,udults,rhodudults,typic rhodudults,fine,34.0050694,-86.5808528,3947,4291
S1970OR005002,104909,5805,5805,S1970OR005002,1970,site_obsdate,1985,Developed,1,1,CONUS,v2025-11,9/8/1970 0:00,9/8/1970 0:00,ultisols,udults,rhodudults,typic rhodudults,clayey,45.3761978,-122.3072891,3991,6515
74TX363009,955728,4398,4398,74TX363009,1974,site_obsdate,1985,Developed,1,1,CONUS,v2025-11,,6/1/1974 0:00,alfisols,ustalfs,rhodustalfs,lithic rhodustalfs,loamy,32.7747222,-98.2630556,4000,7103
84AZ013008,121986,11267,11267,S1984AZ013008,1984,site_obsdate,1985,Developed,1,1,CONUS,v2025-11,2/3/1984 0:00,2/1/1984 0:00,aridisols,orthids,salorthids,aquollic salorthids,fine-silty,33.3525009,-112.2547226,3950,4441
81AZ015001,120518,8477,8477,S1981AZ015001,1981,site_obsdate,1985,Developed,1,1,CONUS,v2025-11,3/1/1981 0:00,3/1/1981 0:00,entisols,fluvents,torrifluvents,typic torrifluvents,,34.8908348,-114.558609,3950,4442
81AZ015002,120519,8478,8478,S1981AZ015002,1981,site_obsdate,1985,Developed,1,1,CONUS,v2025-11,3/1/1981 0:00,3/1/1981 0:00,entisols,fluvents,torrifluvents,typic torrifluvents,,34.9294434,-114.578331,3950,4442
82AZ015005,120747,9039,9039,S1982AZ015005,1982,site_obsdate,1985,Developed,1,1,CONUS,v2025-11,9/1/1982 0:00,9/1/1982 0:00,entisols,fluvents,torrifluvents,typic torrifluvents,,34.9383316,-114.598053,3950,4442
S1974AZ019011,109738,6347,6347,S1974AZ019011,1974,site_obsdate,1985,Developed,1,1,CONUS,v2025-11,12/20/1974 0:00,12/20/1974 0:00,entisols,fluvents,torrifluvents,anthropic torrifluvents,coarse-loamy,32.2658348,-111.0022202,3950,4444
84CO077004,122011,11307,11307,S1984CO077004,1984,site_obsdate,1985,Developed,1,1,CONUS,v2025-11,4/3/1984 0:00,4/1/1984 0:00,entisols,fluvents,torrifluvents,typic torrifluvents,fine-silty,39.2738876,-108.9016647,3952,4545
S1956NV003005,104517,3029,3029,S1956NV003005,1956,site_obsdate,1985,Developed,1,1,CONUS,v2025-11,2/1/1956 0:00,2/1/1956 0:00,entisols,fluvents,torrifluvents,typic torrifluvents,coarse-silty,36.1805458,-115.0666656,3987,6270
S1967TX141003,106025,178,178,S1967TX141003,1967,site_obsdate,1985,Developed,1,1,CONUS,v2025-11,3/2/1967 0:00,3/2/1967 0:00,entisols,fluvents,torrifluvents,typic torrifluvents,coarse-loamy,31.54166603088379,-106.1919479,4000,6992
S1955CA071006,100108,2791,2791,S1955CA071006,1955,site_obsdate,1985,Developed,1,1,CONUS,v2025-11,1/1/1955 0:00,1/1/1955 0:00,entisols,orthents,torriorthents,typic torriorthents,fine-loamy,34.9222221,-117.1197205,3951,4484
S1960CO099007,100453,3715,3715,S1960CO099007,1960,site_obsdate,1985,Developed,1,1,CONUS,v2025-11,3/7/2008 0:00,9/1/1960 0:00,entisols,orthents,torriorthents,ustic torriorthents,fine-silty,38.0538902,-102.2469406,3952,4556
S1966ID075008,101543,1051,1051,S1966ID075008,1966,site_obsdate,1985,Developed,1,1,CONUS,v2025-11,7/21/1966 0:00,7/21/1966 0:00,entisols,orthents,torriorthents,xeric torriorthents,coarse-loamy,44.0380554,-116.9252777,3964,4954
S1971UT021005,110813,6025,6025,S1971UT021005,1971,site_obsdate,1985,Developed,1,1,CONUS,v2025-11,6/1/1971 0:00,6/1/1971 0:00,entisols,orthents,torriorthents,xeric torriorthents,fine-loamy,37.6749763,-113.064682,4002,7195
1978IL095037,375457,36493,35878,1978IL095037,1978,site_obsdate,1985,Developed,1,1,CONUS,v2025-11,10/1/1978 0:00,10/1/1978 0:00,entisols,arents,udarents,alfic udarents,fine-silty,41.0258039,-90.0367936,3965,5008
1980IL145025,351123,36737,36122,1980IL145025,1980,site_obsdate,1985,Developed,1,1,CONUS,v2025-11,1/1/1980 0:00,1/1/1980 0:00,entisols,arents,udarents,alfic udarents,fine-silty,37.9748568,-89.5495267,3965,5033
1978IL073123,375536,36566,35951,1978IL073123,1978,site_obsdate,1985,Developed,1,1,CONUS,v2025-11,8/1/1978 0:00,8/1/1978 0:00,entisols,arents,udarents,haplic udarents,fine-loamy,41.4156141,-90.0001429,3965,4997
1978AR065001,119929,7251,7251,1978AR065001S,1978,site_obsdate,1985,Developed,1,1,CONUS,v2025-11,6/3/1978 0:00,6/1/1978 0:00,entisols,fluvents,udifluvents,typic udifluvents,sandy,36.1144447,-91.9661102,3948,4386
1977IN169011,1118624,38638,38023,1977IN169011,1977,site_obsdate,1985,Developed,1,1,CONUS,v2025-11,7/27/1977 0:00,7/27/1977 0:00,entisols,fluvents,udifluvents,typic udifluvents,fine-loamy,40.8067472,-85.8103111,3966,5147
1977IN177010,313952,38937,38322,1977IN177010,1977,site_obsdate,1985,Developed,1,1,CONUS,v2025-11,10/5/1977 0:00,10/5/1977 0:00,entisols,fluvents,udifluvents,typic udifluvents,sandy,39.7950167,-84.8911833,3966,5151
1978IN073004,313798,38585,37970,1978IN073004,1978,site_obsdate,1985,Developed,1,1,CONUS,v2025-11,11/14/1978 0:00,11/14/1978 0:00,entisols,psamments,udipsamments,aquic udipsamments,mesic,41.1862833,-87.1125806,3966,5099
S1972IN099008,1106801,37851,37236,S1972IN099008,1972,site_obsdate,1985,Developed,1,1,CONUS,v2025-11,10/19/1972 0:00,10/19/1972 0:00,entisols,psamments,udipsamments,oxyaquic udipsamments,,41.1787944,-86.4542306,3966,5112
1973MA005004,791703,490,490,S1973MA005004,1973,site_obsdate,1985,Developed,1,1,CONUS,v2025-11,6/28/1973 0:00,6/28/1973 0:00,entisols,psamments,udipsamments,typic udipsamments,,41.9352778,-71.0311111,3970,5446
S1966MI041001,102622,1882,1882,S1966MI041001,1966,site_obsdate,1985,Developed,1,1,CONUS,v2025-11,10/10/1966 0:00,10/10/1966 0:00,entisols,psamments,udipsamments,typic udipsamments,,45.8994408,-86.9227676,3974,5551
S1978MN0612812,583081,55830,55029,S1978MN0612812,1978,site_obsdate,1985,Developed,1,1,CONUS,v2025-11,8/18/1978 0:00,8/18/1978 0:00,entisols,psamments,udipsamments,lamellic udipsamments,,47.210331,-93.474823,3975,5644
S1980MN137019 (3393),583357,56195,55394,S1980MN137019 (3393),1980,site_obsdate,1985,Developed,1,1,CONUS,v2025-11,7/10/1980 0:00,7/10/1980 0:00,entisols,psamments,udipsamments,oxyaquic udipsamments,,47.4058495,-92.7391357,3975,5682
S1980MN097028 (3365),583333,56172,55371,S1980MN097028 (3365),1980,site_obsdate,1985,Developed,1,1,CONUS,v2025-11,7/31/1980 0:00,7/31/1980 0:00,entisols,psamments,udipsamments,typic udipsamments,,45.8961983,-94.2809143,3975,5662
S1978MN0612811,780520,72770,133503,S1978MN0612811,1978,site_obsdate,1985,Developed,1,1,CONUS,v2025-11,8/18/1978 0:00,8/20/1978 0:00,entisols,psamments,udipsamments,lamellic udipsamments,,47.2047049,-93.4748949,3975,5644
64NH017004,791707,3875,3875,S1964NH017004,1964,site_obsdate,1985,Developed,1,1,CONUS,v2025-11,9/17/1964 0:00,9/17/1964 0:00,entisols,psamments,udipsamments,typic udipsamments,,43.2286111,-70.8319444,3983,6213
1961-OH051-016,750573,67656,65731,1961-OH051-016,1961,site_obsdate,1985,Developed,1,1,CONUS,v2025-11,9/18/1961 0:00,9/18/1961 0:00,entisols,psamments,udipsamments,aquic udipsamments,,41.5205002,-83.902359,3989,6373
S1979WI073002,897288,7646,7646,S1979WI073002,1980,site_obsdate,1985,Developed,1,1,CONUS,v2025-11,,6/1/1980 0:00,entisols,psamments,udipsamments,typic udipsamments,,44.84830856323242,-89.61920928955078,4007,7443
1978IN021005,313244,38415,37800,1978IN021005,1978,site_obsdate,1985,Developed,1,1,CONUS,v2025-11,7/26/1978 0:00,7/26/1978 0:00,entisols,orthents,udorthents,typic udorthents,loamy-skeletal,39.4723556,-87.1973028,3966,5073
82KY195002,121506,10554,10554,S1982KY195002,1982,site_obsdate,1985,Developed,1,1,CONUS,v2025-11,5/1/1982 0:00,5/1/1982 0:00,entisols,orthents,udorthents,typic udorthents,,37.486454010009766,-82.5884705,3968,5357
S1973MA009004,791743,486,486,S1973MA009004,1973,site_obsdate,1985,Developed,1,1,CONUS,v2025-11,6/26/1973 0:00,6/26/1973 0:00,entisols,orthents,udorthents,typic udorthents,sandy-skeletal,42.6249695,-71.1800156,3970,5448
S1973MA005005,791739,491,491,S1973MA005005,1973,site_obsdate,1985,Developed,1,1,CONUS,v2025-11,6/29/1973 0:00,6/29/1973 0:00,entisols,orthents,udorthents,typic udorthents,sandy-skeletal,41.929141998291016,-71.0428009,3970,5446
S1979MN0912781,780537,72786,133519,S1979MN0912781,1978,site_obsdate,1985,Developed,1,1,CONUS,v2025-11,10/3/1978 0:00,10/5/1978 0:00,entisols,orthents,udorthents,typic udorthents,,43.83246994018555,-94.4791183,3975,5659
S1982NY061011,524597,10003,10003,S1982NY061011,1982,site_obsdate,1985,Developed,1,1,CONUS,v2025-11,11/1/1982 0:00,11/1/1982 0:00,entisols,orthents,udorthents,aquic udorthents,coarse-loamy,40.7827759,-73.97706604003906,3988,6316
1973PA033020,421984,53754,52953,242,1973,site_obsdate,1985,Developed,1,1,CONUS,v2025-11,5/23/1973 0:00,5/23/1973 0:00,entisols,orthents,udorthents,typic udorthents,loamy-skeletal,41.0580556,-78.4402778,3992,6565
1974PA047008,422078,53858,53057,336,1974,site_obsdate,1985,Developed,1,1,CONUS,v2025-11,8/20/1974 0:00,8/20/1974 0:00,entisols,orthents,udorthents,typic udorthents,loamy-skeletal,41.2863889,-78.6652778,3992,6572
1974PA065017,422184,53976,53175,442,1974,site_obsdate,1985,Developed,1,1,CONUS,v2025-11,6/16/1974 0:00,6/16/1974 0:00,entisols,orthents,udorthents,typic udorthents,loamy-skeletal,41.1822222,-79.2052778,3992,6581
1974PA125049,422579,54414,53613,837,1974,site_obsdate,1985,Developed,1,1,CONUS,v2025-11,8/13/1974 0:00,8/13/1974 0:00,entisols,orthents,udorthents,typic udorthents,loamy-skeletal,40.4572222,-80.4205556,3992,6611
80SC089009,120301,7975,7975,S1980SC089009,1980,site_obsdate,1985,Developed,1,1,CONUS,v2025-11,10/1/1980 0:00,10/1/1980 0:00,ultisols,aquults,umbraquults,typic umbraquults,,33.4970856,-79.7306137,3997,6759
S1974TX363003,110783,4387,4387,S1974TX363003,1974,site_obsdate,1985,Developed,1,1,CONUS,v2025-11,6/1/1974 0:00,6/1/1974 0:00,inceptisols,ochrepts,ustochrepts,udic ustochrepts,coarse-silty,32.6455574,-98.0966644,4000,7103
MLRA78-Vernon-TX253-001,248532,7863,7863,S80-TX253-001,1980,site_obsdate,1985,Developed,1,1,CONUS,v2025-11,5/1/1980 0:00,5/1/1980 0:00,inceptisols,ochrepts,ustochrepts,typic ustochrepts,fine,32.7505569,-99.6816635,4000,7048
S1961OR027010,1112627,813,813,S1961OR027010,1961,site_obsdate,1985,Developed,1,1,CONUS,v2025-11,10/31/1961 0:00,10/31/1961 0:00,andisols,xerands,vitrixerands,humic vitrixerands,ashy,45.5111122,-121.5863876,3991,6526
S1961OR027009,105053,814,814,S1961OR027009,1961,site_obsdate,1985,Developed,1,1,CONUS,v2025-11,10/31/1961 0:00,10/31/1961 0:00,andisols,xerands,vitrixerands,humic vitrixerands,ashy,45.5299988,-121.5994415,3991,6526
78CA013000,119903,7181,7181,S1978CA013000,1978,site_obsdate,1985,Developed,1,1,CONUS,v2025-11,1/1/1978 0:00,1/1/1978 0:00,inceptisols,ochrepts,xerochrepts,typic xerochrepts,fine-loamy,37.9299049,-121.6932526,3951,4455
83CA105001,99021,10919,10919,S1983CA105001,1983,site_obsdate,1985,Developed,1,1,CONUS,v2025-11,6/3/1983 0:00,6/1/1983 0:00,inceptisols,ochrepts,xerochrepts,typic xerochrepts,loamy-skeletal,40.5847206,-122.9977798,3951,4501
S1970OR051008,105206,5800,5800,S1970OR051008,1970,site_obsdate,1985,Developed,1,1,CONUS,v2025-11,9/23/1970 0:00,9/23/1970 0:00,inceptisols,ochrepts,xerochrepts,dystric xerochrepts,coarse-loamy over sandy or sandy-skeletal,45.4906425,-122.4778519,3991,6538
S1970OR005004,104911,5799,5799,S1970OR005004,1970,site_obsdate,1985,Developed,1,1,CONUS,v2025-11,9/8/1970 0:00,9/8/1970 0:00,inceptisols,ochrepts,xerochrepts,dystric xerochrepts,fine-silty,45.4142532,-122.3833999633789,3991,6515
S1971CA059004,1161819,5876,5876,S1971CA059004,1971,site_obsdate,1985,Developed,1,1,CONUS,v2025-11,6/1/1971 0:00,6/1/1971 0:00,entisols,fluvents,xerofluvents,aquic xerofluvents,fine-silty,33.6577797,-117.9713898,3951,4478
S1971CA059005,98964,5879,5879,S1971CA059005,1971,site_obsdate,1985,Developed,1,1,CONUS,v2025-11,6/1/1971 0:00,6/1/1971 0:00,entisols,fluvents,xerofluvents,oxyaquic xerofluvents,coarse-loamy,33.6944427,-117.9780579,3951,4478
1956NV027011,253267,3036,3036,1956NV027011,1956,site_obsdate,1985,Developed,1,1,CONUS,v2025-11,7/1/1956 0:00,7/1/1956 0:00,entisols,fluvents,xerofluvents,aquic xerofluvents,fine-silty,40.1875,-118.4563889,3987,6281
S1962CA083008,100207,2805,2805,S1962CA083008,1962,site_obsdate,1985,Developed,1,1,CONUS,v2025-11,4/18/1962 0:00,4/18/1962 0:00,entisols,psamments,xeropsamments,aquic durorthidic xeropsamments,,34.7194443,-120.5694427,3951,4490
S68CA017022,113483,5494,5494,68CA693-005,1968,site_obsdate,1985,Developed,1,1,CONUS,v2025-11,8/7/1968 0:00,8/7/1968 0:00,entisols,psamments,xeropsamments,dystric xeropsamments,,38.9332083,-119.9726278,3951,4457
S1954CA035001,108016,2871,2871,S1954CA035001,1954,site_obsdate,1985,Developed,1,1,CONUS,v2025-11,10/18/1954 0:00,10/18/1954 0:00,inceptisols,umbrepts,xerumbrepts,typic xerumbrepts,fine-silty,40.3722229,-120.5299988,3951,4466
S1983WI043050,1049067,71854,132539,S1983WI043050,1983,samp_classdate,1985,Developed,1,1,CONUS,v2025-11,6/1/1983 0:00,,mollisols,udolls,argiudolls,typic argiudolls,fine-silty,42.8802566,-90.9778713,4007,7428
S1983WI043031,1049053,71835,132520,S1983WI043031,1983,samp_classdate,1985,Developed,1,1,CONUS,v2025-11,5/11/1983 0:00,,alfisols,udalfs,hapludalfs,mollic hapludalfs,fine-silty,42.9019295,-90.9798072,4007,7428
81NE059011,956638,8588,8588,81NE059011,1981,site_obsdate,1985,Developed,1,1,CONUS,v2025-11,8/3/1999 0:00,6/1/1981 0:00,mollisols,ustolls,argiustolls,udic argiustolls,fine-loamy,40.5558333,-97.3877778,3982,6141
81WI069002,956563,8382,8382,81WI069002,1981,site_obsdate,1985,Developed,1,1,CONUS,v2025-11,,6/1/1981 0:00,inceptisols,udepts,dystrudepts,typic dystrudepts,sandy,45.1361111,-89.6236111,4007,7441
81WV109012,956657,8612,8612,81WV109012,1981,site_obsdate,1985,Developed,1,1,CONUS,v2025-11,4/3/1984 0:00,6/1/1981 0:00,inceptisols,ochrepts,fragiochrepts,typic fragiochrepts,fine-loamy,37.5625,-81.51249694824219,4008,7533
81WA073009,120576,8632,8632,S1981WA073009,1981,site_obsdate,1985,Developed,1,1,CONUS,v2025-11,6/3/1981 0:00,6/1/1981 0:00,inceptisols,aquepts,haplaquepts,aeric haplaquepts,fine-loamy over sandy or sandy-skeletal,48.9713898,-122.4402771,4006,7404
81MS059003,956666,8667,8667,81MS059003,1981,site_obsdate,1985,Developed,1,1,CONUS,v2025-11,7/3/1984 0:00,6/1/1981 0:00,entisols,argids,haplargids,xeric haplargids,,30.6536111,-88.5172222,3978,5849
75PA027001,956586,8451,8451,75PA027001,1981,site_obsdate,1985,Developed,1,1,CONUS,v2025-11,6/3/1985 0:00,6/1/1981 0:00,alfisols,udalfs,hapludalfs,typic hapludalfs,fine,40.7152778,-77.9361111,3992,6562
79IA015003,956500,8268,8268,79IA015003,1981,site_obsdate,1985,Developed,1,1,CONUS,v2025-11,,6/1/1981 0:00,mollisols,udolls,hapludolls,typic hapludolls,fine-loamy,42.0230556,-93.7713889,3963,4825
81WA073010,120577,8633,8633,S1981WA073010,1981,site_obsdate,1985,Developed,1,1,CONUS,v2025-11,6/3/1981 0:00,6/1/1981 0:00,inceptisols,aquepts,humaquepts,aquandic humaquepts,loamy,48.8886108,-122.5994415,4006,7404
81LA027001,956549,8368,8368,81LA027001,1981,site_obsdate,1985,Developed,1,1,CONUS,v2025-11,3/3/1982 0:00,6/1/1981 0:00,ultisols,udults,paleudults,typic paleudults,fine-loamy,32.9072222,-92.7461111,3969,5393
81TX337001,113879,9254,9254,S1981TX337001,1981,site_obsdate,1985,Developed,1,1,CONUS,v2025-11,6/3/1981 0:00,6/1/1981 0:00,alfisols,ustalfs,paleustalfs,udic paleustalfs,fine,33.5011101,-97.7874985,4000,7090
81IL017007,121229,10099,10099,S1981IL017007,1981,site_obsdate,1985,Developed,1,1,CONUS,v2025-11,6/1/1981 0:00,6/1/1981 0:00,entisols,fluvents,udifluvents,typic udifluvents,coarse-silty,39.9855537,-90.3213882,3965,4969
81IL017030,121150,9951,9951,S1981IL017030,1981,site_obsdate,1985,Developed,1,1,CONUS,v2025-11,6/1/1981 0:00,6/1/1981 0:00,entisols,orthents,udorthents,typic udorthents,coarse-silty,39.9524994,-90.0908356,3965,4969
82KS021018,956990,9703,9703,82KS021018,1982,site_obsdate,1985,Developed,1,1,CONUS,v2025-11,,6/1/1982 0:00,alfisols,aqualfs,albaqualfs,mollic albaqualfs,fine,37.0313889,-94.8638889,3967,5165
82ID043008,956918,9603,9603,82ID043008,1982,site_obsdate,1985,Developed,1,1,CONUS,v2025-11,7/3/1988 0:00,6/1/1982 0:00,mollisols,borolls,cryoborolls,pachic cryoborolls,coarse-silty,44.0847222,-111.23249816894531,3964,4938
S1982IN153031,110034,9409,9409,S1982IN153031,1982,site_obsdate,1985,Developed,1,1,CONUS,v2025-11,6/1/1982 0:00,6/1/1982 0:00,alfisols,aqualfs,endoaqualfs,aeric endoaqualfs,fine-silty,39.1569061,-87.4081726,3966,5139
S1982IN153032,110035,9410,9410,S1982IN153032,1982,site_obsdate,1985,Developed,1,1,CONUS,v2025-11,6/1/1982 0:00,6/1/1982 0:00,alfisols,aqualfs,endoaqualfs,aeric endoaqualfs,fine-silty,39.1569061,-87.4081726,3966,5139
S1982IN021054,109988,9414,9414,S1982IN021054,1982,site_obsdate,1985,Developed,1,1,CONUS,v2025-11,6/1/1982 0:00,6/1/1982 0:00,alfisols,udalfs,fragiudalfs,oxyaquic fragiudalfs,fine-silty,39.2847366,-87.0758591,3966,5073
S1982IN021057,109991,9416,9416,S1982IN021057,1982,site_obsdate,1985,Developed,1,1,CONUS,v2025-11,6/1/1982 0:00,6/1/1982 0:00,alfisols,udalfs,fragiudalfs,oxyaquic fragiudalfs,fine-silty,39.2847366,-87.0758591,3966,5073
S1982IN021051,109985,9417,9417,S1982IN021051,1982,site_obsdate,1985,Developed,1,1,CONUS,v2025-11,6/1/1982 0:00,6/1/1982 0:00,alfisols,udalfs,fragiudalfs,oxyaquic fragiudalfs,fine-silty,39.2845955,-87.0716934,3966,5073
S1982IN119021,110025,9413,9413,S1982IN119021,1982,site_obsdate,1985,Developed,1,1,CONUS,v2025-11,6/1/1982 0:00,6/1/1982 0:00,alfisols,aqualfs,ochraqualfs,aeric ochraqualfs,,39.2264328,-87.0447159,3966,5122
81KY231001,956956,9654,9654,81KY231001,1982,site_obsdate,1985,Developed,1,1,CONUS,v2025-11,10/3/1984 0:00,6/1/1982 0:00,ultisols,udults,paleudults,typic paleudults,clayey,36.8497222,-84.9230556,3968,5375
81TX143002,1216480,9250,9250,81TX143002,1982,site_obsdate,1985,Developed,1,1,CONUS,v2025-11,1/3/1986 0:00,6/1/1982 0:00,alfisols,ustalfs,paleustalfs,udic paleustalfs,fine-loamy,32.0536111,-98.37000274658203,4000,6993
S1982WA015003,106653,9360,9360,S1982WA015003,1982,site_obsdate,1985,Developed,1,1,CONUS,v2025-11,6/3/1982 0:00,6/1/1982 0:00,entisols,aquents,psammaquents,typic psammaquents,,46.2667465,-122.9148254,4006,7375
S1982WA015005,106655,9362,9362,S1982WA015005,1982,site_obsdate,1985,Developed,1,1,CONUS,v2025-11,6/3/1982 0:00,6/1/1982 0:00,entisols,psamments,xeropsamments,typic xeropsamments,,46.1109123,-122.8884354,4006,7375
S1956AK090001,109598,590,590,S1956AK090001,1956,site_obsdate,1985,Developed,1,1,Alaska Main,v2024-10,6/1/1956 0:00,6/1/1956 0:00,,,,,,64.8844452,-147.789444,3946,4268
S1959AK090002,109603,593,593,S1959AK090002,1959,site_obsdate,1985,Developed,1,1,Alaska Main,v2024-10,6/1/1959 0:00,6/1/1959 0:00,,,,,,64.7941666,-147.9894409,3946,4268
S1958AK090001,109600,629,629,S1958AK090001,1958,site_obsdate,1985,Developed,1,1,Alaska Main,v2024-10,9/3/1958 0:00,9/3/1958 0:00,,,,,,64.8146667,-147.7346039,3946,4268
S1969AK164001,109623,5610,5610,S1969AK164001,1969,site_obsdate,1985,Developed,1,1,Alaska Main,v2024-10,7/9/1969 0:00,7/9/1969 0:00,,,,,,58.7000008,-156.6833344,3946,4274
74AK090002,955904,6265,6265,74AK090002,1974,site_obsdate,1985,Developed,1,1,Alaska Main,v2024-10,,6/1/1974 0:00,,,,,,64.9094444,-147.6258333,3946,4268
S1963PR063001,105462,520,520,S1963PR063001,1963,site_obsdate,1985,Developed,1,1,Puerto Rico and U.S. Virgin Islands,v2024-10,9/30/1963 0:00,9/30/1963 0:00,vertisols,aquerts,epiaquerts,aeric epiaquerts,clayey over loamy,18.2525005,-66.9902802,3994,6648
S1959PR009001,105431,554,554,S1959PR009001,1959,site_obsdate,1985,Developed,1,1,Puerto Rico and U.S. Virgin Islands,v2024-10,12/17/1959 0:00,12/17/1959 0:00,ultisols,humults,haplohumults,typic haplohumults,very-fine,18.1355553,-66.2872238,3994,6620
S1961PR127001,105516,159,159,S1961PR127001,1961,site_obsdate,1985,Developed,1,1,Puerto Rico and U.S. Virgin Islands,v2024-10,10/11/1961 0:00,10/11/1961 0:00,alfisols,udalfs,hapludalfs,aquic hapludalfs,fine,18.3950005,-66.0530548,3994,6680
S1959PR019008,105446,146,146,S1959PR019008,1959,site_obsdate,1985,Developed,1,1,Puerto Rico and U.S. Virgin Islands,v2024-10,12/16/1959 0:00,12/16/1959 0:00,oxisols,udox,hapludox,typic hapludox,very-fine,18.2391663,-66.2838898,3994,6625
S1961PR023001,105451,537,537,S1961PR023001,1961,site_obsdate,1985,Developed,1,1,Puerto Rico and U.S. Virgin Islands,v2024-10,3/20/1961 0:00,3/20/1961 0:00,mollisols,ustolls,haplustolls,lithic haplustolls,loamy,18.0388889,-67.1077805,3994,6627
64VI010001,127937,527,527,S1964VI010001,1964,site_obsdate,1985,Developed,1,1,Puerto Rico and U.S. Virgin Islands,v2024-10,9/1/1964 0:00,9/1/1964 0:00,mollisols,ustolls,haplustolls,fluventic haplustolls,fine-loamy,17.7230549,-64.8230591,4004,7350
S1959PR019004,105442,581,581,S1959PR019004,1959,site_obsdate,1985,Developed,1,1,Puerto Rico and U.S. Virgin Islands,v2024-10,12/12/1959 0:00,12/12/1959 0:00,oxisols,udox,kandiudox,typic kandiudox,very-fine,18.2413883,-66.2825012,3994,6625
